source,source_retrieval_id,race_id,season,round,race_name,race_date,circuit_id,circuit_name,circuit_locality,circuit_country,driver_id,driver_code,driver_given_name,driver_family_name,driver_name,driver_date_of_birth,driver_nationality,car_number,constructor_id,constructor_name,constructor_nationality,grid_position,official_position,official_position_text,normalized_position,classification_status,source_status,status_corrected,laps_completed,points
FastF1/Jolpica,20260810T200317Z,2023-01,2023,1,Bahrain Grand Prix,2023-03-05,bahrain,Bahrain International Circuit,Sakhir,Bahrain,max_verstappen,VER,Max,Verstappen,Max Verstappen,1997-09-30,Dutch,1,red_bull,Red Bull,Austrian,1,1,1,1,CLASSIFIED,Finished,False,57,25.0
FastF1/Jolpica,20260810T200317Z,2023-01,2023,1,Bahrain Grand Prix,2023-03-05,bahrain,Bahrain International Circuit,Sakhir,Bahrain,perez,PER,Sergio,Pérez,Sergio Pérez,1990-01-26,Mexican,11,red_bull,Red Bull,Austrian,2,2,2,2,CLASSIFIED,Finished,False,57,18.0
FastF1/Jolpica,20260810T200317Z,2023-01,2023,1,Bahrain Grand Prix,2023-03-05,bahrain,Bahrain International Circuit,Sakhir,Bahrain,alonso,ALO,Fernando,Alonso,Fernando Alonso,1981-07-29,Spanish,14,aston_martin,Aston Martin,British,5,3,3,3,CLASSIFIED,Finished,False,57,15.0
FastF1/Jolpica,20260810T200317Z,2023-01,2023,1,Bahrain Grand Prix,2023-03-05,bahrain,Bahrain International Circuit,Sakhir,Bahrain,sainz,SAI,Carlos,Sainz,Carlos Sainz,1994-09-01,Spanish,55,ferrari,Ferrari,Italian,4,4,4,4,CLASSIFIED,Finished,False,57,12.0
FastF1/Jolpica,20260810T200317Z,2023-01,2023,1,Bahrain Grand Prix,2023-03-05,bahrain,Bahrain International Circuit,Sakhir,Bahrain,hamilton,HAM,Lewis,Hamilton,Lewis Hamilton,1985-01-07,British,44,mercedes,Mercedes,German,7,5,5,5,CLASSIFIED,Finished,False,57,10.0
FastF1/Jolpica,20260810T200317Z,2023-01,2023,1,Bahrain Grand Prix,2023-03-05,bahrain,Bahrain International Circuit,Sakhir,Bahrain,stroll,STR,Lance,Stroll,Lance Stroll,1998-10-29,Canadian,18,aston_martin,Aston Martin,British,8,6,6,6,CLASSIFIED,Finished,False,57,8.0
FastF1/Jolpica,20260810T200317Z,2023-01,2023,1,Bahrain Grand Prix,2023-03-05,bahrain,Bahrain International Circuit,Sakhir,Bahrain,russell,RUS,George,Russell,George Russell,1998-02-15,British,63,mercedes,Mercedes,German,6,7,7,7,CLASSIFIED,Finished,False,57,6.0
FastF1/Jolpica,20260810T200317Z,2023-01,2023,1,Bahrain Grand Prix,2023-03-05,bahrain,Bahrain International Circuit,Sakhir,Bahrain,bottas,BOT,Valtteri,Bottas,Valtteri Bottas,1989-08-28,Finnish,77,alfa,Alfa Romeo,Swiss,12,8,8,8,CLASSIFIED,Finished,False,57,4.0
FastF1/Jolpica,20260810T200317Z,2023-01,2023,1,Bahrain Grand Prix,2023-03-05,bahrain,Bahrain International Circuit,Sakhir,Bahrain,gasly,GAS,Pierre,Gasly,Pierre Gasly,1996-02-07,French,10,alpine,Alpine F1 Team,French,20,9,9,9,CLASSIFIED,Finished,False,57,2.0
FastF1/Jolpica,20260810T200317Z,2023-01,2023,1,Bahrain Grand Prix,2023-03-05,bahrain,Bahrain International Circuit,Sakhir,Bahrain,albon,ALB,Alexander,Albon,Alexander Albon,1996-03-23,Thai,23,williams,Williams,British,15,10,10,10,CLASSIFIED,Finished,False,57,1.0
FastF1/Jolpica,20260810T200317Z,2023-01,2023,1,Bahrain Grand Prix,2023-03-05,bahrain,Bahrain International Circuit,Sakhir,Bahrain,tsunoda,TSU,Yuki,Tsunoda,Yuki Tsunoda,2000-05-11,Japanese,22,alphatauri,AlphaTauri,Italian,14,11,11,11,CLASSIFIED,Finished,False,57,0.0
FastF1/Jolpica,20260810T200317Z,2023-01,2023,1,Bahrain Grand Prix,2023-03-05,bahrain,Bahrain International Circuit,Sakhir,Bahrain,sargeant,SAR,Logan,Sargeant,Logan Sargeant,2000-12-31,American,2,williams,Williams,British,16,12,12,12,CLASSIFIED,Lapped,False,56,0.0
FastF1/Jolpica,20260810T200317Z,2023-01,2023,1,Bahrain Grand Prix,2023-03-05,bahrain,Bahrain International Circuit,Sakhir,Bahrain,kevin_magnussen,MAG,Kevin,Magnussen,Kevin Magnussen,1992-10-05,Danish,20,haas,Haas F1 Team,American,17,13,13,13,CLASSIFIED,Lapped,False,56,0.0
FastF1/Jolpica,20260810T200317Z,2023-01,2023,1,Bahrain Grand Prix,2023-03-05,bahrain,Bahrain International Circuit,Sakhir,Bahrain,de_vries,DEV,Nyck,de Vries,Nyck de Vries,1995-02-06,Dutch,21,alphatauri,AlphaTauri,Italian,19,14,14,14,CLASSIFIED,Lapped,False,56,0.0
FastF1/Jolpica,20260810T200317Z,2023-01,2023,1,Bahrain Grand Prix,2023-03-05,bahrain,Bahrain International Circuit,Sakhir,Bahrain,hulkenberg,HUL,Nico,Hülkenberg,Nico Hülkenberg,1987-08-19,German,27,haas,Haas F1 Team,American,10,15,15,15,CLASSIFIED,Lapped,False,56,0.0
FastF1/Jolpica,20260810T200317Z,2023-01,2023,1,Bahrain Grand Prix,2023-03-05,bahrain,Bahrain International Circuit,Sakhir,Bahrain,zhou,ZHO,Guanyu,Zhou,Guanyu Zhou,1999-05-30,Chinese,24,alfa,Alfa Romeo,Swiss,13,16,16,16,CLASSIFIED,Lapped,False,56,0.0
FastF1/Jolpica,20260810T200317Z,2023-01,2023,1,Bahrain Grand Prix,2023-03-05,bahrain,Bahrain International Circuit,Sakhir,Bahrain,norris,NOR,Lando,Norris,Lando Norris,1999-11-13,British,4,mclaren,McLaren,British,11,17,17,17,CLASSIFIED,Lapped,False,55,0.0
FastF1/Jolpica,20260810T200317Z,2023-01,2023,1,Bahrain Grand Prix,2023-03-05,bahrain,Bahrain International Circuit,Sakhir,Bahrain,ocon,OCO,Esteban,Ocon,Esteban Ocon,1996-09-17,French,31,alpine,Alpine F1 Team,French,9,18,R,18,DNF,Retired,False,41,0.0
FastF1/Jolpica,20260810T200317Z,2023-01,2023,1,Bahrain Grand Prix,2023-03-05,bahrain,Bahrain International Circuit,Sakhir,Bahrain,leclerc,LEC,Charles,Leclerc,Charles Leclerc,1997-10-16,Monegasque,16,ferrari,Ferrari,Italian,3,19,R,19,DNF,Retired,False,39,0.0
FastF1/Jolpica,20260810T200317Z,2023-01,2023,1,Bahrain Grand Prix,2023-03-05,bahrain,Bahrain International Circuit,Sakhir,Bahrain,piastri,PIA,Oscar,Piastri,Oscar Piastri,2001-04-06,Australian,81,mclaren,McLaren,British,18,20,R,20,DNF,Retired,False,13,0.0
FastF1/Jolpica,20260810T200317Z,2023-02,2023,2,Saudi Arabian Grand Prix,2023-03-19,jeddah,Jeddah Corniche Circuit,Jeddah,Saudi Arabia,perez,PER,Sergio,Pérez,Sergio Pérez,1990-01-26,Mexican,11,red_bull,Red Bull,Austrian,1,1,1,1,CLASSIFIED,Finished,False,50,25.0
FastF1/Jolpica,20260810T200317Z,2023-02,2023,2,Saudi Arabian Grand Prix,2023-03-19,jeddah,Jeddah Corniche Circuit,Jeddah,Saudi Arabia,max_verstappen,VER,Max,Verstappen,Max Verstappen,1997-09-30,Dutch,1,red_bull,Red Bull,Austrian,15,2,2,2,CLASSIFIED,Finished,False,50,19.0
FastF1/Jolpica,20260810T200317Z,2023-02,2023,2,Saudi Arabian Grand Prix,2023-03-19,jeddah,Jeddah Corniche Circuit,Jeddah,Saudi Arabia,alonso,ALO,Fernando,Alonso,Fernando Alonso,1981-07-29,Spanish,14,aston_martin,Aston Martin,British,2,3,3,3,CLASSIFIED,Finished,False,50,15.0
FastF1/Jolpica,20260810T200317Z,2023-02,2023,2,Saudi Arabian Grand Prix,2023-03-19,jeddah,Jeddah Corniche Circuit,Jeddah,Saudi Arabia,russell,RUS,George,Russell,George Russell,1998-02-15,British,63,mercedes,Mercedes,German,3,4,4,4,CLASSIFIED,Finished,False,50,12.0
FastF1/Jolpica,20260810T200317Z,2023-02,2023,2,Saudi Arabian Grand Prix,2023-03-19,jeddah,Jeddah Corniche Circuit,Jeddah,Saudi Arabia,hamilton,HAM,Lewis,Hamilton,Lewis Hamilton,1985-01-07,British,44,mercedes,Mercedes,German,7,5,5,5,CLASSIFIED,Finished,False,50,10.0
FastF1/Jolpica,20260810T200317Z,2023-02,2023,2,Saudi Arabian Grand Prix,2023-03-19,jeddah,Jeddah Corniche Circuit,Jeddah,Saudi Arabia,sainz,SAI,Carlos,Sainz,Carlos Sainz,1994-09-01,Spanish,55,ferrari,Ferrari,Italian,4,6,6,6,CLASSIFIED,Finished,False,50,8.0
FastF1/Jolpica,20260810T200317Z,2023-02,2023,2,Saudi Arabian Grand Prix,2023-03-19,jeddah,Jeddah Corniche Circuit,Jeddah,Saudi Arabia,leclerc,LEC,Charles,Leclerc,Charles Leclerc,1997-10-16,Monegasque,16,ferrari,Ferrari,Italian,12,7,7,7,CLASSIFIED,Finished,False,50,6.0
FastF1/Jolpica,20260810T200317Z,2023-02,2023,2,Saudi Arabian Grand Prix,2023-03-19,jeddah,Jeddah Corniche Circuit,Jeddah,Saudi Arabia,ocon,OCO,Esteban,Ocon,Esteban Ocon,1996-09-17,French,31,alpine,Alpine F1 Team,French,6,8,8,8,CLASSIFIED,Finished,False,50,4.0
FastF1/Jolpica,20260810T200317Z,2023-02,2023,2,Saudi Arabian Grand Prix,2023-03-19,jeddah,Jeddah Corniche Circuit,Jeddah,Saudi Arabia,gasly,GAS,Pierre,Gasly,Pierre Gasly,1996-02-07,French,10,alpine,Alpine F1 Team,French,9,9,9,9,CLASSIFIED,Finished,False,50,2.0
FastF1/Jolpica,20260810T200317Z,2023-02,2023,2,Saudi Arabian Grand Prix,2023-03-19,jeddah,Jeddah Corniche Circuit,Jeddah,Saudi Arabia,kevin_magnussen,MAG,Kevin,Magnussen,Kevin Magnussen,1992-10-05,Danish,20,haas,Haas F1 Team,American,13,10,10,10,CLASSIFIED,Finished,False,50,1.0
FastF1/Jolpica,20260810T200317Z,2023-02,2023,2,Saudi Arabian Grand Prix,2023-03-19,jeddah,Jeddah Corniche Circuit,Jeddah,Saudi Arabia,tsunoda,TSU,Yuki,Tsunoda,Yuki Tsunoda,2000-05-11,Japanese,22,alphatauri,AlphaTauri,Italian,16,11,11,11,CLASSIFIED,Finished,False,50,0.0
FastF1/Jolpica,20260810T200317Z,2023-02,2023,2,Saudi Arabian Grand Prix,2023-03-19,jeddah,Jeddah Corniche Circuit,Jeddah,Saudi Arabia,hulkenberg,HUL,Nico,Hülkenberg,Nico Hülkenberg,1987-08-19,German,27,haas,Haas F1 Team,American,10,12,12,12,CLASSIFIED,Finished,False,50,0.0
FastF1/Jolpica,20260810T200317Z,2023-02,2023,2,Saudi Arabian Grand Prix,2023-03-19,jeddah,Jeddah Corniche Circuit,Jeddah,Saudi Arabia,zhou,ZHO,Guanyu,Zhou,Guanyu Zhou,1999-05-30,Chinese,24,alfa,Alfa Romeo,Swiss,11,13,13,13,CLASSIFIED,Finished,False,50,0.0
FastF1/Jolpica,20260810T200317Z,2023-02,2023,2,Saudi Arabian Grand Prix,2023-03-19,jeddah,Jeddah Corniche Circuit,Jeddah,Saudi Arabia,de_vries,DEV,Nyck,de Vries,Nyck de Vries,1995-02-06,Dutch,21,alphatauri,AlphaTauri,Italian,18,14,14,14,CLASSIFIED,Finished,False,50,0.0
FastF1/Jolpica,20260810T200317Z,2023-02,2023,2,Saudi Arabian Grand Prix,2023-03-19,jeddah,Jeddah Corniche Circuit,Jeddah,Saudi Arabia,piastri,PIA,Oscar,Piastri,Oscar Piastri,2001-04-06,Australian,81,mclaren,McLaren,British,8,15,15,15,CLASSIFIED,Finished,False,50,0.0
FastF1/Jolpica,20260810T200317Z,2023-02,2023,2,Saudi Arabian Grand Prix,2023-03-19,jeddah,Jeddah Corniche Circuit,Jeddah,Saudi Arabia,sargeant,SAR,Logan,Sargeant,Logan Sargeant,2000-12-31,American,2,williams,Williams,British,20,16,16,16,CLASSIFIED,Finished,False,50,0.0
FastF1/Jolpica,20260810T200317Z,2023-02,2023,2,Saudi Arabian Grand Prix,2023-03-19,jeddah,Jeddah Corniche Circuit,Jeddah,Saudi Arabia,norris,NOR,Lando,Norris,Lando Norris,1999-11-13,British,4,mclaren,McLaren,British,19,17,17,17,CLASSIFIED,Finished,False,50,0.0
FastF1/Jolpica,20260810T200317Z,2023-02,2023,2,Saudi Arabian Grand Prix,2023-03-19,jeddah,Jeddah Corniche Circuit,Jeddah,Saudi Arabia,bottas,BOT,Valtteri,Bottas,Valtteri Bottas,1989-08-28,Finnish,77,alfa,Alfa Romeo,Swiss,14,18,18,18,CLASSIFIED,Lapped,False,49,0.0
FastF1/Jolpica,20260810T200317Z,2023-02,2023,2,Saudi Arabian Grand Prix,2023-03-19,jeddah,Jeddah Corniche Circuit,Jeddah,Saudi Arabia,albon,ALB,Alexander,Albon,Alexander Albon,1996-03-23,Thai,23,williams,Williams,British,17,19,R,19,DNF,Retired,False,27,0.0
FastF1/Jolpica,20260810T200317Z,2023-02,2023,2,Saudi Arabian Grand Prix,2023-03-19,jeddah,Jeddah Corniche Circuit,Jeddah,Saudi Arabia,stroll,STR,Lance,Stroll,Lance Stroll,1998-10-29,Canadian,18,aston_martin,Aston Martin,British,5,20,R,20,DNF,Retired,False,16,0.0
FastF1/Jolpica,20260810T200317Z,2023-03,2023,3,Australian Grand Prix,2023-04-02,albert_park,Albert Park Grand Prix Circuit,Melbourne,Australia,max_verstappen,VER,Max,Verstappen,Max Verstappen,1997-09-30,Dutch,1,red_bull,Red Bull,Austrian,1,1,1,1,CLASSIFIED,Finished,False,58,25.0
FastF1/Jolpica,20260810T200317Z,2023-03,2023,3,Australian Grand Prix,2023-04-02,albert_park,Albert Park Grand Prix Circuit,Melbourne,Australia,hamilton,HAM,Lewis,Hamilton,Lewis Hamilton,1985-01-07,British,44,mercedes,Mercedes,German,3,2,2,2,CLASSIFIED,Finished,False,58,18.0
FastF1/Jolpica,20260810T200317Z,2023-03,2023,3,Australian Grand Prix,2023-04-02,albert_park,Albert Park Grand Prix Circuit,Melbourne,Australia,alonso,ALO,Fernando,Alonso,Fernando Alonso,1981-07-29,Spanish,14,aston_martin,Aston Martin,British,4,3,3,3,CLASSIFIED,Finished,False,58,15.0
FastF1/Jolpica,20260810T200317Z,2023-03,2023,3,Australian Grand Prix,2023-04-02,albert_park,Albert Park Grand Prix Circuit,Melbourne,Australia,stroll,STR,Lance,Stroll,Lance Stroll,1998-10-29,Canadian,18,aston_martin,Aston Martin,British,6,4,4,4,CLASSIFIED,Finished,False,58,12.0
FastF1/Jolpica,20260810T200317Z,2023-03,2023,3,Australian Grand Prix,2023-04-02,albert_park,Albert Park Grand Prix Circuit,Melbourne,Australia,perez,PER,Sergio,Pérez,Sergio Pérez,1990-01-26,Mexican,11,red_bull,Red Bull,Austrian,20,5,5,5,CLASSIFIED,Finished,False,58,11.0
FastF1/Jolpica,20260810T200317Z,2023-03,2023,3,Australian Grand Prix,2023-04-02,albert_park,Albert Park Grand Prix Circuit,Melbourne,Australia,norris,NOR,Lando,Norris,Lando Norris,1999-11-13,British,4,mclaren,McLaren,British,13,6,6,6,CLASSIFIED,Finished,False,58,8.0
FastF1/Jolpica,20260810T200317Z,2023-03,2023,3,Australian Grand Prix,2023-04-02,albert_park,Albert Park Grand Prix Circuit,Melbourne,Australia,hulkenberg,HUL,Nico,Hülkenberg,Nico Hülkenberg,1987-08-19,German,27,haas,Haas F1 Team,American,10,7,7,7,CLASSIFIED,Finished,False,58,6.0
FastF1/Jolpica,20260810T200317Z,2023-03,2023,3,Australian Grand Prix,2023-04-02,albert_park,Albert Park Grand Prix Circuit,Melbourne,Australia,piastri,PIA,Oscar,Piastri,Oscar Piastri,2001-04-06,Australian,81,mclaren,McLaren,British,16,8,8,8,CLASSIFIED,Finished,False,58,4.0
FastF1/Jolpica,20260810T200317Z,2023-03,2023,3,Australian Grand Prix,2023-04-02,albert_park,Albert Park Grand Prix Circuit,Melbourne,Australia,zhou,ZHO,Guanyu,Zhou,Guanyu Zhou,1999-05-30,Chinese,24,alfa,Alfa Romeo,Swiss,17,9,9,9,CLASSIFIED,Finished,False,58,2.0
FastF1/Jolpica,20260810T200317Z,2023-03,2023,3,Australian Grand Prix,2023-04-02,albert_park,Albert Park Grand Prix Circuit,Melbourne,Australia,tsunoda,TSU,Yuki,Tsunoda,Yuki Tsunoda,2000-05-11,Japanese,22,alphatauri,AlphaTauri,Italian,12,10,10,10,CLASSIFIED,Finished,False,58,1.0
FastF1/Jolpica,20260810T200317Z,2023-03,2023,3,Australian Grand Prix,2023-04-02,albert_park,Albert Park Grand Prix Circuit,Melbourne,Australia,bottas,BOT,Valtteri,Bottas,Valtteri Bottas,1989-08-28,Finnish,77,alfa,Alfa Romeo,Swiss,19,11,11,11,CLASSIFIED,Finished,False,58,0.0
FastF1/Jolpica,20260810T200317Z,2023-03,2023,3,Australian Grand Prix,2023-04-02,albert_park,Albert Park Grand Prix Circuit,Melbourne,Australia,sainz,SAI,Carlos,Sainz,Carlos Sainz,1994-09-01,Spanish,55,ferrari,Ferrari,Italian,5,12,12,12,CLASSIFIED,Finished,False,58,0.0
FastF1/Jolpica,20260810T200317Z,2023-03,2023,3,Australian Grand Prix,2023-04-02,albert_park,Albert Park Grand Prix Circuit,Melbourne,Australia,gasly,GAS,Pierre,Gasly,Pierre Gasly,1996-02-07,French,10,alpine,Alpine F1 Team,French,9,13,13,13,CLASSIFIED,Retired,False,56,0.0
FastF1/Jolpica,20260810T200317Z,2023-03,2023,3,Australian Grand Prix,2023-04-02,albert_park,Albert Park Grand Prix Circuit,Melbourne,Australia,ocon,OCO,Esteban,Ocon,Esteban Ocon,1996-09-17,French,31,alpine,Alpine F1 Team,French,11,14,14,14,CLASSIFIED,Retired,False,56,0.0
FastF1/Jolpica,20260810T200317Z,2023-03,2023,3,Australian Grand Prix,2023-04-02,albert_park,Albert Park Grand Prix Circuit,Melbourne,Australia,de_vries,DEV,Nyck,de Vries,Nyck de Vries,1995-02-06,Dutch,21,alphatauri,AlphaTauri,Italian,15,15,15,15,CLASSIFIED,Retired,False,56,0.0
FastF1/Jolpica,20260810T200317Z,2023-03,2023,3,Australian Grand Prix,2023-04-02,albert_park,Albert Park Grand Prix Circuit,Melbourne,Australia,sargeant,SAR,Logan,Sargeant,Logan Sargeant,2000-12-31,American,2,williams,Williams,British,18,16,16,16,CLASSIFIED,Retired,False,56,0.0
FastF1/Jolpica,20260810T200317Z,2023-03,2023,3,Australian Grand Prix,2023-04-02,albert_park,Albert Park Grand Prix Circuit,Melbourne,Australia,kevin_magnussen,MAG,Kevin,Magnussen,Kevin Magnussen,1992-10-05,Danish,20,haas,Haas F1 Team,American,14,17,17,17,CLASSIFIED,Retired,False,52,0.0
FastF1/Jolpica,20260810T200317Z,2023-03,2023,3,Australian Grand Prix,2023-04-02,albert_park,Albert Park Grand Prix Circuit,Melbourne,Australia,russell,RUS,George,Russell,George Russell,1998-02-15,British,63,mercedes,Mercedes,German,2,18,R,18,DNF,Retired,False,17,0.0
FastF1/Jolpica,20260810T200317Z,2023-03,2023,3,Australian Grand Prix,2023-04-02,albert_park,Albert Park Grand Prix Circuit,Melbourne,Australia,albon,ALB,Alexander,Albon,Alexander Albon,1996-03-23,Thai,23,williams,Williams,British,8,19,R,19,DNF,Retired,False,6,0.0
FastF1/Jolpica,20260810T200317Z,2023-03,2023,3,Australian Grand Prix,2023-04-02,albert_park,Albert Park Grand Prix Circuit,Melbourne,Australia,leclerc,LEC,Charles,Leclerc,Charles Leclerc,1997-10-16,Monegasque,16,ferrari,Ferrari,Italian,7,20,R,20,DNF,Retired,False,0,0.0
FastF1/Jolpica,20260810T200317Z,2023-04,2023,4,Azerbaijan Grand Prix,2023-04-30,baku,Baku City Circuit,Baku,Azerbaijan,perez,PER,Sergio,Pérez,Sergio Pérez,1990-01-26,Mexican,11,red_bull,Red Bull,Austrian,3,1,1,1,CLASSIFIED,Finished,False,51,25.0
FastF1/Jolpica,20260810T200317Z,2023-04,2023,4,Azerbaijan Grand Prix,2023-04-30,baku,Baku City Circuit,Baku,Azerbaijan,max_verstappen,VER,Max,Verstappen,Max Verstappen,1997-09-30,Dutch,1,red_bull,Red Bull,Austrian,2,2,2,2,CLASSIFIED,Finished,False,51,18.0
FastF1/Jolpica,20260810T200317Z,2023-04,2023,4,Azerbaijan Grand Prix,2023-04-30,baku,Baku City Circuit,Baku,Azerbaijan,leclerc,LEC,Charles,Leclerc,Charles Leclerc,1997-10-16,Monegasque,16,ferrari,Ferrari,Italian,1,3,3,3,CLASSIFIED,Finished,False,51,15.0
FastF1/Jolpica,20260810T200317Z,2023-04,2023,4,Azerbaijan Grand Prix,2023-04-30,baku,Baku City Circuit,Baku,Azerbaijan,alonso,ALO,Fernando,Alonso,Fernando Alonso,1981-07-29,Spanish,14,aston_martin,Aston Martin,British,6,4,4,4,CLASSIFIED,Finished,False,51,12.0
FastF1/Jolpica,20260810T200317Z,2023-04,2023,4,Azerbaijan Grand Prix,2023-04-30,baku,Baku City Circuit,Baku,Azerbaijan,sainz,SAI,Carlos,Sainz,Carlos Sainz,1994-09-01,Spanish,55,ferrari,Ferrari,Italian,4,5,5,5,CLASSIFIED,Finished,False,51,10.0
FastF1/Jolpica,20260810T200317Z,2023-04,2023,4,Azerbaijan Grand Prix,2023-04-30,baku,Baku City Circuit,Baku,Azerbaijan,hamilton,HAM,Lewis,Hamilton,Lewis Hamilton,1985-01-07,British,44,mercedes,Mercedes,German,5,6,6,6,CLASSIFIED,Finished,False,51,8.0
FastF1/Jolpica,20260810T200317Z,2023-04,2023,4,Azerbaijan Grand Prix,2023-04-30,baku,Baku City Circuit,Baku,Azerbaijan,stroll,STR,Lance,Stroll,Lance Stroll,1998-10-29,Canadian,18,aston_martin,Aston Martin,British,9,7,7,7,CLASSIFIED,Finished,False,51,6.0
FastF1/Jolpica,20260810T200317Z,2023-04,2023,4,Azerbaijan Grand Prix,2023-04-30,baku,Baku City Circuit,Baku,Azerbaijan,russell,RUS,George,Russell,George Russell,1998-02-15,British,63,mercedes,Mercedes,German,11,8,8,8,CLASSIFIED,Finished,False,51,5.0
FastF1/Jolpica,20260810T200317Z,2023-04,2023,4,Azerbaijan Grand Prix,2023-04-30,baku,Baku City Circuit,Baku,Azerbaijan,norris,NOR,Lando,Norris,Lando Norris,1999-11-13,British,4,mclaren,McLaren,British,7,9,9,9,CLASSIFIED,Finished,False,51,2.0
FastF1/Jolpica,20260810T200317Z,2023-04,2023,4,Azerbaijan Grand Prix,2023-04-30,baku,Baku City Circuit,Baku,Azerbaijan,tsunoda,TSU,Yuki,Tsunoda,Yuki Tsunoda,2000-05-11,Japanese,22,alphatauri,AlphaTauri,Italian,8,10,10,10,CLASSIFIED,Finished,False,51,1.0
FastF1/Jolpica,20260810T200317Z,2023-04,2023,4,Azerbaijan Grand Prix,2023-04-30,baku,Baku City Circuit,Baku,Azerbaijan,piastri,PIA,Oscar,Piastri,Oscar Piastri,2001-04-06,Australian,81,mclaren,McLaren,British,10,11,11,11,CLASSIFIED,Finished,False,51,0.0
FastF1/Jolpica,20260810T200317Z,2023-04,2023,4,Azerbaijan Grand Prix,2023-04-30,baku,Baku City Circuit,Baku,Azerbaijan,albon,ALB,Alexander,Albon,Alexander Albon,1996-03-23,Thai,23,williams,Williams,British,12,12,12,12,CLASSIFIED,Finished,False,51,0.0
FastF1/Jolpica,20260810T200317Z,2023-04,2023,4,Azerbaijan Grand Prix,2023-04-30,baku,Baku City Circuit,Baku,Azerbaijan,kevin_magnussen,MAG,Kevin,Magnussen,Kevin Magnussen,1992-10-05,Danish,20,haas,Haas F1 Team,American,16,13,13,13,CLASSIFIED,Finished,False,51,0.0
FastF1/Jolpica,20260810T200317Z,2023-04,2023,4,Azerbaijan Grand Prix,2023-04-30,baku,Baku City Circuit,Baku,Azerbaijan,gasly,GAS,Pierre,Gasly,Pierre Gasly,1996-02-07,French,10,alpine,Alpine F1 Team,French,17,14,14,14,CLASSIFIED,Finished,False,51,0.0
FastF1/Jolpica,20260810T200317Z,2023-04,2023,4,Azerbaijan Grand Prix,2023-04-30,baku,Baku City Circuit,Baku,Azerbaijan,ocon,OCO,Esteban,Ocon,Esteban Ocon,1996-09-17,French,31,alpine,Alpine F1 Team,French,19,15,15,15,CLASSIFIED,Finished,False,51,0.0
FastF1/Jolpica,20260810T200317Z,2023-04,2023,4,Azerbaijan Grand Prix,2023-04-30,baku,Baku City Circuit,Baku,Azerbaijan,sargeant,SAR,Logan,Sargeant,Logan Sargeant,2000-12-31,American,2,williams,Williams,British,14,16,16,16,CLASSIFIED,Finished,False,51,0.0
FastF1/Jolpica,20260810T200317Z,2023-04,2023,4,Azerbaijan Grand Prix,2023-04-30,baku,Baku City Circuit,Baku,Azerbaijan,hulkenberg,HUL,Nico,Hülkenberg,Nico Hülkenberg,1987-08-19,German,27,haas,Haas F1 Team,American,20,17,17,17,CLASSIFIED,Lapped,False,50,0.0
FastF1/Jolpica,20260810T200317Z,2023-04,2023,4,Azerbaijan Grand Prix,2023-04-30,baku,Baku City Circuit,Baku,Azerbaijan,bottas,BOT,Valtteri,Bottas,Valtteri Bottas,1989-08-28,Finnish,77,alfa,Alfa Romeo,Swiss,13,18,18,18,CLASSIFIED,Lapped,False,50,0.0
FastF1/Jolpica,20260810T200317Z,2023-04,2023,4,Azerbaijan Grand Prix,2023-04-30,baku,Baku City Circuit,Baku,Azerbaijan,zhou,ZHO,Guanyu,Zhou,Guanyu Zhou,1999-05-30,Chinese,24,alfa,Alfa Romeo,Swiss,15,19,R,19,DNF,Retired,False,36,0.0
FastF1/Jolpica,20260810T200317Z,2023-04,2023,4,Azerbaijan Grand Prix,2023-04-30,baku,Baku City Circuit,Baku,Azerbaijan,de_vries,DEV,Nyck,de Vries,Nyck de Vries,1995-02-06,Dutch,21,alphatauri,AlphaTauri,Italian,18,20,R,20,DNF,Retired,False,9,0.0
FastF1/Jolpica,20260810T200317Z,2023-05,2023,5,Miami Grand Prix,2023-05-07,miami,Miami International Autodrome,Miami,USA,max_verstappen,VER,Max,Verstappen,Max Verstappen,1997-09-30,Dutch,1,red_bull,Red Bull,Austrian,9,1,1,1,CLASSIFIED,Finished,False,57,26.0
FastF1/Jolpica,20260810T200317Z,2023-05,2023,5,Miami Grand Prix,2023-05-07,miami,Miami International Autodrome,Miami,USA,perez,PER,Sergio,Pérez,Sergio Pérez,1990-01-26,Mexican,11,red_bull,Red Bull,Austrian,1,2,2,2,CLASSIFIED,Finished,False,57,18.0
FastF1/Jolpica,20260810T200317Z,2023-05,2023,5,Miami Grand Prix,2023-05-07,miami,Miami International Autodrome,Miami,USA,alonso,ALO,Fernando,Alonso,Fernando Alonso,1981-07-29,Spanish,14,aston_martin,Aston Martin,British,2,3,3,3,CLASSIFIED,Finished,False,57,15.0
FastF1/Jolpica,20260810T200317Z,2023-05,2023,5,Miami Grand Prix,2023-05-07,miami,Miami International Autodrome,Miami,USA,russell,RUS,George,Russell,George Russell,1998-02-15,British,63,mercedes,Mercedes,German,6,4,4,4,CLASSIFIED,Finished,False,57,12.0
FastF1/Jolpica,20260810T200317Z,2023-05,2023,5,Miami Grand Prix,2023-05-07,miami,Miami International Autodrome,Miami,USA,sainz,SAI,Carlos,Sainz,Carlos Sainz,1994-09-01,Spanish,55,ferrari,Ferrari,Italian,3,5,5,5,CLASSIFIED,Finished,False,57,10.0
FastF1/Jolpica,20260810T200317Z,2023-05,2023,5,Miami Grand Prix,2023-05-07,miami,Miami International Autodrome,Miami,USA,hamilton,HAM,Lewis,Hamilton,Lewis Hamilton,1985-01-07,British,44,mercedes,Mercedes,German,13,6,6,6,CLASSIFIED,Finished,False,57,8.0
FastF1/Jolpica,20260810T200317Z,2023-05,2023,5,Miami Grand Prix,2023-05-07,miami,Miami International Autodrome,Miami,USA,leclerc,LEC,Charles,Leclerc,Charles Leclerc,1997-10-16,Monegasque,16,ferrari,Ferrari,Italian,7,7,7,7,CLASSIFIED,Finished,False,57,6.0
FastF1/Jolpica,20260810T200317Z,2023-05,2023,5,Miami Grand Prix,2023-05-07,miami,Miami International Autodrome,Miami,USA,gasly,GAS,Pierre,Gasly,Pierre Gasly,1996-02-07,French,10,alpine,Alpine F1 Team,French,5,8,8,8,CLASSIFIED,Finished,False,57,4.0
FastF1/Jolpica,20260810T200317Z,2023-05,2023,5,Miami Grand Prix,2023-05-07,miami,Miami International Autodrome,Miami,USA,ocon,OCO,Esteban,Ocon,Esteban Ocon,1996-09-17,French,31,alpine,Alpine F1 Team,French,8,9,9,9,CLASSIFIED,Finished,False,57,2.0
FastF1/Jolpica,20260810T200317Z,2023-05,2023,5,Miami Grand Prix,2023-05-07,miami,Miami International Autodrome,Miami,USA,kevin_magnussen,MAG,Kevin,Magnussen,Kevin Magnussen,1992-10-05,Danish,20,haas,Haas F1 Team,American,4,10,10,10,CLASSIFIED,Finished,False,57,1.0
FastF1/Jolpica,20260810T200317Z,2023-05,2023,5,Miami Grand Prix,2023-05-07,miami,Miami International Autodrome,Miami,USA,tsunoda,TSU,Yuki,Tsunoda,Yuki Tsunoda,2000-05-11,Japanese,22,alphatauri,AlphaTauri,Italian,17,11,11,11,CLASSIFIED,Finished,False,57,0.0
FastF1/Jolpica,20260810T200317Z,2023-05,2023,5,Miami Grand Prix,2023-05-07,miami,Miami International Autodrome,Miami,USA,stroll,STR,Lance,Stroll,Lance Stroll,1998-10-29,Canadian,18,aston_martin,Aston Martin,British,18,12,12,12,CLASSIFIED,Finished,False,57,0.0
FastF1/Jolpica,20260810T200317Z,2023-05,2023,5,Miami Grand Prix,2023-05-07,miami,Miami International Autodrome,Miami,USA,bottas,BOT,Valtteri,Bottas,Valtteri Bottas,1989-08-28,Finnish,77,alfa,Alfa Romeo,Swiss,10,13,13,13,CLASSIFIED,Finished,False,57,0.0
FastF1/Jolpica,20260810T200317Z,2023-05,2023,5,Miami Grand Prix,2023-05-07,miami,Miami International Autodrome,Miami,USA,albon,ALB,Alexander,Albon,Alexander Albon,1996-03-23,Thai,23,williams,Williams,British,11,14,14,14,CLASSIFIED,Finished,False,57,0.0
FastF1/Jolpica,20260810T200317Z,2023-05,2023,5,Miami Grand Prix,2023-05-07,miami,Miami International Autodrome,Miami,USA,hulkenberg,HUL,Nico,Hülkenberg,Nico Hülkenberg,1987-08-19,German,27,haas,Haas F1 Team,American,12,15,15,15,CLASSIFIED,Finished,False,57,0.0
FastF1/Jolpica,20260810T200317Z,2023-05,2023,5,Miami Grand Prix,2023-05-07,miami,Miami International Autodrome,Miami,USA,zhou,ZHO,Guanyu,Zhou,Guanyu Zhou,1999-05-30,Chinese,24,alfa,Alfa Romeo,Swiss,14,16,16,16,CLASSIFIED,Finished,False,57,0.0
FastF1/Jolpica,20260810T200317Z,2023-05,2023,5,Miami Grand Prix,2023-05-07,miami,Miami International Autodrome,Miami,USA,norris,NOR,Lando,Norris,Lando Norris,1999-11-13,British,4,mclaren,McLaren,British,16,17,17,17,CLASSIFIED,Finished,False,57,0.0
FastF1/Jolpica,20260810T200317Z,2023-05,2023,5,Miami Grand Prix,2023-05-07,miami,Miami International Autodrome,Miami,USA,de_vries,DEV,Nyck,de Vries,Nyck de Vries,1995-02-06,Dutch,21,alphatauri,AlphaTauri,Italian,15,18,18,18,CLASSIFIED,Finished,False,57,0.0
FastF1/Jolpica,20260810T200317Z,2023-05,2023,5,Miami Grand Prix,2023-05-07,miami,Miami International Autodrome,Miami,USA,piastri,PIA,Oscar,Piastri,Oscar Piastri,2001-04-06,Australian,81,mclaren,McLaren,British,19,19,19,19,CLASSIFIED,Lapped,False,56,0.0
FastF1/Jolpica,20260810T200317Z,2023-05,2023,5,Miami Grand Prix,2023-05-07,miami,Miami International Autodrome,Miami,USA,sargeant,SAR,Logan,Sargeant,Logan Sargeant,2000-12-31,American,2,williams,Williams,British,20,20,20,20,CLASSIFIED,Lapped,False,56,0.0
FastF1/Jolpica,20260810T200317Z,2023-06,2023,6,Monaco Grand Prix,2023-05-28,monaco,Circuit de Monaco,Monte Carlo,Monaco,max_verstappen,VER,Max,Verstappen,Max Verstappen,1997-09-30,Dutch,1,red_bull,Red Bull,Austrian,1,1,1,1,CLASSIFIED,Finished,False,78,25.0
FastF1/Jolpica,20260810T200317Z,2023-06,2023,6,Monaco Grand Prix,2023-05-28,monaco,Circuit de Monaco,Monte Carlo,Monaco,alonso,ALO,Fernando,Alonso,Fernando Alonso,1981-07-29,Spanish,14,aston_martin,Aston Martin,British,2,2,2,2,CLASSIFIED,Finished,False,78,18.0
FastF1/Jolpica,20260810T200317Z,2023-06,2023,6,Monaco Grand Prix,2023-05-28,monaco,Circuit de Monaco,Monte Carlo,Monaco,ocon,OCO,Esteban,Ocon,Esteban Ocon,1996-09-17,French,31,alpine,Alpine F1 Team,French,3,3,3,3,CLASSIFIED,Finished,False,78,15.0
FastF1/Jolpica,20260810T200317Z,2023-06,2023,6,Monaco Grand Prix,2023-05-28,monaco,Circuit de Monaco,Monte Carlo,Monaco,hamilton,HAM,Lewis,Hamilton,Lewis Hamilton,1985-01-07,British,44,mercedes,Mercedes,German,5,4,4,4,CLASSIFIED,Finished,False,78,13.0
FastF1/Jolpica,20260810T200317Z,2023-06,2023,6,Monaco Grand Prix,2023-05-28,monaco,Circuit de Monaco,Monte Carlo,Monaco,russell,RUS,George,Russell,George Russell,1998-02-15,British,63,mercedes,Mercedes,German,8,5,5,5,CLASSIFIED,Finished,False,78,10.0
FastF1/Jolpica,20260810T200317Z,2023-06,2023,6,Monaco Grand Prix,2023-05-28,monaco,Circuit de Monaco,Monte Carlo,Monaco,leclerc,LEC,Charles,Leclerc,Charles Leclerc,1997-10-16,Monegasque,16,ferrari,Ferrari,Italian,6,6,6,6,CLASSIFIED,Finished,False,78,8.0
FastF1/Jolpica,20260810T200317Z,2023-06,2023,6,Monaco Grand Prix,2023-05-28,monaco,Circuit de Monaco,Monte Carlo,Monaco,gasly,GAS,Pierre,Gasly,Pierre Gasly,1996-02-07,French,10,alpine,Alpine F1 Team,French,7,7,7,7,CLASSIFIED,Finished,False,78,6.0
FastF1/Jolpica,20260810T200317Z,2023-06,2023,6,Monaco Grand Prix,2023-05-28,monaco,Circuit de Monaco,Monte Carlo,Monaco,sainz,SAI,Carlos,Sainz,Carlos Sainz,1994-09-01,Spanish,55,ferrari,Ferrari,Italian,4,8,8,8,CLASSIFIED,Finished,False,78,4.0
FastF1/Jolpica,20260810T200317Z,2023-06,2023,6,Monaco Grand Prix,2023-05-28,monaco,Circuit de Monaco,Monte Carlo,Monaco,norris,NOR,Lando,Norris,Lando Norris,1999-11-13,British,4,mclaren,McLaren,British,10,9,9,9,CLASSIFIED,Lapped,False,77,2.0
FastF1/Jolpica,20260810T200317Z,2023-06,2023,6,Monaco Grand Prix,2023-05-28,monaco,Circuit de Monaco,Monte Carlo,Monaco,piastri,PIA,Oscar,Piastri,Oscar Piastri,2001-04-06,Australian,81,mclaren,McLaren,British,11,10,10,10,CLASSIFIED,Lapped,False,77,1.0
FastF1/Jolpica,20260810T200317Z,2023-06,2023,6,Monaco Grand Prix,2023-05-28,monaco,Circuit de Monaco,Monte Carlo,Monaco,bottas,BOT,Valtteri,Bottas,Valtteri Bottas,1989-08-28,Finnish,77,alfa,Alfa Romeo,Swiss,15,11,11,11,CLASSIFIED,Lapped,False,77,0.0
FastF1/Jolpica,20260810T200317Z,2023-06,2023,6,Monaco Grand Prix,2023-05-28,monaco,Circuit de Monaco,Monte Carlo,Monaco,de_vries,DEV,Nyck,de Vries,Nyck de Vries,1995-02-06,Dutch,21,alphatauri,AlphaTauri,Italian,12,12,12,12,CLASSIFIED,Lapped,False,77,0.0
FastF1/Jolpica,20260810T200317Z,2023-06,2023,6,Monaco Grand Prix,2023-05-28,monaco,Circuit de Monaco,Monte Carlo,Monaco,zhou,ZHO,Guanyu,Zhou,Guanyu Zhou,1999-05-30,Chinese,24,alfa,Alfa Romeo,Swiss,19,13,13,13,CLASSIFIED,Lapped,False,77,0.0
FastF1/Jolpica,20260810T200317Z,2023-06,2023,6,Monaco Grand Prix,2023-05-28,monaco,Circuit de Monaco,Monte Carlo,Monaco,albon,ALB,Alexander,Albon,Alexander Albon,1996-03-23,Thai,23,williams,Williams,British,13,14,14,14,CLASSIFIED,Lapped,False,77,0.0
FastF1/Jolpica,20260810T200317Z,2023-06,2023,6,Monaco Grand Prix,2023-05-28,monaco,Circuit de Monaco,Monte Carlo,Monaco,tsunoda,TSU,Yuki,Tsunoda,Yuki Tsunoda,2000-05-11,Japanese,22,alphatauri,AlphaTauri,Italian,9,15,15,15,CLASSIFIED,Lapped,False,76,0.0
FastF1/Jolpica,20260810T200317Z,2023-06,2023,6,Monaco Grand Prix,2023-05-28,monaco,Circuit de Monaco,Monte Carlo,Monaco,perez,PER,Sergio,Pérez,Sergio Pérez,1990-01-26,Mexican,11,red_bull,Red Bull,Austrian,20,16,16,16,CLASSIFIED,Lapped,False,76,0.0
FastF1/Jolpica,20260810T200317Z,2023-06,2023,6,Monaco Grand Prix,2023-05-28,monaco,Circuit de Monaco,Monte Carlo,Monaco,hulkenberg,HUL,Nico,Hülkenberg,Nico Hülkenberg,1987-08-19,German,27,haas,Haas F1 Team,American,18,17,17,17,CLASSIFIED,Lapped,False,76,0.0
FastF1/Jolpica,20260810T200317Z,2023-06,2023,6,Monaco Grand Prix,2023-05-28,monaco,Circuit de Monaco,Monte Carlo,Monaco,sargeant,SAR,Logan,Sargeant,Logan Sargeant,2000-12-31,American,2,williams,Williams,British,16,18,18,18,CLASSIFIED,Lapped,False,76,0.0
FastF1/Jolpica,20260810T200317Z,2023-06,2023,6,Monaco Grand Prix,2023-05-28,monaco,Circuit de Monaco,Monte Carlo,Monaco,kevin_magnussen,MAG,Kevin,Magnussen,Kevin Magnussen,1992-10-05,Danish,20,haas,Haas F1 Team,American,17,19,19,19,CLASSIFIED,Retired,False,70,0.0
FastF1/Jolpica,20260810T200317Z,2023-06,2023,6,Monaco Grand Prix,2023-05-28,monaco,Circuit de Monaco,Monte Carlo,Monaco,stroll,STR,Lance,Stroll,Lance Stroll,1998-10-29,Canadian,18,aston_martin,Aston Martin,British,14,20,R,20,DNF,Retired,False,53,0.0
FastF1/Jolpica,20260810T200317Z,2023-07,2023,7,Spanish Grand Prix,2023-06-04,catalunya,Circuit de Barcelona-Catalunya,Barcelona,Spain,max_verstappen,VER,Max,Verstappen,Max Verstappen,1997-09-30,Dutch,1,red_bull,Red Bull,Austrian,1,1,1,1,CLASSIFIED,Finished,False,66,26.0
FastF1/Jolpica,20260810T200317Z,2023-07,2023,7,Spanish Grand Prix,2023-06-04,catalunya,Circuit de Barcelona-Catalunya,Barcelona,Spain,hamilton,HAM,Lewis,Hamilton,Lewis Hamilton,1985-01-07,British,44,mercedes,Mercedes,German,4,2,2,2,CLASSIFIED,Finished,False,66,18.0
FastF1/Jolpica,20260810T200317Z,2023-07,2023,7,Spanish Grand Prix,2023-06-04,catalunya,Circuit de Barcelona-Catalunya,Barcelona,Spain,russell,RUS,George,Russell,George Russell,1998-02-15,British,63,mercedes,Mercedes,German,12,3,3,3,CLASSIFIED,Finished,False,66,15.0
FastF1/Jolpica,20260810T200317Z,2023-07,2023,7,Spanish Grand Prix,2023-06-04,catalunya,Circuit de Barcelona-Catalunya,Barcelona,Spain,perez,PER,Sergio,Pérez,Sergio Pérez,1990-01-26,Mexican,11,red_bull,Red Bull,Austrian,11,4,4,4,CLASSIFIED,Finished,False,66,12.0
FastF1/Jolpica,20260810T200317Z,2023-07,2023,7,Spanish Grand Prix,2023-06-04,catalunya,Circuit de Barcelona-Catalunya,Barcelona,Spain,sainz,SAI,Carlos,Sainz,Carlos Sainz,1994-09-01,Spanish,55,ferrari,Ferrari,Italian,2,5,5,5,CLASSIFIED,Finished,False,66,10.0
FastF1/Jolpica,20260810T200317Z,2023-07,2023,7,Spanish Grand Prix,2023-06-04,catalunya,Circuit de Barcelona-Catalunya,Barcelona,Spain,stroll,STR,Lance,Stroll,Lance Stroll,1998-10-29,Canadian,18,aston_martin,Aston Martin,British,5,6,6,6,CLASSIFIED,Finished,False,66,8.0
FastF1/Jolpica,20260810T200317Z,2023-07,2023,7,Spanish Grand Prix,2023-06-04,catalunya,Circuit de Barcelona-Catalunya,Barcelona,Spain,alonso,ALO,Fernando,Alonso,Fernando Alonso,1981-07-29,Spanish,14,aston_martin,Aston Martin,British,8,7,7,7,CLASSIFIED,Finished,False,66,6.0
FastF1/Jolpica,20260810T200317Z,2023-07,2023,7,Spanish Grand Prix,2023-06-04,catalunya,Circuit de Barcelona-Catalunya,Barcelona,Spain,ocon,OCO,Esteban,Ocon,Esteban Ocon,1996-09-17,French,31,alpine,Alpine F1 Team,French,6,8,8,8,CLASSIFIED,Finished,False,66,4.0
FastF1/Jolpica,20260810T200317Z,2023-07,2023,7,Spanish Grand Prix,2023-06-04,catalunya,Circuit de Barcelona-Catalunya,Barcelona,Spain,zhou,ZHO,Guanyu,Zhou,Guanyu Zhou,1999-05-30,Chinese,24,alfa,Alfa Romeo,Swiss,13,9,9,9,CLASSIFIED,Finished,False,66,2.0
FastF1/Jolpica,20260810T200317Z,2023-07,2023,7,Spanish Grand Prix,2023-06-04,catalunya,Circuit de Barcelona-Catalunya,Barcelona,Spain,gasly,GAS,Pierre,Gasly,Pierre Gasly,1996-02-07,French,10,alpine,Alpine F1 Team,French,10,10,10,10,CLASSIFIED,Finished,False,66,1.0
FastF1/Jolpica,20260810T200317Z,2023-07,2023,7,Spanish Grand Prix,2023-06-04,catalunya,Circuit de Barcelona-Catalunya,Barcelona,Spain,leclerc,LEC,Charles,Leclerc,Charles Leclerc,1997-10-16,Monegasque,16,ferrari,Ferrari,Italian,19,11,11,11,CLASSIFIED,Finished,False,66,0.0
FastF1/Jolpica,20260810T200317Z,2023-07,2023,7,Spanish Grand Prix,2023-06-04,catalunya,Circuit de Barcelona-Catalunya,Barcelona,Spain,tsunoda,TSU,Yuki,Tsunoda,Yuki Tsunoda,2000-05-11,Japanese,22,alphatauri,AlphaTauri,Italian,15,12,12,12,CLASSIFIED,Finished,False,66,0.0
FastF1/Jolpica,20260810T200317Z,2023-07,2023,7,Spanish Grand Prix,2023-06-04,catalunya,Circuit de Barcelona-Catalunya,Barcelona,Spain,piastri,PIA,Oscar,Piastri,Oscar Piastri,2001-04-06,Australian,81,mclaren,McLaren,British,9,13,13,13,CLASSIFIED,Lapped,False,65,0.0
FastF1/Jolpica,20260810T200317Z,2023-07,2023,7,Spanish Grand Prix,2023-06-04,catalunya,Circuit de Barcelona-Catalunya,Barcelona,Spain,de_vries,DEV,Nyck,de Vries,Nyck de Vries,1995-02-06,Dutch,21,alphatauri,AlphaTauri,Italian,14,14,14,14,CLASSIFIED,Lapped,False,65,0.0
FastF1/Jolpica,20260810T200317Z,2023-07,2023,7,Spanish Grand Prix,2023-06-04,catalunya,Circuit de Barcelona-Catalunya,Barcelona,Spain,hulkenberg,HUL,Nico,Hülkenberg,Nico Hülkenberg,1987-08-19,German,27,haas,Haas F1 Team,American,7,15,15,15,CLASSIFIED,Lapped,False,65,0.0
FastF1/Jolpica,20260810T200317Z,2023-07,2023,7,Spanish Grand Prix,2023-06-04,catalunya,Circuit de Barcelona-Catalunya,Barcelona,Spain,albon,ALB,Alexander,Albon,Alexander Albon,1996-03-23,Thai,23,williams,Williams,British,18,16,16,16,CLASSIFIED,Lapped,False,65,0.0
FastF1/Jolpica,20260810T200317Z,2023-07,2023,7,Spanish Grand Prix,2023-06-04,catalunya,Circuit de Barcelona-Catalunya,Barcelona,Spain,norris,NOR,Lando,Norris,Lando Norris,1999-11-13,British,4,mclaren,McLaren,British,3,17,17,17,CLASSIFIED,Lapped,False,65,0.0
FastF1/Jolpica,20260810T200317Z,2023-07,2023,7,Spanish Grand Prix,2023-06-04,catalunya,Circuit de Barcelona-Catalunya,Barcelona,Spain,kevin_magnussen,MAG,Kevin,Magnussen,Kevin Magnussen,1992-10-05,Danish,20,haas,Haas F1 Team,American,17,18,18,18,CLASSIFIED,Lapped,False,65,0.0
FastF1/Jolpica,20260810T200317Z,2023-07,2023,7,Spanish Grand Prix,2023-06-04,catalunya,Circuit de Barcelona-Catalunya,Barcelona,Spain,bottas,BOT,Valtteri,Bottas,Valtteri Bottas,1989-08-28,Finnish,77,alfa,Alfa Romeo,Swiss,16,19,19,19,CLASSIFIED,Lapped,False,65,0.0
FastF1/Jolpica,20260810T200317Z,2023-07,2023,7,Spanish Grand Prix,2023-06-04,catalunya,Circuit de Barcelona-Catalunya,Barcelona,Spain,sargeant,SAR,Logan,Sargeant,Logan Sargeant,2000-12-31,American,2,williams,Williams,British,20,20,20,20,CLASSIFIED,Lapped,False,65,0.0
FastF1/Jolpica,20260810T200317Z,2023-08,2023,8,Canadian Grand Prix,2023-06-18,villeneuve,Circuit Gilles Villeneuve,Montreal,Canada,max_verstappen,VER,Max,Verstappen,Max Verstappen,1997-09-30,Dutch,1,red_bull,Red Bull,Austrian,1,1,1,1,CLASSIFIED,Finished,False,70,25.0
FastF1/Jolpica,20260810T200317Z,2023-08,2023,8,Canadian Grand Prix,2023-06-18,villeneuve,Circuit Gilles Villeneuve,Montreal,Canada,alonso,ALO,Fernando,Alonso,Fernando Alonso,1981-07-29,Spanish,14,aston_martin,Aston Martin,British,2,2,2,2,CLASSIFIED,Finished,False,70,18.0
FastF1/Jolpica,20260810T200317Z,2023-08,2023,8,Canadian Grand Prix,2023-06-18,villeneuve,Circuit Gilles Villeneuve,Montreal,Canada,hamilton,HAM,Lewis,Hamilton,Lewis Hamilton,1985-01-07,British,44,mercedes,Mercedes,German,3,3,3,3,CLASSIFIED,Finished,False,70,15.0
FastF1/Jolpica,20260810T200317Z,2023-08,2023,8,Canadian Grand Prix,2023-06-18,villeneuve,Circuit Gilles Villeneuve,Montreal,Canada,leclerc,LEC,Charles,Leclerc,Charles Leclerc,1997-10-16,Monegasque,16,ferrari,Ferrari,Italian,10,4,4,4,CLASSIFIED,Finished,False,70,12.0
FastF1/Jolpica,20260810T200317Z,2023-08,2023,8,Canadian Grand Prix,2023-06-18,villeneuve,Circuit Gilles Villeneuve,Montreal,Canada,sainz,SAI,Carlos,Sainz,Carlos Sainz,1994-09-01,Spanish,55,ferrari,Ferrari,Italian,11,5,5,5,CLASSIFIED,Finished,False,70,10.0
FastF1/Jolpica,20260810T200317Z,2023-08,2023,8,Canadian Grand Prix,2023-06-18,villeneuve,Circuit Gilles Villeneuve,Montreal,Canada,perez,PER,Sergio,Pérez,Sergio Pérez,1990-01-26,Mexican,11,red_bull,Red Bull,Austrian,12,6,6,6,CLASSIFIED,Finished,False,70,9.0
FastF1/Jolpica,20260810T200317Z,2023-08,2023,8,Canadian Grand Prix,2023-06-18,villeneuve,Circuit Gilles Villeneuve,Montreal,Canada,albon,ALB,Alexander,Albon,Alexander Albon,1996-03-23,Thai,23,williams,Williams,British,9,7,7,7,CLASSIFIED,Finished,False,70,6.0
FastF1/Jolpica,20260810T200317Z,2023-08,2023,8,Canadian Grand Prix,2023-06-18,villeneuve,Circuit Gilles Villeneuve,Montreal,Canada,ocon,OCO,Esteban,Ocon,Esteban Ocon,1996-09-17,French,31,alpine,Alpine F1 Team,French,6,8,8,8,CLASSIFIED,Finished,False,70,4.0
FastF1/Jolpica,20260810T200317Z,2023-08,2023,8,Canadian Grand Prix,2023-06-18,villeneuve,Circuit Gilles Villeneuve,Montreal,Canada,stroll,STR,Lance,Stroll,Lance Stroll,1998-10-29,Canadian,18,aston_martin,Aston Martin,British,16,9,9,9,CLASSIFIED,Finished,False,70,2.0
FastF1/Jolpica,20260810T200317Z,2023-08,2023,8,Canadian Grand Prix,2023-06-18,villeneuve,Circuit Gilles Villeneuve,Montreal,Canada,bottas,BOT,Valtteri,Bottas,Valtteri Bottas,1989-08-28,Finnish,77,alfa,Alfa Romeo,Swiss,14,10,10,10,CLASSIFIED,Finished,False,70,1.0
FastF1/Jolpica,20260810T200317Z,2023-08,2023,8,Canadian Grand Prix,2023-06-18,villeneuve,Circuit Gilles Villeneuve,Montreal,Canada,piastri,PIA,Oscar,Piastri,Oscar Piastri,2001-04-06,Australian,81,mclaren,McLaren,British,8,11,11,11,CLASSIFIED,Finished,False,70,0.0
FastF1/Jolpica,20260810T200317Z,2023-08,2023,8,Canadian Grand Prix,2023-06-18,villeneuve,Circuit Gilles Villeneuve,Montreal,Canada,gasly,GAS,Pierre,Gasly,Pierre Gasly,1996-02-07,French,10,alpine,Alpine F1 Team,French,15,12,12,12,CLASSIFIED,Finished,False,70,0.0
FastF1/Jolpica,20260810T200317Z,2023-08,2023,8,Canadian Grand Prix,2023-06-18,villeneuve,Circuit Gilles Villeneuve,Montreal,Canada,norris,NOR,Lando,Norris,Lando Norris,1999-11-13,British,4,mclaren,McLaren,British,7,13,13,13,CLASSIFIED,Finished,False,70,0.0
FastF1/Jolpica,20260810T200317Z,2023-08,2023,8,Canadian Grand Prix,2023-06-18,villeneuve,Circuit Gilles Villeneuve,Montreal,Canada,tsunoda,TSU,Yuki,Tsunoda,Yuki Tsunoda,2000-05-11,Japanese,22,alphatauri,AlphaTauri,Italian,19,14,14,14,CLASSIFIED,Finished,False,70,0.0
FastF1/Jolpica,20260810T200317Z,2023-08,2023,8,Canadian Grand Prix,2023-06-18,villeneuve,Circuit Gilles Villeneuve,Montreal,Canada,hulkenberg,HUL,Nico,Hülkenberg,Nico Hülkenberg,1987-08-19,German,27,haas,Haas F1 Team,American,5,15,15,15,CLASSIFIED,Lapped,False,69,0.0
FastF1/Jolpica,20260810T200317Z,2023-08,2023,8,Canadian Grand Prix,2023-06-18,villeneuve,Circuit Gilles Villeneuve,Montreal,Canada,zhou,ZHO,Guanyu,Zhou,Guanyu Zhou,1999-05-30,Chinese,24,alfa,Alfa Romeo,Swiss,20,16,16,16,CLASSIFIED,Lapped,False,69,0.0
FastF1/Jolpica,20260810T200317Z,2023-08,2023,8,Canadian Grand Prix,2023-06-18,villeneuve,Circuit Gilles Villeneuve,Montreal,Canada,kevin_magnussen,MAG,Kevin,Magnussen,Kevin Magnussen,1992-10-05,Danish,20,haas,Haas F1 Team,American,13,17,17,17,CLASSIFIED,Lapped,False,69,0.0
FastF1/Jolpica,20260810T200317Z,2023-08,2023,8,Canadian Grand Prix,2023-06-18,villeneuve,Circuit Gilles Villeneuve,Montreal,Canada,de_vries,DEV,Nyck,de Vries,Nyck de Vries,1995-02-06,Dutch,21,alphatauri,AlphaTauri,Italian,17,18,18,18,CLASSIFIED,Lapped,False,69,0.0
FastF1/Jolpica,20260810T200317Z,2023-08,2023,8,Canadian Grand Prix,2023-06-18,villeneuve,Circuit Gilles Villeneuve,Montreal,Canada,russell,RUS,George,Russell,George Russell,1998-02-15,British,63,mercedes,Mercedes,German,4,19,R,19,DNF,Retired,False,53,0.0
FastF1/Jolpica,20260810T200317Z,2023-08,2023,8,Canadian Grand Prix,2023-06-18,villeneuve,Circuit Gilles Villeneuve,Montreal,Canada,sargeant,SAR,Logan,Sargeant,Logan Sargeant,2000-12-31,American,2,williams,Williams,British,18,20,R,20,DNF,Retired,False,6,0.0
FastF1/Jolpica,20260810T200317Z,2023-09,2023,9,Austrian Grand Prix,2023-07-02,red_bull_ring,Red Bull Ring,Spielberg,Austria,max_verstappen,VER,Max,Verstappen,Max Verstappen,1997-09-30,Dutch,1,red_bull,Red Bull,Austrian,1,1,1,1,CLASSIFIED,Finished,False,71,26.0
FastF1/Jolpica,20260810T200317Z,2023-09,2023,9,Austrian Grand Prix,2023-07-02,red_bull_ring,Red Bull Ring,Spielberg,Austria,leclerc,LEC,Charles,Leclerc,Charles Leclerc,1997-10-16,Monegasque,16,ferrari,Ferrari,Italian,2,2,2,2,CLASSIFIED,Finished,False,71,18.0
FastF1/Jolpica,20260810T200317Z,2023-09,2023,9,Austrian Grand Prix,2023-07-02,red_bull_ring,Red Bull Ring,Spielberg,Austria,perez,PER,Sergio,Pérez,Sergio Pérez,1990-01-26,Mexican,11,red_bull,Red Bull,Austrian,15,3,3,3,CLASSIFIED,Finished,False,71,15.0
FastF1/Jolpica,20260810T200317Z,2023-09,2023,9,Austrian Grand Prix,2023-07-02,red_bull_ring,Red Bull Ring,Spielberg,Austria,norris,NOR,Lando,Norris,Lando Norris,1999-11-13,British,4,mclaren,McLaren,British,4,4,4,4,CLASSIFIED,Finished,False,71,12.0
FastF1/Jolpica,20260810T200317Z,2023-09,2023,9,Austrian Grand Prix,2023-07-02,red_bull_ring,Red Bull Ring,Spielberg,Austria,alonso,ALO,Fernando,Alonso,Fernando Alonso,1981-07-29,Spanish,14,aston_martin,Aston Martin,British,7,5,5,5,CLASSIFIED,Finished,False,71,10.0
FastF1/Jolpica,20260810T200317Z,2023-09,2023,9,Austrian Grand Prix,2023-07-02,red_bull_ring,Red Bull Ring,Spielberg,Austria,sainz,SAI,Carlos,Sainz,Carlos Sainz,1994-09-01,Spanish,55,ferrari,Ferrari,Italian,3,6,6,6,CLASSIFIED,Finished,False,71,8.0
FastF1/Jolpica,20260810T200317Z,2023-09,2023,9,Austrian Grand Prix,2023-07-02,red_bull_ring,Red Bull Ring,Spielberg,Austria,russell,RUS,George,Russell,George Russell,1998-02-15,British,63,mercedes,Mercedes,German,11,7,7,7,CLASSIFIED,Finished,False,71,6.0
FastF1/Jolpica,20260810T200317Z,2023-09,2023,9,Austrian Grand Prix,2023-07-02,red_bull_ring,Red Bull Ring,Spielberg,Austria,hamilton,HAM,Lewis,Hamilton,Lewis Hamilton,1985-01-07,British,44,mercedes,Mercedes,German,5,8,8,8,CLASSIFIED,Finished,False,71,4.0
FastF1/Jolpica,20260810T200317Z,2023-09,2023,9,Austrian Grand Prix,2023-07-02,red_bull_ring,Red Bull Ring,Spielberg,Austria,stroll,STR,Lance,Stroll,Lance Stroll,1998-10-29,Canadian,18,aston_martin,Aston Martin,British,6,9,9,9,CLASSIFIED,Finished,False,71,2.0
FastF1/Jolpica,20260810T200317Z,2023-09,2023,9,Austrian Grand Prix,2023-07-02,red_bull_ring,Red Bull Ring,Spielberg,Austria,gasly,GAS,Pierre,Gasly,Pierre Gasly,1996-02-07,French,10,alpine,Alpine F1 Team,French,9,10,10,10,CLASSIFIED,Finished,False,71,1.0
FastF1/Jolpica,20260810T200317Z,2023-09,2023,9,Austrian Grand Prix,2023-07-02,red_bull_ring,Red Bull Ring,Spielberg,Austria,albon,ALB,Alexander,Albon,Alexander Albon,1996-03-23,Thai,23,williams,Williams,British,10,11,11,11,CLASSIFIED,Finished,False,71,0.0
FastF1/Jolpica,20260810T200317Z,2023-09,2023,9,Austrian Grand Prix,2023-07-02,red_bull_ring,Red Bull Ring,Spielberg,Austria,zhou,ZHO,Guanyu,Zhou,Guanyu Zhou,1999-05-30,Chinese,24,alfa,Alfa Romeo,Swiss,17,12,12,12,CLASSIFIED,Lapped,False,70,0.0
FastF1/Jolpica,20260810T200317Z,2023-09,2023,9,Austrian Grand Prix,2023-07-02,red_bull_ring,Red Bull Ring,Spielberg,Austria,sargeant,SAR,Logan,Sargeant,Logan Sargeant,2000-12-31,American,2,williams,Williams,British,18,13,13,13,CLASSIFIED,Lapped,False,70,0.0
FastF1/Jolpica,20260810T200317Z,2023-09,2023,9,Austrian Grand Prix,2023-07-02,red_bull_ring,Red Bull Ring,Spielberg,Austria,ocon,OCO,Esteban,Ocon,Esteban Ocon,1996-09-17,French,31,alpine,Alpine F1 Team,French,12,14,14,14,CLASSIFIED,Lapped,False,70,0.0
FastF1/Jolpica,20260810T200317Z,2023-09,2023,9,Austrian Grand Prix,2023-07-02,red_bull_ring,Red Bull Ring,Spielberg,Austria,bottas,BOT,Valtteri,Bottas,Valtteri Bottas,1989-08-28,Finnish,77,alfa,Alfa Romeo,Swiss,14,15,15,15,CLASSIFIED,Lapped,False,70,0.0
FastF1/Jolpica,20260810T200317Z,2023-09,2023,9,Austrian Grand Prix,2023-07-02,red_bull_ring,Red Bull Ring,Spielberg,Austria,piastri,PIA,Oscar,Piastri,Oscar Piastri,2001-04-06,Australian,81,mclaren,McLaren,British,13,16,16,16,CLASSIFIED,Lapped,False,70,0.0
FastF1/Jolpica,20260810T200317Z,2023-09,2023,9,Austrian Grand Prix,2023-07-02,red_bull_ring,Red Bull Ring,Spielberg,Austria,de_vries,DEV,Nyck,de Vries,Nyck de Vries,1995-02-06,Dutch,21,alphatauri,AlphaTauri,Italian,20,17,17,17,CLASSIFIED,Lapped,False,70,0.0
FastF1/Jolpica,20260810T200317Z,2023-09,2023,9,Austrian Grand Prix,2023-07-02,red_bull_ring,Red Bull Ring,Spielberg,Austria,kevin_magnussen,MAG,Kevin,Magnussen,Kevin Magnussen,1992-10-05,Danish,20,haas,Haas F1 Team,American,19,18,18,18,CLASSIFIED,Lapped,False,70,0.0
FastF1/Jolpica,20260810T200317Z,2023-09,2023,9,Austrian Grand Prix,2023-07-02,red_bull_ring,Red Bull Ring,Spielberg,Austria,tsunoda,TSU,Yuki,Tsunoda,Yuki Tsunoda,2000-05-11,Japanese,22,alphatauri,AlphaTauri,Italian,16,19,19,19,CLASSIFIED,Lapped,False,70,0.0
FastF1/Jolpica,20260810T200317Z,2023-09,2023,9,Austrian Grand Prix,2023-07-02,red_bull_ring,Red Bull Ring,Spielberg,Austria,hulkenberg,HUL,Nico,Hülkenberg,Nico Hülkenberg,1987-08-19,German,27,haas,Haas F1 Team,American,8,20,R,20,DNF,Retired,False,12,0.0
FastF1/Jolpica,20260810T200317Z,2023-10,2023,10,British Grand Prix,2023-07-09,silverstone,Silverstone Circuit,Silverstone,UK,max_verstappen,VER,Max,Verstappen,Max Verstappen,1997-09-30,Dutch,1,red_bull,Red Bull,Austrian,1,1,1,1,CLASSIFIED,Finished,False,52,26.0
FastF1/Jolpica,20260810T200317Z,2023-10,2023,10,British Grand Prix,2023-07-09,silverstone,Silverstone Circuit,Silverstone,UK,norris,NOR,Lando,Norris,Lando Norris,1999-11-13,British,4,mclaren,McLaren,British,2,2,2,2,CLASSIFIED,Finished,False,52,18.0
FastF1/Jolpica,20260810T200317Z,2023-10,2023,10,British Grand Prix,2023-07-09,silverstone,Silverstone Circuit,Silverstone,UK,hamilton,HAM,Lewis,Hamilton,Lewis Hamilton,1985-01-07,British,44,mercedes,Mercedes,German,7,3,3,3,CLASSIFIED,Finished,False,52,15.0
FastF1/Jolpica,20260810T200317Z,2023-10,2023,10,British Grand Prix,2023-07-09,silverstone,Silverstone Circuit,Silverstone,UK,piastri,PIA,Oscar,Piastri,Oscar Piastri,2001-04-06,Australian,81,mclaren,McLaren,British,3,4,4,4,CLASSIFIED,Finished,False,52,12.0
FastF1/Jolpica,20260810T200317Z,2023-10,2023,10,British Grand Prix,2023-07-09,silverstone,Silverstone Circuit,Silverstone,UK,russell,RUS,George,Russell,George Russell,1998-02-15,British,63,mercedes,Mercedes,German,6,5,5,5,CLASSIFIED,Finished,False,52,10.0
FastF1/Jolpica,20260810T200317Z,2023-10,2023,10,British Grand Prix,2023-07-09,silverstone,Silverstone Circuit,Silverstone,UK,perez,PER,Sergio,Pérez,Sergio Pérez,1990-01-26,Mexican,11,red_bull,Red Bull,Austrian,15,6,6,6,CLASSIFIED,Finished,False,52,8.0
FastF1/Jolpica,20260810T200317Z,2023-10,2023,10,British Grand Prix,2023-07-09,silverstone,Silverstone Circuit,Silverstone,UK,alonso,ALO,Fernando,Alonso,Fernando Alonso,1981-07-29,Spanish,14,aston_martin,Aston Martin,British,9,7,7,7,CLASSIFIED,Finished,False,52,6.0
FastF1/Jolpica,20260810T200317Z,2023-10,2023,10,British Grand Prix,2023-07-09,silverstone,Silverstone Circuit,Silverstone,UK,albon,ALB,Alexander,Albon,Alexander Albon,1996-03-23,Thai,23,williams,Williams,British,8,8,8,8,CLASSIFIED,Finished,False,52,4.0
FastF1/Jolpica,20260810T200317Z,2023-10,2023,10,British Grand Prix,2023-07-09,silverstone,Silverstone Circuit,Silverstone,UK,leclerc,LEC,Charles,Leclerc,Charles Leclerc,1997-10-16,Monegasque,16,ferrari,Ferrari,Italian,4,9,9,9,CLASSIFIED,Finished,False,52,2.0
FastF1/Jolpica,20260810T200317Z,2023-10,2023,10,British Grand Prix,2023-07-09,silverstone,Silverstone Circuit,Silverstone,UK,sainz,SAI,Carlos,Sainz,Carlos Sainz,1994-09-01,Spanish,55,ferrari,Ferrari,Italian,5,10,10,10,CLASSIFIED,Finished,False,52,1.0
FastF1/Jolpica,20260810T200317Z,2023-10,2023,10,British Grand Prix,2023-07-09,silverstone,Silverstone Circuit,Silverstone,UK,sargeant,SAR,Logan,Sargeant,Logan Sargeant,2000-12-31,American,2,williams,Williams,British,14,11,11,11,CLASSIFIED,Finished,False,52,0.0
FastF1/Jolpica,20260810T200317Z,2023-10,2023,10,British Grand Prix,2023-07-09,silverstone,Silverstone Circuit,Silverstone,UK,bottas,BOT,Valtteri,Bottas,Valtteri Bottas,1989-08-28,Finnish,77,alfa,Alfa Romeo,Swiss,20,12,12,12,CLASSIFIED,Finished,False,52,0.0
FastF1/Jolpica,20260810T200317Z,2023-10,2023,10,British Grand Prix,2023-07-09,silverstone,Silverstone Circuit,Silverstone,UK,hulkenberg,HUL,Nico,Hülkenberg,Nico Hülkenberg,1987-08-19,German,27,haas,Haas F1 Team,American,11,13,13,13,CLASSIFIED,Finished,False,52,0.0
FastF1/Jolpica,20260810T200317Z,2023-10,2023,10,British Grand Prix,2023-07-09,silverstone,Silverstone Circuit,Silverstone,UK,stroll,STR,Lance,Stroll,Lance Stroll,1998-10-29,Canadian,18,aston_martin,Aston Martin,British,12,14,14,14,CLASSIFIED,Finished,False,52,0.0
FastF1/Jolpica,20260810T200317Z,2023-10,2023,10,British Grand Prix,2023-07-09,silverstone,Silverstone Circuit,Silverstone,UK,zhou,ZHO,Guanyu,Zhou,Guanyu Zhou,1999-05-30,Chinese,24,alfa,Alfa Romeo,Swiss,17,15,15,15,CLASSIFIED,Finished,False,52,0.0
FastF1/Jolpica,20260810T200317Z,2023-10,2023,10,British Grand Prix,2023-07-09,silverstone,Silverstone Circuit,Silverstone,UK,tsunoda,TSU,Yuki,Tsunoda,Yuki Tsunoda,2000-05-11,Japanese,22,alphatauri,AlphaTauri,Italian,16,16,16,16,CLASSIFIED,Finished,False,52,0.0
FastF1/Jolpica,20260810T200317Z,2023-10,2023,10,British Grand Prix,2023-07-09,silverstone,Silverstone Circuit,Silverstone,UK,de_vries,DEV,Nyck,de Vries,Nyck de Vries,1995-02-06,Dutch,21,alphatauri,AlphaTauri,Italian,18,17,17,17,CLASSIFIED,Finished,False,52,0.0
FastF1/Jolpica,20260810T200317Z,2023-10,2023,10,British Grand Prix,2023-07-09,silverstone,Silverstone Circuit,Silverstone,UK,gasly,GAS,Pierre,Gasly,Pierre Gasly,1996-02-07,French,10,alpine,Alpine F1 Team,French,10,18,18,18,CLASSIFIED,Retired,False,46,0.0
FastF1/Jolpica,20260810T200317Z,2023-10,2023,10,British Grand Prix,2023-07-09,silverstone,Silverstone Circuit,Silverstone,UK,kevin_magnussen,MAG,Kevin,Magnussen,Kevin Magnussen,1992-10-05,Danish,20,haas,Haas F1 Team,American,19,19,R,19,DNF,Retired,False,31,0.0
FastF1/Jolpica,20260810T200317Z,2023-10,2023,10,British Grand Prix,2023-07-09,silverstone,Silverstone Circuit,Silverstone,UK,ocon,OCO,Esteban,Ocon,Esteban Ocon,1996-09-17,French,31,alpine,Alpine F1 Team,French,13,20,R,20,DNF,Retired,False,9,0.0
FastF1/Jolpica,20260810T200317Z,2023-11,2023,11,Hungarian Grand Prix,2023-07-23,hungaroring,Hungaroring,Budapest,Hungary,max_verstappen,VER,Max,Verstappen,Max Verstappen,1997-09-30,Dutch,1,red_bull,Red Bull,Austrian,2,1,1,1,CLASSIFIED,Finished,False,70,26.0
FastF1/Jolpica,20260810T200317Z,2023-11,2023,11,Hungarian Grand Prix,2023-07-23,hungaroring,Hungaroring,Budapest,Hungary,norris,NOR,Lando,Norris,Lando Norris,1999-11-13,British,4,mclaren,McLaren,British,3,2,2,2,CLASSIFIED,Finished,False,70,18.0
FastF1/Jolpica,20260810T200317Z,2023-11,2023,11,Hungarian Grand Prix,2023-07-23,hungaroring,Hungaroring,Budapest,Hungary,perez,PER,Sergio,Pérez,Sergio Pérez,1990-01-26,Mexican,11,red_bull,Red Bull,Austrian,9,3,3,3,CLASSIFIED,Finished,False,70,15.0
FastF1/Jolpica,20260810T200317Z,2023-11,2023,11,Hungarian Grand Prix,2023-07-23,hungaroring,Hungaroring,Budapest,Hungary,hamilton,HAM,Lewis,Hamilton,Lewis Hamilton,1985-01-07,British,44,mercedes,Mercedes,German,1,4,4,4,CLASSIFIED,Finished,False,70,12.0
FastF1/Jolpica,20260810T200317Z,2023-11,2023,11,Hungarian Grand Prix,2023-07-23,hungaroring,Hungaroring,Budapest,Hungary,piastri,PIA,Oscar,Piastri,Oscar Piastri,2001-04-06,Australian,81,mclaren,McLaren,British,4,5,5,5,CLASSIFIED,Finished,False,70,10.0
FastF1/Jolpica,20260810T200317Z,2023-11,2023,11,Hungarian Grand Prix,2023-07-23,hungaroring,Hungaroring,Budapest,Hungary,russell,RUS,George,Russell,George Russell,1998-02-15,British,63,mercedes,Mercedes,German,18,6,6,6,CLASSIFIED,Finished,False,70,8.0
FastF1/Jolpica,20260810T200317Z,2023-11,2023,11,Hungarian Grand Prix,2023-07-23,hungaroring,Hungaroring,Budapest,Hungary,leclerc,LEC,Charles,Leclerc,Charles Leclerc,1997-10-16,Monegasque,16,ferrari,Ferrari,Italian,6,7,7,7,CLASSIFIED,Finished,False,70,6.0
FastF1/Jolpica,20260810T200317Z,2023-11,2023,11,Hungarian Grand Prix,2023-07-23,hungaroring,Hungaroring,Budapest,Hungary,sainz,SAI,Carlos,Sainz,Carlos Sainz,1994-09-01,Spanish,55,ferrari,Ferrari,Italian,11,8,8,8,CLASSIFIED,Finished,False,70,4.0
FastF1/Jolpica,20260810T200317Z,2023-11,2023,11,Hungarian Grand Prix,2023-07-23,hungaroring,Hungaroring,Budapest,Hungary,alonso,ALO,Fernando,Alonso,Fernando Alonso,1981-07-29,Spanish,14,aston_martin,Aston Martin,British,8,9,9,9,CLASSIFIED,Finished,False,70,2.0
FastF1/Jolpica,20260810T200317Z,2023-11,2023,11,Hungarian Grand Prix,2023-07-23,hungaroring,Hungaroring,Budapest,Hungary,stroll,STR,Lance,Stroll,Lance Stroll,1998-10-29,Canadian,18,aston_martin,Aston Martin,British,14,10,10,10,CLASSIFIED,Lapped,False,69,1.0
FastF1/Jolpica,20260810T200317Z,2023-11,2023,11,Hungarian Grand Prix,2023-07-23,hungaroring,Hungaroring,Budapest,Hungary,albon,ALB,Alexander,Albon,Alexander Albon,1996-03-23,Thai,23,williams,Williams,British,16,11,11,11,CLASSIFIED,Lapped,False,69,0.0
FastF1/Jolpica,20260810T200317Z,2023-11,2023,11,Hungarian Grand Prix,2023-07-23,hungaroring,Hungaroring,Budapest,Hungary,bottas,BOT,Valtteri,Bottas,Valtteri Bottas,1989-08-28,Finnish,77,alfa,Alfa Romeo,Swiss,7,12,12,12,CLASSIFIED,Lapped,False,69,0.0
FastF1/Jolpica,20260810T200317Z,2023-11,2023,11,Hungarian Grand Prix,2023-07-23,hungaroring,Hungaroring,Budapest,Hungary,ricciardo,RIC,Daniel,Ricciardo,Daniel Ricciardo,1989-07-01,Australian,3,alphatauri,AlphaTauri,Italian,13,13,13,13,CLASSIFIED,Lapped,False,69,0.0
FastF1/Jolpica,20260810T200317Z,2023-11,2023,11,Hungarian Grand Prix,2023-07-23,hungaroring,Hungaroring,Budapest,Hungary,hulkenberg,HUL,Nico,Hülkenberg,Nico Hülkenberg,1987-08-19,German,27,haas,Haas F1 Team,American,10,14,14,14,CLASSIFIED,Lapped,False,69,0.0
FastF1/Jolpica,20260810T200317Z,2023-11,2023,11,Hungarian Grand Prix,2023-07-23,hungaroring,Hungaroring,Budapest,Hungary,tsunoda,TSU,Yuki,Tsunoda,Yuki Tsunoda,2000-05-11,Japanese,22,alphatauri,AlphaTauri,Italian,17,15,15,15,CLASSIFIED,Lapped,False,69,0.0
FastF1/Jolpica,20260810T200317Z,2023-11,2023,11,Hungarian Grand Prix,2023-07-23,hungaroring,Hungaroring,Budapest,Hungary,zhou,ZHO,Guanyu,Zhou,Guanyu Zhou,1999-05-30,Chinese,24,alfa,Alfa Romeo,Swiss,5,16,16,16,CLASSIFIED,Lapped,False,69,0.0
FastF1/Jolpica,20260810T200317Z,2023-11,2023,11,Hungarian Grand Prix,2023-07-23,hungaroring,Hungaroring,Budapest,Hungary,kevin_magnussen,MAG,Kevin,Magnussen,Kevin Magnussen,1992-10-05,Danish,20,haas,Haas F1 Team,American,19,17,17,17,CLASSIFIED,Lapped,False,69,0.0
FastF1/Jolpica,20260810T200317Z,2023-11,2023,11,Hungarian Grand Prix,2023-07-23,hungaroring,Hungaroring,Budapest,Hungary,sargeant,SAR,Logan,Sargeant,Logan Sargeant,2000-12-31,American,2,williams,Williams,British,20,18,18,18,CLASSIFIED,Retired,False,67,0.0
FastF1/Jolpica,20260810T200317Z,2023-11,2023,11,Hungarian Grand Prix,2023-07-23,hungaroring,Hungaroring,Budapest,Hungary,ocon,OCO,Esteban,Ocon,Esteban Ocon,1996-09-17,French,31,alpine,Alpine F1 Team,French,12,19,R,19,DNF,Retired,False,2,0.0
FastF1/Jolpica,20260810T200317Z,2023-11,2023,11,Hungarian Grand Prix,2023-07-23,hungaroring,Hungaroring,Budapest,Hungary,gasly,GAS,Pierre,Gasly,Pierre Gasly,1996-02-07,French,10,alpine,Alpine F1 Team,French,15,20,R,20,DNF,Retired,False,1,0.0
FastF1/Jolpica,20260810T200317Z,2023-12,2023,12,Belgian Grand Prix,2023-07-30,spa,Circuit de Spa-Francorchamps,Spa,Belgium,max_verstappen,VER,Max,Verstappen,Max Verstappen,1997-09-30,Dutch,1,red_bull,Red Bull,Austrian,6,1,1,1,CLASSIFIED,Finished,False,44,25.0
FastF1/Jolpica,20260810T200317Z,2023-12,2023,12,Belgian Grand Prix,2023-07-30,spa,Circuit de Spa-Francorchamps,Spa,Belgium,perez,PER,Sergio,Pérez,Sergio Pérez,1990-01-26,Mexican,11,red_bull,Red Bull,Austrian,2,2,2,2,CLASSIFIED,Finished,False,44,18.0
FastF1/Jolpica,20260810T200317Z,2023-12,2023,12,Belgian Grand Prix,2023-07-30,spa,Circuit de Spa-Francorchamps,Spa,Belgium,leclerc,LEC,Charles,Leclerc,Charles Leclerc,1997-10-16,Monegasque,16,ferrari,Ferrari,Italian,1,3,3,3,CLASSIFIED,Finished,False,44,15.0
FastF1/Jolpica,20260810T200317Z,2023-12,2023,12,Belgian Grand Prix,2023-07-30,spa,Circuit de Spa-Francorchamps,Spa,Belgium,hamilton,HAM,Lewis,Hamilton,Lewis Hamilton,1985-01-07,British,44,mercedes,Mercedes,German,3,4,4,4,CLASSIFIED,Finished,False,44,13.0
FastF1/Jolpica,20260810T200317Z,2023-12,2023,12,Belgian Grand Prix,2023-07-30,spa,Circuit de Spa-Francorchamps,Spa,Belgium,alonso,ALO,Fernando,Alonso,Fernando Alonso,1981-07-29,Spanish,14,aston_martin,Aston Martin,British,9,5,5,5,CLASSIFIED,Finished,False,44,10.0
FastF1/Jolpica,20260810T200317Z,2023-12,2023,12,Belgian Grand Prix,2023-07-30,spa,Circuit de Spa-Francorchamps,Spa,Belgium,russell,RUS,George,Russell,George Russell,1998-02-15,British,63,mercedes,Mercedes,German,8,6,6,6,CLASSIFIED,Finished,False,44,8.0
FastF1/Jolpica,20260810T200317Z,2023-12,2023,12,Belgian Grand Prix,2023-07-30,spa,Circuit de Spa-Francorchamps,Spa,Belgium,norris,NOR,Lando,Norris,Lando Norris,1999-11-13,British,4,mclaren,McLaren,British,7,7,7,7,CLASSIFIED,Finished,False,44,6.0
FastF1/Jolpica,20260810T200317Z,2023-12,2023,12,Belgian Grand Prix,2023-07-30,spa,Circuit de Spa-Francorchamps,Spa,Belgium,ocon,OCO,Esteban,Ocon,Esteban Ocon,1996-09-17,French,31,alpine,Alpine F1 Team,French,14,8,8,8,CLASSIFIED,Finished,False,44,4.0
FastF1/Jolpica,20260810T200317Z,2023-12,2023,12,Belgian Grand Prix,2023-07-30,spa,Circuit de Spa-Francorchamps,Spa,Belgium,stroll,STR,Lance,Stroll,Lance Stroll,1998-10-29,Canadian,18,aston_martin,Aston Martin,British,10,9,9,9,CLASSIFIED,Finished,False,44,2.0
FastF1/Jolpica,20260810T200317Z,2023-12,2023,12,Belgian Grand Prix,2023-07-30,spa,Circuit de Spa-Francorchamps,Spa,Belgium,tsunoda,TSU,Yuki,Tsunoda,Yuki Tsunoda,2000-05-11,Japanese,22,alphatauri,AlphaTauri,Italian,11,10,10,10,CLASSIFIED,Finished,False,44,1.0
FastF1/Jolpica,20260810T200317Z,2023-12,2023,12,Belgian Grand Prix,2023-07-30,spa,Circuit de Spa-Francorchamps,Spa,Belgium,gasly,GAS,Pierre,Gasly,Pierre Gasly,1996-02-07,French,10,alpine,Alpine F1 Team,French,12,11,11,11,CLASSIFIED,Finished,False,44,0.0
FastF1/Jolpica,20260810T200317Z,2023-12,2023,12,Belgian Grand Prix,2023-07-30,spa,Circuit de Spa-Francorchamps,Spa,Belgium,bottas,BOT,Valtteri,Bottas,Valtteri Bottas,1989-08-28,Finnish,77,alfa,Alfa Romeo,Swiss,13,12,12,12,CLASSIFIED,Finished,False,44,0.0
FastF1/Jolpica,20260810T200317Z,2023-12,2023,12,Belgian Grand Prix,2023-07-30,spa,Circuit de Spa-Francorchamps,Spa,Belgium,zhou,ZHO,Guanyu,Zhou,Guanyu Zhou,1999-05-30,Chinese,24,alfa,Alfa Romeo,Swiss,17,13,13,13,CLASSIFIED,Finished,False,44,0.0
FastF1/Jolpica,20260810T200317Z,2023-12,2023,12,Belgian Grand Prix,2023-07-30,spa,Circuit de Spa-Francorchamps,Spa,Belgium,albon,ALB,Alexander,Albon,Alexander Albon,1996-03-23,Thai,23,williams,Williams,British,15,14,14,14,CLASSIFIED,Finished,False,44,0.0
FastF1/Jolpica,20260810T200317Z,2023-12,2023,12,Belgian Grand Prix,2023-07-30,spa,Circuit de Spa-Francorchamps,Spa,Belgium,kevin_magnussen,MAG,Kevin,Magnussen,Kevin Magnussen,1992-10-05,Danish,20,haas,Haas F1 Team,American,16,15,15,15,CLASSIFIED,Finished,False,44,0.0
FastF1/Jolpica,20260810T200317Z,2023-12,2023,12,Belgian Grand Prix,2023-07-30,spa,Circuit de Spa-Francorchamps,Spa,Belgium,ricciardo,RIC,Daniel,Ricciardo,Daniel Ricciardo,1989-07-01,Australian,3,alphatauri,AlphaTauri,Italian,19,16,16,16,CLASSIFIED,Finished,False,44,0.0
FastF1/Jolpica,20260810T200317Z,2023-12,2023,12,Belgian Grand Prix,2023-07-30,spa,Circuit de Spa-Francorchamps,Spa,Belgium,sargeant,SAR,Logan,Sargeant,Logan Sargeant,2000-12-31,American,2,williams,Williams,British,18,17,17,17,CLASSIFIED,Finished,False,44,0.0
FastF1/Jolpica,20260810T200317Z,2023-12,2023,12,Belgian Grand Prix,2023-07-30,spa,Circuit de Spa-Francorchamps,Spa,Belgium,hulkenberg,HUL,Nico,Hülkenberg,Nico Hülkenberg,1987-08-19,German,27,haas,Haas F1 Team,American,20,18,18,18,CLASSIFIED,Finished,False,44,0.0
FastF1/Jolpica,20260810T200317Z,2023-12,2023,12,Belgian Grand Prix,2023-07-30,spa,Circuit de Spa-Francorchamps,Spa,Belgium,sainz,SAI,Carlos,Sainz,Carlos Sainz,1994-09-01,Spanish,55,ferrari,Ferrari,Italian,4,19,R,19,DNF,Retired,False,23,0.0
FastF1/Jolpica,20260810T200317Z,2023-12,2023,12,Belgian Grand Prix,2023-07-30,spa,Circuit de Spa-Francorchamps,Spa,Belgium,piastri,PIA,Oscar,Piastri,Oscar Piastri,2001-04-06,Australian,81,mclaren,McLaren,British,5,20,R,20,DNF,Retired,False,0,0.0
FastF1/Jolpica,20260810T200317Z,2023-13,2023,13,Dutch Grand Prix,2023-08-27,zandvoort,Circuit Park Zandvoort,Zandvoort,Netherlands,max_verstappen,VER,Max,Verstappen,Max Verstappen,1997-09-30,Dutch,1,red_bull,Red Bull,Austrian,1,1,1,1,CLASSIFIED,Finished,False,72,25.0
FastF1/Jolpica,20260810T200317Z,2023-13,2023,13,Dutch Grand Prix,2023-08-27,zandvoort,Circuit Park Zandvoort,Zandvoort,Netherlands,alonso,ALO,Fernando,Alonso,Fernando Alonso,1981-07-29,Spanish,14,aston_martin,Aston Martin,British,5,2,2,2,CLASSIFIED,Finished,False,72,19.0
FastF1/Jolpica,20260810T200317Z,2023-13,2023,13,Dutch Grand Prix,2023-08-27,zandvoort,Circuit Park Zandvoort,Zandvoort,Netherlands,gasly,GAS,Pierre,Gasly,Pierre Gasly,1996-02-07,French,10,alpine,Alpine F1 Team,French,12,3,3,3,CLASSIFIED,Finished,False,72,15.0
FastF1/Jolpica,20260810T200317Z,2023-13,2023,13,Dutch Grand Prix,2023-08-27,zandvoort,Circuit Park Zandvoort,Zandvoort,Netherlands,perez,PER,Sergio,Pérez,Sergio Pérez,1990-01-26,Mexican,11,red_bull,Red Bull,Austrian,7,4,4,4,CLASSIFIED,Finished,False,72,12.0
FastF1/Jolpica,20260810T200317Z,2023-13,2023,13,Dutch Grand Prix,2023-08-27,zandvoort,Circuit Park Zandvoort,Zandvoort,Netherlands,sainz,SAI,Carlos,Sainz,Carlos Sainz,1994-09-01,Spanish,55,ferrari,Ferrari,Italian,6,5,5,5,CLASSIFIED,Finished,False,72,10.0
FastF1/Jolpica,20260810T200317Z,2023-13,2023,13,Dutch Grand Prix,2023-08-27,zandvoort,Circuit Park Zandvoort,Zandvoort,Netherlands,hamilton,HAM,Lewis,Hamilton,Lewis Hamilton,1985-01-07,British,44,mercedes,Mercedes,German,13,6,6,6,CLASSIFIED,Finished,False,72,8.0
FastF1/Jolpica,20260810T200317Z,2023-13,2023,13,Dutch Grand Prix,2023-08-27,zandvoort,Circuit Park Zandvoort,Zandvoort,Netherlands,norris,NOR,Lando,Norris,Lando Norris,1999-11-13,British,4,mclaren,McLaren,British,2,7,7,7,CLASSIFIED,Finished,False,72,6.0
FastF1/Jolpica,20260810T200317Z,2023-13,2023,13,Dutch Grand Prix,2023-08-27,zandvoort,Circuit Park Zandvoort,Zandvoort,Netherlands,albon,ALB,Alexander,Albon,Alexander Albon,1996-03-23,Thai,23,williams,Williams,British,4,8,8,8,CLASSIFIED,Finished,False,72,4.0
FastF1/Jolpica,20260810T200317Z,2023-13,2023,13,Dutch Grand Prix,2023-08-27,zandvoort,Circuit Park Zandvoort,Zandvoort,Netherlands,piastri,PIA,Oscar,Piastri,Oscar Piastri,2001-04-06,Australian,81,mclaren,McLaren,British,8,9,9,9,CLASSIFIED,Finished,False,72,2.0
FastF1/Jolpica,20260810T200317Z,2023-13,2023,13,Dutch Grand Prix,2023-08-27,zandvoort,Circuit Park Zandvoort,Zandvoort,Netherlands,ocon,OCO,Esteban,Ocon,Esteban Ocon,1996-09-17,French,31,alpine,Alpine F1 Team,French,16,10,10,10,CLASSIFIED,Finished,False,72,1.0
FastF1/Jolpica,20260810T200317Z,2023-13,2023,13,Dutch Grand Prix,2023-08-27,zandvoort,Circuit Park Zandvoort,Zandvoort,Netherlands,stroll,STR,Lance,Stroll,Lance Stroll,1998-10-29,Canadian,18,aston_martin,Aston Martin,British,11,11,11,11,CLASSIFIED,Finished,False,72,0.0
FastF1/Jolpica,20260810T200317Z,2023-13,2023,13,Dutch Grand Prix,2023-08-27,zandvoort,Circuit Park Zandvoort,Zandvoort,Netherlands,hulkenberg,HUL,Nico,Hülkenberg,Nico Hülkenberg,1987-08-19,German,27,haas,Haas F1 Team,American,14,12,12,12,CLASSIFIED,Finished,False,72,0.0
FastF1/Jolpica,20260810T200317Z,2023-13,2023,13,Dutch Grand Prix,2023-08-27,zandvoort,Circuit Park Zandvoort,Zandvoort,Netherlands,lawson,LAW,Liam,Lawson,Liam Lawson,2002-02-11,New Zealander,40,alphatauri,AlphaTauri,Italian,19,13,13,13,CLASSIFIED,Finished,False,72,0.0
FastF1/Jolpica,20260810T200317Z,2023-13,2023,13,Dutch Grand Prix,2023-08-27,zandvoort,Circuit Park Zandvoort,Zandvoort,Netherlands,bottas,BOT,Valtteri,Bottas,Valtteri Bottas,1989-08-28,Finnish,77,alfa,Alfa Romeo,Swiss,18,14,14,14,CLASSIFIED,Finished,False,72,0.0
FastF1/Jolpica,20260810T200317Z,2023-13,2023,13,Dutch Grand Prix,2023-08-27,zandvoort,Circuit Park Zandvoort,Zandvoort,Netherlands,tsunoda,TSU,Yuki,Tsunoda,Yuki Tsunoda,2000-05-11,Japanese,22,alphatauri,AlphaTauri,Italian,17,15,15,15,CLASSIFIED,Finished,False,72,0.0
FastF1/Jolpica,20260810T200317Z,2023-13,2023,13,Dutch Grand Prix,2023-08-27,zandvoort,Circuit Park Zandvoort,Zandvoort,Netherlands,kevin_magnussen,MAG,Kevin,Magnussen,Kevin Magnussen,1992-10-05,Danish,20,haas,Haas F1 Team,American,0,16,16,16,CLASSIFIED,Finished,False,72,0.0
FastF1/Jolpica,20260810T200317Z,2023-13,2023,13,Dutch Grand Prix,2023-08-27,zandvoort,Circuit Park Zandvoort,Zandvoort,Netherlands,russell,RUS,George,Russell,George Russell,1998-02-15,British,63,mercedes,Mercedes,German,3,17,17,17,CLASSIFIED,Finished,False,72,0.0
FastF1/Jolpica,20260810T200317Z,2023-13,2023,13,Dutch Grand Prix,2023-08-27,zandvoort,Circuit Park Zandvoort,Zandvoort,Netherlands,zhou,ZHO,Guanyu,Zhou,Guanyu Zhou,1999-05-30,Chinese,24,alfa,Alfa Romeo,Swiss,15,18,R,18,DNF,Accident,False,62,0.0
FastF1/Jolpica,20260810T200317Z,2023-13,2023,13,Dutch Grand Prix,2023-08-27,zandvoort,Circuit Park Zandvoort,Zandvoort,Netherlands,leclerc,LEC,Charles,Leclerc,Charles Leclerc,1997-10-16,Monegasque,16,ferrari,Ferrari,Italian,9,19,R,19,DNF,Undertray,False,41,0.0
FastF1/Jolpica,20260810T200317Z,2023-13,2023,13,Dutch Grand Prix,2023-08-27,zandvoort,Circuit Park Zandvoort,Zandvoort,Netherlands,sargeant,SAR,Logan,Sargeant,Logan Sargeant,2000-12-31,American,2,williams,Williams,British,10,20,R,20,DNF,Accident,False,14,0.0
FastF1/Jolpica,20260810T200317Z,2023-14,2023,14,Italian Grand Prix,2023-09-03,monza,Autodromo Nazionale di Monza,Monza,Italy,max_verstappen,VER,Max,Verstappen,Max Verstappen,1997-09-30,Dutch,1,red_bull,Red Bull,Austrian,2,1,1,1,CLASSIFIED,Finished,False,51,25.0
FastF1/Jolpica,20260810T200317Z,2023-14,2023,14,Italian Grand Prix,2023-09-03,monza,Autodromo Nazionale di Monza,Monza,Italy,perez,PER,Sergio,Pérez,Sergio Pérez,1990-01-26,Mexican,11,red_bull,Red Bull,Austrian,5,2,2,2,CLASSIFIED,Finished,False,51,18.0
FastF1/Jolpica,20260810T200317Z,2023-14,2023,14,Italian Grand Prix,2023-09-03,monza,Autodromo Nazionale di Monza,Monza,Italy,sainz,SAI,Carlos,Sainz,Carlos Sainz,1994-09-01,Spanish,55,ferrari,Ferrari,Italian,1,3,3,3,CLASSIFIED,Finished,False,51,15.0
FastF1/Jolpica,20260810T200317Z,2023-14,2023,14,Italian Grand Prix,2023-09-03,monza,Autodromo Nazionale di Monza,Monza,Italy,leclerc,LEC,Charles,Leclerc,Charles Leclerc,1997-10-16,Monegasque,16,ferrari,Ferrari,Italian,3,4,4,4,CLASSIFIED,Finished,False,51,12.0
FastF1/Jolpica,20260810T200317Z,2023-14,2023,14,Italian Grand Prix,2023-09-03,monza,Autodromo Nazionale di Monza,Monza,Italy,russell,RUS,George,Russell,George Russell,1998-02-15,British,63,mercedes,Mercedes,German,4,5,5,5,CLASSIFIED,Finished,False,51,10.0
FastF1/Jolpica,20260810T200317Z,2023-14,2023,14,Italian Grand Prix,2023-09-03,monza,Autodromo Nazionale di Monza,Monza,Italy,hamilton,HAM,Lewis,Hamilton,Lewis Hamilton,1985-01-07,British,44,mercedes,Mercedes,German,8,6,6,6,CLASSIFIED,Finished,False,51,8.0
FastF1/Jolpica,20260810T200317Z,2023-14,2023,14,Italian Grand Prix,2023-09-03,monza,Autodromo Nazionale di Monza,Monza,Italy,albon,ALB,Alexander,Albon,Alexander Albon,1996-03-23,Thai,23,williams,Williams,British,6,7,7,7,CLASSIFIED,Finished,False,51,6.0
FastF1/Jolpica,20260810T200317Z,2023-14,2023,14,Italian Grand Prix,2023-09-03,monza,Autodromo Nazionale di Monza,Monza,Italy,norris,NOR,Lando,Norris,Lando Norris,1999-11-13,British,4,mclaren,McLaren,British,9,8,8,8,CLASSIFIED,Finished,False,51,4.0
FastF1/Jolpica,20260810T200317Z,2023-14,2023,14,Italian Grand Prix,2023-09-03,monza,Autodromo Nazionale di Monza,Monza,Italy,alonso,ALO,Fernando,Alonso,Fernando Alonso,1981-07-29,Spanish,14,aston_martin,Aston Martin,British,10,9,9,9,CLASSIFIED,Finished,False,51,2.0
FastF1/Jolpica,20260810T200317Z,2023-14,2023,14,Italian Grand Prix,2023-09-03,monza,Autodromo Nazionale di Monza,Monza,Italy,bottas,BOT,Valtteri,Bottas,Valtteri Bottas,1989-08-28,Finnish,77,alfa,Alfa Romeo,Swiss,14,10,10,10,CLASSIFIED,Finished,False,51,1.0
FastF1/Jolpica,20260810T200317Z,2023-14,2023,14,Italian Grand Prix,2023-09-03,monza,Autodromo Nazionale di Monza,Monza,Italy,lawson,LAW,Liam,Lawson,Liam Lawson,2002-02-11,New Zealander,40,alphatauri,AlphaTauri,Italian,12,11,11,11,CLASSIFIED,Finished,False,51,0.0
FastF1/Jolpica,20260810T200317Z,2023-14,2023,14,Italian Grand Prix,2023-09-03,monza,Autodromo Nazionale di Monza,Monza,Italy,piastri,PIA,Oscar,Piastri,Oscar Piastri,2001-04-06,Australian,81,mclaren,McLaren,British,7,12,12,12,CLASSIFIED,Finished,False,51,0.0
FastF1/Jolpica,20260810T200317Z,2023-14,2023,14,Italian Grand Prix,2023-09-03,monza,Autodromo Nazionale di Monza,Monza,Italy,sargeant,SAR,Logan,Sargeant,Logan Sargeant,2000-12-31,American,2,williams,Williams,British,15,13,13,13,CLASSIFIED,Finished,False,51,0.0
FastF1/Jolpica,20260810T200317Z,2023-14,2023,14,Italian Grand Prix,2023-09-03,monza,Autodromo Nazionale di Monza,Monza,Italy,zhou,ZHO,Guanyu,Zhou,Guanyu Zhou,1999-05-30,Chinese,24,alfa,Alfa Romeo,Swiss,16,14,14,14,CLASSIFIED,Finished,False,51,0.0
FastF1/Jolpica,20260810T200317Z,2023-14,2023,14,Italian Grand Prix,2023-09-03,monza,Autodromo Nazionale di Monza,Monza,Italy,gasly,GAS,Pierre,Gasly,Pierre Gasly,1996-02-07,French,10,alpine,Alpine F1 Team,French,17,15,15,15,CLASSIFIED,Finished,False,51,0.0
FastF1/Jolpica,20260810T200317Z,2023-14,2023,14,Italian Grand Prix,2023-09-03,monza,Autodromo Nazionale di Monza,Monza,Italy,stroll,STR,Lance,Stroll,Lance Stroll,1998-10-29,Canadian,18,aston_martin,Aston Martin,British,20,16,16,16,CLASSIFIED,Finished,False,51,0.0
FastF1/Jolpica,20260810T200317Z,2023-14,2023,14,Italian Grand Prix,2023-09-03,monza,Autodromo Nazionale di Monza,Monza,Italy,hulkenberg,HUL,Nico,Hülkenberg,Nico Hülkenberg,1987-08-19,German,27,haas,Haas F1 Team,American,13,17,17,17,CLASSIFIED,Lapped,False,50,0.0
FastF1/Jolpica,20260810T200317Z,2023-14,2023,14,Italian Grand Prix,2023-09-03,monza,Autodromo Nazionale di Monza,Monza,Italy,kevin_magnussen,MAG,Kevin,Magnussen,Kevin Magnussen,1992-10-05,Danish,20,haas,Haas F1 Team,American,19,18,18,18,CLASSIFIED,Lapped,False,50,0.0
FastF1/Jolpica,20260810T200317Z,2023-14,2023,14,Italian Grand Prix,2023-09-03,monza,Autodromo Nazionale di Monza,Monza,Italy,ocon,OCO,Esteban,Ocon,Esteban Ocon,1996-09-17,French,31,alpine,Alpine F1 Team,French,18,19,R,19,DNF,Retired,False,39,0.0
FastF1/Jolpica,20260810T200317Z,2023-14,2023,14,Italian Grand Prix,2023-09-03,monza,Autodromo Nazionale di Monza,Monza,Italy,tsunoda,TSU,Yuki,Tsunoda,Yuki Tsunoda,2000-05-11,Japanese,22,alphatauri,AlphaTauri,Italian,11,20,W,20,DNS,Did not start,False,0,0.0
FastF1/Jolpica,20260810T200317Z,2023-15,2023,15,Singapore Grand Prix,2023-09-17,marina_bay,Marina Bay Street Circuit,Marina Bay,Singapore,sainz,SAI,Carlos,Sainz,Carlos Sainz,1994-09-01,Spanish,55,ferrari,Ferrari,Italian,1,1,1,1,CLASSIFIED,Finished,False,62,25.0
FastF1/Jolpica,20260810T200317Z,2023-15,2023,15,Singapore Grand Prix,2023-09-17,marina_bay,Marina Bay Street Circuit,Marina Bay,Singapore,norris,NOR,Lando,Norris,Lando Norris,1999-11-13,British,4,mclaren,McLaren,British,4,2,2,2,CLASSIFIED,Finished,False,62,18.0
FastF1/Jolpica,20260810T200317Z,2023-15,2023,15,Singapore Grand Prix,2023-09-17,marina_bay,Marina Bay Street Circuit,Marina Bay,Singapore,hamilton,HAM,Lewis,Hamilton,Lewis Hamilton,1985-01-07,British,44,mercedes,Mercedes,German,5,3,3,3,CLASSIFIED,Finished,False,62,16.0
FastF1/Jolpica,20260810T200317Z,2023-15,2023,15,Singapore Grand Prix,2023-09-17,marina_bay,Marina Bay Street Circuit,Marina Bay,Singapore,leclerc,LEC,Charles,Leclerc,Charles Leclerc,1997-10-16,Monegasque,16,ferrari,Ferrari,Italian,3,4,4,4,CLASSIFIED,Finished,False,62,12.0
FastF1/Jolpica,20260810T200317Z,2023-15,2023,15,Singapore Grand Prix,2023-09-17,marina_bay,Marina Bay Street Circuit,Marina Bay,Singapore,max_verstappen,VER,Max,Verstappen,Max Verstappen,1997-09-30,Dutch,1,red_bull,Red Bull,Austrian,11,5,5,5,CLASSIFIED,Finished,False,62,10.0
FastF1/Jolpica,20260810T200317Z,2023-15,2023,15,Singapore Grand Prix,2023-09-17,marina_bay,Marina Bay Street Circuit,Marina Bay,Singapore,gasly,GAS,Pierre,Gasly,Pierre Gasly,1996-02-07,French,10,alpine,Alpine F1 Team,French,12,6,6,6,CLASSIFIED,Finished,False,62,8.0
FastF1/Jolpica,20260810T200317Z,2023-15,2023,15,Singapore Grand Prix,2023-09-17,marina_bay,Marina Bay Street Circuit,Marina Bay,Singapore,piastri,PIA,Oscar,Piastri,Oscar Piastri,2001-04-06,Australian,81,mclaren,McLaren,British,17,7,7,7,CLASSIFIED,Finished,False,62,6.0
FastF1/Jolpica,20260810T200317Z,2023-15,2023,15,Singapore Grand Prix,2023-09-17,marina_bay,Marina Bay Street Circuit,Marina Bay,Singapore,perez,PER,Sergio,Pérez,Sergio Pérez,1990-01-26,Mexican,11,red_bull,Red Bull,Austrian,13,8,8,8,CLASSIFIED,Finished,False,62,4.0
FastF1/Jolpica,20260810T200317Z,2023-15,2023,15,Singapore Grand Prix,2023-09-17,marina_bay,Marina Bay Street Circuit,Marina Bay,Singapore,lawson,LAW,Liam,Lawson,Liam Lawson,2002-02-11,New Zealander,40,alphatauri,AlphaTauri,Italian,10,9,9,9,CLASSIFIED,Finished,False,62,2.0
FastF1/Jolpica,20260810T200317Z,2023-15,2023,15,Singapore Grand Prix,2023-09-17,marina_bay,Marina Bay Street Circuit,Marina Bay,Singapore,kevin_magnussen,MAG,Kevin,Magnussen,Kevin Magnussen,1992-10-05,Danish,20,haas,Haas F1 Team,American,6,10,10,10,CLASSIFIED,Finished,False,62,1.0
FastF1/Jolpica,20260810T200317Z,2023-15,2023,15,Singapore Grand Prix,2023-09-17,marina_bay,Marina Bay Street Circuit,Marina Bay,Singapore,albon,ALB,Alexander,Albon,Alexander Albon,1996-03-23,Thai,23,williams,Williams,British,14,11,11,11,CLASSIFIED,Finished,False,62,0.0
FastF1/Jolpica,20260810T200317Z,2023-15,2023,15,Singapore Grand Prix,2023-09-17,marina_bay,Marina Bay Street Circuit,Marina Bay,Singapore,zhou,ZHO,Guanyu,Zhou,Guanyu Zhou,1999-05-30,Chinese,24,alfa,Alfa Romeo,Swiss,19,12,12,12,CLASSIFIED,Finished,False,62,0.0
FastF1/Jolpica,20260810T200317Z,2023-15,2023,15,Singapore Grand Prix,2023-09-17,marina_bay,Marina Bay Street Circuit,Marina Bay,Singapore,hulkenberg,HUL,Nico,Hülkenberg,Nico Hülkenberg,1987-08-19,German,27,haas,Haas F1 Team,American,9,13,13,13,CLASSIFIED,Finished,False,62,0.0
FastF1/Jolpica,20260810T200317Z,2023-15,2023,15,Singapore Grand Prix,2023-09-17,marina_bay,Marina Bay Street Circuit,Marina Bay,Singapore,sargeant,SAR,Logan,Sargeant,Logan Sargeant,2000-12-31,American,2,williams,Williams,British,18,14,14,14,CLASSIFIED,Finished,False,62,0.0
FastF1/Jolpica,20260810T200317Z,2023-15,2023,15,Singapore Grand Prix,2023-09-17,marina_bay,Marina Bay Street Circuit,Marina Bay,Singapore,alonso,ALO,Fernando,Alonso,Fernando Alonso,1981-07-29,Spanish,14,aston_martin,Aston Martin,British,7,15,15,15,CLASSIFIED,Finished,False,62,0.0
FastF1/Jolpica,20260810T200317Z,2023-15,2023,15,Singapore Grand Prix,2023-09-17,marina_bay,Marina Bay Street Circuit,Marina Bay,Singapore,russell,RUS,George,Russell,George Russell,1998-02-15,British,63,mercedes,Mercedes,German,2,16,16,16,CLASSIFIED,Retired,False,61,0.0
FastF1/Jolpica,20260810T200317Z,2023-15,2023,15,Singapore Grand Prix,2023-09-17,marina_bay,Marina Bay Street Circuit,Marina Bay,Singapore,bottas,BOT,Valtteri,Bottas,Valtteri Bottas,1989-08-28,Finnish,77,alfa,Alfa Romeo,Swiss,16,17,R,17,DNF,Retired,False,51,0.0
FastF1/Jolpica,20260810T200317Z,2023-15,2023,15,Singapore Grand Prix,2023-09-17,marina_bay,Marina Bay Street Circuit,Marina Bay,Singapore,ocon,OCO,Esteban,Ocon,Esteban Ocon,1996-09-17,French,31,alpine,Alpine F1 Team,French,8,18,R,18,DNF,Retired,False,42,0.0
FastF1/Jolpica,20260810T200317Z,2023-15,2023,15,Singapore Grand Prix,2023-09-17,marina_bay,Marina Bay Street Circuit,Marina Bay,Singapore,tsunoda,TSU,Yuki,Tsunoda,Yuki Tsunoda,2000-05-11,Japanese,22,alphatauri,AlphaTauri,Italian,15,19,R,19,DNF,Retired,False,0,0.0
FastF1/Jolpica,20260810T200317Z,2023-15,2023,15,Singapore Grand Prix,2023-09-17,marina_bay,Marina Bay Street Circuit,Marina Bay,Singapore,stroll,STR,Lance,Stroll,Lance Stroll,1998-10-29,Canadian,18,aston_martin,Aston Martin,British,0,20,W,20,DNS,Withdrew,False,0,0.0
FastF1/Jolpica,20260810T200317Z,2023-16,2023,16,Japanese Grand Prix,2023-09-24,suzuka,Suzuka Circuit,Suzuka,Japan,max_verstappen,VER,Max,Verstappen,Max Verstappen,1997-09-30,Dutch,1,red_bull,Red Bull,Austrian,1,1,1,1,CLASSIFIED,Finished,False,53,26.0
FastF1/Jolpica,20260810T200317Z,2023-16,2023,16,Japanese Grand Prix,2023-09-24,suzuka,Suzuka Circuit,Suzuka,Japan,norris,NOR,Lando,Norris,Lando Norris,1999-11-13,British,4,mclaren,McLaren,British,3,2,2,2,CLASSIFIED,Finished,False,53,18.0
FastF1/Jolpica,20260810T200317Z,2023-16,2023,16,Japanese Grand Prix,2023-09-24,suzuka,Suzuka Circuit,Suzuka,Japan,piastri,PIA,Oscar,Piastri,Oscar Piastri,2001-04-06,Australian,81,mclaren,McLaren,British,2,3,3,3,CLASSIFIED,Finished,False,53,15.0
FastF1/Jolpica,20260810T200317Z,2023-16,2023,16,Japanese Grand Prix,2023-09-24,suzuka,Suzuka Circuit,Suzuka,Japan,leclerc,LEC,Charles,Leclerc,Charles Leclerc,1997-10-16,Monegasque,16,ferrari,Ferrari,Italian,4,4,4,4,CLASSIFIED,Finished,False,53,12.0
FastF1/Jolpica,20260810T200317Z,2023-16,2023,16,Japanese Grand Prix,2023-09-24,suzuka,Suzuka Circuit,Suzuka,Japan,hamilton,HAM,Lewis,Hamilton,Lewis Hamilton,1985-01-07,British,44,mercedes,Mercedes,German,7,5,5,5,CLASSIFIED,Finished,False,53,10.0
FastF1/Jolpica,20260810T200317Z,2023-16,2023,16,Japanese Grand Prix,2023-09-24,suzuka,Suzuka Circuit,Suzuka,Japan,sainz,SAI,Carlos,Sainz,Carlos Sainz,1994-09-01,Spanish,55,ferrari,Ferrari,Italian,6,6,6,6,CLASSIFIED,Finished,False,53,8.0
FastF1/Jolpica,20260810T200317Z,2023-16,2023,16,Japanese Grand Prix,2023-09-24,suzuka,Suzuka Circuit,Suzuka,Japan,russell,RUS,George,Russell,George Russell,1998-02-15,British,63,mercedes,Mercedes,German,8,7,7,7,CLASSIFIED,Finished,False,53,6.0
FastF1/Jolpica,20260810T200317Z,2023-16,2023,16,Japanese Grand Prix,2023-09-24,suzuka,Suzuka Circuit,Suzuka,Japan,alonso,ALO,Fernando,Alonso,Fernando Alonso,1981-07-29,Spanish,14,aston_martin,Aston Martin,British,10,8,8,8,CLASSIFIED,Finished,False,53,4.0
FastF1/Jolpica,20260810T200317Z,2023-16,2023,16,Japanese Grand Prix,2023-09-24,suzuka,Suzuka Circuit,Suzuka,Japan,ocon,OCO,Esteban,Ocon,Esteban Ocon,1996-09-17,French,31,alpine,Alpine F1 Team,French,14,9,9,9,CLASSIFIED,Finished,False,53,2.0
FastF1/Jolpica,20260810T200317Z,2023-16,2023,16,Japanese Grand Prix,2023-09-24,suzuka,Suzuka Circuit,Suzuka,Japan,gasly,GAS,Pierre,Gasly,Pierre Gasly,1996-02-07,French,10,alpine,Alpine F1 Team,French,12,10,10,10,CLASSIFIED,Finished,False,53,1.0
FastF1/Jolpica,20260810T200317Z,2023-16,2023,16,Japanese Grand Prix,2023-09-24,suzuka,Suzuka Circuit,Suzuka,Japan,lawson,LAW,Liam,Lawson,Liam Lawson,2002-02-11,New Zealander,40,alphatauri,AlphaTauri,Italian,11,11,11,11,CLASSIFIED,Lapped,False,52,0.0
FastF1/Jolpica,20260810T200317Z,2023-16,2023,16,Japanese Grand Prix,2023-09-24,suzuka,Suzuka Circuit,Suzuka,Japan,tsunoda,TSU,Yuki,Tsunoda,Yuki Tsunoda,2000-05-11,Japanese,22,alphatauri,AlphaTauri,Italian,9,12,12,12,CLASSIFIED,Lapped,False,52,0.0
FastF1/Jolpica,20260810T200317Z,2023-16,2023,16,Japanese Grand Prix,2023-09-24,suzuka,Suzuka Circuit,Suzuka,Japan,zhou,ZHO,Guanyu,Zhou,Guanyu Zhou,1999-05-30,Chinese,24,alfa,Alfa Romeo,Swiss,19,13,13,13,CLASSIFIED,Lapped,False,52,0.0
FastF1/Jolpica,20260810T200317Z,2023-16,2023,16,Japanese Grand Prix,2023-09-24,suzuka,Suzuka Circuit,Suzuka,Japan,hulkenberg,HUL,Nico,Hülkenberg,Nico Hülkenberg,1987-08-19,German,27,haas,Haas F1 Team,American,18,14,14,14,CLASSIFIED,Lapped,False,52,0.0
FastF1/Jolpica,20260810T200317Z,2023-16,2023,16,Japanese Grand Prix,2023-09-24,suzuka,Suzuka Circuit,Suzuka,Japan,kevin_magnussen,MAG,Kevin,Magnussen,Kevin Magnussen,1992-10-05,Danish,20,haas,Haas F1 Team,American,15,15,15,15,CLASSIFIED,Lapped,False,52,0.0
FastF1/Jolpica,20260810T200317Z,2023-16,2023,16,Japanese Grand Prix,2023-09-24,suzuka,Suzuka Circuit,Suzuka,Japan,albon,ALB,Alexander,Albon,Alexander Albon,1996-03-23,Thai,23,williams,Williams,British,13,16,R,16,DNF,Retired,False,26,0.0
FastF1/Jolpica,20260810T200317Z,2023-16,2023,16,Japanese Grand Prix,2023-09-24,suzuka,Suzuka Circuit,Suzuka,Japan,sargeant,SAR,Logan,Sargeant,Logan Sargeant,2000-12-31,American,2,williams,Williams,British,20,17,R,17,DNF,Retired,False,22,0.0
FastF1/Jolpica,20260810T200317Z,2023-16,2023,16,Japanese Grand Prix,2023-09-24,suzuka,Suzuka Circuit,Suzuka,Japan,stroll,STR,Lance,Stroll,Lance Stroll,1998-10-29,Canadian,18,aston_martin,Aston Martin,British,17,18,R,18,DNF,Retired,False,20,0.0
FastF1/Jolpica,20260810T200317Z,2023-16,2023,16,Japanese Grand Prix,2023-09-24,suzuka,Suzuka Circuit,Suzuka,Japan,perez,PER,Sergio,Pérez,Sergio Pérez,1990-01-26,Mexican,11,red_bull,Red Bull,Austrian,5,19,R,19,DNF,Retired,False,15,0.0
FastF1/Jolpica,20260810T200317Z,2023-16,2023,16,Japanese Grand Prix,2023-09-24,suzuka,Suzuka Circuit,Suzuka,Japan,bottas,BOT,Valtteri,Bottas,Valtteri Bottas,1989-08-28,Finnish,77,alfa,Alfa Romeo,Swiss,16,20,R,20,DNF,Retired,False,7,0.0
FastF1/Jolpica,20260810T200317Z,2023-17,2023,17,Qatar Grand Prix,2023-10-08,losail,Losail International Circuit,Lusail,Qatar,max_verstappen,VER,Max,Verstappen,Max Verstappen,1997-09-30,Dutch,1,red_bull,Red Bull,Austrian,1,1,1,1,CLASSIFIED,Finished,False,57,26.0
FastF1/Jolpica,20260810T200317Z,2023-17,2023,17,Qatar Grand Prix,2023-10-08,losail,Losail International Circuit,Lusail,Qatar,piastri,PIA,Oscar,Piastri,Oscar Piastri,2001-04-06,Australian,81,mclaren,McLaren,British,6,2,2,2,CLASSIFIED,Finished,False,57,18.0
FastF1/Jolpica,20260810T200317Z,2023-17,2023,17,Qatar Grand Prix,2023-10-08,losail,Losail International Circuit,Lusail,Qatar,norris,NOR,Lando,Norris,Lando Norris,1999-11-13,British,4,mclaren,McLaren,British,10,3,3,3,CLASSIFIED,Finished,False,57,15.0
FastF1/Jolpica,20260810T200317Z,2023-17,2023,17,Qatar Grand Prix,2023-10-08,losail,Losail International Circuit,Lusail,Qatar,russell,RUS,George,Russell,George Russell,1998-02-15,British,63,mercedes,Mercedes,German,2,4,4,4,CLASSIFIED,Finished,False,57,12.0
FastF1/Jolpica,20260810T200317Z,2023-17,2023,17,Qatar Grand Prix,2023-10-08,losail,Losail International Circuit,Lusail,Qatar,leclerc,LEC,Charles,Leclerc,Charles Leclerc,1997-10-16,Monegasque,16,ferrari,Ferrari,Italian,5,5,5,5,CLASSIFIED,Finished,False,57,10.0
FastF1/Jolpica,20260810T200317Z,2023-17,2023,17,Qatar Grand Prix,2023-10-08,losail,Losail International Circuit,Lusail,Qatar,alonso,ALO,Fernando,Alonso,Fernando Alonso,1981-07-29,Spanish,14,aston_martin,Aston Martin,British,4,6,6,6,CLASSIFIED,Finished,False,57,8.0
FastF1/Jolpica,20260810T200317Z,2023-17,2023,17,Qatar Grand Prix,2023-10-08,losail,Losail International Circuit,Lusail,Qatar,ocon,OCO,Esteban,Ocon,Esteban Ocon,1996-09-17,French,31,alpine,Alpine F1 Team,French,8,7,7,7,CLASSIFIED,Finished,False,57,6.0
FastF1/Jolpica,20260810T200317Z,2023-17,2023,17,Qatar Grand Prix,2023-10-08,losail,Losail International Circuit,Lusail,Qatar,bottas,BOT,Valtteri,Bottas,Valtteri Bottas,1989-08-28,Finnish,77,alfa,Alfa Romeo,Swiss,9,8,8,8,CLASSIFIED,Finished,False,57,4.0
FastF1/Jolpica,20260810T200317Z,2023-17,2023,17,Qatar Grand Prix,2023-10-08,losail,Losail International Circuit,Lusail,Qatar,zhou,ZHO,Guanyu,Zhou,Guanyu Zhou,1999-05-30,Chinese,24,alfa,Alfa Romeo,Swiss,19,9,9,9,CLASSIFIED,Finished,False,57,2.0
FastF1/Jolpica,20260810T200317Z,2023-17,2023,17,Qatar Grand Prix,2023-10-08,losail,Losail International Circuit,Lusail,Qatar,perez,PER,Sergio,Pérez,Sergio Pérez,1990-01-26,Mexican,11,red_bull,Red Bull,Austrian,20,10,10,10,CLASSIFIED,Finished,False,57,1.0
FastF1/Jolpica,20260810T200317Z,2023-17,2023,17,Qatar Grand Prix,2023-10-08,losail,Losail International Circuit,Lusail,Qatar,stroll,STR,Lance,Stroll,Lance Stroll,1998-10-29,Canadian,18,aston_martin,Aston Martin,British,16,11,11,11,CLASSIFIED,Finished,False,57,0.0
FastF1/Jolpica,20260810T200317Z,2023-17,2023,17,Qatar Grand Prix,2023-10-08,losail,Losail International Circuit,Lusail,Qatar,gasly,GAS,Pierre,Gasly,Pierre Gasly,1996-02-07,French,10,alpine,Alpine F1 Team,French,7,12,12,12,CLASSIFIED,Finished,False,57,0.0
FastF1/Jolpica,20260810T200317Z,2023-17,2023,17,Qatar Grand Prix,2023-10-08,losail,Losail International Circuit,Lusail,Qatar,albon,ALB,Alexander,Albon,Alexander Albon,1996-03-23,Thai,23,williams,Williams,British,13,13,13,13,CLASSIFIED,Finished,False,57,0.0
FastF1/Jolpica,20260810T200317Z,2023-17,2023,17,Qatar Grand Prix,2023-10-08,losail,Losail International Circuit,Lusail,Qatar,kevin_magnussen,MAG,Kevin,Magnussen,Kevin Magnussen,1992-10-05,Danish,20,haas,Haas F1 Team,American,18,14,14,14,CLASSIFIED,Lapped,False,56,0.0
FastF1/Jolpica,20260810T200317Z,2023-17,2023,17,Qatar Grand Prix,2023-10-08,losail,Losail International Circuit,Lusail,Qatar,tsunoda,TSU,Yuki,Tsunoda,Yuki Tsunoda,2000-05-11,Japanese,22,alphatauri,AlphaTauri,Italian,11,15,15,15,CLASSIFIED,Lapped,False,56,0.0
FastF1/Jolpica,20260810T200317Z,2023-17,2023,17,Qatar Grand Prix,2023-10-08,losail,Losail International Circuit,Lusail,Qatar,hulkenberg,HUL,Nico,Hülkenberg,Nico Hülkenberg,1987-08-19,German,27,haas,Haas F1 Team,American,14,16,16,16,CLASSIFIED,Lapped,False,56,0.0
FastF1/Jolpica,20260810T200317Z,2023-17,2023,17,Qatar Grand Prix,2023-10-08,losail,Losail International Circuit,Lusail,Qatar,lawson,LAW,Liam,Lawson,Liam Lawson,2002-02-11,New Zealander,40,alphatauri,AlphaTauri,Italian,17,17,17,17,CLASSIFIED,Lapped,False,56,0.0
FastF1/Jolpica,20260810T200317Z,2023-17,2023,17,Qatar Grand Prix,2023-10-08,losail,Losail International Circuit,Lusail,Qatar,sargeant,SAR,Logan,Sargeant,Logan Sargeant,2000-12-31,American,2,williams,Williams,British,15,18,R,18,DNF,Retired,False,40,0.0
FastF1/Jolpica,20260810T200317Z,2023-17,2023,17,Qatar Grand Prix,2023-10-08,losail,Losail International Circuit,Lusail,Qatar,hamilton,HAM,Lewis,Hamilton,Lewis Hamilton,1985-01-07,British,44,mercedes,Mercedes,German,3,19,R,19,DNF,Retired,False,0,0.0
FastF1/Jolpica,20260810T200317Z,2023-17,2023,17,Qatar Grand Prix,2023-10-08,losail,Losail International Circuit,Lusail,Qatar,sainz,SAI,Carlos,Sainz,Carlos Sainz,1994-09-01,Spanish,55,ferrari,Ferrari,Italian,12,20,W,20,DNS,Did not start,False,0,0.0
FastF1/Jolpica,20260810T200317Z,2023-18,2023,18,United States Grand Prix,2023-10-22,americas,Circuit of the Americas,Austin,USA,max_verstappen,VER,Max,Verstappen,Max Verstappen,1997-09-30,Dutch,1,red_bull,Red Bull,Austrian,6,1,1,1,CLASSIFIED,Finished,False,56,25.0
FastF1/Jolpica,20260810T200317Z,2023-18,2023,18,United States Grand Prix,2023-10-22,americas,Circuit of the Americas,Austin,USA,norris,NOR,Lando,Norris,Lando Norris,1999-11-13,British,4,mclaren,McLaren,British,2,2,2,2,CLASSIFIED,Finished,False,56,18.0
FastF1/Jolpica,20260810T200317Z,2023-18,2023,18,United States Grand Prix,2023-10-22,americas,Circuit of the Americas,Austin,USA,sainz,SAI,Carlos,Sainz,Carlos Sainz,1994-09-01,Spanish,55,ferrari,Ferrari,Italian,4,3,3,3,CLASSIFIED,Finished,False,56,15.0
FastF1/Jolpica,20260810T200317Z,2023-18,2023,18,United States Grand Prix,2023-10-22,americas,Circuit of the Americas,Austin,USA,perez,PER,Sergio,Pérez,Sergio Pérez,1990-01-26,Mexican,11,red_bull,Red Bull,Austrian,9,4,4,4,CLASSIFIED,Finished,False,56,12.0
FastF1/Jolpica,20260810T200317Z,2023-18,2023,18,United States Grand Prix,2023-10-22,americas,Circuit of the Americas,Austin,USA,russell,RUS,George,Russell,George Russell,1998-02-15,British,63,mercedes,Mercedes,German,5,5,5,5,CLASSIFIED,Finished,False,56,10.0
FastF1/Jolpica,20260810T200317Z,2023-18,2023,18,United States Grand Prix,2023-10-22,americas,Circuit of the Americas,Austin,USA,gasly,GAS,Pierre,Gasly,Pierre Gasly,1996-02-07,French,10,alpine,Alpine F1 Team,French,7,6,6,6,CLASSIFIED,Finished,False,56,8.0
FastF1/Jolpica,20260810T200317Z,2023-18,2023,18,United States Grand Prix,2023-10-22,americas,Circuit of the Americas,Austin,USA,stroll,STR,Lance,Stroll,Lance Stroll,1998-10-29,Canadian,18,aston_martin,Aston Martin,British,20,7,7,7,CLASSIFIED,Finished,False,56,6.0
FastF1/Jolpica,20260810T200317Z,2023-18,2023,18,United States Grand Prix,2023-10-22,americas,Circuit of the Americas,Austin,USA,tsunoda,TSU,Yuki,Tsunoda,Yuki Tsunoda,2000-05-11,Japanese,22,alphatauri,AlphaTauri,Italian,11,8,8,8,CLASSIFIED,Finished,False,56,5.0
FastF1/Jolpica,20260810T200317Z,2023-18,2023,18,United States Grand Prix,2023-10-22,americas,Circuit of the Americas,Austin,USA,albon,ALB,Alexander,Albon,Alexander Albon,1996-03-23,Thai,23,williams,Williams,British,15,9,9,9,CLASSIFIED,Finished,False,56,2.0
FastF1/Jolpica,20260810T200317Z,2023-18,2023,18,United States Grand Prix,2023-10-22,americas,Circuit of the Americas,Austin,USA,sargeant,SAR,Logan,Sargeant,Logan Sargeant,2000-12-31,American,2,williams,Williams,British,16,10,10,10,CLASSIFIED,Finished,False,56,1.0
FastF1/Jolpica,20260810T200317Z,2023-18,2023,18,United States Grand Prix,2023-10-22,americas,Circuit of the Americas,Austin,USA,hulkenberg,HUL,Nico,Hülkenberg,Nico Hülkenberg,1987-08-19,German,27,haas,Haas F1 Team,American,18,11,11,11,CLASSIFIED,Finished,False,56,0.0
FastF1/Jolpica,20260810T200317Z,2023-18,2023,18,United States Grand Prix,2023-10-22,americas,Circuit of the Americas,Austin,USA,bottas,BOT,Valtteri,Bottas,Valtteri Bottas,1989-08-28,Finnish,77,alfa,Alfa Romeo,Swiss,13,12,12,12,CLASSIFIED,Finished,False,56,0.0
FastF1/Jolpica,20260810T200317Z,2023-18,2023,18,United States Grand Prix,2023-10-22,americas,Circuit of the Americas,Austin,USA,zhou,ZHO,Guanyu,Zhou,Guanyu Zhou,1999-05-30,Chinese,24,alfa,Alfa Romeo,Swiss,12,13,13,13,CLASSIFIED,Lapped,False,55,0.0
FastF1/Jolpica,20260810T200317Z,2023-18,2023,18,United States Grand Prix,2023-10-22,americas,Circuit of the Americas,Austin,USA,kevin_magnussen,MAG,Kevin,Magnussen,Kevin Magnussen,1992-10-05,Danish,20,haas,Haas F1 Team,American,17,14,14,14,CLASSIFIED,Lapped,False,55,0.0
FastF1/Jolpica,20260810T200317Z,2023-18,2023,18,United States Grand Prix,2023-10-22,americas,Circuit of the Americas,Austin,USA,ricciardo,RIC,Daniel,Ricciardo,Daniel Ricciardo,1989-07-01,Australian,3,alphatauri,AlphaTauri,Italian,14,15,15,15,CLASSIFIED,Lapped,False,55,0.0
FastF1/Jolpica,20260810T200317Z,2023-18,2023,18,United States Grand Prix,2023-10-22,americas,Circuit of the Americas,Austin,USA,alonso,ALO,Fernando,Alonso,Fernando Alonso,1981-07-29,Spanish,14,aston_martin,Aston Martin,British,19,16,R,16,DNF,Retired,False,49,0.0
FastF1/Jolpica,20260810T200317Z,2023-18,2023,18,United States Grand Prix,2023-10-22,americas,Circuit of the Americas,Austin,USA,piastri,PIA,Oscar,Piastri,Oscar Piastri,2001-04-06,Australian,81,mclaren,McLaren,British,10,17,R,17,DNF,Retired,False,10,0.0
FastF1/Jolpica,20260810T200317Z,2023-18,2023,18,United States Grand Prix,2023-10-22,americas,Circuit of the Americas,Austin,USA,ocon,OCO,Esteban,Ocon,Esteban Ocon,1996-09-17,French,31,alpine,Alpine F1 Team,French,8,18,R,18,DNF,Retired,False,6,0.0
FastF1/Jolpica,20260810T200317Z,2023-18,2023,18,United States Grand Prix,2023-10-22,americas,Circuit of the Americas,Austin,USA,hamilton,HAM,Lewis,Hamilton,Lewis Hamilton,1985-01-07,British,44,mercedes,Mercedes,German,3,19,19,19,DSQ,Disqualified,False,56,0.0
FastF1/Jolpica,20260810T200317Z,2023-18,2023,18,United States Grand Prix,2023-10-22,americas,Circuit of the Americas,Austin,USA,leclerc,LEC,Charles,Leclerc,Charles Leclerc,1997-10-16,Monegasque,16,ferrari,Ferrari,Italian,1,20,20,20,DSQ,Disqualified,False,56,0.0
FastF1/Jolpica,20260810T200317Z,2023-19,2023,19,Mexico City Grand Prix,2023-10-29,rodriguez,Autódromo Hermanos Rodríguez,Mexico City,Mexico,max_verstappen,VER,Max,Verstappen,Max Verstappen,1997-09-30,Dutch,1,red_bull,Red Bull,Austrian,3,1,1,1,CLASSIFIED,Finished,False,71,25.0
FastF1/Jolpica,20260810T200317Z,2023-19,2023,19,Mexico City Grand Prix,2023-10-29,rodriguez,Autódromo Hermanos Rodríguez,Mexico City,Mexico,hamilton,HAM,Lewis,Hamilton,Lewis Hamilton,1985-01-07,British,44,mercedes,Mercedes,German,6,2,2,2,CLASSIFIED,Finished,False,71,19.0
FastF1/Jolpica,20260810T200317Z,2023-19,2023,19,Mexico City Grand Prix,2023-10-29,rodriguez,Autódromo Hermanos Rodríguez,Mexico City,Mexico,leclerc,LEC,Charles,Leclerc,Charles Leclerc,1997-10-16,Monegasque,16,ferrari,Ferrari,Italian,1,3,3,3,CLASSIFIED,Finished,False,71,15.0
FastF1/Jolpica,20260810T200317Z,2023-19,2023,19,Mexico City Grand Prix,2023-10-29,rodriguez,Autódromo Hermanos Rodríguez,Mexico City,Mexico,sainz,SAI,Carlos,Sainz,Carlos Sainz,1994-09-01,Spanish,55,ferrari,Ferrari,Italian,2,4,4,4,CLASSIFIED,Finished,False,71,12.0
FastF1/Jolpica,20260810T200317Z,2023-19,2023,19,Mexico City Grand Prix,2023-10-29,rodriguez,Autódromo Hermanos Rodríguez,Mexico City,Mexico,norris,NOR,Lando,Norris,Lando Norris,1999-11-13,British,4,mclaren,McLaren,British,17,5,5,5,CLASSIFIED,Finished,False,71,10.0
FastF1/Jolpica,20260810T200317Z,2023-19,2023,19,Mexico City Grand Prix,2023-10-29,rodriguez,Autódromo Hermanos Rodríguez,Mexico City,Mexico,russell,RUS,George,Russell,George Russell,1998-02-15,British,63,mercedes,Mercedes,German,8,6,6,6,CLASSIFIED,Finished,False,71,8.0
FastF1/Jolpica,20260810T200317Z,2023-19,2023,19,Mexico City Grand Prix,2023-10-29,rodriguez,Autódromo Hermanos Rodríguez,Mexico City,Mexico,ricciardo,RIC,Daniel,Ricciardo,Daniel Ricciardo,1989-07-01,Australian,3,alphatauri,AlphaTauri,Italian,4,7,7,7,CLASSIFIED,Finished,False,71,6.0
FastF1/Jolpica,20260810T200317Z,2023-19,2023,19,Mexico City Grand Prix,2023-10-29,rodriguez,Autódromo Hermanos Rodríguez,Mexico City,Mexico,piastri,PIA,Oscar,Piastri,Oscar Piastri,2001-04-06,Australian,81,mclaren,McLaren,British,7,8,8,8,CLASSIFIED,Finished,False,71,4.0
FastF1/Jolpica,20260810T200317Z,2023-19,2023,19,Mexico City Grand Prix,2023-10-29,rodriguez,Autódromo Hermanos Rodríguez,Mexico City,Mexico,albon,ALB,Alexander,Albon,Alexander Albon,1996-03-23,Thai,23,williams,Williams,British,14,9,9,9,CLASSIFIED,Finished,False,71,2.0
FastF1/Jolpica,20260810T200317Z,2023-19,2023,19,Mexico City Grand Prix,2023-10-29,rodriguez,Autódromo Hermanos Rodríguez,Mexico City,Mexico,ocon,OCO,Esteban,Ocon,Esteban Ocon,1996-09-17,French,31,alpine,Alpine F1 Team,French,15,10,10,10,CLASSIFIED,Finished,False,71,1.0
FastF1/Jolpica,20260810T200317Z,2023-19,2023,19,Mexico City Grand Prix,2023-10-29,rodriguez,Autódromo Hermanos Rodríguez,Mexico City,Mexico,gasly,GAS,Pierre,Gasly,Pierre Gasly,1996-02-07,French,10,alpine,Alpine F1 Team,French,11,11,11,11,CLASSIFIED,Finished,False,71,0.0
FastF1/Jolpica,20260810T200317Z,2023-19,2023,19,Mexico City Grand Prix,2023-10-29,rodriguez,Autódromo Hermanos Rodríguez,Mexico City,Mexico,tsunoda,TSU,Yuki,Tsunoda,Yuki Tsunoda,2000-05-11,Japanese,22,alphatauri,AlphaTauri,Italian,18,12,12,12,CLASSIFIED,Finished,False,71,0.0
FastF1/Jolpica,20260810T200317Z,2023-19,2023,19,Mexico City Grand Prix,2023-10-29,rodriguez,Autódromo Hermanos Rodríguez,Mexico City,Mexico,hulkenberg,HUL,Nico,Hülkenberg,Nico Hülkenberg,1987-08-19,German,27,haas,Haas F1 Team,American,12,13,13,13,CLASSIFIED,Finished,False,71,0.0
FastF1/Jolpica,20260810T200317Z,2023-19,2023,19,Mexico City Grand Prix,2023-10-29,rodriguez,Autódromo Hermanos Rodríguez,Mexico City,Mexico,zhou,ZHO,Guanyu,Zhou,Guanyu Zhou,1999-05-30,Chinese,24,alfa,Alfa Romeo,Swiss,10,14,14,14,CLASSIFIED,Finished,False,71,0.0
FastF1/Jolpica,20260810T200317Z,2023-19,2023,19,Mexico City Grand Prix,2023-10-29,rodriguez,Autódromo Hermanos Rodríguez,Mexico City,Mexico,bottas,BOT,Valtteri,Bottas,Valtteri Bottas,1989-08-28,Finnish,77,alfa,Alfa Romeo,Swiss,9,15,15,15,CLASSIFIED,Finished,False,71,0.0
FastF1/Jolpica,20260810T200317Z,2023-19,2023,19,Mexico City Grand Prix,2023-10-29,rodriguez,Autódromo Hermanos Rodríguez,Mexico City,Mexico,sargeant,SAR,Logan,Sargeant,Logan Sargeant,2000-12-31,American,2,williams,Williams,British,19,16,16,16,CLASSIFIED,Retired,False,70,0.0
FastF1/Jolpica,20260810T200317Z,2023-19,2023,19,Mexico City Grand Prix,2023-10-29,rodriguez,Autódromo Hermanos Rodríguez,Mexico City,Mexico,stroll,STR,Lance,Stroll,Lance Stroll,1998-10-29,Canadian,18,aston_martin,Aston Martin,British,0,17,17,17,CLASSIFIED,Collision damage,False,66,0.0
FastF1/Jolpica,20260810T200317Z,2023-19,2023,19,Mexico City Grand Prix,2023-10-29,rodriguez,Autódromo Hermanos Rodríguez,Mexico City,Mexico,alonso,ALO,Fernando,Alonso,Fernando Alonso,1981-07-29,Spanish,14,aston_martin,Aston Martin,British,13,18,W,18,DNF,Withdrew,False,47,0.0
FastF1/Jolpica,20260810T200317Z,2023-19,2023,19,Mexico City Grand Prix,2023-10-29,rodriguez,Autódromo Hermanos Rodríguez,Mexico City,Mexico,kevin_magnussen,MAG,Kevin,Magnussen,Kevin Magnussen,1992-10-05,Danish,20,haas,Haas F1 Team,American,16,19,R,19,DNF,Accident,False,31,0.0
FastF1/Jolpica,20260810T200317Z,2023-19,2023,19,Mexico City Grand Prix,2023-10-29,rodriguez,Autódromo Hermanos Rodríguez,Mexico City,Mexico,perez,PER,Sergio,Pérez,Sergio Pérez,1990-01-26,Mexican,11,red_bull,Red Bull,Austrian,5,20,R,20,DNF,Collision damage,False,1,0.0
FastF1/Jolpica,20260810T200317Z,2023-20,2023,20,São Paulo Grand Prix,2023-11-05,interlagos,Autódromo José Carlos Pace,São Paulo,Brazil,max_verstappen,VER,Max,Verstappen,Max Verstappen,1997-09-30,Dutch,1,red_bull,Red Bull,Austrian,1,1,1,1,CLASSIFIED,Finished,False,71,25.0
FastF1/Jolpica,20260810T200317Z,2023-20,2023,20,São Paulo Grand Prix,2023-11-05,interlagos,Autódromo José Carlos Pace,São Paulo,Brazil,norris,NOR,Lando,Norris,Lando Norris,1999-11-13,British,4,mclaren,McLaren,British,6,2,2,2,CLASSIFIED,Finished,False,71,19.0
FastF1/Jolpica,20260810T200317Z,2023-20,2023,20,São Paulo Grand Prix,2023-11-05,interlagos,Autódromo José Carlos Pace,São Paulo,Brazil,alonso,ALO,Fernando,Alonso,Fernando Alonso,1981-07-29,Spanish,14,aston_martin,Aston Martin,British,4,3,3,3,CLASSIFIED,Finished,False,71,15.0
FastF1/Jolpica,20260810T200317Z,2023-20,2023,20,São Paulo Grand Prix,2023-11-05,interlagos,Autódromo José Carlos Pace,São Paulo,Brazil,perez,PER,Sergio,Pérez,Sergio Pérez,1990-01-26,Mexican,11,red_bull,Red Bull,Austrian,9,4,4,4,CLASSIFIED,Finished,False,71,12.0
FastF1/Jolpica,20260810T200317Z,2023-20,2023,20,São Paulo Grand Prix,2023-11-05,interlagos,Autódromo José Carlos Pace,São Paulo,Brazil,stroll,STR,Lance,Stroll,Lance Stroll,1998-10-29,Canadian,18,aston_martin,Aston Martin,British,3,5,5,5,CLASSIFIED,Finished,False,71,10.0
FastF1/Jolpica,20260810T200317Z,2023-20,2023,20,São Paulo Grand Prix,2023-11-05,interlagos,Autódromo José Carlos Pace,São Paulo,Brazil,sainz,SAI,Carlos,Sainz,Carlos Sainz,1994-09-01,Spanish,55,ferrari,Ferrari,Italian,7,6,6,6,CLASSIFIED,Finished,False,71,8.0
FastF1/Jolpica,20260810T200317Z,2023-20,2023,20,São Paulo Grand Prix,2023-11-05,interlagos,Autódromo José Carlos Pace,São Paulo,Brazil,gasly,GAS,Pierre,Gasly,Pierre Gasly,1996-02-07,French,10,alpine,Alpine F1 Team,French,15,7,7,7,CLASSIFIED,Finished,False,71,6.0
FastF1/Jolpica,20260810T200317Z,2023-20,2023,20,São Paulo Grand Prix,2023-11-05,interlagos,Autódromo José Carlos Pace,São Paulo,Brazil,hamilton,HAM,Lewis,Hamilton,Lewis Hamilton,1985-01-07,British,44,mercedes,Mercedes,German,5,8,8,8,CLASSIFIED,Finished,False,71,4.0
FastF1/Jolpica,20260810T200317Z,2023-20,2023,20,São Paulo Grand Prix,2023-11-05,interlagos,Autódromo José Carlos Pace,São Paulo,Brazil,tsunoda,TSU,Yuki,Tsunoda,Yuki Tsunoda,2000-05-11,Japanese,22,alphatauri,AlphaTauri,Italian,16,9,9,9,CLASSIFIED,Finished,False,71,2.0
FastF1/Jolpica,20260810T200317Z,2023-20,2023,20,São Paulo Grand Prix,2023-11-05,interlagos,Autódromo José Carlos Pace,São Paulo,Brazil,ocon,OCO,Esteban,Ocon,Esteban Ocon,1996-09-17,French,31,alpine,Alpine F1 Team,French,14,10,10,10,CLASSIFIED,Lapped,False,70,1.0
FastF1/Jolpica,20260810T200317Z,2023-20,2023,20,São Paulo Grand Prix,2023-11-05,interlagos,Autódromo José Carlos Pace,São Paulo,Brazil,sargeant,SAR,Logan,Sargeant,Logan Sargeant,2000-12-31,American,2,williams,Williams,British,19,11,11,11,CLASSIFIED,Lapped,False,70,0.0
FastF1/Jolpica,20260810T200317Z,2023-20,2023,20,São Paulo Grand Prix,2023-11-05,interlagos,Autódromo José Carlos Pace,São Paulo,Brazil,hulkenberg,HUL,Nico,Hülkenberg,Nico Hülkenberg,1987-08-19,German,27,haas,Haas F1 Team,American,11,12,12,12,CLASSIFIED,Lapped,False,70,0.0
FastF1/Jolpica,20260810T200317Z,2023-20,2023,20,São Paulo Grand Prix,2023-11-05,interlagos,Autódromo José Carlos Pace,São Paulo,Brazil,ricciardo,RIC,Daniel,Ricciardo,Daniel Ricciardo,1989-07-01,Australian,3,alphatauri,AlphaTauri,Italian,17,13,13,13,CLASSIFIED,Lapped,False,70,0.0
FastF1/Jolpica,20260810T200317Z,2023-20,2023,20,São Paulo Grand Prix,2023-11-05,interlagos,Autódromo José Carlos Pace,São Paulo,Brazil,piastri,PIA,Oscar,Piastri,Oscar Piastri,2001-04-06,Australian,81,mclaren,McLaren,British,10,14,14,14,CLASSIFIED,Lapped,False,69,0.0
FastF1/Jolpica,20260810T200317Z,2023-20,2023,20,São Paulo Grand Prix,2023-11-05,interlagos,Autódromo José Carlos Pace,São Paulo,Brazil,russell,RUS,George,Russell,George Russell,1998-02-15,British,63,mercedes,Mercedes,German,8,15,R,15,DNF,Retired,False,57,0.0
FastF1/Jolpica,20260810T200317Z,2023-20,2023,20,São Paulo Grand Prix,2023-11-05,interlagos,Autódromo José Carlos Pace,São Paulo,Brazil,bottas,BOT,Valtteri,Bottas,Valtteri Bottas,1989-08-28,Finnish,77,alfa,Alfa Romeo,Swiss,18,16,R,16,DNF,Retired,False,39,0.0
FastF1/Jolpica,20260810T200317Z,2023-20,2023,20,São Paulo Grand Prix,2023-11-05,interlagos,Autódromo José Carlos Pace,São Paulo,Brazil,zhou,ZHO,Guanyu,Zhou,Guanyu Zhou,1999-05-30,Chinese,24,alfa,Alfa Romeo,Swiss,20,17,R,17,DNF,Retired,False,22,0.0
FastF1/Jolpica,20260810T200317Z,2023-20,2023,20,São Paulo Grand Prix,2023-11-05,interlagos,Autódromo José Carlos Pace,São Paulo,Brazil,kevin_magnussen,MAG,Kevin,Magnussen,Kevin Magnussen,1992-10-05,Danish,20,haas,Haas F1 Team,American,12,18,R,18,DNF,Retired,False,0,0.0
FastF1/Jolpica,20260810T200317Z,2023-20,2023,20,São Paulo Grand Prix,2023-11-05,interlagos,Autódromo José Carlos Pace,São Paulo,Brazil,albon,ALB,Alexander,Albon,Alexander Albon,1996-03-23,Thai,23,williams,Williams,British,13,19,R,19,DNF,Retired,False,0,0.0
FastF1/Jolpica,20260810T200317Z,2023-20,2023,20,São Paulo Grand Prix,2023-11-05,interlagos,Autódromo José Carlos Pace,São Paulo,Brazil,leclerc,LEC,Charles,Leclerc,Charles Leclerc,1997-10-16,Monegasque,16,ferrari,Ferrari,Italian,2,20,W,20,DNS,Did not start,False,0,0.0
FastF1/Jolpica,20260810T200317Z,2023-21,2023,21,Las Vegas Grand Prix,2023-11-19,vegas,Las Vegas Strip Street Circuit,Las Vegas,USA,max_verstappen,VER,Max,Verstappen,Max Verstappen,1997-09-30,Dutch,1,red_bull,Red Bull,Austrian,2,1,1,1,CLASSIFIED,Finished,False,50,25.0
FastF1/Jolpica,20260810T200317Z,2023-21,2023,21,Las Vegas Grand Prix,2023-11-19,vegas,Las Vegas Strip Street Circuit,Las Vegas,USA,leclerc,LEC,Charles,Leclerc,Charles Leclerc,1997-10-16,Monegasque,16,ferrari,Ferrari,Italian,1,2,2,2,CLASSIFIED,Finished,False,50,18.0
FastF1/Jolpica,20260810T200317Z,2023-21,2023,21,Las Vegas Grand Prix,2023-11-19,vegas,Las Vegas Strip Street Circuit,Las Vegas,USA,perez,PER,Sergio,Pérez,Sergio Pérez,1990-01-26,Mexican,11,red_bull,Red Bull,Austrian,11,3,3,3,CLASSIFIED,Finished,False,50,15.0
FastF1/Jolpica,20260810T200317Z,2023-21,2023,21,Las Vegas Grand Prix,2023-11-19,vegas,Las Vegas Strip Street Circuit,Las Vegas,USA,ocon,OCO,Esteban,Ocon,Esteban Ocon,1996-09-17,French,31,alpine,Alpine F1 Team,French,16,4,4,4,CLASSIFIED,Finished,False,50,12.0
FastF1/Jolpica,20260810T200317Z,2023-21,2023,21,Las Vegas Grand Prix,2023-11-19,vegas,Las Vegas Strip Street Circuit,Las Vegas,USA,stroll,STR,Lance,Stroll,Lance Stroll,1998-10-29,Canadian,18,aston_martin,Aston Martin,British,19,5,5,5,CLASSIFIED,Finished,False,50,10.0
FastF1/Jolpica,20260810T200317Z,2023-21,2023,21,Las Vegas Grand Prix,2023-11-19,vegas,Las Vegas Strip Street Circuit,Las Vegas,USA,sainz,SAI,Carlos,Sainz,Carlos Sainz,1994-09-01,Spanish,55,ferrari,Ferrari,Italian,12,6,6,6,CLASSIFIED,Finished,False,50,8.0
FastF1/Jolpica,20260810T200317Z,2023-21,2023,21,Las Vegas Grand Prix,2023-11-19,vegas,Las Vegas Strip Street Circuit,Las Vegas,USA,hamilton,HAM,Lewis,Hamilton,Lewis Hamilton,1985-01-07,British,44,mercedes,Mercedes,German,10,7,7,7,CLASSIFIED,Finished,False,50,6.0
FastF1/Jolpica,20260810T200317Z,2023-21,2023,21,Las Vegas Grand Prix,2023-11-19,vegas,Las Vegas Strip Street Circuit,Las Vegas,USA,russell,RUS,George,Russell,George Russell,1998-02-15,British,63,mercedes,Mercedes,German,3,8,8,8,CLASSIFIED,Finished,False,50,4.0
FastF1/Jolpica,20260810T200317Z,2023-21,2023,21,Las Vegas Grand Prix,2023-11-19,vegas,Las Vegas Strip Street Circuit,Las Vegas,USA,alonso,ALO,Fernando,Alonso,Fernando Alonso,1981-07-29,Spanish,14,aston_martin,Aston Martin,British,9,9,9,9,CLASSIFIED,Finished,False,50,2.0
FastF1/Jolpica,20260810T200317Z,2023-21,2023,21,Las Vegas Grand Prix,2023-11-19,vegas,Las Vegas Strip Street Circuit,Las Vegas,USA,piastri,PIA,Oscar,Piastri,Oscar Piastri,2001-04-06,Australian,81,mclaren,McLaren,British,18,10,10,10,CLASSIFIED,Finished,False,50,2.0
FastF1/Jolpica,20260810T200317Z,2023-21,2023,21,Las Vegas Grand Prix,2023-11-19,vegas,Las Vegas Strip Street Circuit,Las Vegas,USA,gasly,GAS,Pierre,Gasly,Pierre Gasly,1996-02-07,French,10,alpine,Alpine F1 Team,French,4,11,11,11,CLASSIFIED,Finished,False,50,0.0
FastF1/Jolpica,20260810T200317Z,2023-21,2023,21,Las Vegas Grand Prix,2023-11-19,vegas,Las Vegas Strip Street Circuit,Las Vegas,USA,albon,ALB,Alexander,Albon,Alexander Albon,1996-03-23,Thai,23,williams,Williams,British,5,12,12,12,CLASSIFIED,Finished,False,50,0.0
FastF1/Jolpica,20260810T200317Z,2023-21,2023,21,Las Vegas Grand Prix,2023-11-19,vegas,Las Vegas Strip Street Circuit,Las Vegas,USA,kevin_magnussen,MAG,Kevin,Magnussen,Kevin Magnussen,1992-10-05,Danish,20,haas,Haas F1 Team,American,8,13,13,13,CLASSIFIED,Finished,False,50,0.0
FastF1/Jolpica,20260810T200317Z,2023-21,2023,21,Las Vegas Grand Prix,2023-11-19,vegas,Las Vegas Strip Street Circuit,Las Vegas,USA,ricciardo,RIC,Daniel,Ricciardo,Daniel Ricciardo,1989-07-01,Australian,3,alphatauri,AlphaTauri,Italian,14,14,14,14,CLASSIFIED,Finished,False,50,0.0
FastF1/Jolpica,20260810T200317Z,2023-21,2023,21,Las Vegas Grand Prix,2023-11-19,vegas,Las Vegas Strip Street Circuit,Las Vegas,USA,zhou,ZHO,Guanyu,Zhou,Guanyu Zhou,1999-05-30,Chinese,24,alfa,Alfa Romeo,Swiss,17,15,15,15,CLASSIFIED,Finished,False,50,0.0
FastF1/Jolpica,20260810T200317Z,2023-21,2023,21,Las Vegas Grand Prix,2023-11-19,vegas,Las Vegas Strip Street Circuit,Las Vegas,USA,sargeant,SAR,Logan,Sargeant,Logan Sargeant,2000-12-31,American,2,williams,Williams,British,6,16,16,16,CLASSIFIED,Finished,False,50,0.0
FastF1/Jolpica,20260810T200317Z,2023-21,2023,21,Las Vegas Grand Prix,2023-11-19,vegas,Las Vegas Strip Street Circuit,Las Vegas,USA,bottas,BOT,Valtteri,Bottas,Valtteri Bottas,1989-08-28,Finnish,77,alfa,Alfa Romeo,Swiss,7,17,17,17,CLASSIFIED,Finished,False,50,0.0
FastF1/Jolpica,20260810T200317Z,2023-21,2023,21,Las Vegas Grand Prix,2023-11-19,vegas,Las Vegas Strip Street Circuit,Las Vegas,USA,tsunoda,TSU,Yuki,Tsunoda,Yuki Tsunoda,2000-05-11,Japanese,22,alphatauri,AlphaTauri,Italian,20,18,18,18,CLASSIFIED,Retired,False,46,0.0
FastF1/Jolpica,20260810T200317Z,2023-21,2023,21,Las Vegas Grand Prix,2023-11-19,vegas,Las Vegas Strip Street Circuit,Las Vegas,USA,hulkenberg,HUL,Nico,Hülkenberg,Nico Hülkenberg,1987-08-19,German,27,haas,Haas F1 Team,American,13,19,19,19,CLASSIFIED,Retired,False,45,0.0
FastF1/Jolpica,20260810T200317Z,2023-21,2023,21,Las Vegas Grand Prix,2023-11-19,vegas,Las Vegas Strip Street Circuit,Las Vegas,USA,norris,NOR,Lando,Norris,Lando Norris,1999-11-13,British,4,mclaren,McLaren,British,15,20,R,20,DNF,Retired,False,2,0.0
FastF1/Jolpica,20260810T200317Z,2023-22,2023,22,Abu Dhabi Grand Prix,2023-11-26,yas_marina,Yas Marina Circuit,Abu Dhabi,UAE,max_verstappen,VER,Max,Verstappen,Max Verstappen,1997-09-30,Dutch,1,red_bull,Red Bull,Austrian,1,1,1,1,CLASSIFIED,Finished,False,58,26.0
FastF1/Jolpica,20260810T200317Z,2023-22,2023,22,Abu Dhabi Grand Prix,2023-11-26,yas_marina,Yas Marina Circuit,Abu Dhabi,UAE,leclerc,LEC,Charles,Leclerc,Charles Leclerc,1997-10-16,Monegasque,16,ferrari,Ferrari,Italian,2,2,2,2,CLASSIFIED,Finished,False,58,18.0
FastF1/Jolpica,20260810T200317Z,2023-22,2023,22,Abu Dhabi Grand Prix,2023-11-26,yas_marina,Yas Marina Circuit,Abu Dhabi,UAE,russell,RUS,George,Russell,George Russell,1998-02-15,British,63,mercedes,Mercedes,German,4,3,3,3,CLASSIFIED,Finished,False,58,15.0
FastF1/Jolpica,20260810T200317Z,2023-22,2023,22,Abu Dhabi Grand Prix,2023-11-26,yas_marina,Yas Marina Circuit,Abu Dhabi,UAE,perez,PER,Sergio,Pérez,Sergio Pérez,1990-01-26,Mexican,11,red_bull,Red Bull,Austrian,9,4,4,4,CLASSIFIED,Finished,False,58,12.0
FastF1/Jolpica,20260810T200317Z,2023-22,2023,22,Abu Dhabi Grand Prix,2023-11-26,yas_marina,Yas Marina Circuit,Abu Dhabi,UAE,norris,NOR,Lando,Norris,Lando Norris,1999-11-13,British,4,mclaren,McLaren,British,5,5,5,5,CLASSIFIED,Finished,False,58,10.0
FastF1/Jolpica,20260810T200317Z,2023-22,2023,22,Abu Dhabi Grand Prix,2023-11-26,yas_marina,Yas Marina Circuit,Abu Dhabi,UAE,piastri,PIA,Oscar,Piastri,Oscar Piastri,2001-04-06,Australian,81,mclaren,McLaren,British,3,6,6,6,CLASSIFIED,Finished,False,58,8.0
FastF1/Jolpica,20260810T200317Z,2023-22,2023,22,Abu Dhabi Grand Prix,2023-11-26,yas_marina,Yas Marina Circuit,Abu Dhabi,UAE,alonso,ALO,Fernando,Alonso,Fernando Alonso,1981-07-29,Spanish,14,aston_martin,Aston Martin,British,7,7,7,7,CLASSIFIED,Finished,False,58,6.0
FastF1/Jolpica,20260810T200317Z,2023-22,2023,22,Abu Dhabi Grand Prix,2023-11-26,yas_marina,Yas Marina Circuit,Abu Dhabi,UAE,tsunoda,TSU,Yuki,Tsunoda,Yuki Tsunoda,2000-05-11,Japanese,22,alphatauri,AlphaTauri,Italian,6,8,8,8,CLASSIFIED,Finished,False,58,4.0
FastF1/Jolpica,20260810T200317Z,2023-22,2023,22,Abu Dhabi Grand Prix,2023-11-26,yas_marina,Yas Marina Circuit,Abu Dhabi,UAE,hamilton,HAM,Lewis,Hamilton,Lewis Hamilton,1985-01-07,British,44,mercedes,Mercedes,German,11,9,9,9,CLASSIFIED,Finished,False,58,2.0
FastF1/Jolpica,20260810T200317Z,2023-22,2023,22,Abu Dhabi Grand Prix,2023-11-26,yas_marina,Yas Marina Circuit,Abu Dhabi,UAE,stroll,STR,Lance,Stroll,Lance Stroll,1998-10-29,Canadian,18,aston_martin,Aston Martin,British,13,10,10,10,CLASSIFIED,Finished,False,58,1.0
FastF1/Jolpica,20260810T200317Z,2023-22,2023,22,Abu Dhabi Grand Prix,2023-11-26,yas_marina,Yas Marina Circuit,Abu Dhabi,UAE,ricciardo,RIC,Daniel,Ricciardo,Daniel Ricciardo,1989-07-01,Australian,3,alphatauri,AlphaTauri,Italian,15,11,11,11,CLASSIFIED,Finished,False,58,0.0
FastF1/Jolpica,20260810T200317Z,2023-22,2023,22,Abu Dhabi Grand Prix,2023-11-26,yas_marina,Yas Marina Circuit,Abu Dhabi,UAE,ocon,OCO,Esteban,Ocon,Esteban Ocon,1996-09-17,French,31,alpine,Alpine F1 Team,French,12,12,12,12,CLASSIFIED,Finished,False,58,0.0
FastF1/Jolpica,20260810T200317Z,2023-22,2023,22,Abu Dhabi Grand Prix,2023-11-26,yas_marina,Yas Marina Circuit,Abu Dhabi,UAE,gasly,GAS,Pierre,Gasly,Pierre Gasly,1996-02-07,French,10,alpine,Alpine F1 Team,French,10,13,13,13,CLASSIFIED,Finished,False,58,0.0
FastF1/Jolpica,20260810T200317Z,2023-22,2023,22,Abu Dhabi Grand Prix,2023-11-26,yas_marina,Yas Marina Circuit,Abu Dhabi,UAE,albon,ALB,Alexander,Albon,Alexander Albon,1996-03-23,Thai,23,williams,Williams,British,14,14,14,14,CLASSIFIED,Finished,False,58,0.0
FastF1/Jolpica,20260810T200317Z,2023-22,2023,22,Abu Dhabi Grand Prix,2023-11-26,yas_marina,Yas Marina Circuit,Abu Dhabi,UAE,hulkenberg,HUL,Nico,Hülkenberg,Nico Hülkenberg,1987-08-19,German,27,haas,Haas F1 Team,American,8,15,15,15,CLASSIFIED,Finished,False,58,0.0
FastF1/Jolpica,20260810T200317Z,2023-22,2023,22,Abu Dhabi Grand Prix,2023-11-26,yas_marina,Yas Marina Circuit,Abu Dhabi,UAE,sargeant,SAR,Logan,Sargeant,Logan Sargeant,2000-12-31,American,2,williams,Williams,British,20,16,16,16,CLASSIFIED,Finished,False,58,0.0
FastF1/Jolpica,20260810T200317Z,2023-22,2023,22,Abu Dhabi Grand Prix,2023-11-26,yas_marina,Yas Marina Circuit,Abu Dhabi,UAE,zhou,ZHO,Guanyu,Zhou,Guanyu Zhou,1999-05-30,Chinese,24,alfa,Alfa Romeo,Swiss,19,17,17,17,CLASSIFIED,Finished,False,58,0.0
FastF1/Jolpica,20260810T200317Z,2023-22,2023,22,Abu Dhabi Grand Prix,2023-11-26,yas_marina,Yas Marina Circuit,Abu Dhabi,UAE,sainz,SAI,Carlos,Sainz,Carlos Sainz,1994-09-01,Spanish,55,ferrari,Ferrari,Italian,16,18,18,18,CLASSIFIED,Retired,False,57,0.0
FastF1/Jolpica,20260810T200317Z,2023-22,2023,22,Abu Dhabi Grand Prix,2023-11-26,yas_marina,Yas Marina Circuit,Abu Dhabi,UAE,bottas,BOT,Valtteri,Bottas,Valtteri Bottas,1989-08-28,Finnish,77,alfa,Alfa Romeo,Swiss,18,19,19,19,CLASSIFIED,Lapped,False,57,0.0
FastF1/Jolpica,20260810T200317Z,2023-22,2023,22,Abu Dhabi Grand Prix,2023-11-26,yas_marina,Yas Marina Circuit,Abu Dhabi,UAE,kevin_magnussen,MAG,Kevin,Magnussen,Kevin Magnussen,1992-10-05,Danish,20,haas,Haas F1 Team,American,17,20,20,20,CLASSIFIED,Lapped,False,57,0.0
FastF1/Jolpica,20260810T200317Z,2024-01,2024,1,Bahrain Grand Prix,2024-03-02,bahrain,Bahrain International Circuit,Sakhir,Bahrain,max_verstappen,VER,Max,Verstappen,Max Verstappen,1997-09-30,Dutch,1,red_bull,Red Bull,Austrian,1,1,1,1,CLASSIFIED,Finished,False,57,26.0
FastF1/Jolpica,20260810T200317Z,2024-01,2024,1,Bahrain Grand Prix,2024-03-02,bahrain,Bahrain International Circuit,Sakhir,Bahrain,perez,PER,Sergio,Pérez,Sergio Pérez,1990-01-26,Mexican,11,red_bull,Red Bull,Austrian,5,2,2,2,CLASSIFIED,Finished,False,57,18.0
FastF1/Jolpica,20260810T200317Z,2024-01,2024,1,Bahrain Grand Prix,2024-03-02,bahrain,Bahrain International Circuit,Sakhir,Bahrain,sainz,SAI,Carlos,Sainz,Carlos Sainz,1994-09-01,Spanish,55,ferrari,Ferrari,Italian,4,3,3,3,CLASSIFIED,Finished,False,57,15.0
FastF1/Jolpica,20260810T200317Z,2024-01,2024,1,Bahrain Grand Prix,2024-03-02,bahrain,Bahrain International Circuit,Sakhir,Bahrain,leclerc,LEC,Charles,Leclerc,Charles Leclerc,1997-10-16,Monegasque,16,ferrari,Ferrari,Italian,2,4,4,4,CLASSIFIED,Finished,False,57,12.0
FastF1/Jolpica,20260810T200317Z,2024-01,2024,1,Bahrain Grand Prix,2024-03-02,bahrain,Bahrain International Circuit,Sakhir,Bahrain,russell,RUS,George,Russell,George Russell,1998-02-15,British,63,mercedes,Mercedes,German,3,5,5,5,CLASSIFIED,Finished,False,57,10.0
FastF1/Jolpica,20260810T200317Z,2024-01,2024,1,Bahrain Grand Prix,2024-03-02,bahrain,Bahrain International Circuit,Sakhir,Bahrain,norris,NOR,Lando,Norris,Lando Norris,1999-11-13,British,4,mclaren,McLaren,British,7,6,6,6,CLASSIFIED,Finished,False,57,8.0
FastF1/Jolpica,20260810T200317Z,2024-01,2024,1,Bahrain Grand Prix,2024-03-02,bahrain,Bahrain International Circuit,Sakhir,Bahrain,hamilton,HAM,Lewis,Hamilton,Lewis Hamilton,1985-01-07,British,44,mercedes,Mercedes,German,9,7,7,7,CLASSIFIED,Finished,False,57,6.0
FastF1/Jolpica,20260810T200317Z,2024-01,2024,1,Bahrain Grand Prix,2024-03-02,bahrain,Bahrain International Circuit,Sakhir,Bahrain,piastri,PIA,Oscar,Piastri,Oscar Piastri,2001-04-06,Australian,81,mclaren,McLaren,British,8,8,8,8,CLASSIFIED,Finished,False,57,4.0
FastF1/Jolpica,20260810T200317Z,2024-01,2024,1,Bahrain Grand Prix,2024-03-02,bahrain,Bahrain International Circuit,Sakhir,Bahrain,alonso,ALO,Fernando,Alonso,Fernando Alonso,1981-07-29,Spanish,14,aston_martin,Aston Martin,British,6,9,9,9,CLASSIFIED,Finished,False,57,2.0
FastF1/Jolpica,20260810T200317Z,2024-01,2024,1,Bahrain Grand Prix,2024-03-02,bahrain,Bahrain International Circuit,Sakhir,Bahrain,stroll,STR,Lance,Stroll,Lance Stroll,1998-10-29,Canadian,18,aston_martin,Aston Martin,British,12,10,10,10,CLASSIFIED,Finished,False,57,1.0
FastF1/Jolpica,20260810T200317Z,2024-01,2024,1,Bahrain Grand Prix,2024-03-02,bahrain,Bahrain International Circuit,Sakhir,Bahrain,zhou,ZHO,Guanyu,Zhou,Guanyu Zhou,1999-05-30,Chinese,24,sauber,Sauber,Swiss,17,11,11,11,CLASSIFIED,Lapped,False,56,0.0
FastF1/Jolpica,20260810T200317Z,2024-01,2024,1,Bahrain Grand Prix,2024-03-02,bahrain,Bahrain International Circuit,Sakhir,Bahrain,kevin_magnussen,MAG,Kevin,Magnussen,Kevin Magnussen,1992-10-05,Danish,20,haas,Haas F1 Team,American,15,12,12,12,CLASSIFIED,Lapped,False,56,0.0
FastF1/Jolpica,20260810T200317Z,2024-01,2024,1,Bahrain Grand Prix,2024-03-02,bahrain,Bahrain International Circuit,Sakhir,Bahrain,ricciardo,RIC,Daniel,Ricciardo,Daniel Ricciardo,1989-07-01,Australian,3,rb,RB F1 Team,Italian,14,13,13,13,CLASSIFIED,Lapped,False,56,0.0
FastF1/Jolpica,20260810T200317Z,2024-01,2024,1,Bahrain Grand Prix,2024-03-02,bahrain,Bahrain International Circuit,Sakhir,Bahrain,tsunoda,TSU,Yuki,Tsunoda,Yuki Tsunoda,2000-05-11,Japanese,22,rb,RB F1 Team,Italian,11,14,14,14,CLASSIFIED,Lapped,False,56,0.0
FastF1/Jolpica,20260810T200317Z,2024-01,2024,1,Bahrain Grand Prix,2024-03-02,bahrain,Bahrain International Circuit,Sakhir,Bahrain,albon,ALB,Alexander,Albon,Alexander Albon,1996-03-23,Thai,23,williams,Williams,British,13,15,15,15,CLASSIFIED,Lapped,False,56,0.0
FastF1/Jolpica,20260810T200317Z,2024-01,2024,1,Bahrain Grand Prix,2024-03-02,bahrain,Bahrain International Circuit,Sakhir,Bahrain,hulkenberg,HUL,Nico,Hülkenberg,Nico Hülkenberg,1987-08-19,German,27,haas,Haas F1 Team,American,10,16,16,16,CLASSIFIED,Lapped,False,56,0.0
FastF1/Jolpica,20260810T200317Z,2024-01,2024,1,Bahrain Grand Prix,2024-03-02,bahrain,Bahrain International Circuit,Sakhir,Bahrain,ocon,OCO,Esteban,Ocon,Esteban Ocon,1996-09-17,French,31,alpine,Alpine F1 Team,French,19,17,17,17,CLASSIFIED,Lapped,False,56,0.0
FastF1/Jolpica,20260810T200317Z,2024-01,2024,1,Bahrain Grand Prix,2024-03-02,bahrain,Bahrain International Circuit,Sakhir,Bahrain,gasly,GAS,Pierre,Gasly,Pierre Gasly,1996-02-07,French,10,alpine,Alpine F1 Team,French,20,18,18,18,CLASSIFIED,Lapped,False,56,0.0
FastF1/Jolpica,20260810T200317Z,2024-01,2024,1,Bahrain Grand Prix,2024-03-02,bahrain,Bahrain International Circuit,Sakhir,Bahrain,bottas,BOT,Valtteri,Bottas,Valtteri Bottas,1989-08-28,Finnish,77,sauber,Sauber,Swiss,16,19,19,19,CLASSIFIED,Lapped,False,56,0.0
FastF1/Jolpica,20260810T200317Z,2024-01,2024,1,Bahrain Grand Prix,2024-03-02,bahrain,Bahrain International Circuit,Sakhir,Bahrain,sargeant,SAR,Logan,Sargeant,Logan Sargeant,2000-12-31,American,2,williams,Williams,British,18,20,20,20,CLASSIFIED,Lapped,False,55,0.0
FastF1/Jolpica,20260810T200317Z,2024-02,2024,2,Saudi Arabian Grand Prix,2024-03-09,jeddah,Jeddah Corniche Circuit,Jeddah,Saudi Arabia,max_verstappen,VER,Max,Verstappen,Max Verstappen,1997-09-30,Dutch,1,red_bull,Red Bull,Austrian,1,1,1,1,CLASSIFIED,Finished,False,50,25.0
FastF1/Jolpica,20260810T200317Z,2024-02,2024,2,Saudi Arabian Grand Prix,2024-03-09,jeddah,Jeddah Corniche Circuit,Jeddah,Saudi Arabia,perez,PER,Sergio,Pérez,Sergio Pérez,1990-01-26,Mexican,11,red_bull,Red Bull,Austrian,3,2,2,2,CLASSIFIED,Finished,False,50,18.0
FastF1/Jolpica,20260810T200317Z,2024-02,2024,2,Saudi Arabian Grand Prix,2024-03-09,jeddah,Jeddah Corniche Circuit,Jeddah,Saudi Arabia,leclerc,LEC,Charles,Leclerc,Charles Leclerc,1997-10-16,Monegasque,16,ferrari,Ferrari,Italian,2,3,3,3,CLASSIFIED,Finished,False,50,16.0
FastF1/Jolpica,20260810T200317Z,2024-02,2024,2,Saudi Arabian Grand Prix,2024-03-09,jeddah,Jeddah Corniche Circuit,Jeddah,Saudi Arabia,piastri,PIA,Oscar,Piastri,Oscar Piastri,2001-04-06,Australian,81,mclaren,McLaren,British,5,4,4,4,CLASSIFIED,Finished,False,50,12.0
FastF1/Jolpica,20260810T200317Z,2024-02,2024,2,Saudi Arabian Grand Prix,2024-03-09,jeddah,Jeddah Corniche Circuit,Jeddah,Saudi Arabia,alonso,ALO,Fernando,Alonso,Fernando Alonso,1981-07-29,Spanish,14,aston_martin,Aston Martin,British,4,5,5,5,CLASSIFIED,Finished,False,50,10.0
FastF1/Jolpica,20260810T200317Z,2024-02,2024,2,Saudi Arabian Grand Prix,2024-03-09,jeddah,Jeddah Corniche Circuit,Jeddah,Saudi Arabia,russell,RUS,George,Russell,George Russell,1998-02-15,British,63,mercedes,Mercedes,German,7,6,6,6,CLASSIFIED,Finished,False,50,8.0
FastF1/Jolpica,20260810T200317Z,2024-02,2024,2,Saudi Arabian Grand Prix,2024-03-09,jeddah,Jeddah Corniche Circuit,Jeddah,Saudi Arabia,bearman,BEA,Oliver,Bearman,Oliver Bearman,2005-05-08,British,38,ferrari,Ferrari,Italian,11,7,7,7,CLASSIFIED,Finished,False,50,6.0
FastF1/Jolpica,20260810T200317Z,2024-02,2024,2,Saudi Arabian Grand Prix,2024-03-09,jeddah,Jeddah Corniche Circuit,Jeddah,Saudi Arabia,norris,NOR,Lando,Norris,Lando Norris,1999-11-13,British,4,mclaren,McLaren,British,6,8,8,8,CLASSIFIED,Finished,False,50,4.0
FastF1/Jolpica,20260810T200317Z,2024-02,2024,2,Saudi Arabian Grand Prix,2024-03-09,jeddah,Jeddah Corniche Circuit,Jeddah,Saudi Arabia,hamilton,HAM,Lewis,Hamilton,Lewis Hamilton,1985-01-07,British,44,mercedes,Mercedes,German,8,9,9,9,CLASSIFIED,Finished,False,50,2.0
FastF1/Jolpica,20260810T200317Z,2024-02,2024,2,Saudi Arabian Grand Prix,2024-03-09,jeddah,Jeddah Corniche Circuit,Jeddah,Saudi Arabia,hulkenberg,HUL,Nico,Hülkenberg,Nico Hülkenberg,1987-08-19,German,27,haas,Haas F1 Team,American,15,10,10,10,CLASSIFIED,Finished,False,50,1.0
FastF1/Jolpica,20260810T200317Z,2024-02,2024,2,Saudi Arabian Grand Prix,2024-03-09,jeddah,Jeddah Corniche Circuit,Jeddah,Saudi Arabia,albon,ALB,Alexander,Albon,Alexander Albon,1996-03-23,Thai,23,williams,Williams,British,12,11,11,11,CLASSIFIED,Finished,False,50,0.0
FastF1/Jolpica,20260810T200317Z,2024-02,2024,2,Saudi Arabian Grand Prix,2024-03-09,jeddah,Jeddah Corniche Circuit,Jeddah,Saudi Arabia,kevin_magnussen,MAG,Kevin,Magnussen,Kevin Magnussen,1992-10-05,Danish,20,haas,Haas F1 Team,American,13,12,12,12,CLASSIFIED,Finished,False,50,0.0
FastF1/Jolpica,20260810T200317Z,2024-02,2024,2,Saudi Arabian Grand Prix,2024-03-09,jeddah,Jeddah Corniche Circuit,Jeddah,Saudi Arabia,ocon,OCO,Esteban,Ocon,Esteban Ocon,1996-09-17,French,31,alpine,Alpine F1 Team,French,17,13,13,13,CLASSIFIED,Lapped,False,49,0.0
FastF1/Jolpica,20260810T200317Z,2024-02,2024,2,Saudi Arabian Grand Prix,2024-03-09,jeddah,Jeddah Corniche Circuit,Jeddah,Saudi Arabia,sargeant,SAR,Logan,Sargeant,Logan Sargeant,2000-12-31,American,2,williams,Williams,British,19,14,14,14,CLASSIFIED,Lapped,False,49,0.0
FastF1/Jolpica,20260810T200317Z,2024-02,2024,2,Saudi Arabian Grand Prix,2024-03-09,jeddah,Jeddah Corniche Circuit,Jeddah,Saudi Arabia,tsunoda,TSU,Yuki,Tsunoda,Yuki Tsunoda,2000-05-11,Japanese,22,rb,RB F1 Team,Italian,9,15,15,15,CLASSIFIED,Lapped,False,49,0.0
FastF1/Jolpica,20260810T200317Z,2024-02,2024,2,Saudi Arabian Grand Prix,2024-03-09,jeddah,Jeddah Corniche Circuit,Jeddah,Saudi Arabia,ricciardo,RIC,Daniel,Ricciardo,Daniel Ricciardo,1989-07-01,Australian,3,rb,RB F1 Team,Italian,14,16,16,16,CLASSIFIED,Lapped,False,49,0.0
FastF1/Jolpica,20260810T200317Z,2024-02,2024,2,Saudi Arabian Grand Prix,2024-03-09,jeddah,Jeddah Corniche Circuit,Jeddah,Saudi Arabia,bottas,BOT,Valtteri,Bottas,Valtteri Bottas,1989-08-28,Finnish,77,sauber,Sauber,Swiss,16,17,17,17,CLASSIFIED,Lapped,False,49,0.0
FastF1/Jolpica,20260810T200317Z,2024-02,2024,2,Saudi Arabian Grand Prix,2024-03-09,jeddah,Jeddah Corniche Circuit,Jeddah,Saudi Arabia,zhou,ZHO,Guanyu,Zhou,Guanyu Zhou,1999-05-30,Chinese,24,sauber,Sauber,Swiss,20,18,18,18,CLASSIFIED,Lapped,False,49,0.0
FastF1/Jolpica,20260810T200317Z,2024-02,2024,2,Saudi Arabian Grand Prix,2024-03-09,jeddah,Jeddah Corniche Circuit,Jeddah,Saudi Arabia,stroll,STR,Lance,Stroll,Lance Stroll,1998-10-29,Canadian,18,aston_martin,Aston Martin,British,10,19,R,19,DNF,Retired,False,5,0.0
FastF1/Jolpica,20260810T200317Z,2024-02,2024,2,Saudi Arabian Grand Prix,2024-03-09,jeddah,Jeddah Corniche Circuit,Jeddah,Saudi Arabia,gasly,GAS,Pierre,Gasly,Pierre Gasly,1996-02-07,French,10,alpine,Alpine F1 Team,French,18,20,R,20,DNF,Retired,False,1,0.0
FastF1/Jolpica,20260810T200317Z,2024-03,2024,3,Australian Grand Prix,2024-03-24,albert_park,Albert Park Grand Prix Circuit,Melbourne,Australia,sainz,SAI,Carlos,Sainz,Carlos Sainz,1994-09-01,Spanish,55,ferrari,Ferrari,Italian,2,1,1,1,CLASSIFIED,Finished,False,58,25.0
FastF1/Jolpica,20260810T200317Z,2024-03,2024,3,Australian Grand Prix,2024-03-24,albert_park,Albert Park Grand Prix Circuit,Melbourne,Australia,leclerc,LEC,Charles,Leclerc,Charles Leclerc,1997-10-16,Monegasque,16,ferrari,Ferrari,Italian,4,2,2,2,CLASSIFIED,Finished,False,58,19.0
FastF1/Jolpica,20260810T200317Z,2024-03,2024,3,Australian Grand Prix,2024-03-24,albert_park,Albert Park Grand Prix Circuit,Melbourne,Australia,norris,NOR,Lando,Norris,Lando Norris,1999-11-13,British,4,mclaren,McLaren,British,3,3,3,3,CLASSIFIED,Finished,False,58,15.0
FastF1/Jolpica,20260810T200317Z,2024-03,2024,3,Australian Grand Prix,2024-03-24,albert_park,Albert Park Grand Prix Circuit,Melbourne,Australia,piastri,PIA,Oscar,Piastri,Oscar Piastri,2001-04-06,Australian,81,mclaren,McLaren,British,5,4,4,4,CLASSIFIED,Finished,False,58,12.0
FastF1/Jolpica,20260810T200317Z,2024-03,2024,3,Australian Grand Prix,2024-03-24,albert_park,Albert Park Grand Prix Circuit,Melbourne,Australia,perez,PER,Sergio,Pérez,Sergio Pérez,1990-01-26,Mexican,11,red_bull,Red Bull,Austrian,6,5,5,5,CLASSIFIED,Finished,False,58,10.0
FastF1/Jolpica,20260810T200317Z,2024-03,2024,3,Australian Grand Prix,2024-03-24,albert_park,Albert Park Grand Prix Circuit,Melbourne,Australia,stroll,STR,Lance,Stroll,Lance Stroll,1998-10-29,Canadian,18,aston_martin,Aston Martin,British,9,6,6,6,CLASSIFIED,Finished,False,58,8.0
FastF1/Jolpica,20260810T200317Z,2024-03,2024,3,Australian Grand Prix,2024-03-24,albert_park,Albert Park Grand Prix Circuit,Melbourne,Australia,tsunoda,TSU,Yuki,Tsunoda,Yuki Tsunoda,2000-05-11,Japanese,22,rb,RB F1 Team,Italian,8,7,7,7,CLASSIFIED,Finished,False,58,6.0
FastF1/Jolpica,20260810T200317Z,2024-03,2024,3,Australian Grand Prix,2024-03-24,albert_park,Albert Park Grand Prix Circuit,Melbourne,Australia,alonso,ALO,Fernando,Alonso,Fernando Alonso,1981-07-29,Spanish,14,aston_martin,Aston Martin,British,10,8,8,8,CLASSIFIED,Finished,False,58,4.0
FastF1/Jolpica,20260810T200317Z,2024-03,2024,3,Australian Grand Prix,2024-03-24,albert_park,Albert Park Grand Prix Circuit,Melbourne,Australia,hulkenberg,HUL,Nico,Hülkenberg,Nico Hülkenberg,1987-08-19,German,27,haas,Haas F1 Team,American,16,9,9,9,CLASSIFIED,Finished,False,58,2.0
FastF1/Jolpica,20260810T200317Z,2024-03,2024,3,Australian Grand Prix,2024-03-24,albert_park,Albert Park Grand Prix Circuit,Melbourne,Australia,kevin_magnussen,MAG,Kevin,Magnussen,Kevin Magnussen,1992-10-05,Danish,20,haas,Haas F1 Team,American,14,10,10,10,CLASSIFIED,Lapped,False,57,1.0
FastF1/Jolpica,20260810T200317Z,2024-03,2024,3,Australian Grand Prix,2024-03-24,albert_park,Albert Park Grand Prix Circuit,Melbourne,Australia,albon,ALB,Alexander,Albon,Alexander Albon,1996-03-23,Thai,23,williams,Williams,British,12,11,11,11,CLASSIFIED,Lapped,False,57,0.0
FastF1/Jolpica,20260810T200317Z,2024-03,2024,3,Australian Grand Prix,2024-03-24,albert_park,Albert Park Grand Prix Circuit,Melbourne,Australia,ricciardo,RIC,Daniel,Ricciardo,Daniel Ricciardo,1989-07-01,Australian,3,rb,RB F1 Team,Italian,18,12,12,12,CLASSIFIED,Lapped,False,57,0.0
FastF1/Jolpica,20260810T200317Z,2024-03,2024,3,Australian Grand Prix,2024-03-24,albert_park,Albert Park Grand Prix Circuit,Melbourne,Australia,gasly,GAS,Pierre,Gasly,Pierre Gasly,1996-02-07,French,10,alpine,Alpine F1 Team,French,17,13,13,13,CLASSIFIED,Lapped,False,57,0.0
FastF1/Jolpica,20260810T200317Z,2024-03,2024,3,Australian Grand Prix,2024-03-24,albert_park,Albert Park Grand Prix Circuit,Melbourne,Australia,bottas,BOT,Valtteri,Bottas,Valtteri Bottas,1989-08-28,Finnish,77,sauber,Sauber,Swiss,13,14,14,14,CLASSIFIED,Lapped,False,57,0.0
FastF1/Jolpica,20260810T200317Z,2024-03,2024,3,Australian Grand Prix,2024-03-24,albert_park,Albert Park Grand Prix Circuit,Melbourne,Australia,zhou,ZHO,Guanyu,Zhou,Guanyu Zhou,1999-05-30,Chinese,24,sauber,Sauber,Swiss,19,15,15,15,CLASSIFIED,Lapped,False,57,0.0
FastF1/Jolpica,20260810T200317Z,2024-03,2024,3,Australian Grand Prix,2024-03-24,albert_park,Albert Park Grand Prix Circuit,Melbourne,Australia,ocon,OCO,Esteban,Ocon,Esteban Ocon,1996-09-17,French,31,alpine,Alpine F1 Team,French,15,16,16,16,CLASSIFIED,Lapped,False,57,0.0
FastF1/Jolpica,20260810T200317Z,2024-03,2024,3,Australian Grand Prix,2024-03-24,albert_park,Albert Park Grand Prix Circuit,Melbourne,Australia,russell,RUS,George,Russell,George Russell,1998-02-15,British,63,mercedes,Mercedes,German,7,17,17,17,CLASSIFIED,Retired,False,56,0.0
FastF1/Jolpica,20260810T200317Z,2024-03,2024,3,Australian Grand Prix,2024-03-24,albert_park,Albert Park Grand Prix Circuit,Melbourne,Australia,hamilton,HAM,Lewis,Hamilton,Lewis Hamilton,1985-01-07,British,44,mercedes,Mercedes,German,11,18,R,18,DNF,Retired,False,15,0.0
FastF1/Jolpica,20260810T200317Z,2024-03,2024,3,Australian Grand Prix,2024-03-24,albert_park,Albert Park Grand Prix Circuit,Melbourne,Australia,max_verstappen,VER,Max,Verstappen,Max Verstappen,1997-09-30,Dutch,1,red_bull,Red Bull,Austrian,1,19,R,19,DNF,Retired,False,3,0.0
FastF1/Jolpica,20260810T200317Z,2024-04,2024,4,Japanese Grand Prix,2024-04-07,suzuka,Suzuka Circuit,Suzuka,Japan,max_verstappen,VER,Max,Verstappen,Max Verstappen,1997-09-30,Dutch,1,red_bull,Red Bull,Austrian,1,1,1,1,CLASSIFIED,Finished,False,53,26.0
FastF1/Jolpica,20260810T200317Z,2024-04,2024,4,Japanese Grand Prix,2024-04-07,suzuka,Suzuka Circuit,Suzuka,Japan,perez,PER,Sergio,Pérez,Sergio Pérez,1990-01-26,Mexican,11,red_bull,Red Bull,Austrian,2,2,2,2,CLASSIFIED,Finished,False,53,18.0
FastF1/Jolpica,20260810T200317Z,2024-04,2024,4,Japanese Grand Prix,2024-04-07,suzuka,Suzuka Circuit,Suzuka,Japan,sainz,SAI,Carlos,Sainz,Carlos Sainz,1994-09-01,Spanish,55,ferrari,Ferrari,Italian,4,3,3,3,CLASSIFIED,Finished,False,53,15.0
FastF1/Jolpica,20260810T200317Z,2024-04,2024,4,Japanese Grand Prix,2024-04-07,suzuka,Suzuka Circuit,Suzuka,Japan,leclerc,LEC,Charles,Leclerc,Charles Leclerc,1997-10-16,Monegasque,16,ferrari,Ferrari,Italian,8,4,4,4,CLASSIFIED,Finished,False,53,12.0
FastF1/Jolpica,20260810T200317Z,2024-04,2024,4,Japanese Grand Prix,2024-04-07,suzuka,Suzuka Circuit,Suzuka,Japan,norris,NOR,Lando,Norris,Lando Norris,1999-11-13,British,4,mclaren,McLaren,British,3,5,5,5,CLASSIFIED,Finished,False,53,10.0
FastF1/Jolpica,20260810T200317Z,2024-04,2024,4,Japanese Grand Prix,2024-04-07,suzuka,Suzuka Circuit,Suzuka,Japan,alonso,ALO,Fernando,Alonso,Fernando Alonso,1981-07-29,Spanish,14,aston_martin,Aston Martin,British,5,6,6,6,CLASSIFIED,Finished,False,53,8.0
FastF1/Jolpica,20260810T200317Z,2024-04,2024,4,Japanese Grand Prix,2024-04-07,suzuka,Suzuka Circuit,Suzuka,Japan,russell,RUS,George,Russell,George Russell,1998-02-15,British,63,mercedes,Mercedes,German,9,7,7,7,CLASSIFIED,Finished,False,53,6.0
FastF1/Jolpica,20260810T200317Z,2024-04,2024,4,Japanese Grand Prix,2024-04-07,suzuka,Suzuka Circuit,Suzuka,Japan,piastri,PIA,Oscar,Piastri,Oscar Piastri,2001-04-06,Australian,81,mclaren,McLaren,British,6,8,8,8,CLASSIFIED,Finished,False,53,4.0
FastF1/Jolpica,20260810T200317Z,2024-04,2024,4,Japanese Grand Prix,2024-04-07,suzuka,Suzuka Circuit,Suzuka,Japan,hamilton,HAM,Lewis,Hamilton,Lewis Hamilton,1985-01-07,British,44,mercedes,Mercedes,German,7,9,9,9,CLASSIFIED,Finished,False,53,2.0
FastF1/Jolpica,20260810T200317Z,2024-04,2024,4,Japanese Grand Prix,2024-04-07,suzuka,Suzuka Circuit,Suzuka,Japan,tsunoda,TSU,Yuki,Tsunoda,Yuki Tsunoda,2000-05-11,Japanese,22,rb,RB F1 Team,Italian,10,10,10,10,CLASSIFIED,Lapped,False,52,1.0
FastF1/Jolpica,20260810T200317Z,2024-04,2024,4,Japanese Grand Prix,2024-04-07,suzuka,Suzuka Circuit,Suzuka,Japan,hulkenberg,HUL,Nico,Hülkenberg,Nico Hülkenberg,1987-08-19,German,27,haas,Haas F1 Team,American,12,11,11,11,CLASSIFIED,Lapped,False,52,0.0
FastF1/Jolpica,20260810T200317Z,2024-04,2024,4,Japanese Grand Prix,2024-04-07,suzuka,Suzuka Circuit,Suzuka,Japan,stroll,STR,Lance,Stroll,Lance Stroll,1998-10-29,Canadian,18,aston_martin,Aston Martin,British,16,12,12,12,CLASSIFIED,Lapped,False,52,0.0
FastF1/Jolpica,20260810T200317Z,2024-04,2024,4,Japanese Grand Prix,2024-04-07,suzuka,Suzuka Circuit,Suzuka,Japan,kevin_magnussen,MAG,Kevin,Magnussen,Kevin Magnussen,1992-10-05,Danish,20,haas,Haas F1 Team,American,18,13,13,13,CLASSIFIED,Lapped,False,52,0.0
FastF1/Jolpica,20260810T200317Z,2024-04,2024,4,Japanese Grand Prix,2024-04-07,suzuka,Suzuka Circuit,Suzuka,Japan,bottas,BOT,Valtteri,Bottas,Valtteri Bottas,1989-08-28,Finnish,77,sauber,Sauber,Swiss,13,14,14,14,CLASSIFIED,Lapped,False,52,0.0
FastF1/Jolpica,20260810T200317Z,2024-04,2024,4,Japanese Grand Prix,2024-04-07,suzuka,Suzuka Circuit,Suzuka,Japan,ocon,OCO,Esteban,Ocon,Esteban Ocon,1996-09-17,French,31,alpine,Alpine F1 Team,French,15,15,15,15,CLASSIFIED,Lapped,False,52,0.0
FastF1/Jolpica,20260810T200317Z,2024-04,2024,4,Japanese Grand Prix,2024-04-07,suzuka,Suzuka Circuit,Suzuka,Japan,gasly,GAS,Pierre,Gasly,Pierre Gasly,1996-02-07,French,10,alpine,Alpine F1 Team,French,17,16,16,16,CLASSIFIED,Lapped,False,52,0.0
FastF1/Jolpica,20260810T200317Z,2024-04,2024,4,Japanese Grand Prix,2024-04-07,suzuka,Suzuka Circuit,Suzuka,Japan,sargeant,SAR,Logan,Sargeant,Logan Sargeant,2000-12-31,American,2,williams,Williams,British,19,17,17,17,CLASSIFIED,Lapped,False,52,0.0
FastF1/Jolpica,20260810T200317Z,2024-04,2024,4,Japanese Grand Prix,2024-04-07,suzuka,Suzuka Circuit,Suzuka,Japan,zhou,ZHO,Guanyu,Zhou,Guanyu Zhou,1999-05-30,Chinese,24,sauber,Sauber,Swiss,20,18,R,18,DNF,Retired,False,12,0.0
FastF1/Jolpica,20260810T200317Z,2024-04,2024,4,Japanese Grand Prix,2024-04-07,suzuka,Suzuka Circuit,Suzuka,Japan,ricciardo,RIC,Daniel,Ricciardo,Daniel Ricciardo,1989-07-01,Australian,3,rb,RB F1 Team,Italian,11,19,R,19,DNF,Retired,False,0,0.0
FastF1/Jolpica,20260810T200317Z,2024-04,2024,4,Japanese Grand Prix,2024-04-07,suzuka,Suzuka Circuit,Suzuka,Japan,albon,ALB,Alexander,Albon,Alexander Albon,1996-03-23,Thai,23,williams,Williams,British,14,20,R,20,DNF,Retired,False,0,0.0
FastF1/Jolpica,20260810T200317Z,2024-05,2024,5,Chinese Grand Prix,2024-04-21,shanghai,Shanghai International Circuit,Shanghai,China,max_verstappen,VER,Max,Verstappen,Max Verstappen,1997-09-30,Dutch,1,red_bull,Red Bull,Austrian,1,1,1,1,CLASSIFIED,Finished,False,56,25.0
FastF1/Jolpica,20260810T200317Z,2024-05,2024,5,Chinese Grand Prix,2024-04-21,shanghai,Shanghai International Circuit,Shanghai,China,norris,NOR,Lando,Norris,Lando Norris,1999-11-13,British,4,mclaren,McLaren,British,4,2,2,2,CLASSIFIED,Finished,False,56,18.0
FastF1/Jolpica,20260810T200317Z,2024-05,2024,5,Chinese Grand Prix,2024-04-21,shanghai,Shanghai International Circuit,Shanghai,China,perez,PER,Sergio,Pérez,Sergio Pérez,1990-01-26,Mexican,11,red_bull,Red Bull,Austrian,2,3,3,3,CLASSIFIED,Finished,False,56,15.0
FastF1/Jolpica,20260810T200317Z,2024-05,2024,5,Chinese Grand Prix,2024-04-21,shanghai,Shanghai International Circuit,Shanghai,China,leclerc,LEC,Charles,Leclerc,Charles Leclerc,1997-10-16,Monegasque,16,ferrari,Ferrari,Italian,6,4,4,4,CLASSIFIED,Finished,False,56,12.0
FastF1/Jolpica,20260810T200317Z,2024-05,2024,5,Chinese Grand Prix,2024-04-21,shanghai,Shanghai International Circuit,Shanghai,China,sainz,SAI,Carlos,Sainz,Carlos Sainz,1994-09-01,Spanish,55,ferrari,Ferrari,Italian,7,5,5,5,CLASSIFIED,Finished,False,56,10.0
FastF1/Jolpica,20260810T200317Z,2024-05,2024,5,Chinese Grand Prix,2024-04-21,shanghai,Shanghai International Circuit,Shanghai,China,russell,RUS,George,Russell,George Russell,1998-02-15,British,63,mercedes,Mercedes,German,8,6,6,6,CLASSIFIED,Finished,False,56,8.0
FastF1/Jolpica,20260810T200317Z,2024-05,2024,5,Chinese Grand Prix,2024-04-21,shanghai,Shanghai International Circuit,Shanghai,China,alonso,ALO,Fernando,Alonso,Fernando Alonso,1981-07-29,Spanish,14,aston_martin,Aston Martin,British,3,7,7,7,CLASSIFIED,Finished,False,56,7.0
FastF1/Jolpica,20260810T200317Z,2024-05,2024,5,Chinese Grand Prix,2024-04-21,shanghai,Shanghai International Circuit,Shanghai,China,piastri,PIA,Oscar,Piastri,Oscar Piastri,2001-04-06,Australian,81,mclaren,McLaren,British,5,8,8,8,CLASSIFIED,Finished,False,56,4.0
FastF1/Jolpica,20260810T200317Z,2024-05,2024,5,Chinese Grand Prix,2024-04-21,shanghai,Shanghai International Circuit,Shanghai,China,hamilton,HAM,Lewis,Hamilton,Lewis Hamilton,1985-01-07,British,44,mercedes,Mercedes,German,18,9,9,9,CLASSIFIED,Finished,False,56,2.0
FastF1/Jolpica,20260810T200317Z,2024-05,2024,5,Chinese Grand Prix,2024-04-21,shanghai,Shanghai International Circuit,Shanghai,China,hulkenberg,HUL,Nico,Hülkenberg,Nico Hülkenberg,1987-08-19,German,27,haas,Haas F1 Team,American,9,10,10,10,CLASSIFIED,Finished,False,56,1.0
FastF1/Jolpica,20260810T200317Z,2024-05,2024,5,Chinese Grand Prix,2024-04-21,shanghai,Shanghai International Circuit,Shanghai,China,ocon,OCO,Esteban,Ocon,Esteban Ocon,1996-09-17,French,31,alpine,Alpine F1 Team,French,13,11,11,11,CLASSIFIED,Finished,False,56,0.0
FastF1/Jolpica,20260810T200317Z,2024-05,2024,5,Chinese Grand Prix,2024-04-21,shanghai,Shanghai International Circuit,Shanghai,China,albon,ALB,Alexander,Albon,Alexander Albon,1996-03-23,Thai,23,williams,Williams,British,14,12,12,12,CLASSIFIED,Finished,False,56,0.0
FastF1/Jolpica,20260810T200317Z,2024-05,2024,5,Chinese Grand Prix,2024-04-21,shanghai,Shanghai International Circuit,Shanghai,China,gasly,GAS,Pierre,Gasly,Pierre Gasly,1996-02-07,French,10,alpine,Alpine F1 Team,French,15,13,13,13,CLASSIFIED,Finished,False,56,0.0
FastF1/Jolpica,20260810T200317Z,2024-05,2024,5,Chinese Grand Prix,2024-04-21,shanghai,Shanghai International Circuit,Shanghai,China,zhou,ZHO,Guanyu,Zhou,Guanyu Zhou,1999-05-30,Chinese,24,sauber,Sauber,Swiss,16,14,14,14,CLASSIFIED,Finished,False,56,0.0
FastF1/Jolpica,20260810T200317Z,2024-05,2024,5,Chinese Grand Prix,2024-04-21,shanghai,Shanghai International Circuit,Shanghai,China,stroll,STR,Lance,Stroll,Lance Stroll,1998-10-29,Canadian,18,aston_martin,Aston Martin,British,11,15,15,15,CLASSIFIED,Finished,False,56,0.0
FastF1/Jolpica,20260810T200317Z,2024-05,2024,5,Chinese Grand Prix,2024-04-21,shanghai,Shanghai International Circuit,Shanghai,China,kevin_magnussen,MAG,Kevin,Magnussen,Kevin Magnussen,1992-10-05,Danish,20,haas,Haas F1 Team,American,17,16,16,16,CLASSIFIED,Finished,False,56,0.0
FastF1/Jolpica,20260810T200317Z,2024-05,2024,5,Chinese Grand Prix,2024-04-21,shanghai,Shanghai International Circuit,Shanghai,China,sargeant,SAR,Logan,Sargeant,Logan Sargeant,2000-12-31,American,2,williams,Williams,British,20,17,17,17,CLASSIFIED,Finished,False,56,0.0
FastF1/Jolpica,20260810T200317Z,2024-05,2024,5,Chinese Grand Prix,2024-04-21,shanghai,Shanghai International Circuit,Shanghai,China,ricciardo,RIC,Daniel,Ricciardo,Daniel Ricciardo,1989-07-01,Australian,3,rb,RB F1 Team,Italian,12,18,R,18,DNF,Retired,False,33,0.0
FastF1/Jolpica,20260810T200317Z,2024-05,2024,5,Chinese Grand Prix,2024-04-21,shanghai,Shanghai International Circuit,Shanghai,China,tsunoda,TSU,Yuki,Tsunoda,Yuki Tsunoda,2000-05-11,Japanese,22,rb,RB F1 Team,Italian,19,19,R,19,DNF,Retired,False,26,0.0
FastF1/Jolpica,20260810T200317Z,2024-05,2024,5,Chinese Grand Prix,2024-04-21,shanghai,Shanghai International Circuit,Shanghai,China,bottas,BOT,Valtteri,Bottas,Valtteri Bottas,1989-08-28,Finnish,77,sauber,Sauber,Swiss,10,20,R,20,DNF,Retired,False,19,0.0
FastF1/Jolpica,20260810T200317Z,2024-06,2024,6,Miami Grand Prix,2024-05-05,miami,Miami International Autodrome,Miami,USA,norris,NOR,Lando,Norris,Lando Norris,1999-11-13,British,4,mclaren,McLaren,British,5,1,1,1,CLASSIFIED,Finished,False,57,25.0
FastF1/Jolpica,20260810T200317Z,2024-06,2024,6,Miami Grand Prix,2024-05-05,miami,Miami International Autodrome,Miami,USA,max_verstappen,VER,Max,Verstappen,Max Verstappen,1997-09-30,Dutch,1,red_bull,Red Bull,Austrian,1,2,2,2,CLASSIFIED,Finished,False,57,18.0
FastF1/Jolpica,20260810T200317Z,2024-06,2024,6,Miami Grand Prix,2024-05-05,miami,Miami International Autodrome,Miami,USA,leclerc,LEC,Charles,Leclerc,Charles Leclerc,1997-10-16,Monegasque,16,ferrari,Ferrari,Italian,2,3,3,3,CLASSIFIED,Finished,False,57,15.0
FastF1/Jolpica,20260810T200317Z,2024-06,2024,6,Miami Grand Prix,2024-05-05,miami,Miami International Autodrome,Miami,USA,perez,PER,Sergio,Pérez,Sergio Pérez,1990-01-26,Mexican,11,red_bull,Red Bull,Austrian,4,4,4,4,CLASSIFIED,Finished,False,57,12.0
FastF1/Jolpica,20260810T200317Z,2024-06,2024,6,Miami Grand Prix,2024-05-05,miami,Miami International Autodrome,Miami,USA,sainz,SAI,Carlos,Sainz,Carlos Sainz,1994-09-01,Spanish,55,ferrari,Ferrari,Italian,3,5,5,5,CLASSIFIED,Finished,False,57,10.0
FastF1/Jolpica,20260810T200317Z,2024-06,2024,6,Miami Grand Prix,2024-05-05,miami,Miami International Autodrome,Miami,USA,hamilton,HAM,Lewis,Hamilton,Lewis Hamilton,1985-01-07,British,44,mercedes,Mercedes,German,8,6,6,6,CLASSIFIED,Finished,False,57,8.0
FastF1/Jolpica,20260810T200317Z,2024-06,2024,6,Miami Grand Prix,2024-05-05,miami,Miami International Autodrome,Miami,USA,tsunoda,TSU,Yuki,Tsunoda,Yuki Tsunoda,2000-05-11,Japanese,22,rb,RB F1 Team,Italian,10,7,7,7,CLASSIFIED,Finished,False,57,6.0
FastF1/Jolpica,20260810T200317Z,2024-06,2024,6,Miami Grand Prix,2024-05-05,miami,Miami International Autodrome,Miami,USA,russell,RUS,George,Russell,George Russell,1998-02-15,British,63,mercedes,Mercedes,German,7,8,8,8,CLASSIFIED,Finished,False,57,4.0
FastF1/Jolpica,20260810T200317Z,2024-06,2024,6,Miami Grand Prix,2024-05-05,miami,Miami International Autodrome,Miami,USA,alonso,ALO,Fernando,Alonso,Fernando Alonso,1981-07-29,Spanish,14,aston_martin,Aston Martin,British,15,9,9,9,CLASSIFIED,Finished,False,57,2.0
FastF1/Jolpica,20260810T200317Z,2024-06,2024,6,Miami Grand Prix,2024-05-05,miami,Miami International Autodrome,Miami,USA,ocon,OCO,Esteban,Ocon,Esteban Ocon,1996-09-17,French,31,alpine,Alpine F1 Team,French,13,10,10,10,CLASSIFIED,Finished,False,57,1.0
FastF1/Jolpica,20260810T200317Z,2024-06,2024,6,Miami Grand Prix,2024-05-05,miami,Miami International Autodrome,Miami,USA,hulkenberg,HUL,Nico,Hülkenberg,Nico Hülkenberg,1987-08-19,German,27,haas,Haas F1 Team,American,9,11,11,11,CLASSIFIED,Finished,False,57,0.0
FastF1/Jolpica,20260810T200317Z,2024-06,2024,6,Miami Grand Prix,2024-05-05,miami,Miami International Autodrome,Miami,USA,gasly,GAS,Pierre,Gasly,Pierre Gasly,1996-02-07,French,10,alpine,Alpine F1 Team,French,12,12,12,12,CLASSIFIED,Finished,False,57,0.0
FastF1/Jolpica,20260810T200317Z,2024-06,2024,6,Miami Grand Prix,2024-05-05,miami,Miami International Autodrome,Miami,USA,piastri,PIA,Oscar,Piastri,Oscar Piastri,2001-04-06,Australian,81,mclaren,McLaren,British,6,13,13,13,CLASSIFIED,Finished,False,57,0.0
FastF1/Jolpica,20260810T200317Z,2024-06,2024,6,Miami Grand Prix,2024-05-05,miami,Miami International Autodrome,Miami,USA,zhou,ZHO,Guanyu,Zhou,Guanyu Zhou,1999-05-30,Chinese,24,sauber,Sauber,Swiss,19,14,14,14,CLASSIFIED,Finished,False,57,0.0
FastF1/Jolpica,20260810T200317Z,2024-06,2024,6,Miami Grand Prix,2024-05-05,miami,Miami International Autodrome,Miami,USA,ricciardo,RIC,Daniel,Ricciardo,Daniel Ricciardo,1989-07-01,Australian,3,rb,RB F1 Team,Italian,20,15,15,15,CLASSIFIED,Finished,False,57,0.0
FastF1/Jolpica,20260810T200317Z,2024-06,2024,6,Miami Grand Prix,2024-05-05,miami,Miami International Autodrome,Miami,USA,bottas,BOT,Valtteri,Bottas,Valtteri Bottas,1989-08-28,Finnish,77,sauber,Sauber,Swiss,16,16,16,16,CLASSIFIED,Finished,False,57,0.0
FastF1/Jolpica,20260810T200317Z,2024-06,2024,6,Miami Grand Prix,2024-05-05,miami,Miami International Autodrome,Miami,USA,stroll,STR,Lance,Stroll,Lance Stroll,1998-10-29,Canadian,18,aston_martin,Aston Martin,British,11,17,17,17,CLASSIFIED,Finished,False,57,0.0
FastF1/Jolpica,20260810T200317Z,2024-06,2024,6,Miami Grand Prix,2024-05-05,miami,Miami International Autodrome,Miami,USA,albon,ALB,Alexander,Albon,Alexander Albon,1996-03-23,Thai,23,williams,Williams,British,14,18,18,18,CLASSIFIED,Finished,False,57,0.0
FastF1/Jolpica,20260810T200317Z,2024-06,2024,6,Miami Grand Prix,2024-05-05,miami,Miami International Autodrome,Miami,USA,kevin_magnussen,MAG,Kevin,Magnussen,Kevin Magnussen,1992-10-05,Danish,20,haas,Haas F1 Team,American,18,19,19,19,CLASSIFIED,Finished,False,57,0.0
FastF1/Jolpica,20260810T200317Z,2024-06,2024,6,Miami Grand Prix,2024-05-05,miami,Miami International Autodrome,Miami,USA,sargeant,SAR,Logan,Sargeant,Logan Sargeant,2000-12-31,American,2,williams,Williams,British,17,20,R,20,DNF,Retired,False,27,0.0
FastF1/Jolpica,20260810T200317Z,2024-07,2024,7,Emilia Romagna Grand Prix,2024-05-19,imola,Autodromo Enzo e Dino Ferrari,Imola,Italy,max_verstappen,VER,Max,Verstappen,Max Verstappen,1997-09-30,Dutch,1,red_bull,Red Bull,Austrian,1,1,1,1,CLASSIFIED,Finished,False,63,25.0
FastF1/Jolpica,20260810T200317Z,2024-07,2024,7,Emilia Romagna Grand Prix,2024-05-19,imola,Autodromo Enzo e Dino Ferrari,Imola,Italy,norris,NOR,Lando,Norris,Lando Norris,1999-11-13,British,4,mclaren,McLaren,British,2,2,2,2,CLASSIFIED,Finished,False,63,18.0
FastF1/Jolpica,20260810T200317Z,2024-07,2024,7,Emilia Romagna Grand Prix,2024-05-19,imola,Autodromo Enzo e Dino Ferrari,Imola,Italy,leclerc,LEC,Charles,Leclerc,Charles Leclerc,1997-10-16,Monegasque,16,ferrari,Ferrari,Italian,3,3,3,3,CLASSIFIED,Finished,False,63,15.0
FastF1/Jolpica,20260810T200317Z,2024-07,2024,7,Emilia Romagna Grand Prix,2024-05-19,imola,Autodromo Enzo e Dino Ferrari,Imola,Italy,piastri,PIA,Oscar,Piastri,Oscar Piastri,2001-04-06,Australian,81,mclaren,McLaren,British,5,4,4,4,CLASSIFIED,Finished,False,63,12.0
FastF1/Jolpica,20260810T200317Z,2024-07,2024,7,Emilia Romagna Grand Prix,2024-05-19,imola,Autodromo Enzo e Dino Ferrari,Imola,Italy,sainz,SAI,Carlos,Sainz,Carlos Sainz,1994-09-01,Spanish,55,ferrari,Ferrari,Italian,4,5,5,5,CLASSIFIED,Finished,False,63,10.0
FastF1/Jolpica,20260810T200317Z,2024-07,2024,7,Emilia Romagna Grand Prix,2024-05-19,imola,Autodromo Enzo e Dino Ferrari,Imola,Italy,hamilton,HAM,Lewis,Hamilton,Lewis Hamilton,1985-01-07,British,44,mercedes,Mercedes,German,8,6,6,6,CLASSIFIED,Finished,False,63,8.0
FastF1/Jolpica,20260810T200317Z,2024-07,2024,7,Emilia Romagna Grand Prix,2024-05-19,imola,Autodromo Enzo e Dino Ferrari,Imola,Italy,russell,RUS,George,Russell,George Russell,1998-02-15,British,63,mercedes,Mercedes,German,6,7,7,7,CLASSIFIED,Finished,False,63,7.0
FastF1/Jolpica,20260810T200317Z,2024-07,2024,7,Emilia Romagna Grand Prix,2024-05-19,imola,Autodromo Enzo e Dino Ferrari,Imola,Italy,perez,PER,Sergio,Pérez,Sergio Pérez,1990-01-26,Mexican,11,red_bull,Red Bull,Austrian,11,8,8,8,CLASSIFIED,Finished,False,63,4.0
FastF1/Jolpica,20260810T200317Z,2024-07,2024,7,Emilia Romagna Grand Prix,2024-05-19,imola,Autodromo Enzo e Dino Ferrari,Imola,Italy,stroll,STR,Lance,Stroll,Lance Stroll,1998-10-29,Canadian,18,aston_martin,Aston Martin,British,13,9,9,9,CLASSIFIED,Finished,False,63,2.0
FastF1/Jolpica,20260810T200317Z,2024-07,2024,7,Emilia Romagna Grand Prix,2024-05-19,imola,Autodromo Enzo e Dino Ferrari,Imola,Italy,tsunoda,TSU,Yuki,Tsunoda,Yuki Tsunoda,2000-05-11,Japanese,22,rb,RB F1 Team,Italian,7,10,10,10,CLASSIFIED,Lapped,False,62,1.0
FastF1/Jolpica,20260810T200317Z,2024-07,2024,7,Emilia Romagna Grand Prix,2024-05-19,imola,Autodromo Enzo e Dino Ferrari,Imola,Italy,hulkenberg,HUL,Nico,Hülkenberg,Nico Hülkenberg,1987-08-19,German,27,haas,Haas F1 Team,American,10,11,11,11,CLASSIFIED,Lapped,False,62,0.0
FastF1/Jolpica,20260810T200317Z,2024-07,2024,7,Emilia Romagna Grand Prix,2024-05-19,imola,Autodromo Enzo e Dino Ferrari,Imola,Italy,kevin_magnussen,MAG,Kevin,Magnussen,Kevin Magnussen,1992-10-05,Danish,20,haas,Haas F1 Team,American,18,12,12,12,CLASSIFIED,Lapped,False,62,0.0
FastF1/Jolpica,20260810T200317Z,2024-07,2024,7,Emilia Romagna Grand Prix,2024-05-19,imola,Autodromo Enzo e Dino Ferrari,Imola,Italy,ricciardo,RIC,Daniel,Ricciardo,Daniel Ricciardo,1989-07-01,Australian,3,rb,RB F1 Team,Italian,9,13,13,13,CLASSIFIED,Lapped,False,62,0.0
FastF1/Jolpica,20260810T200317Z,2024-07,2024,7,Emilia Romagna Grand Prix,2024-05-19,imola,Autodromo Enzo e Dino Ferrari,Imola,Italy,ocon,OCO,Esteban,Ocon,Esteban Ocon,1996-09-17,French,31,alpine,Alpine F1 Team,French,12,14,14,14,CLASSIFIED,Lapped,False,62,0.0
FastF1/Jolpica,20260810T200317Z,2024-07,2024,7,Emilia Romagna Grand Prix,2024-05-19,imola,Autodromo Enzo e Dino Ferrari,Imola,Italy,zhou,ZHO,Guanyu,Zhou,Guanyu Zhou,1999-05-30,Chinese,24,sauber,Sauber,Swiss,17,15,15,15,CLASSIFIED,Lapped,False,62,0.0
FastF1/Jolpica,20260810T200317Z,2024-07,2024,7,Emilia Romagna Grand Prix,2024-05-19,imola,Autodromo Enzo e Dino Ferrari,Imola,Italy,gasly,GAS,Pierre,Gasly,Pierre Gasly,1996-02-07,French,10,alpine,Alpine F1 Team,French,15,16,16,16,CLASSIFIED,Lapped,False,62,0.0
FastF1/Jolpica,20260810T200317Z,2024-07,2024,7,Emilia Romagna Grand Prix,2024-05-19,imola,Autodromo Enzo e Dino Ferrari,Imola,Italy,sargeant,SAR,Logan,Sargeant,Logan Sargeant,2000-12-31,American,2,williams,Williams,British,19,17,17,17,CLASSIFIED,Lapped,False,62,0.0
FastF1/Jolpica,20260810T200317Z,2024-07,2024,7,Emilia Romagna Grand Prix,2024-05-19,imola,Autodromo Enzo e Dino Ferrari,Imola,Italy,bottas,BOT,Valtteri,Bottas,Valtteri Bottas,1989-08-28,Finnish,77,sauber,Sauber,Swiss,16,18,18,18,CLASSIFIED,Lapped,False,62,0.0
FastF1/Jolpica,20260810T200317Z,2024-07,2024,7,Emilia Romagna Grand Prix,2024-05-19,imola,Autodromo Enzo e Dino Ferrari,Imola,Italy,alonso,ALO,Fernando,Alonso,Fernando Alonso,1981-07-29,Spanish,14,aston_martin,Aston Martin,British,20,19,19,19,CLASSIFIED,Lapped,False,62,0.0
FastF1/Jolpica,20260810T200317Z,2024-07,2024,7,Emilia Romagna Grand Prix,2024-05-19,imola,Autodromo Enzo e Dino Ferrari,Imola,Italy,albon,ALB,Alexander,Albon,Alexander Albon,1996-03-23,Thai,23,williams,Williams,British,14,20,R,20,DNF,Retired,False,51,0.0
FastF1/Jolpica,20260810T200317Z,2024-08,2024,8,Monaco Grand Prix,2024-05-26,monaco,Circuit de Monaco,Monte Carlo,Monaco,leclerc,LEC,Charles,Leclerc,Charles Leclerc,1997-10-16,Monegasque,16,ferrari,Ferrari,Italian,1,1,1,1,CLASSIFIED,Finished,False,78,25.0
FastF1/Jolpica,20260810T200317Z,2024-08,2024,8,Monaco Grand Prix,2024-05-26,monaco,Circuit de Monaco,Monte Carlo,Monaco,piastri,PIA,Oscar,Piastri,Oscar Piastri,2001-04-06,Australian,81,mclaren,McLaren,British,2,2,2,2,CLASSIFIED,Finished,False,78,18.0
FastF1/Jolpica,20260810T200317Z,2024-08,2024,8,Monaco Grand Prix,2024-05-26,monaco,Circuit de Monaco,Monte Carlo,Monaco,sainz,SAI,Carlos,Sainz,Carlos Sainz,1994-09-01,Spanish,55,ferrari,Ferrari,Italian,3,3,3,3,CLASSIFIED,Finished,False,78,15.0
FastF1/Jolpica,20260810T200317Z,2024-08,2024,8,Monaco Grand Prix,2024-05-26,monaco,Circuit de Monaco,Monte Carlo,Monaco,norris,NOR,Lando,Norris,Lando Norris,1999-11-13,British,4,mclaren,McLaren,British,4,4,4,4,CLASSIFIED,Finished,False,78,12.0
FastF1/Jolpica,20260810T200317Z,2024-08,2024,8,Monaco Grand Prix,2024-05-26,monaco,Circuit de Monaco,Monte Carlo,Monaco,russell,RUS,George,Russell,George Russell,1998-02-15,British,63,mercedes,Mercedes,German,5,5,5,5,CLASSIFIED,Finished,False,78,10.0
FastF1/Jolpica,20260810T200317Z,2024-08,2024,8,Monaco Grand Prix,2024-05-26,monaco,Circuit de Monaco,Monte Carlo,Monaco,max_verstappen,VER,Max,Verstappen,Max Verstappen,1997-09-30,Dutch,1,red_bull,Red Bull,Austrian,6,6,6,6,CLASSIFIED,Finished,False,78,8.0
FastF1/Jolpica,20260810T200317Z,2024-08,2024,8,Monaco Grand Prix,2024-05-26,monaco,Circuit de Monaco,Monte Carlo,Monaco,hamilton,HAM,Lewis,Hamilton,Lewis Hamilton,1985-01-07,British,44,mercedes,Mercedes,German,7,7,7,7,CLASSIFIED,Finished,False,78,7.0
FastF1/Jolpica,20260810T200317Z,2024-08,2024,8,Monaco Grand Prix,2024-05-26,monaco,Circuit de Monaco,Monte Carlo,Monaco,tsunoda,TSU,Yuki,Tsunoda,Yuki Tsunoda,2000-05-11,Japanese,22,rb,RB F1 Team,Italian,8,8,8,8,CLASSIFIED,Lapped,False,77,4.0
FastF1/Jolpica,20260810T200317Z,2024-08,2024,8,Monaco Grand Prix,2024-05-26,monaco,Circuit de Monaco,Monte Carlo,Monaco,albon,ALB,Alexander,Albon,Alexander Albon,1996-03-23,Thai,23,williams,Williams,British,9,9,9,9,CLASSIFIED,Lapped,False,77,2.0
FastF1/Jolpica,20260810T200317Z,2024-08,2024,8,Monaco Grand Prix,2024-05-26,monaco,Circuit de Monaco,Monte Carlo,Monaco,gasly,GAS,Pierre,Gasly,Pierre Gasly,1996-02-07,French,10,alpine,Alpine F1 Team,French,10,10,10,10,CLASSIFIED,Lapped,False,77,1.0
FastF1/Jolpica,20260810T200317Z,2024-08,2024,8,Monaco Grand Prix,2024-05-26,monaco,Circuit de Monaco,Monte Carlo,Monaco,alonso,ALO,Fernando,Alonso,Fernando Alonso,1981-07-29,Spanish,14,aston_martin,Aston Martin,British,14,11,11,11,CLASSIFIED,Lapped,False,76,0.0
FastF1/Jolpica,20260810T200317Z,2024-08,2024,8,Monaco Grand Prix,2024-05-26,monaco,Circuit de Monaco,Monte Carlo,Monaco,ricciardo,RIC,Daniel,Ricciardo,Daniel Ricciardo,1989-07-01,Australian,3,rb,RB F1 Team,Italian,12,12,12,12,CLASSIFIED,Lapped,False,76,0.0
FastF1/Jolpica,20260810T200317Z,2024-08,2024,8,Monaco Grand Prix,2024-05-26,monaco,Circuit de Monaco,Monte Carlo,Monaco,bottas,BOT,Valtteri,Bottas,Valtteri Bottas,1989-08-28,Finnish,77,sauber,Sauber,Swiss,17,13,13,13,CLASSIFIED,Lapped,False,76,0.0
FastF1/Jolpica,20260810T200317Z,2024-08,2024,8,Monaco Grand Prix,2024-05-26,monaco,Circuit de Monaco,Monte Carlo,Monaco,stroll,STR,Lance,Stroll,Lance Stroll,1998-10-29,Canadian,18,aston_martin,Aston Martin,British,13,14,14,14,CLASSIFIED,Lapped,False,76,0.0
FastF1/Jolpica,20260810T200317Z,2024-08,2024,8,Monaco Grand Prix,2024-05-26,monaco,Circuit de Monaco,Monte Carlo,Monaco,sargeant,SAR,Logan,Sargeant,Logan Sargeant,2000-12-31,American,2,williams,Williams,British,15,15,15,15,CLASSIFIED,Lapped,False,76,0.0
FastF1/Jolpica,20260810T200317Z,2024-08,2024,8,Monaco Grand Prix,2024-05-26,monaco,Circuit de Monaco,Monte Carlo,Monaco,zhou,ZHO,Guanyu,Zhou,Guanyu Zhou,1999-05-30,Chinese,24,sauber,Sauber,Swiss,18,16,16,16,CLASSIFIED,Lapped,False,76,0.0
FastF1/Jolpica,20260810T200317Z,2024-08,2024,8,Monaco Grand Prix,2024-05-26,monaco,Circuit de Monaco,Monte Carlo,Monaco,ocon,OCO,Esteban,Ocon,Esteban Ocon,1996-09-17,French,31,alpine,Alpine F1 Team,French,11,17,R,17,DNF,Retired,False,0,0.0
FastF1/Jolpica,20260810T200317Z,2024-08,2024,8,Monaco Grand Prix,2024-05-26,monaco,Circuit de Monaco,Monte Carlo,Monaco,perez,PER,Sergio,Pérez,Sergio Pérez,1990-01-26,Mexican,11,red_bull,Red Bull,Austrian,16,18,R,18,DNF,Retired,False,0,0.0
FastF1/Jolpica,20260810T200317Z,2024-08,2024,8,Monaco Grand Prix,2024-05-26,monaco,Circuit de Monaco,Monte Carlo,Monaco,hulkenberg,HUL,Nico,Hülkenberg,Nico Hülkenberg,1987-08-19,German,27,haas,Haas F1 Team,American,19,19,R,19,DNF,Retired,False,0,0.0
FastF1/Jolpica,20260810T200317Z,2024-08,2024,8,Monaco Grand Prix,2024-05-26,monaco,Circuit de Monaco,Monte Carlo,Monaco,kevin_magnussen,MAG,Kevin,Magnussen,Kevin Magnussen,1992-10-05,Danish,20,haas,Haas F1 Team,American,20,20,R,20,DNF,Retired,False,0,0.0
FastF1/Jolpica,20260810T200317Z,2024-09,2024,9,Canadian Grand Prix,2024-06-09,villeneuve,Circuit Gilles Villeneuve,Montreal,Canada,max_verstappen,VER,Max,Verstappen,Max Verstappen,1997-09-30,Dutch,1,red_bull,Red Bull,Austrian,2,1,1,1,CLASSIFIED,Finished,False,70,25.0
FastF1/Jolpica,20260810T200317Z,2024-09,2024,9,Canadian Grand Prix,2024-06-09,villeneuve,Circuit Gilles Villeneuve,Montreal,Canada,norris,NOR,Lando,Norris,Lando Norris,1999-11-13,British,4,mclaren,McLaren,British,3,2,2,2,CLASSIFIED,Finished,False,70,18.0
FastF1/Jolpica,20260810T200317Z,2024-09,2024,9,Canadian Grand Prix,2024-06-09,villeneuve,Circuit Gilles Villeneuve,Montreal,Canada,russell,RUS,George,Russell,George Russell,1998-02-15,British,63,mercedes,Mercedes,German,1,3,3,3,CLASSIFIED,Finished,False,70,15.0
FastF1/Jolpica,20260810T200317Z,2024-09,2024,9,Canadian Grand Prix,2024-06-09,villeneuve,Circuit Gilles Villeneuve,Montreal,Canada,hamilton,HAM,Lewis,Hamilton,Lewis Hamilton,1985-01-07,British,44,mercedes,Mercedes,German,7,4,4,4,CLASSIFIED,Finished,False,70,13.0
FastF1/Jolpica,20260810T200317Z,2024-09,2024,9,Canadian Grand Prix,2024-06-09,villeneuve,Circuit Gilles Villeneuve,Montreal,Canada,piastri,PIA,Oscar,Piastri,Oscar Piastri,2001-04-06,Australian,81,mclaren,McLaren,British,4,5,5,5,CLASSIFIED,Finished,False,70,10.0
FastF1/Jolpica,20260810T200317Z,2024-09,2024,9,Canadian Grand Prix,2024-06-09,villeneuve,Circuit Gilles Villeneuve,Montreal,Canada,alonso,ALO,Fernando,Alonso,Fernando Alonso,1981-07-29,Spanish,14,aston_martin,Aston Martin,British,6,6,6,6,CLASSIFIED,Finished,False,70,8.0
FastF1/Jolpica,20260810T200317Z,2024-09,2024,9,Canadian Grand Prix,2024-06-09,villeneuve,Circuit Gilles Villeneuve,Montreal,Canada,stroll,STR,Lance,Stroll,Lance Stroll,1998-10-29,Canadian,18,aston_martin,Aston Martin,British,9,7,7,7,CLASSIFIED,Finished,False,70,6.0
FastF1/Jolpica,20260810T200317Z,2024-09,2024,9,Canadian Grand Prix,2024-06-09,villeneuve,Circuit Gilles Villeneuve,Montreal,Canada,ricciardo,RIC,Daniel,Ricciardo,Daniel Ricciardo,1989-07-01,Australian,3,rb,RB F1 Team,Italian,5,8,8,8,CLASSIFIED,Finished,False,70,4.0
FastF1/Jolpica,20260810T200317Z,2024-09,2024,9,Canadian Grand Prix,2024-06-09,villeneuve,Circuit Gilles Villeneuve,Montreal,Canada,gasly,GAS,Pierre,Gasly,Pierre Gasly,1996-02-07,French,10,alpine,Alpine F1 Team,French,15,9,9,9,CLASSIFIED,Finished,False,70,2.0
FastF1/Jolpica,20260810T200317Z,2024-09,2024,9,Canadian Grand Prix,2024-06-09,villeneuve,Circuit Gilles Villeneuve,Montreal,Canada,ocon,OCO,Esteban,Ocon,Esteban Ocon,1996-09-17,French,31,alpine,Alpine F1 Team,French,18,10,10,10,CLASSIFIED,Finished,False,70,1.0
FastF1/Jolpica,20260810T200317Z,2024-09,2024,9,Canadian Grand Prix,2024-06-09,villeneuve,Circuit Gilles Villeneuve,Montreal,Canada,hulkenberg,HUL,Nico,Hülkenberg,Nico Hülkenberg,1987-08-19,German,27,haas,Haas F1 Team,American,17,11,11,11,CLASSIFIED,Finished,False,70,0.0
FastF1/Jolpica,20260810T200317Z,2024-09,2024,9,Canadian Grand Prix,2024-06-09,villeneuve,Circuit Gilles Villeneuve,Montreal,Canada,kevin_magnussen,MAG,Kevin,Magnussen,Kevin Magnussen,1992-10-05,Danish,20,haas,Haas F1 Team,American,14,12,12,12,CLASSIFIED,Finished,False,70,0.0
FastF1/Jolpica,20260810T200317Z,2024-09,2024,9,Canadian Grand Prix,2024-06-09,villeneuve,Circuit Gilles Villeneuve,Montreal,Canada,bottas,BOT,Valtteri,Bottas,Valtteri Bottas,1989-08-28,Finnish,77,sauber,Sauber,Swiss,19,13,13,13,CLASSIFIED,Finished,False,70,0.0
FastF1/Jolpica,20260810T200317Z,2024-09,2024,9,Canadian Grand Prix,2024-06-09,villeneuve,Circuit Gilles Villeneuve,Montreal,Canada,tsunoda,TSU,Yuki,Tsunoda,Yuki Tsunoda,2000-05-11,Japanese,22,rb,RB F1 Team,Italian,8,14,14,14,CLASSIFIED,Finished,False,70,0.0
FastF1/Jolpica,20260810T200317Z,2024-09,2024,9,Canadian Grand Prix,2024-06-09,villeneuve,Circuit Gilles Villeneuve,Montreal,Canada,zhou,ZHO,Guanyu,Zhou,Guanyu Zhou,1999-05-30,Chinese,24,sauber,Sauber,Swiss,20,15,15,15,CLASSIFIED,Lapped,False,69,0.0
FastF1/Jolpica,20260810T200317Z,2024-09,2024,9,Canadian Grand Prix,2024-06-09,villeneuve,Circuit Gilles Villeneuve,Montreal,Canada,sainz,SAI,Carlos,Sainz,Carlos Sainz,1994-09-01,Spanish,55,ferrari,Ferrari,Italian,12,16,R,16,DNF,Retired,False,52,0.0
FastF1/Jolpica,20260810T200317Z,2024-09,2024,9,Canadian Grand Prix,2024-06-09,villeneuve,Circuit Gilles Villeneuve,Montreal,Canada,albon,ALB,Alexander,Albon,Alexander Albon,1996-03-23,Thai,23,williams,Williams,British,10,17,R,17,DNF,Retired,False,52,0.0
FastF1/Jolpica,20260810T200317Z,2024-09,2024,9,Canadian Grand Prix,2024-06-09,villeneuve,Circuit Gilles Villeneuve,Montreal,Canada,perez,PER,Sergio,Pérez,Sergio Pérez,1990-01-26,Mexican,11,red_bull,Red Bull,Austrian,16,18,R,18,DNF,Retired,False,51,0.0
FastF1/Jolpica,20260810T200317Z,2024-09,2024,9,Canadian Grand Prix,2024-06-09,villeneuve,Circuit Gilles Villeneuve,Montreal,Canada,leclerc,LEC,Charles,Leclerc,Charles Leclerc,1997-10-16,Monegasque,16,ferrari,Ferrari,Italian,11,19,R,19,DNF,Retired,False,40,0.0
FastF1/Jolpica,20260810T200317Z,2024-09,2024,9,Canadian Grand Prix,2024-06-09,villeneuve,Circuit Gilles Villeneuve,Montreal,Canada,sargeant,SAR,Logan,Sargeant,Logan Sargeant,2000-12-31,American,2,williams,Williams,British,13,20,R,20,DNF,Retired,False,23,0.0
FastF1/Jolpica,20260810T200317Z,2024-10,2024,10,Spanish Grand Prix,2024-06-23,catalunya,Circuit de Barcelona-Catalunya,Barcelona,Spain,max_verstappen,VER,Max,Verstappen,Max Verstappen,1997-09-30,Dutch,1,red_bull,Red Bull,Austrian,2,1,1,1,CLASSIFIED,Finished,False,66,25.0
FastF1/Jolpica,20260810T200317Z,2024-10,2024,10,Spanish Grand Prix,2024-06-23,catalunya,Circuit de Barcelona-Catalunya,Barcelona,Spain,norris,NOR,Lando,Norris,Lando Norris,1999-11-13,British,4,mclaren,McLaren,British,1,2,2,2,CLASSIFIED,Finished,False,66,19.0
FastF1/Jolpica,20260810T200317Z,2024-10,2024,10,Spanish Grand Prix,2024-06-23,catalunya,Circuit de Barcelona-Catalunya,Barcelona,Spain,hamilton,HAM,Lewis,Hamilton,Lewis Hamilton,1985-01-07,British,44,mercedes,Mercedes,German,3,3,3,3,CLASSIFIED,Finished,False,66,15.0
FastF1/Jolpica,20260810T200317Z,2024-10,2024,10,Spanish Grand Prix,2024-06-23,catalunya,Circuit de Barcelona-Catalunya,Barcelona,Spain,russell,RUS,George,Russell,George Russell,1998-02-15,British,63,mercedes,Mercedes,German,4,4,4,4,CLASSIFIED,Finished,False,66,12.0
FastF1/Jolpica,20260810T200317Z,2024-10,2024,10,Spanish Grand Prix,2024-06-23,catalunya,Circuit de Barcelona-Catalunya,Barcelona,Spain,leclerc,LEC,Charles,Leclerc,Charles Leclerc,1997-10-16,Monegasque,16,ferrari,Ferrari,Italian,5,5,5,5,CLASSIFIED,Finished,False,66,10.0
FastF1/Jolpica,20260810T200317Z,2024-10,2024,10,Spanish Grand Prix,2024-06-23,catalunya,Circuit de Barcelona-Catalunya,Barcelona,Spain,sainz,SAI,Carlos,Sainz,Carlos Sainz,1994-09-01,Spanish,55,ferrari,Ferrari,Italian,6,6,6,6,CLASSIFIED,Finished,False,66,8.0
FastF1/Jolpica,20260810T200317Z,2024-10,2024,10,Spanish Grand Prix,2024-06-23,catalunya,Circuit de Barcelona-Catalunya,Barcelona,Spain,piastri,PIA,Oscar,Piastri,Oscar Piastri,2001-04-06,Australian,81,mclaren,McLaren,British,9,7,7,7,CLASSIFIED,Finished,False,66,6.0
FastF1/Jolpica,20260810T200317Z,2024-10,2024,10,Spanish Grand Prix,2024-06-23,catalunya,Circuit de Barcelona-Catalunya,Barcelona,Spain,perez,PER,Sergio,Pérez,Sergio Pérez,1990-01-26,Mexican,11,red_bull,Red Bull,Austrian,11,8,8,8,CLASSIFIED,Finished,False,66,4.0
FastF1/Jolpica,20260810T200317Z,2024-10,2024,10,Spanish Grand Prix,2024-06-23,catalunya,Circuit de Barcelona-Catalunya,Barcelona,Spain,gasly,GAS,Pierre,Gasly,Pierre Gasly,1996-02-07,French,10,alpine,Alpine F1 Team,French,7,9,9,9,CLASSIFIED,Finished,False,66,2.0
FastF1/Jolpica,20260810T200317Z,2024-10,2024,10,Spanish Grand Prix,2024-06-23,catalunya,Circuit de Barcelona-Catalunya,Barcelona,Spain,ocon,OCO,Esteban,Ocon,Esteban Ocon,1996-09-17,French,31,alpine,Alpine F1 Team,French,8,10,10,10,CLASSIFIED,Finished,False,66,1.0
FastF1/Jolpica,20260810T200317Z,2024-10,2024,10,Spanish Grand Prix,2024-06-23,catalunya,Circuit de Barcelona-Catalunya,Barcelona,Spain,hulkenberg,HUL,Nico,Hülkenberg,Nico Hülkenberg,1987-08-19,German,27,haas,Haas F1 Team,American,13,11,11,11,CLASSIFIED,Finished,False,66,0.0
FastF1/Jolpica,20260810T200317Z,2024-10,2024,10,Spanish Grand Prix,2024-06-23,catalunya,Circuit de Barcelona-Catalunya,Barcelona,Spain,alonso,ALO,Fernando,Alonso,Fernando Alonso,1981-07-29,Spanish,14,aston_martin,Aston Martin,British,10,12,12,12,CLASSIFIED,Lapped,False,65,0.0
FastF1/Jolpica,20260810T200317Z,2024-10,2024,10,Spanish Grand Prix,2024-06-23,catalunya,Circuit de Barcelona-Catalunya,Barcelona,Spain,zhou,ZHO,Guanyu,Zhou,Guanyu Zhou,1999-05-30,Chinese,24,sauber,Sauber,Swiss,15,13,13,13,CLASSIFIED,Lapped,False,65,0.0
FastF1/Jolpica,20260810T200317Z,2024-10,2024,10,Spanish Grand Prix,2024-06-23,catalunya,Circuit de Barcelona-Catalunya,Barcelona,Spain,stroll,STR,Lance,Stroll,Lance Stroll,1998-10-29,Canadian,18,aston_martin,Aston Martin,British,14,14,14,14,CLASSIFIED,Lapped,False,65,0.0
FastF1/Jolpica,20260810T200317Z,2024-10,2024,10,Spanish Grand Prix,2024-06-23,catalunya,Circuit de Barcelona-Catalunya,Barcelona,Spain,ricciardo,RIC,Daniel,Ricciardo,Daniel Ricciardo,1989-07-01,Australian,3,rb,RB F1 Team,Italian,18,15,15,15,CLASSIFIED,Lapped,False,65,0.0
FastF1/Jolpica,20260810T200317Z,2024-10,2024,10,Spanish Grand Prix,2024-06-23,catalunya,Circuit de Barcelona-Catalunya,Barcelona,Spain,bottas,BOT,Valtteri,Bottas,Valtteri Bottas,1989-08-28,Finnish,77,sauber,Sauber,Swiss,12,16,16,16,CLASSIFIED,Lapped,False,65,0.0
FastF1/Jolpica,20260810T200317Z,2024-10,2024,10,Spanish Grand Prix,2024-06-23,catalunya,Circuit de Barcelona-Catalunya,Barcelona,Spain,kevin_magnussen,MAG,Kevin,Magnussen,Kevin Magnussen,1992-10-05,Danish,20,haas,Haas F1 Team,American,16,17,17,17,CLASSIFIED,Lapped,False,65,0.0
FastF1/Jolpica,20260810T200317Z,2024-10,2024,10,Spanish Grand Prix,2024-06-23,catalunya,Circuit de Barcelona-Catalunya,Barcelona,Spain,albon,ALB,Alexander,Albon,Alexander Albon,1996-03-23,Thai,23,williams,Williams,British,20,18,18,18,CLASSIFIED,Lapped,False,65,0.0
FastF1/Jolpica,20260810T200317Z,2024-10,2024,10,Spanish Grand Prix,2024-06-23,catalunya,Circuit de Barcelona-Catalunya,Barcelona,Spain,tsunoda,TSU,Yuki,Tsunoda,Yuki Tsunoda,2000-05-11,Japanese,22,rb,RB F1 Team,Italian,17,19,19,19,CLASSIFIED,Lapped,False,65,0.0
FastF1/Jolpica,20260810T200317Z,2024-10,2024,10,Spanish Grand Prix,2024-06-23,catalunya,Circuit de Barcelona-Catalunya,Barcelona,Spain,sargeant,SAR,Logan,Sargeant,Logan Sargeant,2000-12-31,American,2,williams,Williams,British,19,20,20,20,CLASSIFIED,Lapped,False,64,0.0
FastF1/Jolpica,20260810T200317Z,2024-11,2024,11,Austrian Grand Prix,2024-06-30,red_bull_ring,Red Bull Ring,Spielberg,Austria,russell,RUS,George,Russell,George Russell,1998-02-15,British,63,mercedes,Mercedes,German,3,1,1,1,CLASSIFIED,Finished,False,71,25.0
FastF1/Jolpica,20260810T200317Z,2024-11,2024,11,Austrian Grand Prix,2024-06-30,red_bull_ring,Red Bull Ring,Spielberg,Austria,piastri,PIA,Oscar,Piastri,Oscar Piastri,2001-04-06,Australian,81,mclaren,McLaren,British,7,2,2,2,CLASSIFIED,Finished,False,71,18.0
FastF1/Jolpica,20260810T200317Z,2024-11,2024,11,Austrian Grand Prix,2024-06-30,red_bull_ring,Red Bull Ring,Spielberg,Austria,sainz,SAI,Carlos,Sainz,Carlos Sainz,1994-09-01,Spanish,55,ferrari,Ferrari,Italian,4,3,3,3,CLASSIFIED,Finished,False,71,15.0
FastF1/Jolpica,20260810T200317Z,2024-11,2024,11,Austrian Grand Prix,2024-06-30,red_bull_ring,Red Bull Ring,Spielberg,Austria,hamilton,HAM,Lewis,Hamilton,Lewis Hamilton,1985-01-07,British,44,mercedes,Mercedes,German,5,4,4,4,CLASSIFIED,Finished,False,71,12.0
FastF1/Jolpica,20260810T200317Z,2024-11,2024,11,Austrian Grand Prix,2024-06-30,red_bull_ring,Red Bull Ring,Spielberg,Austria,max_verstappen,VER,Max,Verstappen,Max Verstappen,1997-09-30,Dutch,1,red_bull,Red Bull,Austrian,1,5,5,5,CLASSIFIED,Finished,False,71,10.0
FastF1/Jolpica,20260810T200317Z,2024-11,2024,11,Austrian Grand Prix,2024-06-30,red_bull_ring,Red Bull Ring,Spielberg,Austria,hulkenberg,HUL,Nico,Hülkenberg,Nico Hülkenberg,1987-08-19,German,27,haas,Haas F1 Team,American,9,6,6,6,CLASSIFIED,Finished,False,71,8.0
FastF1/Jolpica,20260810T200317Z,2024-11,2024,11,Austrian Grand Prix,2024-06-30,red_bull_ring,Red Bull Ring,Spielberg,Austria,perez,PER,Sergio,Pérez,Sergio Pérez,1990-01-26,Mexican,11,red_bull,Red Bull,Austrian,8,7,7,7,CLASSIFIED,Finished,False,71,6.0
FastF1/Jolpica,20260810T200317Z,2024-11,2024,11,Austrian Grand Prix,2024-06-30,red_bull_ring,Red Bull Ring,Spielberg,Austria,kevin_magnussen,MAG,Kevin,Magnussen,Kevin Magnussen,1992-10-05,Danish,20,haas,Haas F1 Team,American,12,8,8,8,CLASSIFIED,Finished,False,71,4.0
FastF1/Jolpica,20260810T200317Z,2024-11,2024,11,Austrian Grand Prix,2024-06-30,red_bull_ring,Red Bull Ring,Spielberg,Austria,ricciardo,RIC,Daniel,Ricciardo,Daniel Ricciardo,1989-07-01,Australian,3,rb,RB F1 Team,Italian,11,9,9,9,CLASSIFIED,Finished,False,71,2.0
FastF1/Jolpica,20260810T200317Z,2024-11,2024,11,Austrian Grand Prix,2024-06-30,red_bull_ring,Red Bull Ring,Spielberg,Austria,gasly,GAS,Pierre,Gasly,Pierre Gasly,1996-02-07,French,10,alpine,Alpine F1 Team,French,13,10,10,10,CLASSIFIED,Finished,False,71,1.0
FastF1/Jolpica,20260810T200317Z,2024-11,2024,11,Austrian Grand Prix,2024-06-30,red_bull_ring,Red Bull Ring,Spielberg,Austria,leclerc,LEC,Charles,Leclerc,Charles Leclerc,1997-10-16,Monegasque,16,ferrari,Ferrari,Italian,6,11,11,11,CLASSIFIED,Finished,False,71,0.0
FastF1/Jolpica,20260810T200317Z,2024-11,2024,11,Austrian Grand Prix,2024-06-30,red_bull_ring,Red Bull Ring,Spielberg,Austria,ocon,OCO,Esteban,Ocon,Esteban Ocon,1996-09-17,French,31,alpine,Alpine F1 Team,French,10,12,12,12,CLASSIFIED,Finished,False,71,0.0
FastF1/Jolpica,20260810T200317Z,2024-11,2024,11,Austrian Grand Prix,2024-06-30,red_bull_ring,Red Bull Ring,Spielberg,Austria,stroll,STR,Lance,Stroll,Lance Stroll,1998-10-29,Canadian,18,aston_martin,Aston Martin,British,17,13,13,13,CLASSIFIED,Lapped,False,70,0.0
FastF1/Jolpica,20260810T200317Z,2024-11,2024,11,Austrian Grand Prix,2024-06-30,red_bull_ring,Red Bull Ring,Spielberg,Austria,tsunoda,TSU,Yuki,Tsunoda,Yuki Tsunoda,2000-05-11,Japanese,22,rb,RB F1 Team,Italian,14,14,14,14,CLASSIFIED,Lapped,False,70,0.0
FastF1/Jolpica,20260810T200317Z,2024-11,2024,11,Austrian Grand Prix,2024-06-30,red_bull_ring,Red Bull Ring,Spielberg,Austria,albon,ALB,Alexander,Albon,Alexander Albon,1996-03-23,Thai,23,williams,Williams,British,16,15,15,15,CLASSIFIED,Lapped,False,70,0.0
FastF1/Jolpica,20260810T200317Z,2024-11,2024,11,Austrian Grand Prix,2024-06-30,red_bull_ring,Red Bull Ring,Spielberg,Austria,bottas,BOT,Valtteri,Bottas,Valtteri Bottas,1989-08-28,Finnish,77,sauber,Sauber,Swiss,18,16,16,16,CLASSIFIED,Lapped,False,70,0.0
FastF1/Jolpica,20260810T200317Z,2024-11,2024,11,Austrian Grand Prix,2024-06-30,red_bull_ring,Red Bull Ring,Spielberg,Austria,zhou,ZHO,Guanyu,Zhou,Guanyu Zhou,1999-05-30,Chinese,24,sauber,Sauber,Swiss,20,17,17,17,CLASSIFIED,Lapped,False,70,0.0
FastF1/Jolpica,20260810T200317Z,2024-11,2024,11,Austrian Grand Prix,2024-06-30,red_bull_ring,Red Bull Ring,Spielberg,Austria,alonso,ALO,Fernando,Alonso,Fernando Alonso,1981-07-29,Spanish,14,aston_martin,Aston Martin,British,15,18,18,18,CLASSIFIED,Lapped,False,70,0.0
FastF1/Jolpica,20260810T200317Z,2024-11,2024,11,Austrian Grand Prix,2024-06-30,red_bull_ring,Red Bull Ring,Spielberg,Austria,sargeant,SAR,Logan,Sargeant,Logan Sargeant,2000-12-31,American,2,williams,Williams,British,19,19,19,19,CLASSIFIED,Lapped,False,69,0.0
FastF1/Jolpica,20260810T200317Z,2024-11,2024,11,Austrian Grand Prix,2024-06-30,red_bull_ring,Red Bull Ring,Spielberg,Austria,norris,NOR,Lando,Norris,Lando Norris,1999-11-13,British,4,mclaren,McLaren,British,2,20,20,20,CLASSIFIED,Lapped,False,64,0.0
FastF1/Jolpica,20260810T200317Z,2024-12,2024,12,British Grand Prix,2024-07-07,silverstone,Silverstone Circuit,Silverstone,UK,hamilton,HAM,Lewis,Hamilton,Lewis Hamilton,1985-01-07,British,44,mercedes,Mercedes,German,2,1,1,1,CLASSIFIED,Finished,False,52,25.0
FastF1/Jolpica,20260810T200317Z,2024-12,2024,12,British Grand Prix,2024-07-07,silverstone,Silverstone Circuit,Silverstone,UK,max_verstappen,VER,Max,Verstappen,Max Verstappen,1997-09-30,Dutch,1,red_bull,Red Bull,Austrian,4,2,2,2,CLASSIFIED,Finished,False,52,18.0
FastF1/Jolpica,20260810T200317Z,2024-12,2024,12,British Grand Prix,2024-07-07,silverstone,Silverstone Circuit,Silverstone,UK,norris,NOR,Lando,Norris,Lando Norris,1999-11-13,British,4,mclaren,McLaren,British,3,3,3,3,CLASSIFIED,Finished,False,52,15.0
FastF1/Jolpica,20260810T200317Z,2024-12,2024,12,British Grand Prix,2024-07-07,silverstone,Silverstone Circuit,Silverstone,UK,piastri,PIA,Oscar,Piastri,Oscar Piastri,2001-04-06,Australian,81,mclaren,McLaren,British,5,4,4,4,CLASSIFIED,Finished,False,52,12.0
FastF1/Jolpica,20260810T200317Z,2024-12,2024,12,British Grand Prix,2024-07-07,silverstone,Silverstone Circuit,Silverstone,UK,sainz,SAI,Carlos,Sainz,Carlos Sainz,1994-09-01,Spanish,55,ferrari,Ferrari,Italian,7,5,5,5,CLASSIFIED,Finished,False,52,11.0
FastF1/Jolpica,20260810T200317Z,2024-12,2024,12,British Grand Prix,2024-07-07,silverstone,Silverstone Circuit,Silverstone,UK,hulkenberg,HUL,Nico,Hülkenberg,Nico Hülkenberg,1987-08-19,German,27,haas,Haas F1 Team,American,6,6,6,6,CLASSIFIED,Finished,False,52,8.0
FastF1/Jolpica,20260810T200317Z,2024-12,2024,12,British Grand Prix,2024-07-07,silverstone,Silverstone Circuit,Silverstone,UK,stroll,STR,Lance,Stroll,Lance Stroll,1998-10-29,Canadian,18,aston_martin,Aston Martin,British,8,7,7,7,CLASSIFIED,Finished,False,52,6.0
FastF1/Jolpica,20260810T200317Z,2024-12,2024,12,British Grand Prix,2024-07-07,silverstone,Silverstone Circuit,Silverstone,UK,alonso,ALO,Fernando,Alonso,Fernando Alonso,1981-07-29,Spanish,14,aston_martin,Aston Martin,British,10,8,8,8,CLASSIFIED,Finished,False,52,4.0
FastF1/Jolpica,20260810T200317Z,2024-12,2024,12,British Grand Prix,2024-07-07,silverstone,Silverstone Circuit,Silverstone,UK,albon,ALB,Alexander,Albon,Alexander Albon,1996-03-23,Thai,23,williams,Williams,British,9,9,9,9,CLASSIFIED,Finished,False,52,2.0
FastF1/Jolpica,20260810T200317Z,2024-12,2024,12,British Grand Prix,2024-07-07,silverstone,Silverstone Circuit,Silverstone,UK,tsunoda,TSU,Yuki,Tsunoda,Yuki Tsunoda,2000-05-11,Japanese,22,rb,RB F1 Team,Italian,13,10,10,10,CLASSIFIED,Finished,False,52,1.0
FastF1/Jolpica,20260810T200317Z,2024-12,2024,12,British Grand Prix,2024-07-07,silverstone,Silverstone Circuit,Silverstone,UK,sargeant,SAR,Logan,Sargeant,Logan Sargeant,2000-12-31,American,2,williams,Williams,British,12,11,11,11,CLASSIFIED,Finished,False,52,0.0
FastF1/Jolpica,20260810T200317Z,2024-12,2024,12,British Grand Prix,2024-07-07,silverstone,Silverstone Circuit,Silverstone,UK,kevin_magnussen,MAG,Kevin,Magnussen,Kevin Magnussen,1992-10-05,Danish,20,haas,Haas F1 Team,American,17,12,12,12,CLASSIFIED,Finished,False,52,0.0
FastF1/Jolpica,20260810T200317Z,2024-12,2024,12,British Grand Prix,2024-07-07,silverstone,Silverstone Circuit,Silverstone,UK,ricciardo,RIC,Daniel,Ricciardo,Daniel Ricciardo,1989-07-01,Australian,3,rb,RB F1 Team,Italian,15,13,13,13,CLASSIFIED,Lapped,False,51,0.0
FastF1/Jolpica,20260810T200317Z,2024-12,2024,12,British Grand Prix,2024-07-07,silverstone,Silverstone Circuit,Silverstone,UK,leclerc,LEC,Charles,Leclerc,Charles Leclerc,1997-10-16,Monegasque,16,ferrari,Ferrari,Italian,11,14,14,14,CLASSIFIED,Lapped,False,51,0.0
FastF1/Jolpica,20260810T200317Z,2024-12,2024,12,British Grand Prix,2024-07-07,silverstone,Silverstone Circuit,Silverstone,UK,bottas,BOT,Valtteri,Bottas,Valtteri Bottas,1989-08-28,Finnish,77,sauber,Sauber,Swiss,16,15,15,15,CLASSIFIED,Lapped,False,51,0.0
FastF1/Jolpica,20260810T200317Z,2024-12,2024,12,British Grand Prix,2024-07-07,silverstone,Silverstone Circuit,Silverstone,UK,ocon,OCO,Esteban,Ocon,Esteban Ocon,1996-09-17,French,31,alpine,Alpine F1 Team,French,18,16,16,16,CLASSIFIED,Lapped,False,50,0.0
FastF1/Jolpica,20260810T200317Z,2024-12,2024,12,British Grand Prix,2024-07-07,silverstone,Silverstone Circuit,Silverstone,UK,perez,PER,Sergio,Pérez,Sergio Pérez,1990-01-26,Mexican,11,red_bull,Red Bull,Austrian,20,17,17,17,CLASSIFIED,Lapped,False,50,0.0
FastF1/Jolpica,20260810T200317Z,2024-12,2024,12,British Grand Prix,2024-07-07,silverstone,Silverstone Circuit,Silverstone,UK,zhou,ZHO,Guanyu,Zhou,Guanyu Zhou,1999-05-30,Chinese,24,sauber,Sauber,Swiss,14,18,18,18,CLASSIFIED,Lapped,False,50,0.0
FastF1/Jolpica,20260810T200317Z,2024-12,2024,12,British Grand Prix,2024-07-07,silverstone,Silverstone Circuit,Silverstone,UK,russell,RUS,George,Russell,George Russell,1998-02-15,British,63,mercedes,Mercedes,German,1,19,R,19,DNF,Retired,False,33,0.0
FastF1/Jolpica,20260810T200317Z,2024-12,2024,12,British Grand Prix,2024-07-07,silverstone,Silverstone Circuit,Silverstone,UK,gasly,GAS,Pierre,Gasly,Pierre Gasly,1996-02-07,French,10,alpine,Alpine F1 Team,French,19,20,W,20,DNS,Did not start,False,0,0.0
FastF1/Jolpica,20260810T200317Z,2024-13,2024,13,Hungarian Grand Prix,2024-07-21,hungaroring,Hungaroring,Budapest,Hungary,piastri,PIA,Oscar,Piastri,Oscar Piastri,2001-04-06,Australian,81,mclaren,McLaren,British,2,1,1,1,CLASSIFIED,Finished,False,70,25.0
FastF1/Jolpica,20260810T200317Z,2024-13,2024,13,Hungarian Grand Prix,2024-07-21,hungaroring,Hungaroring,Budapest,Hungary,norris,NOR,Lando,Norris,Lando Norris,1999-11-13,British,4,mclaren,McLaren,British,1,2,2,2,CLASSIFIED,Finished,False,70,18.0
FastF1/Jolpica,20260810T200317Z,2024-13,2024,13,Hungarian Grand Prix,2024-07-21,hungaroring,Hungaroring,Budapest,Hungary,hamilton,HAM,Lewis,Hamilton,Lewis Hamilton,1985-01-07,British,44,mercedes,Mercedes,German,5,3,3,3,CLASSIFIED,Finished,False,70,15.0
FastF1/Jolpica,20260810T200317Z,2024-13,2024,13,Hungarian Grand Prix,2024-07-21,hungaroring,Hungaroring,Budapest,Hungary,leclerc,LEC,Charles,Leclerc,Charles Leclerc,1997-10-16,Monegasque,16,ferrari,Ferrari,Italian,6,4,4,4,CLASSIFIED,Finished,False,70,12.0
FastF1/Jolpica,20260810T200317Z,2024-13,2024,13,Hungarian Grand Prix,2024-07-21,hungaroring,Hungaroring,Budapest,Hungary,max_verstappen,VER,Max,Verstappen,Max Verstappen,1997-09-30,Dutch,1,red_bull,Red Bull,Austrian,3,5,5,5,CLASSIFIED,Finished,False,70,10.0
FastF1/Jolpica,20260810T200317Z,2024-13,2024,13,Hungarian Grand Prix,2024-07-21,hungaroring,Hungaroring,Budapest,Hungary,sainz,SAI,Carlos,Sainz,Carlos Sainz,1994-09-01,Spanish,55,ferrari,Ferrari,Italian,4,6,6,6,CLASSIFIED,Finished,False,70,8.0
FastF1/Jolpica,20260810T200317Z,2024-13,2024,13,Hungarian Grand Prix,2024-07-21,hungaroring,Hungaroring,Budapest,Hungary,perez,PER,Sergio,Pérez,Sergio Pérez,1990-01-26,Mexican,11,red_bull,Red Bull,Austrian,16,7,7,7,CLASSIFIED,Finished,False,70,6.0
FastF1/Jolpica,20260810T200317Z,2024-13,2024,13,Hungarian Grand Prix,2024-07-21,hungaroring,Hungaroring,Budapest,Hungary,russell,RUS,George,Russell,George Russell,1998-02-15,British,63,mercedes,Mercedes,German,17,8,8,8,CLASSIFIED,Finished,False,70,5.0
FastF1/Jolpica,20260810T200317Z,2024-13,2024,13,Hungarian Grand Prix,2024-07-21,hungaroring,Hungaroring,Budapest,Hungary,tsunoda,TSU,Yuki,Tsunoda,Yuki Tsunoda,2000-05-11,Japanese,22,rb,RB F1 Team,Italian,10,9,9,9,CLASSIFIED,Finished,False,70,2.0
FastF1/Jolpica,20260810T200317Z,2024-13,2024,13,Hungarian Grand Prix,2024-07-21,hungaroring,Hungaroring,Budapest,Hungary,stroll,STR,Lance,Stroll,Lance Stroll,1998-10-29,Canadian,18,aston_martin,Aston Martin,British,8,10,10,10,CLASSIFIED,Finished,False,70,1.0
FastF1/Jolpica,20260810T200317Z,2024-13,2024,13,Hungarian Grand Prix,2024-07-21,hungaroring,Hungaroring,Budapest,Hungary,alonso,ALO,Fernando,Alonso,Fernando Alonso,1981-07-29,Spanish,14,aston_martin,Aston Martin,British,7,11,11,11,CLASSIFIED,Finished,False,70,0.0
FastF1/Jolpica,20260810T200317Z,2024-13,2024,13,Hungarian Grand Prix,2024-07-21,hungaroring,Hungaroring,Budapest,Hungary,ricciardo,RIC,Daniel,Ricciardo,Daniel Ricciardo,1989-07-01,Australian,3,rb,RB F1 Team,Italian,9,12,12,12,CLASSIFIED,Lapped,False,69,0.0
FastF1/Jolpica,20260810T200317Z,2024-13,2024,13,Hungarian Grand Prix,2024-07-21,hungaroring,Hungaroring,Budapest,Hungary,hulkenberg,HUL,Nico,Hülkenberg,Nico Hülkenberg,1987-08-19,German,27,haas,Haas F1 Team,American,11,13,13,13,CLASSIFIED,Lapped,False,69,0.0
FastF1/Jolpica,20260810T200317Z,2024-13,2024,13,Hungarian Grand Prix,2024-07-21,hungaroring,Hungaroring,Budapest,Hungary,albon,ALB,Alexander,Albon,Alexander Albon,1996-03-23,Thai,23,williams,Williams,British,13,14,14,14,CLASSIFIED,Lapped,False,69,0.0
FastF1/Jolpica,20260810T200317Z,2024-13,2024,13,Hungarian Grand Prix,2024-07-21,hungaroring,Hungaroring,Budapest,Hungary,kevin_magnussen,MAG,Kevin,Magnussen,Kevin Magnussen,1992-10-05,Danish,20,haas,Haas F1 Team,American,15,15,15,15,CLASSIFIED,Lapped,False,69,0.0
FastF1/Jolpica,20260810T200317Z,2024-13,2024,13,Hungarian Grand Prix,2024-07-21,hungaroring,Hungaroring,Budapest,Hungary,bottas,BOT,Valtteri,Bottas,Valtteri Bottas,1989-08-28,Finnish,77,sauber,Sauber,Swiss,12,16,16,16,CLASSIFIED,Lapped,False,69,0.0
FastF1/Jolpica,20260810T200317Z,2024-13,2024,13,Hungarian Grand Prix,2024-07-21,hungaroring,Hungaroring,Budapest,Hungary,sargeant,SAR,Logan,Sargeant,Logan Sargeant,2000-12-31,American,2,williams,Williams,British,14,17,17,17,CLASSIFIED,Lapped,False,69,0.0
FastF1/Jolpica,20260810T200317Z,2024-13,2024,13,Hungarian Grand Prix,2024-07-21,hungaroring,Hungaroring,Budapest,Hungary,ocon,OCO,Esteban,Ocon,Esteban Ocon,1996-09-17,French,31,alpine,Alpine F1 Team,French,19,18,18,18,CLASSIFIED,Lapped,False,69,0.0
FastF1/Jolpica,20260810T200317Z,2024-13,2024,13,Hungarian Grand Prix,2024-07-21,hungaroring,Hungaroring,Budapest,Hungary,zhou,ZHO,Guanyu,Zhou,Guanyu Zhou,1999-05-30,Chinese,24,sauber,Sauber,Swiss,18,19,19,19,CLASSIFIED,Lapped,False,69,0.0
FastF1/Jolpica,20260810T200317Z,2024-13,2024,13,Hungarian Grand Prix,2024-07-21,hungaroring,Hungaroring,Budapest,Hungary,gasly,GAS,Pierre,Gasly,Pierre Gasly,1996-02-07,French,10,alpine,Alpine F1 Team,French,20,20,R,20,DNF,Retired,False,33,0.0
FastF1/Jolpica,20260810T200317Z,2024-14,2024,14,Belgian Grand Prix,2024-07-28,spa,Circuit de Spa-Francorchamps,Spa,Belgium,hamilton,HAM,Lewis,Hamilton,Lewis Hamilton,1985-01-07,British,44,mercedes,Mercedes,German,3,1,1,1,CLASSIFIED,Finished,False,44,25.0
FastF1/Jolpica,20260810T200317Z,2024-14,2024,14,Belgian Grand Prix,2024-07-28,spa,Circuit de Spa-Francorchamps,Spa,Belgium,piastri,PIA,Oscar,Piastri,Oscar Piastri,2001-04-06,Australian,81,mclaren,McLaren,British,5,2,2,2,CLASSIFIED,Finished,False,44,18.0
FastF1/Jolpica,20260810T200317Z,2024-14,2024,14,Belgian Grand Prix,2024-07-28,spa,Circuit de Spa-Francorchamps,Spa,Belgium,leclerc,LEC,Charles,Leclerc,Charles Leclerc,1997-10-16,Monegasque,16,ferrari,Ferrari,Italian,1,3,3,3,CLASSIFIED,Finished,False,44,15.0
FastF1/Jolpica,20260810T200317Z,2024-14,2024,14,Belgian Grand Prix,2024-07-28,spa,Circuit de Spa-Francorchamps,Spa,Belgium,max_verstappen,VER,Max,Verstappen,Max Verstappen,1997-09-30,Dutch,1,red_bull,Red Bull,Austrian,11,4,4,4,CLASSIFIED,Finished,False,44,12.0
FastF1/Jolpica,20260810T200317Z,2024-14,2024,14,Belgian Grand Prix,2024-07-28,spa,Circuit de Spa-Francorchamps,Spa,Belgium,norris,NOR,Lando,Norris,Lando Norris,1999-11-13,British,4,mclaren,McLaren,British,4,5,5,5,CLASSIFIED,Finished,False,44,10.0
FastF1/Jolpica,20260810T200317Z,2024-14,2024,14,Belgian Grand Prix,2024-07-28,spa,Circuit de Spa-Francorchamps,Spa,Belgium,sainz,SAI,Carlos,Sainz,Carlos Sainz,1994-09-01,Spanish,55,ferrari,Ferrari,Italian,7,6,6,6,CLASSIFIED,Finished,False,44,8.0
FastF1/Jolpica,20260810T200317Z,2024-14,2024,14,Belgian Grand Prix,2024-07-28,spa,Circuit de Spa-Francorchamps,Spa,Belgium,perez,PER,Sergio,Pérez,Sergio Pérez,1990-01-26,Mexican,11,red_bull,Red Bull,Austrian,2,7,7,7,CLASSIFIED,Finished,False,44,7.0
FastF1/Jolpica,20260810T200317Z,2024-14,2024,14,Belgian Grand Prix,2024-07-28,spa,Circuit de Spa-Francorchamps,Spa,Belgium,alonso,ALO,Fernando,Alonso,Fernando Alonso,1981-07-29,Spanish,14,aston_martin,Aston Martin,British,8,8,8,8,CLASSIFIED,Finished,False,44,4.0
FastF1/Jolpica,20260810T200317Z,2024-14,2024,14,Belgian Grand Prix,2024-07-28,spa,Circuit de Spa-Francorchamps,Spa,Belgium,ocon,OCO,Esteban,Ocon,Esteban Ocon,1996-09-17,French,31,alpine,Alpine F1 Team,French,9,9,9,9,CLASSIFIED,Finished,False,44,2.0
FastF1/Jolpica,20260810T200317Z,2024-14,2024,14,Belgian Grand Prix,2024-07-28,spa,Circuit de Spa-Francorchamps,Spa,Belgium,ricciardo,RIC,Daniel,Ricciardo,Daniel Ricciardo,1989-07-01,Australian,3,rb,RB F1 Team,Italian,13,10,10,10,CLASSIFIED,Finished,False,44,1.0
FastF1/Jolpica,20260810T200317Z,2024-14,2024,14,Belgian Grand Prix,2024-07-28,spa,Circuit de Spa-Francorchamps,Spa,Belgium,stroll,STR,Lance,Stroll,Lance Stroll,1998-10-29,Canadian,18,aston_martin,Aston Martin,British,15,11,11,11,CLASSIFIED,Finished,False,44,0.0
FastF1/Jolpica,20260810T200317Z,2024-14,2024,14,Belgian Grand Prix,2024-07-28,spa,Circuit de Spa-Francorchamps,Spa,Belgium,albon,ALB,Alexander,Albon,Alexander Albon,1996-03-23,Thai,23,williams,Williams,British,10,12,12,12,CLASSIFIED,Finished,False,44,0.0
FastF1/Jolpica,20260810T200317Z,2024-14,2024,14,Belgian Grand Prix,2024-07-28,spa,Circuit de Spa-Francorchamps,Spa,Belgium,gasly,GAS,Pierre,Gasly,Pierre Gasly,1996-02-07,French,10,alpine,Alpine F1 Team,French,12,13,13,13,CLASSIFIED,Finished,False,44,0.0
FastF1/Jolpica,20260810T200317Z,2024-14,2024,14,Belgian Grand Prix,2024-07-28,spa,Circuit de Spa-Francorchamps,Spa,Belgium,kevin_magnussen,MAG,Kevin,Magnussen,Kevin Magnussen,1992-10-05,Danish,20,haas,Haas F1 Team,American,17,14,14,14,CLASSIFIED,Finished,False,44,0.0
FastF1/Jolpica,20260810T200317Z,2024-14,2024,14,Belgian Grand Prix,2024-07-28,spa,Circuit de Spa-Francorchamps,Spa,Belgium,bottas,BOT,Valtteri,Bottas,Valtteri Bottas,1989-08-28,Finnish,77,sauber,Sauber,Swiss,14,15,15,15,CLASSIFIED,Finished,False,44,0.0
FastF1/Jolpica,20260810T200317Z,2024-14,2024,14,Belgian Grand Prix,2024-07-28,spa,Circuit de Spa-Francorchamps,Spa,Belgium,tsunoda,TSU,Yuki,Tsunoda,Yuki Tsunoda,2000-05-11,Japanese,22,rb,RB F1 Team,Italian,20,16,16,16,CLASSIFIED,Finished,False,44,0.0
FastF1/Jolpica,20260810T200317Z,2024-14,2024,14,Belgian Grand Prix,2024-07-28,spa,Circuit de Spa-Francorchamps,Spa,Belgium,sargeant,SAR,Logan,Sargeant,Logan Sargeant,2000-12-31,American,2,williams,Williams,British,18,17,17,17,CLASSIFIED,Finished,False,44,0.0
FastF1/Jolpica,20260810T200317Z,2024-14,2024,14,Belgian Grand Prix,2024-07-28,spa,Circuit de Spa-Francorchamps,Spa,Belgium,hulkenberg,HUL,Nico,Hülkenberg,Nico Hülkenberg,1987-08-19,German,27,haas,Haas F1 Team,American,16,18,18,18,CLASSIFIED,Finished,False,44,0.0
FastF1/Jolpica,20260810T200317Z,2024-14,2024,14,Belgian Grand Prix,2024-07-28,spa,Circuit de Spa-Francorchamps,Spa,Belgium,zhou,ZHO,Guanyu,Zhou,Guanyu Zhou,1999-05-30,Chinese,24,sauber,Sauber,Swiss,19,19,R,19,DNF,Retired,False,5,0.0
FastF1/Jolpica,20260810T200317Z,2024-14,2024,14,Belgian Grand Prix,2024-07-28,spa,Circuit de Spa-Francorchamps,Spa,Belgium,russell,RUS,George,Russell,George Russell,1998-02-15,British,63,mercedes,Mercedes,German,6,20,20,20,DSQ,Disqualified,False,44,0.0
FastF1/Jolpica,20260810T200317Z,2024-15,2024,15,Dutch Grand Prix,2024-08-25,zandvoort,Circuit Park Zandvoort,Zandvoort,Netherlands,norris,NOR,Lando,Norris,Lando Norris,1999-11-13,British,4,mclaren,McLaren,British,1,1,1,1,CLASSIFIED,Finished,False,72,26.0
FastF1/Jolpica,20260810T200317Z,2024-15,2024,15,Dutch Grand Prix,2024-08-25,zandvoort,Circuit Park Zandvoort,Zandvoort,Netherlands,max_verstappen,VER,Max,Verstappen,Max Verstappen,1997-09-30,Dutch,1,red_bull,Red Bull,Austrian,2,2,2,2,CLASSIFIED,Finished,False,72,18.0
FastF1/Jolpica,20260810T200317Z,2024-15,2024,15,Dutch Grand Prix,2024-08-25,zandvoort,Circuit Park Zandvoort,Zandvoort,Netherlands,leclerc,LEC,Charles,Leclerc,Charles Leclerc,1997-10-16,Monegasque,16,ferrari,Ferrari,Italian,6,3,3,3,CLASSIFIED,Finished,False,72,15.0
FastF1/Jolpica,20260810T200317Z,2024-15,2024,15,Dutch Grand Prix,2024-08-25,zandvoort,Circuit Park Zandvoort,Zandvoort,Netherlands,piastri,PIA,Oscar,Piastri,Oscar Piastri,2001-04-06,Australian,81,mclaren,McLaren,British,3,4,4,4,CLASSIFIED,Finished,False,72,12.0
FastF1/Jolpica,20260810T200317Z,2024-15,2024,15,Dutch Grand Prix,2024-08-25,zandvoort,Circuit Park Zandvoort,Zandvoort,Netherlands,sainz,SAI,Carlos,Sainz,Carlos Sainz,1994-09-01,Spanish,55,ferrari,Ferrari,Italian,10,5,5,5,CLASSIFIED,Finished,False,72,10.0
FastF1/Jolpica,20260810T200317Z,2024-15,2024,15,Dutch Grand Prix,2024-08-25,zandvoort,Circuit Park Zandvoort,Zandvoort,Netherlands,perez,PER,Sergio,Pérez,Sergio Pérez,1990-01-26,Mexican,11,red_bull,Red Bull,Austrian,5,6,6,6,CLASSIFIED,Finished,False,72,8.0
FastF1/Jolpica,20260810T200317Z,2024-15,2024,15,Dutch Grand Prix,2024-08-25,zandvoort,Circuit Park Zandvoort,Zandvoort,Netherlands,russell,RUS,George,Russell,George Russell,1998-02-15,British,63,mercedes,Mercedes,German,4,7,7,7,CLASSIFIED,Finished,False,72,6.0
FastF1/Jolpica,20260810T200317Z,2024-15,2024,15,Dutch Grand Prix,2024-08-25,zandvoort,Circuit Park Zandvoort,Zandvoort,Netherlands,hamilton,HAM,Lewis,Hamilton,Lewis Hamilton,1985-01-07,British,44,mercedes,Mercedes,German,14,8,8,8,CLASSIFIED,Finished,False,72,4.0
FastF1/Jolpica,20260810T200317Z,2024-15,2024,15,Dutch Grand Prix,2024-08-25,zandvoort,Circuit Park Zandvoort,Zandvoort,Netherlands,gasly,GAS,Pierre,Gasly,Pierre Gasly,1996-02-07,French,10,alpine,Alpine F1 Team,French,9,9,9,9,CLASSIFIED,Lapped,False,71,2.0
FastF1/Jolpica,20260810T200317Z,2024-15,2024,15,Dutch Grand Prix,2024-08-25,zandvoort,Circuit Park Zandvoort,Zandvoort,Netherlands,alonso,ALO,Fernando,Alonso,Fernando Alonso,1981-07-29,Spanish,14,aston_martin,Aston Martin,British,7,10,10,10,CLASSIFIED,Lapped,False,71,1.0
FastF1/Jolpica,20260810T200317Z,2024-15,2024,15,Dutch Grand Prix,2024-08-25,zandvoort,Circuit Park Zandvoort,Zandvoort,Netherlands,hulkenberg,HUL,Nico,Hülkenberg,Nico Hülkenberg,1987-08-19,German,27,haas,Haas F1 Team,American,12,11,11,11,CLASSIFIED,Lapped,False,71,0.0
FastF1/Jolpica,20260810T200317Z,2024-15,2024,15,Dutch Grand Prix,2024-08-25,zandvoort,Circuit Park Zandvoort,Zandvoort,Netherlands,ricciardo,RIC,Daniel,Ricciardo,Daniel Ricciardo,1989-07-01,Australian,3,rb,RB F1 Team,Italian,13,12,12,12,CLASSIFIED,Lapped,False,71,0.0
FastF1/Jolpica,20260810T200317Z,2024-15,2024,15,Dutch Grand Prix,2024-08-25,zandvoort,Circuit Park Zandvoort,Zandvoort,Netherlands,stroll,STR,Lance,Stroll,Lance Stroll,1998-10-29,Canadian,18,aston_martin,Aston Martin,British,8,13,13,13,CLASSIFIED,Lapped,False,71,0.0
FastF1/Jolpica,20260810T200317Z,2024-15,2024,15,Dutch Grand Prix,2024-08-25,zandvoort,Circuit Park Zandvoort,Zandvoort,Netherlands,albon,ALB,Alexander,Albon,Alexander Albon,1996-03-23,Thai,23,williams,Williams,British,19,14,14,14,CLASSIFIED,Lapped,False,71,0.0
FastF1/Jolpica,20260810T200317Z,2024-15,2024,15,Dutch Grand Prix,2024-08-25,zandvoort,Circuit Park Zandvoort,Zandvoort,Netherlands,ocon,OCO,Esteban,Ocon,Esteban Ocon,1996-09-17,French,31,alpine,Alpine F1 Team,French,15,15,15,15,CLASSIFIED,Lapped,False,71,0.0
FastF1/Jolpica,20260810T200317Z,2024-15,2024,15,Dutch Grand Prix,2024-08-25,zandvoort,Circuit Park Zandvoort,Zandvoort,Netherlands,sargeant,SAR,Logan,Sargeant,Logan Sargeant,2000-12-31,American,2,williams,Williams,British,18,16,16,16,CLASSIFIED,Lapped,False,71,0.0
FastF1/Jolpica,20260810T200317Z,2024-15,2024,15,Dutch Grand Prix,2024-08-25,zandvoort,Circuit Park Zandvoort,Zandvoort,Netherlands,tsunoda,TSU,Yuki,Tsunoda,Yuki Tsunoda,2000-05-11,Japanese,22,rb,RB F1 Team,Italian,11,17,17,17,CLASSIFIED,Lapped,False,71,0.0
FastF1/Jolpica,20260810T200317Z,2024-15,2024,15,Dutch Grand Prix,2024-08-25,zandvoort,Circuit Park Zandvoort,Zandvoort,Netherlands,kevin_magnussen,MAG,Kevin,Magnussen,Kevin Magnussen,1992-10-05,Danish,20,haas,Haas F1 Team,American,20,18,18,18,CLASSIFIED,Lapped,False,71,0.0
FastF1/Jolpica,20260810T200317Z,2024-15,2024,15,Dutch Grand Prix,2024-08-25,zandvoort,Circuit Park Zandvoort,Zandvoort,Netherlands,bottas,BOT,Valtteri,Bottas,Valtteri Bottas,1989-08-28,Finnish,77,sauber,Sauber,Swiss,16,19,19,19,CLASSIFIED,Lapped,False,70,0.0
FastF1/Jolpica,20260810T200317Z,2024-15,2024,15,Dutch Grand Prix,2024-08-25,zandvoort,Circuit Park Zandvoort,Zandvoort,Netherlands,zhou,ZHO,Guanyu,Zhou,Guanyu Zhou,1999-05-30,Chinese,24,sauber,Sauber,Swiss,17,20,20,20,CLASSIFIED,Lapped,False,70,0.0
FastF1/Jolpica,20260810T200317Z,2024-16,2024,16,Italian Grand Prix,2024-09-01,monza,Autodromo Nazionale di Monza,Monza,Italy,leclerc,LEC,Charles,Leclerc,Charles Leclerc,1997-10-16,Monegasque,16,ferrari,Ferrari,Italian,4,1,1,1,CLASSIFIED,Finished,False,53,25.0
FastF1/Jolpica,20260810T200317Z,2024-16,2024,16,Italian Grand Prix,2024-09-01,monza,Autodromo Nazionale di Monza,Monza,Italy,piastri,PIA,Oscar,Piastri,Oscar Piastri,2001-04-06,Australian,81,mclaren,McLaren,British,2,2,2,2,CLASSIFIED,Finished,False,53,18.0
FastF1/Jolpica,20260810T200317Z,2024-16,2024,16,Italian Grand Prix,2024-09-01,monza,Autodromo Nazionale di Monza,Monza,Italy,norris,NOR,Lando,Norris,Lando Norris,1999-11-13,British,4,mclaren,McLaren,British,1,3,3,3,CLASSIFIED,Finished,False,53,16.0
FastF1/Jolpica,20260810T200317Z,2024-16,2024,16,Italian Grand Prix,2024-09-01,monza,Autodromo Nazionale di Monza,Monza,Italy,sainz,SAI,Carlos,Sainz,Carlos Sainz,1994-09-01,Spanish,55,ferrari,Ferrari,Italian,5,4,4,4,CLASSIFIED,Finished,False,53,12.0
FastF1/Jolpica,20260810T200317Z,2024-16,2024,16,Italian Grand Prix,2024-09-01,monza,Autodromo Nazionale di Monza,Monza,Italy,hamilton,HAM,Lewis,Hamilton,Lewis Hamilton,1985-01-07,British,44,mercedes,Mercedes,German,6,5,5,5,CLASSIFIED,Finished,False,53,10.0
FastF1/Jolpica,20260810T200317Z,2024-16,2024,16,Italian Grand Prix,2024-09-01,monza,Autodromo Nazionale di Monza,Monza,Italy,max_verstappen,VER,Max,Verstappen,Max Verstappen,1997-09-30,Dutch,1,red_bull,Red Bull,Austrian,7,6,6,6,CLASSIFIED,Finished,False,53,8.0
FastF1/Jolpica,20260810T200317Z,2024-16,2024,16,Italian Grand Prix,2024-09-01,monza,Autodromo Nazionale di Monza,Monza,Italy,russell,RUS,George,Russell,George Russell,1998-02-15,British,63,mercedes,Mercedes,German,3,7,7,7,CLASSIFIED,Finished,False,53,6.0
FastF1/Jolpica,20260810T200317Z,2024-16,2024,16,Italian Grand Prix,2024-09-01,monza,Autodromo Nazionale di Monza,Monza,Italy,perez,PER,Sergio,Pérez,Sergio Pérez,1990-01-26,Mexican,11,red_bull,Red Bull,Austrian,8,8,8,8,CLASSIFIED,Finished,False,53,4.0
FastF1/Jolpica,20260810T200317Z,2024-16,2024,16,Italian Grand Prix,2024-09-01,monza,Autodromo Nazionale di Monza,Monza,Italy,albon,ALB,Alexander,Albon,Alexander Albon,1996-03-23,Thai,23,williams,Williams,British,9,9,9,9,CLASSIFIED,Finished,False,53,2.0
FastF1/Jolpica,20260810T200317Z,2024-16,2024,16,Italian Grand Prix,2024-09-01,monza,Autodromo Nazionale di Monza,Monza,Italy,kevin_magnussen,MAG,Kevin,Magnussen,Kevin Magnussen,1992-10-05,Danish,20,haas,Haas F1 Team,American,13,10,10,10,CLASSIFIED,Finished,False,53,1.0
FastF1/Jolpica,20260810T200317Z,2024-16,2024,16,Italian Grand Prix,2024-09-01,monza,Autodromo Nazionale di Monza,Monza,Italy,alonso,ALO,Fernando,Alonso,Fernando Alonso,1981-07-29,Spanish,14,aston_martin,Aston Martin,British,11,11,11,11,CLASSIFIED,Finished,False,53,0.0
FastF1/Jolpica,20260810T200317Z,2024-16,2024,16,Italian Grand Prix,2024-09-01,monza,Autodromo Nazionale di Monza,Monza,Italy,colapinto,COL,Franco,Colapinto,Franco Colapinto,2003-05-27,Argentine,43,williams,Williams,British,18,12,12,12,CLASSIFIED,Finished,False,53,0.0
FastF1/Jolpica,20260810T200317Z,2024-16,2024,16,Italian Grand Prix,2024-09-01,monza,Autodromo Nazionale di Monza,Monza,Italy,ricciardo,RIC,Daniel,Ricciardo,Daniel Ricciardo,1989-07-01,Australian,3,rb,RB F1 Team,Italian,12,13,13,13,CLASSIFIED,Finished,False,53,0.0
FastF1/Jolpica,20260810T200317Z,2024-16,2024,16,Italian Grand Prix,2024-09-01,monza,Autodromo Nazionale di Monza,Monza,Italy,ocon,OCO,Esteban,Ocon,Esteban Ocon,1996-09-17,French,31,alpine,Alpine F1 Team,French,15,14,14,14,CLASSIFIED,Lapped,False,52,0.0
FastF1/Jolpica,20260810T200317Z,2024-16,2024,16,Italian Grand Prix,2024-09-01,monza,Autodromo Nazionale di Monza,Monza,Italy,gasly,GAS,Pierre,Gasly,Pierre Gasly,1996-02-07,French,10,alpine,Alpine F1 Team,French,14,15,15,15,CLASSIFIED,Lapped,False,52,0.0
FastF1/Jolpica,20260810T200317Z,2024-16,2024,16,Italian Grand Prix,2024-09-01,monza,Autodromo Nazionale di Monza,Monza,Italy,bottas,BOT,Valtteri,Bottas,Valtteri Bottas,1989-08-28,Finnish,77,sauber,Sauber,Swiss,19,16,16,16,CLASSIFIED,Lapped,False,52,0.0
FastF1/Jolpica,20260810T200317Z,2024-16,2024,16,Italian Grand Prix,2024-09-01,monza,Autodromo Nazionale di Monza,Monza,Italy,hulkenberg,HUL,Nico,Hülkenberg,Nico Hülkenberg,1987-08-19,German,27,haas,Haas F1 Team,American,10,17,17,17,CLASSIFIED,Lapped,False,52,0.0
FastF1/Jolpica,20260810T200317Z,2024-16,2024,16,Italian Grand Prix,2024-09-01,monza,Autodromo Nazionale di Monza,Monza,Italy,zhou,ZHO,Guanyu,Zhou,Guanyu Zhou,1999-05-30,Chinese,24,sauber,Sauber,Swiss,20,18,18,18,CLASSIFIED,Lapped,False,52,0.0
FastF1/Jolpica,20260810T200317Z,2024-16,2024,16,Italian Grand Prix,2024-09-01,monza,Autodromo Nazionale di Monza,Monza,Italy,stroll,STR,Lance,Stroll,Lance Stroll,1998-10-29,Canadian,18,aston_martin,Aston Martin,British,17,19,19,19,CLASSIFIED,Lapped,False,52,0.0
FastF1/Jolpica,20260810T200317Z,2024-16,2024,16,Italian Grand Prix,2024-09-01,monza,Autodromo Nazionale di Monza,Monza,Italy,tsunoda,TSU,Yuki,Tsunoda,Yuki Tsunoda,2000-05-11,Japanese,22,rb,RB F1 Team,Italian,16,20,R,20,DNF,Retired,False,7,0.0
FastF1/Jolpica,20260810T200317Z,2024-17,2024,17,Azerbaijan Grand Prix,2024-09-15,baku,Baku City Circuit,Baku,Azerbaijan,piastri,PIA,Oscar,Piastri,Oscar Piastri,2001-04-06,Australian,81,mclaren,McLaren,British,2,1,1,1,CLASSIFIED,Finished,False,51,25.0
FastF1/Jolpica,20260810T200317Z,2024-17,2024,17,Azerbaijan Grand Prix,2024-09-15,baku,Baku City Circuit,Baku,Azerbaijan,leclerc,LEC,Charles,Leclerc,Charles Leclerc,1997-10-16,Monegasque,16,ferrari,Ferrari,Italian,1,2,2,2,CLASSIFIED,Finished,False,51,18.0
FastF1/Jolpica,20260810T200317Z,2024-17,2024,17,Azerbaijan Grand Prix,2024-09-15,baku,Baku City Circuit,Baku,Azerbaijan,russell,RUS,George,Russell,George Russell,1998-02-15,British,63,mercedes,Mercedes,German,5,3,3,3,CLASSIFIED,Finished,False,51,15.0
FastF1/Jolpica,20260810T200317Z,2024-17,2024,17,Azerbaijan Grand Prix,2024-09-15,baku,Baku City Circuit,Baku,Azerbaijan,norris,NOR,Lando,Norris,Lando Norris,1999-11-13,British,4,mclaren,McLaren,British,15,4,4,4,CLASSIFIED,Finished,False,51,13.0
FastF1/Jolpica,20260810T200317Z,2024-17,2024,17,Azerbaijan Grand Prix,2024-09-15,baku,Baku City Circuit,Baku,Azerbaijan,max_verstappen,VER,Max,Verstappen,Max Verstappen,1997-09-30,Dutch,1,red_bull,Red Bull,Austrian,6,5,5,5,CLASSIFIED,Finished,False,51,10.0
FastF1/Jolpica,20260810T200317Z,2024-17,2024,17,Azerbaijan Grand Prix,2024-09-15,baku,Baku City Circuit,Baku,Azerbaijan,alonso,ALO,Fernando,Alonso,Fernando Alonso,1981-07-29,Spanish,14,aston_martin,Aston Martin,British,7,6,6,6,CLASSIFIED,Finished,False,51,8.0
FastF1/Jolpica,20260810T200317Z,2024-17,2024,17,Azerbaijan Grand Prix,2024-09-15,baku,Baku City Circuit,Baku,Azerbaijan,albon,ALB,Alexander,Albon,Alexander Albon,1996-03-23,Thai,23,williams,Williams,British,9,7,7,7,CLASSIFIED,Finished,False,51,6.0
FastF1/Jolpica,20260810T200317Z,2024-17,2024,17,Azerbaijan Grand Prix,2024-09-15,baku,Baku City Circuit,Baku,Azerbaijan,colapinto,COL,Franco,Colapinto,Franco Colapinto,2003-05-27,Argentine,43,williams,Williams,British,8,8,8,8,CLASSIFIED,Finished,False,51,4.0
FastF1/Jolpica,20260810T200317Z,2024-17,2024,17,Azerbaijan Grand Prix,2024-09-15,baku,Baku City Circuit,Baku,Azerbaijan,hamilton,HAM,Lewis,Hamilton,Lewis Hamilton,1985-01-07,British,44,mercedes,Mercedes,German,19,9,9,9,CLASSIFIED,Finished,False,51,2.0
FastF1/Jolpica,20260810T200317Z,2024-17,2024,17,Azerbaijan Grand Prix,2024-09-15,baku,Baku City Circuit,Baku,Azerbaijan,bearman,BEA,Oliver,Bearman,Oliver Bearman,2005-05-08,British,50,haas,Haas F1 Team,American,10,10,10,10,CLASSIFIED,Finished,False,51,1.0
FastF1/Jolpica,20260810T200317Z,2024-17,2024,17,Azerbaijan Grand Prix,2024-09-15,baku,Baku City Circuit,Baku,Azerbaijan,hulkenberg,HUL,Nico,Hülkenberg,Nico Hülkenberg,1987-08-19,German,27,haas,Haas F1 Team,American,12,11,11,11,CLASSIFIED,Finished,False,51,0.0
FastF1/Jolpica,20260810T200317Z,2024-17,2024,17,Azerbaijan Grand Prix,2024-09-15,baku,Baku City Circuit,Baku,Azerbaijan,gasly,GAS,Pierre,Gasly,Pierre Gasly,1996-02-07,French,10,alpine,Alpine F1 Team,French,18,12,12,12,CLASSIFIED,Finished,False,51,0.0
FastF1/Jolpica,20260810T200317Z,2024-17,2024,17,Azerbaijan Grand Prix,2024-09-15,baku,Baku City Circuit,Baku,Azerbaijan,ricciardo,RIC,Daniel,Ricciardo,Daniel Ricciardo,1989-07-01,Australian,3,rb,RB F1 Team,Italian,14,13,13,13,CLASSIFIED,Finished,False,51,0.0
FastF1/Jolpica,20260810T200317Z,2024-17,2024,17,Azerbaijan Grand Prix,2024-09-15,baku,Baku City Circuit,Baku,Azerbaijan,zhou,ZHO,Guanyu,Zhou,Guanyu Zhou,1999-05-30,Chinese,24,sauber,Sauber,Swiss,17,14,14,14,CLASSIFIED,Finished,False,51,0.0
FastF1/Jolpica,20260810T200317Z,2024-17,2024,17,Azerbaijan Grand Prix,2024-09-15,baku,Baku City Circuit,Baku,Azerbaijan,ocon,OCO,Esteban,Ocon,Esteban Ocon,1996-09-17,French,31,alpine,Alpine F1 Team,French,20,15,15,15,CLASSIFIED,Lapped,False,50,0.0
FastF1/Jolpica,20260810T200317Z,2024-17,2024,17,Azerbaijan Grand Prix,2024-09-15,baku,Baku City Circuit,Baku,Azerbaijan,bottas,BOT,Valtteri,Bottas,Valtteri Bottas,1989-08-28,Finnish,77,sauber,Sauber,Swiss,16,16,16,16,CLASSIFIED,Lapped,False,50,0.0
FastF1/Jolpica,20260810T200317Z,2024-17,2024,17,Azerbaijan Grand Prix,2024-09-15,baku,Baku City Circuit,Baku,Azerbaijan,perez,PER,Sergio,Pérez,Sergio Pérez,1990-01-26,Mexican,11,red_bull,Red Bull,Austrian,4,17,17,17,CLASSIFIED,Retired,False,49,0.0
FastF1/Jolpica,20260810T200317Z,2024-17,2024,17,Azerbaijan Grand Prix,2024-09-15,baku,Baku City Circuit,Baku,Azerbaijan,sainz,SAI,Carlos,Sainz,Carlos Sainz,1994-09-01,Spanish,55,ferrari,Ferrari,Italian,3,18,18,18,CLASSIFIED,Retired,False,49,0.0
FastF1/Jolpica,20260810T200317Z,2024-17,2024,17,Azerbaijan Grand Prix,2024-09-15,baku,Baku City Circuit,Baku,Azerbaijan,stroll,STR,Lance,Stroll,Lance Stroll,1998-10-29,Canadian,18,aston_martin,Aston Martin,British,13,19,19,19,CLASSIFIED,Retired,False,45,0.0
FastF1/Jolpica,20260810T200317Z,2024-17,2024,17,Azerbaijan Grand Prix,2024-09-15,baku,Baku City Circuit,Baku,Azerbaijan,tsunoda,TSU,Yuki,Tsunoda,Yuki Tsunoda,2000-05-11,Japanese,22,rb,RB F1 Team,Italian,11,20,R,20,DNF,Retired,False,14,0.0
FastF1/Jolpica,20260810T200317Z,2024-18,2024,18,Singapore Grand Prix,2024-09-22,marina_bay,Marina Bay Street Circuit,Marina Bay,Singapore,norris,NOR,Lando,Norris,Lando Norris,1999-11-13,British,4,mclaren,McLaren,British,1,1,1,1,CLASSIFIED,Finished,False,62,25.0
FastF1/Jolpica,20260810T200317Z,2024-18,2024,18,Singapore Grand Prix,2024-09-22,marina_bay,Marina Bay Street Circuit,Marina Bay,Singapore,max_verstappen,VER,Max,Verstappen,Max Verstappen,1997-09-30,Dutch,1,red_bull,Red Bull,Austrian,2,2,2,2,CLASSIFIED,Finished,False,62,18.0
FastF1/Jolpica,20260810T200317Z,2024-18,2024,18,Singapore Grand Prix,2024-09-22,marina_bay,Marina Bay Street Circuit,Marina Bay,Singapore,piastri,PIA,Oscar,Piastri,Oscar Piastri,2001-04-06,Australian,81,mclaren,McLaren,British,5,3,3,3,CLASSIFIED,Finished,False,62,15.0
FastF1/Jolpica,20260810T200317Z,2024-18,2024,18,Singapore Grand Prix,2024-09-22,marina_bay,Marina Bay Street Circuit,Marina Bay,Singapore,russell,RUS,George,Russell,George Russell,1998-02-15,British,63,mercedes,Mercedes,German,4,4,4,4,CLASSIFIED,Finished,False,62,12.0
FastF1/Jolpica,20260810T200317Z,2024-18,2024,18,Singapore Grand Prix,2024-09-22,marina_bay,Marina Bay Street Circuit,Marina Bay,Singapore,leclerc,LEC,Charles,Leclerc,Charles Leclerc,1997-10-16,Monegasque,16,ferrari,Ferrari,Italian,9,5,5,5,CLASSIFIED,Finished,False,62,10.0
FastF1/Jolpica,20260810T200317Z,2024-18,2024,18,Singapore Grand Prix,2024-09-22,marina_bay,Marina Bay Street Circuit,Marina Bay,Singapore,hamilton,HAM,Lewis,Hamilton,Lewis Hamilton,1985-01-07,British,44,mercedes,Mercedes,German,3,6,6,6,CLASSIFIED,Finished,False,62,8.0
FastF1/Jolpica,20260810T200317Z,2024-18,2024,18,Singapore Grand Prix,2024-09-22,marina_bay,Marina Bay Street Circuit,Marina Bay,Singapore,sainz,SAI,Carlos,Sainz,Carlos Sainz,1994-09-01,Spanish,55,ferrari,Ferrari,Italian,10,7,7,7,CLASSIFIED,Finished,False,62,6.0
FastF1/Jolpica,20260810T200317Z,2024-18,2024,18,Singapore Grand Prix,2024-09-22,marina_bay,Marina Bay Street Circuit,Marina Bay,Singapore,alonso,ALO,Fernando,Alonso,Fernando Alonso,1981-07-29,Spanish,14,aston_martin,Aston Martin,British,7,8,8,8,CLASSIFIED,Lapped,False,61,4.0
FastF1/Jolpica,20260810T200317Z,2024-18,2024,18,Singapore Grand Prix,2024-09-22,marina_bay,Marina Bay Street Circuit,Marina Bay,Singapore,hulkenberg,HUL,Nico,Hülkenberg,Nico Hülkenberg,1987-08-19,German,27,haas,Haas F1 Team,American,6,9,9,9,CLASSIFIED,Lapped,False,61,2.0
FastF1/Jolpica,20260810T200317Z,2024-18,2024,18,Singapore Grand Prix,2024-09-22,marina_bay,Marina Bay Street Circuit,Marina Bay,Singapore,perez,PER,Sergio,Pérez,Sergio Pérez,1990-01-26,Mexican,11,red_bull,Red Bull,Austrian,13,10,10,10,CLASSIFIED,Lapped,False,61,1.0
FastF1/Jolpica,20260810T200317Z,2024-18,2024,18,Singapore Grand Prix,2024-09-22,marina_bay,Marina Bay Street Circuit,Marina Bay,Singapore,colapinto,COL,Franco,Colapinto,Franco Colapinto,2003-05-27,Argentine,43,williams,Williams,British,12,11,11,11,CLASSIFIED,Lapped,False,61,0.0
FastF1/Jolpica,20260810T200317Z,2024-18,2024,18,Singapore Grand Prix,2024-09-22,marina_bay,Marina Bay Street Circuit,Marina Bay,Singapore,tsunoda,TSU,Yuki,Tsunoda,Yuki Tsunoda,2000-05-11,Japanese,22,rb,RB F1 Team,Italian,8,12,12,12,CLASSIFIED,Lapped,False,61,0.0
FastF1/Jolpica,20260810T200317Z,2024-18,2024,18,Singapore Grand Prix,2024-09-22,marina_bay,Marina Bay Street Circuit,Marina Bay,Singapore,ocon,OCO,Esteban,Ocon,Esteban Ocon,1996-09-17,French,31,alpine,Alpine F1 Team,French,15,13,13,13,CLASSIFIED,Lapped,False,61,0.0
FastF1/Jolpica,20260810T200317Z,2024-18,2024,18,Singapore Grand Prix,2024-09-22,marina_bay,Marina Bay Street Circuit,Marina Bay,Singapore,stroll,STR,Lance,Stroll,Lance Stroll,1998-10-29,Canadian,18,aston_martin,Aston Martin,British,17,14,14,14,CLASSIFIED,Lapped,False,61,0.0
FastF1/Jolpica,20260810T200317Z,2024-18,2024,18,Singapore Grand Prix,2024-09-22,marina_bay,Marina Bay Street Circuit,Marina Bay,Singapore,zhou,ZHO,Guanyu,Zhou,Guanyu Zhou,1999-05-30,Chinese,24,sauber,Sauber,Swiss,20,15,15,15,CLASSIFIED,Lapped,False,61,0.0
FastF1/Jolpica,20260810T200317Z,2024-18,2024,18,Singapore Grand Prix,2024-09-22,marina_bay,Marina Bay Street Circuit,Marina Bay,Singapore,bottas,BOT,Valtteri,Bottas,Valtteri Bottas,1989-08-28,Finnish,77,sauber,Sauber,Swiss,19,16,16,16,CLASSIFIED,Lapped,False,61,0.0
FastF1/Jolpica,20260810T200317Z,2024-18,2024,18,Singapore Grand Prix,2024-09-22,marina_bay,Marina Bay Street Circuit,Marina Bay,Singapore,gasly,GAS,Pierre,Gasly,Pierre Gasly,1996-02-07,French,10,alpine,Alpine F1 Team,French,18,17,17,17,CLASSIFIED,Lapped,False,61,0.0
FastF1/Jolpica,20260810T200317Z,2024-18,2024,18,Singapore Grand Prix,2024-09-22,marina_bay,Marina Bay Street Circuit,Marina Bay,Singapore,ricciardo,RIC,Daniel,Ricciardo,Daniel Ricciardo,1989-07-01,Australian,3,rb,RB F1 Team,Italian,16,18,18,18,CLASSIFIED,Lapped,False,61,0.0
FastF1/Jolpica,20260810T200317Z,2024-18,2024,18,Singapore Grand Prix,2024-09-22,marina_bay,Marina Bay Street Circuit,Marina Bay,Singapore,kevin_magnussen,MAG,Kevin,Magnussen,Kevin Magnussen,1992-10-05,Danish,20,haas,Haas F1 Team,American,14,19,19,19,CLASSIFIED,Retired,False,57,0.0
FastF1/Jolpica,20260810T200317Z,2024-18,2024,18,Singapore Grand Prix,2024-09-22,marina_bay,Marina Bay Street Circuit,Marina Bay,Singapore,albon,ALB,Alexander,Albon,Alexander Albon,1996-03-23,Thai,23,williams,Williams,British,11,20,R,20,DNF,Retired,False,15,0.0
FastF1/Jolpica,20260810T200317Z,2024-19,2024,19,United States Grand Prix,2024-10-20,americas,Circuit of the Americas,Austin,USA,leclerc,LEC,Charles,Leclerc,Charles Leclerc,1997-10-16,Monegasque,16,ferrari,Ferrari,Italian,4,1,1,1,CLASSIFIED,Finished,False,56,25.0
FastF1/Jolpica,20260810T200317Z,2024-19,2024,19,United States Grand Prix,2024-10-20,americas,Circuit of the Americas,Austin,USA,sainz,SAI,Carlos,Sainz,Carlos Sainz,1994-09-01,Spanish,55,ferrari,Ferrari,Italian,3,2,2,2,CLASSIFIED,Finished,False,56,18.0
FastF1/Jolpica,20260810T200317Z,2024-19,2024,19,United States Grand Prix,2024-10-20,americas,Circuit of the Americas,Austin,USA,max_verstappen,VER,Max,Verstappen,Max Verstappen,1997-09-30,Dutch,1,red_bull,Red Bull,Austrian,2,3,3,3,CLASSIFIED,Finished,False,56,15.0
FastF1/Jolpica,20260810T200317Z,2024-19,2024,19,United States Grand Prix,2024-10-20,americas,Circuit of the Americas,Austin,USA,norris,NOR,Lando,Norris,Lando Norris,1999-11-13,British,4,mclaren,McLaren,British,1,4,4,4,CLASSIFIED,Finished,False,56,12.0
FastF1/Jolpica,20260810T200317Z,2024-19,2024,19,United States Grand Prix,2024-10-20,americas,Circuit of the Americas,Austin,USA,piastri,PIA,Oscar,Piastri,Oscar Piastri,2001-04-06,Australian,81,mclaren,McLaren,British,5,5,5,5,CLASSIFIED,Finished,False,56,10.0
FastF1/Jolpica,20260810T200317Z,2024-19,2024,19,United States Grand Prix,2024-10-20,americas,Circuit of the Americas,Austin,USA,russell,RUS,George,Russell,George Russell,1998-02-15,British,63,mercedes,Mercedes,German,20,6,6,6,CLASSIFIED,Finished,False,56,8.0
FastF1/Jolpica,20260810T200317Z,2024-19,2024,19,United States Grand Prix,2024-10-20,americas,Circuit of the Americas,Austin,USA,perez,PER,Sergio,Pérez,Sergio Pérez,1990-01-26,Mexican,11,red_bull,Red Bull,Austrian,9,7,7,7,CLASSIFIED,Finished,False,56,6.0
FastF1/Jolpica,20260810T200317Z,2024-19,2024,19,United States Grand Prix,2024-10-20,americas,Circuit of the Americas,Austin,USA,hulkenberg,HUL,Nico,Hülkenberg,Nico Hülkenberg,1987-08-19,German,27,haas,Haas F1 Team,American,11,8,8,8,CLASSIFIED,Finished,False,56,4.0
FastF1/Jolpica,20260810T200317Z,2024-19,2024,19,United States Grand Prix,2024-10-20,americas,Circuit of the Americas,Austin,USA,lawson,LAW,Liam,Lawson,Liam Lawson,2002-02-11,New Zealander,30,rb,RB F1 Team,Italian,19,9,9,9,CLASSIFIED,Finished,False,56,2.0
FastF1/Jolpica,20260810T200317Z,2024-19,2024,19,United States Grand Prix,2024-10-20,americas,Circuit of the Americas,Austin,USA,colapinto,COL,Franco,Colapinto,Franco Colapinto,2003-05-27,Argentine,43,williams,Williams,British,15,10,10,10,CLASSIFIED,Finished,False,56,1.0
FastF1/Jolpica,20260810T200317Z,2024-19,2024,19,United States Grand Prix,2024-10-20,americas,Circuit of the Americas,Austin,USA,kevin_magnussen,MAG,Kevin,Magnussen,Kevin Magnussen,1992-10-05,Danish,20,haas,Haas F1 Team,American,8,11,11,11,CLASSIFIED,Finished,False,56,0.0
FastF1/Jolpica,20260810T200317Z,2024-19,2024,19,United States Grand Prix,2024-10-20,americas,Circuit of the Americas,Austin,USA,gasly,GAS,Pierre,Gasly,Pierre Gasly,1996-02-07,French,10,alpine,Alpine F1 Team,French,6,12,12,12,CLASSIFIED,Finished,False,56,0.0
FastF1/Jolpica,20260810T200317Z,2024-19,2024,19,United States Grand Prix,2024-10-20,americas,Circuit of the Americas,Austin,USA,alonso,ALO,Fernando,Alonso,Fernando Alonso,1981-07-29,Spanish,14,aston_martin,Aston Martin,British,7,13,13,13,CLASSIFIED,Lapped,False,55,0.0
FastF1/Jolpica,20260810T200317Z,2024-19,2024,19,United States Grand Prix,2024-10-20,americas,Circuit of the Americas,Austin,USA,tsunoda,TSU,Yuki,Tsunoda,Yuki Tsunoda,2000-05-11,Japanese,22,rb,RB F1 Team,Italian,10,14,14,14,CLASSIFIED,Lapped,False,55,0.0
FastF1/Jolpica,20260810T200317Z,2024-19,2024,19,United States Grand Prix,2024-10-20,americas,Circuit of the Americas,Austin,USA,stroll,STR,Lance,Stroll,Lance Stroll,1998-10-29,Canadian,18,aston_martin,Aston Martin,British,13,15,15,15,CLASSIFIED,Lapped,False,55,0.0
FastF1/Jolpica,20260810T200317Z,2024-19,2024,19,United States Grand Prix,2024-10-20,americas,Circuit of the Americas,Austin,USA,albon,ALB,Alexander,Albon,Alexander Albon,1996-03-23,Thai,23,williams,Williams,British,14,16,16,16,CLASSIFIED,Lapped,False,55,0.0
FastF1/Jolpica,20260810T200317Z,2024-19,2024,19,United States Grand Prix,2024-10-20,americas,Circuit of the Americas,Austin,USA,bottas,BOT,Valtteri,Bottas,Valtteri Bottas,1989-08-28,Finnish,77,sauber,Sauber,Swiss,16,17,17,17,CLASSIFIED,Lapped,False,55,0.0
FastF1/Jolpica,20260810T200317Z,2024-19,2024,19,United States Grand Prix,2024-10-20,americas,Circuit of the Americas,Austin,USA,ocon,OCO,Esteban,Ocon,Esteban Ocon,1996-09-17,French,31,alpine,Alpine F1 Team,French,12,18,18,18,CLASSIFIED,Lapped,False,55,0.0
FastF1/Jolpica,20260810T200317Z,2024-19,2024,19,United States Grand Prix,2024-10-20,americas,Circuit of the Americas,Austin,USA,zhou,ZHO,Guanyu,Zhou,Guanyu Zhou,1999-05-30,Chinese,24,sauber,Sauber,Swiss,18,19,19,19,CLASSIFIED,Lapped,False,55,0.0
FastF1/Jolpica,20260810T200317Z,2024-19,2024,19,United States Grand Prix,2024-10-20,americas,Circuit of the Americas,Austin,USA,hamilton,HAM,Lewis,Hamilton,Lewis Hamilton,1985-01-07,British,44,mercedes,Mercedes,German,17,20,R,20,DNF,Retired,False,1,0.0
FastF1/Jolpica,20260810T200317Z,2024-20,2024,20,Mexico City Grand Prix,2024-10-27,rodriguez,Autódromo Hermanos Rodríguez,Mexico City,Mexico,sainz,SAI,Carlos,Sainz,Carlos Sainz,1994-09-01,Spanish,55,ferrari,Ferrari,Italian,1,1,1,1,CLASSIFIED,Finished,False,71,25.0
FastF1/Jolpica,20260810T200317Z,2024-20,2024,20,Mexico City Grand Prix,2024-10-27,rodriguez,Autódromo Hermanos Rodríguez,Mexico City,Mexico,norris,NOR,Lando,Norris,Lando Norris,1999-11-13,British,4,mclaren,McLaren,British,3,2,2,2,CLASSIFIED,Finished,False,71,18.0
FastF1/Jolpica,20260810T200317Z,2024-20,2024,20,Mexico City Grand Prix,2024-10-27,rodriguez,Autódromo Hermanos Rodríguez,Mexico City,Mexico,leclerc,LEC,Charles,Leclerc,Charles Leclerc,1997-10-16,Monegasque,16,ferrari,Ferrari,Italian,4,3,3,3,CLASSIFIED,Finished,False,71,16.0
FastF1/Jolpica,20260810T200317Z,2024-20,2024,20,Mexico City Grand Prix,2024-10-27,rodriguez,Autódromo Hermanos Rodríguez,Mexico City,Mexico,hamilton,HAM,Lewis,Hamilton,Lewis Hamilton,1985-01-07,British,44,mercedes,Mercedes,German,6,4,4,4,CLASSIFIED,Finished,False,71,12.0
FastF1/Jolpica,20260810T200317Z,2024-20,2024,20,Mexico City Grand Prix,2024-10-27,rodriguez,Autódromo Hermanos Rodríguez,Mexico City,Mexico,russell,RUS,George,Russell,George Russell,1998-02-15,British,63,mercedes,Mercedes,German,5,5,5,5,CLASSIFIED,Finished,False,71,10.0
FastF1/Jolpica,20260810T200317Z,2024-20,2024,20,Mexico City Grand Prix,2024-10-27,rodriguez,Autódromo Hermanos Rodríguez,Mexico City,Mexico,max_verstappen,VER,Max,Verstappen,Max Verstappen,1997-09-30,Dutch,1,red_bull,Red Bull,Austrian,2,6,6,6,CLASSIFIED,Finished,False,71,8.0
FastF1/Jolpica,20260810T200317Z,2024-20,2024,20,Mexico City Grand Prix,2024-10-27,rodriguez,Autódromo Hermanos Rodríguez,Mexico City,Mexico,kevin_magnussen,MAG,Kevin,Magnussen,Kevin Magnussen,1992-10-05,Danish,20,haas,Haas F1 Team,American,7,7,7,7,CLASSIFIED,Finished,False,71,6.0
FastF1/Jolpica,20260810T200317Z,2024-20,2024,20,Mexico City Grand Prix,2024-10-27,rodriguez,Autódromo Hermanos Rodríguez,Mexico City,Mexico,piastri,PIA,Oscar,Piastri,Oscar Piastri,2001-04-06,Australian,81,mclaren,McLaren,British,17,8,8,8,CLASSIFIED,Finished,False,71,4.0
FastF1/Jolpica,20260810T200317Z,2024-20,2024,20,Mexico City Grand Prix,2024-10-27,rodriguez,Autódromo Hermanos Rodríguez,Mexico City,Mexico,hulkenberg,HUL,Nico,Hülkenberg,Nico Hülkenberg,1987-08-19,German,27,haas,Haas F1 Team,American,10,9,9,9,CLASSIFIED,Lapped,False,70,2.0
FastF1/Jolpica,20260810T200317Z,2024-20,2024,20,Mexico City Grand Prix,2024-10-27,rodriguez,Autódromo Hermanos Rodríguez,Mexico City,Mexico,gasly,GAS,Pierre,Gasly,Pierre Gasly,1996-02-07,French,10,alpine,Alpine F1 Team,French,8,10,10,10,CLASSIFIED,Lapped,False,70,1.0
FastF1/Jolpica,20260810T200317Z,2024-20,2024,20,Mexico City Grand Prix,2024-10-27,rodriguez,Autódromo Hermanos Rodríguez,Mexico City,Mexico,stroll,STR,Lance,Stroll,Lance Stroll,1998-10-29,Canadian,18,aston_martin,Aston Martin,British,14,11,11,11,CLASSIFIED,Lapped,False,70,0.0
FastF1/Jolpica,20260810T200317Z,2024-20,2024,20,Mexico City Grand Prix,2024-10-27,rodriguez,Autódromo Hermanos Rodríguez,Mexico City,Mexico,colapinto,COL,Franco,Colapinto,Franco Colapinto,2003-05-27,Argentine,43,williams,Williams,British,16,12,12,12,CLASSIFIED,Lapped,False,70,0.0
FastF1/Jolpica,20260810T200317Z,2024-20,2024,20,Mexico City Grand Prix,2024-10-27,rodriguez,Autódromo Hermanos Rodríguez,Mexico City,Mexico,ocon,OCO,Esteban,Ocon,Esteban Ocon,1996-09-17,French,31,alpine,Alpine F1 Team,French,0,13,13,13,CLASSIFIED,Lapped,False,70,0.0
FastF1/Jolpica,20260810T200317Z,2024-20,2024,20,Mexico City Grand Prix,2024-10-27,rodriguez,Autódromo Hermanos Rodríguez,Mexico City,Mexico,bottas,BOT,Valtteri,Bottas,Valtteri Bottas,1989-08-28,Finnish,77,sauber,Sauber,Swiss,15,14,14,14,CLASSIFIED,Lapped,False,70,0.0
FastF1/Jolpica,20260810T200317Z,2024-20,2024,20,Mexico City Grand Prix,2024-10-27,rodriguez,Autódromo Hermanos Rodríguez,Mexico City,Mexico,zhou,ZHO,Guanyu,Zhou,Guanyu Zhou,1999-05-30,Chinese,24,sauber,Sauber,Swiss,19,15,15,15,CLASSIFIED,Lapped,False,70,0.0
FastF1/Jolpica,20260810T200317Z,2024-20,2024,20,Mexico City Grand Prix,2024-10-27,rodriguez,Autódromo Hermanos Rodríguez,Mexico City,Mexico,lawson,LAW,Liam,Lawson,Liam Lawson,2002-02-11,New Zealander,30,rb,RB F1 Team,Italian,12,16,16,16,CLASSIFIED,Lapped,False,70,0.0
FastF1/Jolpica,20260810T200317Z,2024-20,2024,20,Mexico City Grand Prix,2024-10-27,rodriguez,Autódromo Hermanos Rodríguez,Mexico City,Mexico,perez,PER,Sergio,Pérez,Sergio Pérez,1990-01-26,Mexican,11,red_bull,Red Bull,Austrian,18,17,17,17,CLASSIFIED,Lapped,False,70,0.0
FastF1/Jolpica,20260810T200317Z,2024-20,2024,20,Mexico City Grand Prix,2024-10-27,rodriguez,Autódromo Hermanos Rodríguez,Mexico City,Mexico,alonso,ALO,Fernando,Alonso,Fernando Alonso,1981-07-29,Spanish,14,aston_martin,Aston Martin,British,13,18,R,18,DNF,Retired,False,15,0.0
FastF1/Jolpica,20260810T200317Z,2024-20,2024,20,Mexico City Grand Prix,2024-10-27,rodriguez,Autódromo Hermanos Rodríguez,Mexico City,Mexico,albon,ALB,Alexander,Albon,Alexander Albon,1996-03-23,Thai,23,williams,Williams,British,9,19,R,19,DNF,Retired,False,0,0.0
FastF1/Jolpica,20260810T200317Z,2024-20,2024,20,Mexico City Grand Prix,2024-10-27,rodriguez,Autódromo Hermanos Rodríguez,Mexico City,Mexico,tsunoda,TSU,Yuki,Tsunoda,Yuki Tsunoda,2000-05-11,Japanese,22,rb,RB F1 Team,Italian,11,20,R,20,DNF,Retired,False,0,0.0
FastF1/Jolpica,20260810T200317Z,2024-21,2024,21,São Paulo Grand Prix,2024-11-03,interlagos,Autódromo José Carlos Pace,São Paulo,Brazil,max_verstappen,VER,Max,Verstappen,Max Verstappen,1997-09-30,Dutch,1,red_bull,Red Bull,Austrian,17,1,1,1,CLASSIFIED,Finished,False,69,26.0
FastF1/Jolpica,20260810T200317Z,2024-21,2024,21,São Paulo Grand Prix,2024-11-03,interlagos,Autódromo José Carlos Pace,São Paulo,Brazil,ocon,OCO,Esteban,Ocon,Esteban Ocon,1996-09-17,French,31,alpine,Alpine F1 Team,French,4,2,2,2,CLASSIFIED,Finished,False,69,18.0
FastF1/Jolpica,20260810T200317Z,2024-21,2024,21,São Paulo Grand Prix,2024-11-03,interlagos,Autódromo José Carlos Pace,São Paulo,Brazil,gasly,GAS,Pierre,Gasly,Pierre Gasly,1996-02-07,French,10,alpine,Alpine F1 Team,French,13,3,3,3,CLASSIFIED,Finished,False,69,15.0
FastF1/Jolpica,20260810T200317Z,2024-21,2024,21,São Paulo Grand Prix,2024-11-03,interlagos,Autódromo José Carlos Pace,São Paulo,Brazil,russell,RUS,George,Russell,George Russell,1998-02-15,British,63,mercedes,Mercedes,German,2,4,4,4,CLASSIFIED,Finished,False,69,12.0
FastF1/Jolpica,20260810T200317Z,2024-21,2024,21,São Paulo Grand Prix,2024-11-03,interlagos,Autódromo José Carlos Pace,São Paulo,Brazil,leclerc,LEC,Charles,Leclerc,Charles Leclerc,1997-10-16,Monegasque,16,ferrari,Ferrari,Italian,6,5,5,5,CLASSIFIED,Finished,False,69,10.0
FastF1/Jolpica,20260810T200317Z,2024-21,2024,21,São Paulo Grand Prix,2024-11-03,interlagos,Autódromo José Carlos Pace,São Paulo,Brazil,norris,NOR,Lando,Norris,Lando Norris,1999-11-13,British,4,mclaren,McLaren,British,1,6,6,6,CLASSIFIED,Finished,False,69,8.0
FastF1/Jolpica,20260810T200317Z,2024-21,2024,21,São Paulo Grand Prix,2024-11-03,interlagos,Autódromo José Carlos Pace,São Paulo,Brazil,tsunoda,TSU,Yuki,Tsunoda,Yuki Tsunoda,2000-05-11,Japanese,22,rb,RB F1 Team,Italian,3,7,7,7,CLASSIFIED,Finished,False,69,6.0
FastF1/Jolpica,20260810T200317Z,2024-21,2024,21,São Paulo Grand Prix,2024-11-03,interlagos,Autódromo José Carlos Pace,São Paulo,Brazil,piastri,PIA,Oscar,Piastri,Oscar Piastri,2001-04-06,Australian,81,mclaren,McLaren,British,8,8,8,8,CLASSIFIED,Finished,False,69,4.0
FastF1/Jolpica,20260810T200317Z,2024-21,2024,21,São Paulo Grand Prix,2024-11-03,interlagos,Autódromo José Carlos Pace,São Paulo,Brazil,lawson,LAW,Liam,Lawson,Liam Lawson,2002-02-11,New Zealander,30,rb,RB F1 Team,Italian,5,9,9,9,CLASSIFIED,Finished,False,69,2.0
FastF1/Jolpica,20260810T200317Z,2024-21,2024,21,São Paulo Grand Prix,2024-11-03,interlagos,Autódromo José Carlos Pace,São Paulo,Brazil,hamilton,HAM,Lewis,Hamilton,Lewis Hamilton,1985-01-07,British,44,mercedes,Mercedes,German,14,10,10,10,CLASSIFIED,Finished,False,69,1.0
FastF1/Jolpica,20260810T200317Z,2024-21,2024,21,São Paulo Grand Prix,2024-11-03,interlagos,Autódromo José Carlos Pace,São Paulo,Brazil,perez,PER,Sergio,Pérez,Sergio Pérez,1990-01-26,Mexican,11,red_bull,Red Bull,Austrian,12,11,11,11,CLASSIFIED,Finished,False,69,0.0
FastF1/Jolpica,20260810T200317Z,2024-21,2024,21,São Paulo Grand Prix,2024-11-03,interlagos,Autódromo José Carlos Pace,São Paulo,Brazil,bearman,BEA,Oliver,Bearman,Oliver Bearman,2005-05-08,British,50,haas,Haas F1 Team,American,15,12,12,12,CLASSIFIED,Finished,False,69,0.0
FastF1/Jolpica,20260810T200317Z,2024-21,2024,21,São Paulo Grand Prix,2024-11-03,interlagos,Autódromo José Carlos Pace,São Paulo,Brazil,bottas,BOT,Valtteri,Bottas,Valtteri Bottas,1989-08-28,Finnish,77,sauber,Sauber,Swiss,11,13,13,13,CLASSIFIED,Finished,False,69,0.0
FastF1/Jolpica,20260810T200317Z,2024-21,2024,21,São Paulo Grand Prix,2024-11-03,interlagos,Autódromo José Carlos Pace,São Paulo,Brazil,alonso,ALO,Fernando,Alonso,Fernando Alonso,1981-07-29,Spanish,14,aston_martin,Aston Martin,British,9,14,14,14,CLASSIFIED,Finished,False,69,0.0
FastF1/Jolpica,20260810T200317Z,2024-21,2024,21,São Paulo Grand Prix,2024-11-03,interlagos,Autódromo José Carlos Pace,São Paulo,Brazil,zhou,ZHO,Guanyu,Zhou,Guanyu Zhou,1999-05-30,Chinese,24,sauber,Sauber,Swiss,19,15,15,15,CLASSIFIED,Finished,False,69,0.0
FastF1/Jolpica,20260810T200317Z,2024-21,2024,21,São Paulo Grand Prix,2024-11-03,interlagos,Autódromo José Carlos Pace,São Paulo,Brazil,sainz,SAI,Carlos,Sainz,Carlos Sainz,1994-09-01,Spanish,55,ferrari,Ferrari,Italian,20,16,R,16,DNF,Retired,False,38,0.0
FastF1/Jolpica,20260810T200317Z,2024-21,2024,21,São Paulo Grand Prix,2024-11-03,interlagos,Autódromo José Carlos Pace,São Paulo,Brazil,colapinto,COL,Franco,Colapinto,Franco Colapinto,2003-05-27,Argentine,43,williams,Williams,British,16,17,R,17,DNF,Retired,False,30,0.0
FastF1/Jolpica,20260810T200317Z,2024-21,2024,21,São Paulo Grand Prix,2024-11-03,interlagos,Autódromo José Carlos Pace,São Paulo,Brazil,albon,ALB,Alexander,Albon,Alexander Albon,1996-03-23,Thai,23,williams,Williams,British,7,18,W,18,DNS,Did not start,False,0,0.0
FastF1/Jolpica,20260810T200317Z,2024-21,2024,21,São Paulo Grand Prix,2024-11-03,interlagos,Autódromo José Carlos Pace,São Paulo,Brazil,stroll,STR,Lance,Stroll,Lance Stroll,1998-10-29,Canadian,18,aston_martin,Aston Martin,British,10,19,W,19,DNS,Did not start,False,0,0.0
FastF1/Jolpica,20260810T200317Z,2024-21,2024,21,São Paulo Grand Prix,2024-11-03,interlagos,Autódromo José Carlos Pace,São Paulo,Brazil,hulkenberg,HUL,Nico,Hülkenberg,Nico Hülkenberg,1987-08-19,German,27,haas,Haas F1 Team,American,18,20,D,20,DSQ,Disqualified,False,0,0.0
FastF1/Jolpica,20260810T200317Z,2024-22,2024,22,Las Vegas Grand Prix,2024-11-23,vegas,Las Vegas Strip Street Circuit,Las Vegas,USA,russell,RUS,George,Russell,George Russell,1998-02-15,British,63,mercedes,Mercedes,German,1,1,1,1,CLASSIFIED,Finished,False,50,25.0
FastF1/Jolpica,20260810T200317Z,2024-22,2024,22,Las Vegas Grand Prix,2024-11-23,vegas,Las Vegas Strip Street Circuit,Las Vegas,USA,hamilton,HAM,Lewis,Hamilton,Lewis Hamilton,1985-01-07,British,44,mercedes,Mercedes,German,10,2,2,2,CLASSIFIED,Finished,False,50,18.0
FastF1/Jolpica,20260810T200317Z,2024-22,2024,22,Las Vegas Grand Prix,2024-11-23,vegas,Las Vegas Strip Street Circuit,Las Vegas,USA,sainz,SAI,Carlos,Sainz,Carlos Sainz,1994-09-01,Spanish,55,ferrari,Ferrari,Italian,2,3,3,3,CLASSIFIED,Finished,False,50,15.0
FastF1/Jolpica,20260810T200317Z,2024-22,2024,22,Las Vegas Grand Prix,2024-11-23,vegas,Las Vegas Strip Street Circuit,Las Vegas,USA,leclerc,LEC,Charles,Leclerc,Charles Leclerc,1997-10-16,Monegasque,16,ferrari,Ferrari,Italian,4,4,4,4,CLASSIFIED,Finished,False,50,12.0
FastF1/Jolpica,20260810T200317Z,2024-22,2024,22,Las Vegas Grand Prix,2024-11-23,vegas,Las Vegas Strip Street Circuit,Las Vegas,USA,max_verstappen,VER,Max,Verstappen,Max Verstappen,1997-09-30,Dutch,1,red_bull,Red Bull,Austrian,5,5,5,5,CLASSIFIED,Finished,False,50,10.0
FastF1/Jolpica,20260810T200317Z,2024-22,2024,22,Las Vegas Grand Prix,2024-11-23,vegas,Las Vegas Strip Street Circuit,Las Vegas,USA,norris,NOR,Lando,Norris,Lando Norris,1999-11-13,British,4,mclaren,McLaren,British,6,6,6,6,CLASSIFIED,Finished,False,50,9.0
FastF1/Jolpica,20260810T200317Z,2024-22,2024,22,Las Vegas Grand Prix,2024-11-23,vegas,Las Vegas Strip Street Circuit,Las Vegas,USA,piastri,PIA,Oscar,Piastri,Oscar Piastri,2001-04-06,Australian,81,mclaren,McLaren,British,8,7,7,7,CLASSIFIED,Finished,False,50,6.0
FastF1/Jolpica,20260810T200317Z,2024-22,2024,22,Las Vegas Grand Prix,2024-11-23,vegas,Las Vegas Strip Street Circuit,Las Vegas,USA,hulkenberg,HUL,Nico,Hülkenberg,Nico Hülkenberg,1987-08-19,German,27,haas,Haas F1 Team,American,9,8,8,8,CLASSIFIED,Finished,False,50,4.0
FastF1/Jolpica,20260810T200317Z,2024-22,2024,22,Las Vegas Grand Prix,2024-11-23,vegas,Las Vegas Strip Street Circuit,Las Vegas,USA,tsunoda,TSU,Yuki,Tsunoda,Yuki Tsunoda,2000-05-11,Japanese,22,rb,RB F1 Team,Italian,7,9,9,9,CLASSIFIED,Finished,False,50,2.0
FastF1/Jolpica,20260810T200317Z,2024-22,2024,22,Las Vegas Grand Prix,2024-11-23,vegas,Las Vegas Strip Street Circuit,Las Vegas,USA,perez,PER,Sergio,Pérez,Sergio Pérez,1990-01-26,Mexican,11,red_bull,Red Bull,Austrian,15,10,10,10,CLASSIFIED,Finished,False,50,1.0
FastF1/Jolpica,20260810T200317Z,2024-22,2024,22,Las Vegas Grand Prix,2024-11-23,vegas,Las Vegas Strip Street Circuit,Las Vegas,USA,alonso,ALO,Fernando,Alonso,Fernando Alonso,1981-07-29,Spanish,14,aston_martin,Aston Martin,British,16,11,11,11,CLASSIFIED,Finished,False,50,0.0
FastF1/Jolpica,20260810T200317Z,2024-22,2024,22,Las Vegas Grand Prix,2024-11-23,vegas,Las Vegas Strip Street Circuit,Las Vegas,USA,kevin_magnussen,MAG,Kevin,Magnussen,Kevin Magnussen,1992-10-05,Danish,20,haas,Haas F1 Team,American,12,12,12,12,CLASSIFIED,Finished,False,50,0.0
FastF1/Jolpica,20260810T200317Z,2024-22,2024,22,Las Vegas Grand Prix,2024-11-23,vegas,Las Vegas Strip Street Circuit,Las Vegas,USA,zhou,ZHO,Guanyu,Zhou,Guanyu Zhou,1999-05-30,Chinese,24,sauber,Sauber,Swiss,13,13,13,13,CLASSIFIED,Finished,False,50,0.0
FastF1/Jolpica,20260810T200317Z,2024-22,2024,22,Las Vegas Grand Prix,2024-11-23,vegas,Las Vegas Strip Street Circuit,Las Vegas,USA,colapinto,COL,Franco,Colapinto,Franco Colapinto,2003-05-27,Argentine,43,williams,Williams,British,20,14,14,14,CLASSIFIED,Finished,False,50,0.0
FastF1/Jolpica,20260810T200317Z,2024-22,2024,22,Las Vegas Grand Prix,2024-11-23,vegas,Las Vegas Strip Street Circuit,Las Vegas,USA,stroll,STR,Lance,Stroll,Lance Stroll,1998-10-29,Canadian,18,aston_martin,Aston Martin,British,18,15,15,15,CLASSIFIED,Finished,False,50,0.0
FastF1/Jolpica,20260810T200317Z,2024-22,2024,22,Las Vegas Grand Prix,2024-11-23,vegas,Las Vegas Strip Street Circuit,Las Vegas,USA,lawson,LAW,Liam,Lawson,Liam Lawson,2002-02-11,New Zealander,30,rb,RB F1 Team,Italian,14,16,16,16,CLASSIFIED,Finished,False,50,0.0
FastF1/Jolpica,20260810T200317Z,2024-22,2024,22,Las Vegas Grand Prix,2024-11-23,vegas,Las Vegas Strip Street Circuit,Las Vegas,USA,ocon,OCO,Esteban,Ocon,Esteban Ocon,1996-09-17,French,31,alpine,Alpine F1 Team,French,11,17,17,17,CLASSIFIED,Lapped,False,49,0.0
FastF1/Jolpica,20260810T200317Z,2024-22,2024,22,Las Vegas Grand Prix,2024-11-23,vegas,Las Vegas Strip Street Circuit,Las Vegas,USA,bottas,BOT,Valtteri,Bottas,Valtteri Bottas,1989-08-28,Finnish,77,sauber,Sauber,Swiss,19,18,18,18,CLASSIFIED,Lapped,False,49,0.0
FastF1/Jolpica,20260810T200317Z,2024-22,2024,22,Las Vegas Grand Prix,2024-11-23,vegas,Las Vegas Strip Street Circuit,Las Vegas,USA,albon,ALB,Alexander,Albon,Alexander Albon,1996-03-23,Thai,23,williams,Williams,British,17,19,R,19,DNF,Retired,False,25,0.0
FastF1/Jolpica,20260810T200317Z,2024-22,2024,22,Las Vegas Grand Prix,2024-11-23,vegas,Las Vegas Strip Street Circuit,Las Vegas,USA,gasly,GAS,Pierre,Gasly,Pierre Gasly,1996-02-07,French,10,alpine,Alpine F1 Team,French,3,20,R,20,DNF,Retired,False,15,0.0
FastF1/Jolpica,20260810T200317Z,2024-23,2024,23,Qatar Grand Prix,2024-12-01,losail,Losail International Circuit,Lusail,Qatar,max_verstappen,VER,Max,Verstappen,Max Verstappen,1997-09-30,Dutch,1,red_bull,Red Bull,Austrian,2,1,1,1,CLASSIFIED,Finished,False,57,25.0
FastF1/Jolpica,20260810T200317Z,2024-23,2024,23,Qatar Grand Prix,2024-12-01,losail,Losail International Circuit,Lusail,Qatar,leclerc,LEC,Charles,Leclerc,Charles Leclerc,1997-10-16,Monegasque,16,ferrari,Ferrari,Italian,5,2,2,2,CLASSIFIED,Finished,False,57,18.0
FastF1/Jolpica,20260810T200317Z,2024-23,2024,23,Qatar Grand Prix,2024-12-01,losail,Losail International Circuit,Lusail,Qatar,piastri,PIA,Oscar,Piastri,Oscar Piastri,2001-04-06,Australian,81,mclaren,McLaren,British,4,3,3,3,CLASSIFIED,Finished,False,57,15.0
FastF1/Jolpica,20260810T200317Z,2024-23,2024,23,Qatar Grand Prix,2024-12-01,losail,Losail International Circuit,Lusail,Qatar,russell,RUS,George,Russell,George Russell,1998-02-15,British,63,mercedes,Mercedes,German,1,4,4,4,CLASSIFIED,Finished,False,57,12.0
FastF1/Jolpica,20260810T200317Z,2024-23,2024,23,Qatar Grand Prix,2024-12-01,losail,Losail International Circuit,Lusail,Qatar,gasly,GAS,Pierre,Gasly,Pierre Gasly,1996-02-07,French,10,alpine,Alpine F1 Team,French,11,5,5,5,CLASSIFIED,Finished,False,57,10.0
FastF1/Jolpica,20260810T200317Z,2024-23,2024,23,Qatar Grand Prix,2024-12-01,losail,Losail International Circuit,Lusail,Qatar,sainz,SAI,Carlos,Sainz,Carlos Sainz,1994-09-01,Spanish,55,ferrari,Ferrari,Italian,7,6,6,6,CLASSIFIED,Finished,False,57,8.0
FastF1/Jolpica,20260810T200317Z,2024-23,2024,23,Qatar Grand Prix,2024-12-01,losail,Losail International Circuit,Lusail,Qatar,alonso,ALO,Fernando,Alonso,Fernando Alonso,1981-07-29,Spanish,14,aston_martin,Aston Martin,British,8,7,7,7,CLASSIFIED,Finished,False,57,6.0
FastF1/Jolpica,20260810T200317Z,2024-23,2024,23,Qatar Grand Prix,2024-12-01,losail,Losail International Circuit,Lusail,Qatar,zhou,ZHO,Guanyu,Zhou,Guanyu Zhou,1999-05-30,Chinese,24,sauber,Sauber,Swiss,12,8,8,8,CLASSIFIED,Finished,False,57,4.0
FastF1/Jolpica,20260810T200317Z,2024-23,2024,23,Qatar Grand Prix,2024-12-01,losail,Losail International Circuit,Lusail,Qatar,kevin_magnussen,MAG,Kevin,Magnussen,Kevin Magnussen,1992-10-05,Danish,20,haas,Haas F1 Team,American,10,9,9,9,CLASSIFIED,Finished,False,57,2.0
FastF1/Jolpica,20260810T200317Z,2024-23,2024,23,Qatar Grand Prix,2024-12-01,losail,Losail International Circuit,Lusail,Qatar,norris,NOR,Lando,Norris,Lando Norris,1999-11-13,British,4,mclaren,McLaren,British,3,10,10,10,CLASSIFIED,Finished,False,57,2.0
FastF1/Jolpica,20260810T200317Z,2024-23,2024,23,Qatar Grand Prix,2024-12-01,losail,Losail International Circuit,Lusail,Qatar,bottas,BOT,Valtteri,Bottas,Valtteri Bottas,1989-08-28,Finnish,77,sauber,Sauber,Swiss,13,11,11,11,CLASSIFIED,Finished,False,57,0.0
FastF1/Jolpica,20260810T200317Z,2024-23,2024,23,Qatar Grand Prix,2024-12-01,losail,Losail International Circuit,Lusail,Qatar,hamilton,HAM,Lewis,Hamilton,Lewis Hamilton,1985-01-07,British,44,mercedes,Mercedes,German,6,12,12,12,CLASSIFIED,Finished,False,57,0.0
FastF1/Jolpica,20260810T200317Z,2024-23,2024,23,Qatar Grand Prix,2024-12-01,losail,Losail International Circuit,Lusail,Qatar,tsunoda,TSU,Yuki,Tsunoda,Yuki Tsunoda,2000-05-11,Japanese,22,rb,RB F1 Team,Italian,14,13,13,13,CLASSIFIED,Finished,False,57,0.0
FastF1/Jolpica,20260810T200317Z,2024-23,2024,23,Qatar Grand Prix,2024-12-01,losail,Losail International Circuit,Lusail,Qatar,lawson,LAW,Liam,Lawson,Liam Lawson,2002-02-11,New Zealander,30,rb,RB F1 Team,Italian,17,14,14,14,CLASSIFIED,Finished,False,57,0.0
FastF1/Jolpica,20260810T200317Z,2024-23,2024,23,Qatar Grand Prix,2024-12-01,losail,Losail International Circuit,Lusail,Qatar,albon,ALB,Alexander,Albon,Alexander Albon,1996-03-23,Thai,23,williams,Williams,British,16,15,15,15,CLASSIFIED,Lapped,False,56,0.0
FastF1/Jolpica,20260810T200317Z,2024-23,2024,23,Qatar Grand Prix,2024-12-01,losail,Losail International Circuit,Lusail,Qatar,hulkenberg,HUL,Nico,Hülkenberg,Nico Hülkenberg,1987-08-19,German,27,haas,Haas F1 Team,American,18,16,R,16,DNF,Retired,False,39,0.0
FastF1/Jolpica,20260810T200317Z,2024-23,2024,23,Qatar Grand Prix,2024-12-01,losail,Losail International Circuit,Lusail,Qatar,perez,PER,Sergio,Pérez,Sergio Pérez,1990-01-26,Mexican,11,red_bull,Red Bull,Austrian,9,17,R,17,DNF,Retired,False,38,0.0
FastF1/Jolpica,20260810T200317Z,2024-23,2024,23,Qatar Grand Prix,2024-12-01,losail,Losail International Circuit,Lusail,Qatar,stroll,STR,Lance,Stroll,Lance Stroll,1998-10-29,Canadian,18,aston_martin,Aston Martin,British,15,18,R,18,DNF,Retired,False,8,0.0
FastF1/Jolpica,20260810T200317Z,2024-23,2024,23,Qatar Grand Prix,2024-12-01,losail,Losail International Circuit,Lusail,Qatar,colapinto,COL,Franco,Colapinto,Franco Colapinto,2003-05-27,Argentine,43,williams,Williams,British,19,19,R,19,DNF,Retired,False,0,0.0
FastF1/Jolpica,20260810T200317Z,2024-23,2024,23,Qatar Grand Prix,2024-12-01,losail,Losail International Circuit,Lusail,Qatar,ocon,OCO,Esteban,Ocon,Esteban Ocon,1996-09-17,French,31,alpine,Alpine F1 Team,French,20,20,R,20,DNF,Retired,False,0,0.0
FastF1/Jolpica,20260810T200317Z,2024-24,2024,24,Abu Dhabi Grand Prix,2024-12-08,yas_marina,Yas Marina Circuit,Abu Dhabi,UAE,norris,NOR,Lando,Norris,Lando Norris,1999-11-13,British,4,mclaren,McLaren,British,1,1,1,1,CLASSIFIED,Finished,False,58,25.0
FastF1/Jolpica,20260810T200317Z,2024-24,2024,24,Abu Dhabi Grand Prix,2024-12-08,yas_marina,Yas Marina Circuit,Abu Dhabi,UAE,sainz,SAI,Carlos,Sainz,Carlos Sainz,1994-09-01,Spanish,55,ferrari,Ferrari,Italian,3,2,2,2,CLASSIFIED,Finished,False,58,18.0
FastF1/Jolpica,20260810T200317Z,2024-24,2024,24,Abu Dhabi Grand Prix,2024-12-08,yas_marina,Yas Marina Circuit,Abu Dhabi,UAE,leclerc,LEC,Charles,Leclerc,Charles Leclerc,1997-10-16,Monegasque,16,ferrari,Ferrari,Italian,19,3,3,3,CLASSIFIED,Finished,False,58,15.0
FastF1/Jolpica,20260810T200317Z,2024-24,2024,24,Abu Dhabi Grand Prix,2024-12-08,yas_marina,Yas Marina Circuit,Abu Dhabi,UAE,hamilton,HAM,Lewis,Hamilton,Lewis Hamilton,1985-01-07,British,44,mercedes,Mercedes,German,16,4,4,4,CLASSIFIED,Finished,False,58,12.0
FastF1/Jolpica,20260810T200317Z,2024-24,2024,24,Abu Dhabi Grand Prix,2024-12-08,yas_marina,Yas Marina Circuit,Abu Dhabi,UAE,russell,RUS,George,Russell,George Russell,1998-02-15,British,63,mercedes,Mercedes,German,6,5,5,5,CLASSIFIED,Finished,False,58,10.0
FastF1/Jolpica,20260810T200317Z,2024-24,2024,24,Abu Dhabi Grand Prix,2024-12-08,yas_marina,Yas Marina Circuit,Abu Dhabi,UAE,max_verstappen,VER,Max,Verstappen,Max Verstappen,1997-09-30,Dutch,1,red_bull,Red Bull,Austrian,4,6,6,6,CLASSIFIED,Finished,False,58,8.0
FastF1/Jolpica,20260810T200317Z,2024-24,2024,24,Abu Dhabi Grand Prix,2024-12-08,yas_marina,Yas Marina Circuit,Abu Dhabi,UAE,gasly,GAS,Pierre,Gasly,Pierre Gasly,1996-02-07,French,10,alpine,Alpine F1 Team,French,5,7,7,7,CLASSIFIED,Finished,False,58,6.0
FastF1/Jolpica,20260810T200317Z,2024-24,2024,24,Abu Dhabi Grand Prix,2024-12-08,yas_marina,Yas Marina Circuit,Abu Dhabi,UAE,hulkenberg,HUL,Nico,Hülkenberg,Nico Hülkenberg,1987-08-19,German,27,haas,Haas F1 Team,American,7,8,8,8,CLASSIFIED,Finished,False,58,4.0
FastF1/Jolpica,20260810T200317Z,2024-24,2024,24,Abu Dhabi Grand Prix,2024-12-08,yas_marina,Yas Marina Circuit,Abu Dhabi,UAE,alonso,ALO,Fernando,Alonso,Fernando Alonso,1981-07-29,Spanish,14,aston_martin,Aston Martin,British,8,9,9,9,CLASSIFIED,Finished,False,58,2.0
FastF1/Jolpica,20260810T200317Z,2024-24,2024,24,Abu Dhabi Grand Prix,2024-12-08,yas_marina,Yas Marina Circuit,Abu Dhabi,UAE,piastri,PIA,Oscar,Piastri,Oscar Piastri,2001-04-06,Australian,81,mclaren,McLaren,British,2,10,10,10,CLASSIFIED,Finished,False,58,1.0
FastF1/Jolpica,20260810T200317Z,2024-24,2024,24,Abu Dhabi Grand Prix,2024-12-08,yas_marina,Yas Marina Circuit,Abu Dhabi,UAE,albon,ALB,Alexander,Albon,Alexander Albon,1996-03-23,Thai,23,williams,Williams,British,18,11,11,11,CLASSIFIED,Lapped,False,57,0.0
FastF1/Jolpica,20260810T200317Z,2024-24,2024,24,Abu Dhabi Grand Prix,2024-12-08,yas_marina,Yas Marina Circuit,Abu Dhabi,UAE,tsunoda,TSU,Yuki,Tsunoda,Yuki Tsunoda,2000-05-11,Japanese,22,rb,RB F1 Team,Italian,11,12,12,12,CLASSIFIED,Lapped,False,57,0.0
FastF1/Jolpica,20260810T200317Z,2024-24,2024,24,Abu Dhabi Grand Prix,2024-12-08,yas_marina,Yas Marina Circuit,Abu Dhabi,UAE,zhou,ZHO,Guanyu,Zhou,Guanyu Zhou,1999-05-30,Chinese,24,sauber,Sauber,Swiss,15,13,13,13,CLASSIFIED,Lapped,False,57,0.0
FastF1/Jolpica,20260810T200317Z,2024-24,2024,24,Abu Dhabi Grand Prix,2024-12-08,yas_marina,Yas Marina Circuit,Abu Dhabi,UAE,stroll,STR,Lance,Stroll,Lance Stroll,1998-10-29,Canadian,18,aston_martin,Aston Martin,British,13,14,14,14,CLASSIFIED,Lapped,False,57,0.0
FastF1/Jolpica,20260810T200317Z,2024-24,2024,24,Abu Dhabi Grand Prix,2024-12-08,yas_marina,Yas Marina Circuit,Abu Dhabi,UAE,doohan,DOO,Jack,Doohan,Jack Doohan,2003-01-20,Australian,61,alpine,Alpine F1 Team,French,17,15,15,15,CLASSIFIED,Lapped,False,57,0.0
FastF1/Jolpica,20260810T200317Z,2024-24,2024,24,Abu Dhabi Grand Prix,2024-12-08,yas_marina,Yas Marina Circuit,Abu Dhabi,UAE,kevin_magnussen,MAG,Kevin,Magnussen,Kevin Magnussen,1992-10-05,Danish,20,haas,Haas F1 Team,American,14,16,16,16,CLASSIFIED,Lapped,False,57,0.0
FastF1/Jolpica,20260810T200317Z,2024-24,2024,24,Abu Dhabi Grand Prix,2024-12-08,yas_marina,Yas Marina Circuit,Abu Dhabi,UAE,lawson,LAW,Liam,Lawson,Liam Lawson,2002-02-11,New Zealander,30,rb,RB F1 Team,Italian,12,17,17,17,CLASSIFIED,Retired,False,55,0.0
FastF1/Jolpica,20260810T200317Z,2024-24,2024,24,Abu Dhabi Grand Prix,2024-12-08,yas_marina,Yas Marina Circuit,Abu Dhabi,UAE,bottas,BOT,Valtteri,Bottas,Valtteri Bottas,1989-08-28,Finnish,77,sauber,Sauber,Swiss,9,18,R,18,DNF,Retired,False,30,0.0
FastF1/Jolpica,20260810T200317Z,2024-24,2024,24,Abu Dhabi Grand Prix,2024-12-08,yas_marina,Yas Marina Circuit,Abu Dhabi,UAE,colapinto,COL,Franco,Colapinto,Franco Colapinto,2003-05-27,Argentine,43,williams,Williams,British,20,19,R,19,DNF,Retired,False,26,0.0
FastF1/Jolpica,20260810T200317Z,2024-24,2024,24,Abu Dhabi Grand Prix,2024-12-08,yas_marina,Yas Marina Circuit,Abu Dhabi,UAE,perez,PER,Sergio,Pérez,Sergio Pérez,1990-01-26,Mexican,11,red_bull,Red Bull,Austrian,10,20,R,20,DNF,Retired,False,0,0.0
FastF1/Jolpica,20260810T200317Z,2025-01,2025,1,Australian Grand Prix,2025-03-16,albert_park,Albert Park Grand Prix Circuit,Melbourne,Australia,norris,NOR,Lando,Norris,Lando Norris,1999-11-13,British,4,mclaren,McLaren,British,1,1,1,1,CLASSIFIED,Finished,False,57,25.0
FastF1/Jolpica,20260810T200317Z,2025-01,2025,1,Australian Grand Prix,2025-03-16,albert_park,Albert Park Grand Prix Circuit,Melbourne,Australia,max_verstappen,VER,Max,Verstappen,Max Verstappen,1997-09-30,Dutch,1,red_bull,Red Bull,Austrian,3,2,2,2,CLASSIFIED,Finished,False,57,18.0
FastF1/Jolpica,20260810T200317Z,2025-01,2025,1,Australian Grand Prix,2025-03-16,albert_park,Albert Park Grand Prix Circuit,Melbourne,Australia,russell,RUS,George,Russell,George Russell,1998-02-15,British,63,mercedes,Mercedes,German,4,3,3,3,CLASSIFIED,Finished,False,57,15.0
FastF1/Jolpica,20260810T200317Z,2025-01,2025,1,Australian Grand Prix,2025-03-16,albert_park,Albert Park Grand Prix Circuit,Melbourne,Australia,antonelli,ANT,Andrea Kimi,Antonelli,Andrea Kimi Antonelli,2006-08-25,Italian,12,mercedes,Mercedes,German,16,4,4,4,CLASSIFIED,Finished,False,57,12.0
FastF1/Jolpica,20260810T200317Z,2025-01,2025,1,Australian Grand Prix,2025-03-16,albert_park,Albert Park Grand Prix Circuit,Melbourne,Australia,albon,ALB,Alexander,Albon,Alexander Albon,1996-03-23,Thai,23,williams,Williams,British,6,5,5,5,CLASSIFIED,Finished,False,57,10.0
FastF1/Jolpica,20260810T200317Z,2025-01,2025,1,Australian Grand Prix,2025-03-16,albert_park,Albert Park Grand Prix Circuit,Melbourne,Australia,stroll,STR,Lance,Stroll,Lance Stroll,1998-10-29,Canadian,18,aston_martin,Aston Martin,British,13,6,6,6,CLASSIFIED,Finished,False,57,8.0
FastF1/Jolpica,20260810T200317Z,2025-01,2025,1,Australian Grand Prix,2025-03-16,albert_park,Albert Park Grand Prix Circuit,Melbourne,Australia,hulkenberg,HUL,Nico,Hülkenberg,Nico Hülkenberg,1987-08-19,German,27,sauber,Sauber,Swiss,17,7,7,7,CLASSIFIED,Finished,False,57,6.0
FastF1/Jolpica,20260810T200317Z,2025-01,2025,1,Australian Grand Prix,2025-03-16,albert_park,Albert Park Grand Prix Circuit,Melbourne,Australia,leclerc,LEC,Charles,Leclerc,Charles Leclerc,1997-10-16,Monegasque,16,ferrari,Ferrari,Italian,7,8,8,8,CLASSIFIED,Finished,False,57,4.0
FastF1/Jolpica,20260810T200317Z,2025-01,2025,1,Australian Grand Prix,2025-03-16,albert_park,Albert Park Grand Prix Circuit,Melbourne,Australia,piastri,PIA,Oscar,Piastri,Oscar Piastri,2001-04-06,Australian,81,mclaren,McLaren,British,2,9,9,9,CLASSIFIED,Finished,False,57,2.0
FastF1/Jolpica,20260810T200317Z,2025-01,2025,1,Australian Grand Prix,2025-03-16,albert_park,Albert Park Grand Prix Circuit,Melbourne,Australia,hamilton,HAM,Lewis,Hamilton,Lewis Hamilton,1985-01-07,British,44,ferrari,Ferrari,Italian,8,10,10,10,CLASSIFIED,Finished,False,57,1.0
FastF1/Jolpica,20260810T200317Z,2025-01,2025,1,Australian Grand Prix,2025-03-16,albert_park,Albert Park Grand Prix Circuit,Melbourne,Australia,gasly,GAS,Pierre,Gasly,Pierre Gasly,1996-02-07,French,10,alpine,Alpine F1 Team,French,9,11,11,11,CLASSIFIED,Finished,False,57,0.0
FastF1/Jolpica,20260810T200317Z,2025-01,2025,1,Australian Grand Prix,2025-03-16,albert_park,Albert Park Grand Prix Circuit,Melbourne,Australia,tsunoda,TSU,Yuki,Tsunoda,Yuki Tsunoda,2000-05-11,Japanese,22,rb,RB F1 Team,Italian,5,12,12,12,CLASSIFIED,Finished,False,57,0.0
FastF1/Jolpica,20260810T200317Z,2025-01,2025,1,Australian Grand Prix,2025-03-16,albert_park,Albert Park Grand Prix Circuit,Melbourne,Australia,ocon,OCO,Esteban,Ocon,Esteban Ocon,1996-09-17,French,31,haas,Haas F1 Team,American,19,13,13,13,CLASSIFIED,Finished,False,57,0.0
FastF1/Jolpica,20260810T200317Z,2025-01,2025,1,Australian Grand Prix,2025-03-16,albert_park,Albert Park Grand Prix Circuit,Melbourne,Australia,bearman,BEA,Oliver,Bearman,Oliver Bearman,2005-05-08,British,87,haas,Haas F1 Team,American,20,14,14,14,CLASSIFIED,Finished,False,57,0.0
FastF1/Jolpica,20260810T200317Z,2025-01,2025,1,Australian Grand Prix,2025-03-16,albert_park,Albert Park Grand Prix Circuit,Melbourne,Australia,lawson,LAW,Liam,Lawson,Liam Lawson,2002-02-11,New Zealander,30,red_bull,Red Bull,Austrian,18,15,R,15,DNF,Retired,False,46,0.0
FastF1/Jolpica,20260810T200317Z,2025-01,2025,1,Australian Grand Prix,2025-03-16,albert_park,Albert Park Grand Prix Circuit,Melbourne,Australia,bortoleto,BOR,Gabriel,Bortoleto,Gabriel Bortoleto,2004-10-14,Brazilian,5,sauber,Sauber,Swiss,15,16,R,16,DNF,Retired,False,45,0.0
FastF1/Jolpica,20260810T200317Z,2025-01,2025,1,Australian Grand Prix,2025-03-16,albert_park,Albert Park Grand Prix Circuit,Melbourne,Australia,alonso,ALO,Fernando,Alonso,Fernando Alonso,1981-07-29,Spanish,14,aston_martin,Aston Martin,British,12,17,R,17,DNF,Retired,False,32,0.0
FastF1/Jolpica,20260810T200317Z,2025-01,2025,1,Australian Grand Prix,2025-03-16,albert_park,Albert Park Grand Prix Circuit,Melbourne,Australia,sainz,SAI,Carlos,Sainz,Carlos Sainz,1994-09-01,Spanish,55,williams,Williams,British,10,18,R,18,DNF,Retired,False,0,0.0
FastF1/Jolpica,20260810T200317Z,2025-01,2025,1,Australian Grand Prix,2025-03-16,albert_park,Albert Park Grand Prix Circuit,Melbourne,Australia,doohan,DOO,Jack,Doohan,Jack Doohan,2003-01-20,Australian,7,alpine,Alpine F1 Team,French,14,19,R,19,DNF,Retired,False,0,0.0
FastF1/Jolpica,20260810T200317Z,2025-01,2025,1,Australian Grand Prix,2025-03-16,albert_park,Albert Park Grand Prix Circuit,Melbourne,Australia,hadjar,HAD,Isack,Hadjar,Isack Hadjar,2004-09-28,French,6,rb,RB F1 Team,Italian,11,20,R,20,DNS,Retired,True,0,0.0
FastF1/Jolpica,20260810T200317Z,2025-02,2025,2,Chinese Grand Prix,2025-03-23,shanghai,Shanghai International Circuit,Shanghai,China,piastri,PIA,Oscar,Piastri,Oscar Piastri,2001-04-06,Australian,81,mclaren,McLaren,British,1,1,1,1,CLASSIFIED,Finished,False,56,25.0
FastF1/Jolpica,20260810T200317Z,2025-02,2025,2,Chinese Grand Prix,2025-03-23,shanghai,Shanghai International Circuit,Shanghai,China,norris,NOR,Lando,Norris,Lando Norris,1999-11-13,British,4,mclaren,McLaren,British,3,2,2,2,CLASSIFIED,Finished,False,56,18.0
FastF1/Jolpica,20260810T200317Z,2025-02,2025,2,Chinese Grand Prix,2025-03-23,shanghai,Shanghai International Circuit,Shanghai,China,russell,RUS,George,Russell,George Russell,1998-02-15,British,63,mercedes,Mercedes,German,2,3,3,3,CLASSIFIED,Finished,False,56,15.0
FastF1/Jolpica,20260810T200317Z,2025-02,2025,2,Chinese Grand Prix,2025-03-23,shanghai,Shanghai International Circuit,Shanghai,China,max_verstappen,VER,Max,Verstappen,Max Verstappen,1997-09-30,Dutch,1,red_bull,Red Bull,Austrian,4,4,4,4,CLASSIFIED,Finished,False,56,12.0
FastF1/Jolpica,20260810T200317Z,2025-02,2025,2,Chinese Grand Prix,2025-03-23,shanghai,Shanghai International Circuit,Shanghai,China,ocon,OCO,Esteban,Ocon,Esteban Ocon,1996-09-17,French,31,haas,Haas F1 Team,American,11,5,5,5,CLASSIFIED,Finished,False,56,10.0
FastF1/Jolpica,20260810T200317Z,2025-02,2025,2,Chinese Grand Prix,2025-03-23,shanghai,Shanghai International Circuit,Shanghai,China,antonelli,ANT,Andrea Kimi,Antonelli,Andrea Kimi Antonelli,2006-08-25,Italian,12,mercedes,Mercedes,German,8,6,6,6,CLASSIFIED,Finished,False,56,8.0
FastF1/Jolpica,20260810T200317Z,2025-02,2025,2,Chinese Grand Prix,2025-03-23,shanghai,Shanghai International Circuit,Shanghai,China,albon,ALB,Alexander,Albon,Alexander Albon,1996-03-23,Thai,23,williams,Williams,British,10,7,7,7,CLASSIFIED,Finished,False,56,6.0
FastF1/Jolpica,20260810T200317Z,2025-02,2025,2,Chinese Grand Prix,2025-03-23,shanghai,Shanghai International Circuit,Shanghai,China,bearman,BEA,Oliver,Bearman,Oliver Bearman,2005-05-08,British,87,haas,Haas F1 Team,American,17,8,8,8,CLASSIFIED,Finished,False,56,4.0
FastF1/Jolpica,20260810T200317Z,2025-02,2025,2,Chinese Grand Prix,2025-03-23,shanghai,Shanghai International Circuit,Shanghai,China,stroll,STR,Lance,Stroll,Lance Stroll,1998-10-29,Canadian,18,aston_martin,Aston Martin,British,14,9,9,9,CLASSIFIED,Finished,False,56,2.0
FastF1/Jolpica,20260810T200317Z,2025-02,2025,2,Chinese Grand Prix,2025-03-23,shanghai,Shanghai International Circuit,Shanghai,China,sainz,SAI,Carlos,Sainz,Carlos Sainz,1994-09-01,Spanish,55,williams,Williams,British,15,10,10,10,CLASSIFIED,Finished,False,56,1.0
FastF1/Jolpica,20260810T200317Z,2025-02,2025,2,Chinese Grand Prix,2025-03-23,shanghai,Shanghai International Circuit,Shanghai,China,hadjar,HAD,Isack,Hadjar,Isack Hadjar,2004-09-28,French,6,rb,RB F1 Team,Italian,7,11,11,11,CLASSIFIED,Finished,False,56,0.0
FastF1/Jolpica,20260810T200317Z,2025-02,2025,2,Chinese Grand Prix,2025-03-23,shanghai,Shanghai International Circuit,Shanghai,China,lawson,LAW,Liam,Lawson,Liam Lawson,2002-02-11,New Zealander,30,red_bull,Red Bull,Austrian,20,12,12,12,CLASSIFIED,Finished,False,56,0.0
FastF1/Jolpica,20260810T200317Z,2025-02,2025,2,Chinese Grand Prix,2025-03-23,shanghai,Shanghai International Circuit,Shanghai,China,doohan,DOO,Jack,Doohan,Jack Doohan,2003-01-20,Australian,7,alpine,Alpine F1 Team,French,18,13,13,13,CLASSIFIED,Finished,False,56,0.0
FastF1/Jolpica,20260810T200317Z,2025-02,2025,2,Chinese Grand Prix,2025-03-23,shanghai,Shanghai International Circuit,Shanghai,China,bortoleto,BOR,Gabriel,Bortoleto,Gabriel Bortoleto,2004-10-14,Brazilian,5,sauber,Sauber,Swiss,19,14,14,14,CLASSIFIED,Lapped,False,55,0.0
FastF1/Jolpica,20260810T200317Z,2025-02,2025,2,Chinese Grand Prix,2025-03-23,shanghai,Shanghai International Circuit,Shanghai,China,hulkenberg,HUL,Nico,Hülkenberg,Nico Hülkenberg,1987-08-19,German,27,sauber,Sauber,Swiss,12,15,15,15,CLASSIFIED,Lapped,False,55,0.0
FastF1/Jolpica,20260810T200317Z,2025-02,2025,2,Chinese Grand Prix,2025-03-23,shanghai,Shanghai International Circuit,Shanghai,China,tsunoda,TSU,Yuki,Tsunoda,Yuki Tsunoda,2000-05-11,Japanese,22,rb,RB F1 Team,Italian,9,16,16,16,CLASSIFIED,Lapped,False,55,0.0
FastF1/Jolpica,20260810T200317Z,2025-02,2025,2,Chinese Grand Prix,2025-03-23,shanghai,Shanghai International Circuit,Shanghai,China,alonso,ALO,Fernando,Alonso,Fernando Alonso,1981-07-29,Spanish,14,aston_martin,Aston Martin,British,13,17,R,17,DNF,Retired,False,4,0.0
FastF1/Jolpica,20260810T200317Z,2025-02,2025,2,Chinese Grand Prix,2025-03-23,shanghai,Shanghai International Circuit,Shanghai,China,leclerc,LEC,Charles,Leclerc,Charles Leclerc,1997-10-16,Monegasque,16,ferrari,Ferrari,Italian,6,18,D,18,DSQ,Disqualified,False,0,0.0
FastF1/Jolpica,20260810T200317Z,2025-02,2025,2,Chinese Grand Prix,2025-03-23,shanghai,Shanghai International Circuit,Shanghai,China,hamilton,HAM,Lewis,Hamilton,Lewis Hamilton,1985-01-07,British,44,ferrari,Ferrari,Italian,5,19,D,19,DSQ,Disqualified,False,0,0.0
FastF1/Jolpica,20260810T200317Z,2025-02,2025,2,Chinese Grand Prix,2025-03-23,shanghai,Shanghai International Circuit,Shanghai,China,gasly,GAS,Pierre,Gasly,Pierre Gasly,1996-02-07,French,10,alpine,Alpine F1 Team,French,16,20,D,20,DSQ,Disqualified,False,0,0.0
FastF1/Jolpica,20260810T200317Z,2025-03,2025,3,Japanese Grand Prix,2025-04-06,suzuka,Suzuka Circuit,Suzuka,Japan,max_verstappen,VER,Max,Verstappen,Max Verstappen,1997-09-30,Dutch,1,red_bull,Red Bull,Austrian,1,1,1,1,CLASSIFIED,Finished,False,53,25.0
FastF1/Jolpica,20260810T200317Z,2025-03,2025,3,Japanese Grand Prix,2025-04-06,suzuka,Suzuka Circuit,Suzuka,Japan,norris,NOR,Lando,Norris,Lando Norris,1999-11-13,British,4,mclaren,McLaren,British,2,2,2,2,CLASSIFIED,Finished,False,53,18.0
FastF1/Jolpica,20260810T200317Z,2025-03,2025,3,Japanese Grand Prix,2025-04-06,suzuka,Suzuka Circuit,Suzuka,Japan,piastri,PIA,Oscar,Piastri,Oscar Piastri,2001-04-06,Australian,81,mclaren,McLaren,British,3,3,3,3,CLASSIFIED,Finished,False,53,15.0
FastF1/Jolpica,20260810T200317Z,2025-03,2025,3,Japanese Grand Prix,2025-04-06,suzuka,Suzuka Circuit,Suzuka,Japan,leclerc,LEC,Charles,Leclerc,Charles Leclerc,1997-10-16,Monegasque,16,ferrari,Ferrari,Italian,4,4,4,4,CLASSIFIED,Finished,False,53,12.0
FastF1/Jolpica,20260810T200317Z,2025-03,2025,3,Japanese Grand Prix,2025-04-06,suzuka,Suzuka Circuit,Suzuka,Japan,russell,RUS,George,Russell,George Russell,1998-02-15,British,63,mercedes,Mercedes,German,5,5,5,5,CLASSIFIED,Finished,False,53,10.0
FastF1/Jolpica,20260810T200317Z,2025-03,2025,3,Japanese Grand Prix,2025-04-06,suzuka,Suzuka Circuit,Suzuka,Japan,antonelli,ANT,Andrea Kimi,Antonelli,Andrea Kimi Antonelli,2006-08-25,Italian,12,mercedes,Mercedes,German,6,6,6,6,CLASSIFIED,Finished,False,53,8.0
FastF1/Jolpica,20260810T200317Z,2025-03,2025,3,Japanese Grand Prix,2025-04-06,suzuka,Suzuka Circuit,Suzuka,Japan,hamilton,HAM,Lewis,Hamilton,Lewis Hamilton,1985-01-07,British,44,ferrari,Ferrari,Italian,8,7,7,7,CLASSIFIED,Finished,False,53,6.0
FastF1/Jolpica,20260810T200317Z,2025-03,2025,3,Japanese Grand Prix,2025-04-06,suzuka,Suzuka Circuit,Suzuka,Japan,hadjar,HAD,Isack,Hadjar,Isack Hadjar,2004-09-28,French,6,rb,RB F1 Team,Italian,7,8,8,8,CLASSIFIED,Finished,False,53,4.0
FastF1/Jolpica,20260810T200317Z,2025-03,2025,3,Japanese Grand Prix,2025-04-06,suzuka,Suzuka Circuit,Suzuka,Japan,albon,ALB,Alexander,Albon,Alexander Albon,1996-03-23,Thai,23,williams,Williams,British,9,9,9,9,CLASSIFIED,Finished,False,53,2.0
FastF1/Jolpica,20260810T200317Z,2025-03,2025,3,Japanese Grand Prix,2025-04-06,suzuka,Suzuka Circuit,Suzuka,Japan,bearman,BEA,Oliver,Bearman,Oliver Bearman,2005-05-08,British,87,haas,Haas F1 Team,American,10,10,10,10,CLASSIFIED,Finished,False,53,1.0
FastF1/Jolpica,20260810T200317Z,2025-03,2025,3,Japanese Grand Prix,2025-04-06,suzuka,Suzuka Circuit,Suzuka,Japan,alonso,ALO,Fernando,Alonso,Fernando Alonso,1981-07-29,Spanish,14,aston_martin,Aston Martin,British,12,11,11,11,CLASSIFIED,Finished,False,53,0.0
FastF1/Jolpica,20260810T200317Z,2025-03,2025,3,Japanese Grand Prix,2025-04-06,suzuka,Suzuka Circuit,Suzuka,Japan,tsunoda,TSU,Yuki,Tsunoda,Yuki Tsunoda,2000-05-11,Japanese,22,red_bull,Red Bull,Austrian,14,12,12,12,CLASSIFIED,Finished,False,53,0.0
FastF1/Jolpica,20260810T200317Z,2025-03,2025,3,Japanese Grand Prix,2025-04-06,suzuka,Suzuka Circuit,Suzuka,Japan,gasly,GAS,Pierre,Gasly,Pierre Gasly,1996-02-07,French,10,alpine,Alpine F1 Team,French,11,13,13,13,CLASSIFIED,Finished,False,53,0.0
FastF1/Jolpica,20260810T200317Z,2025-03,2025,3,Japanese Grand Prix,2025-04-06,suzuka,Suzuka Circuit,Suzuka,Japan,sainz,SAI,Carlos,Sainz,Carlos Sainz,1994-09-01,Spanish,55,williams,Williams,British,15,14,14,14,CLASSIFIED,Finished,False,53,0.0
FastF1/Jolpica,20260810T200317Z,2025-03,2025,3,Japanese Grand Prix,2025-04-06,suzuka,Suzuka Circuit,Suzuka,Japan,doohan,DOO,Jack,Doohan,Jack Doohan,2003-01-20,Australian,7,alpine,Alpine F1 Team,French,19,15,15,15,CLASSIFIED,Finished,False,53,0.0
FastF1/Jolpica,20260810T200317Z,2025-03,2025,3,Japanese Grand Prix,2025-04-06,suzuka,Suzuka Circuit,Suzuka,Japan,hulkenberg,HUL,Nico,Hülkenberg,Nico Hülkenberg,1987-08-19,German,27,sauber,Sauber,Swiss,16,16,16,16,CLASSIFIED,Finished,False,53,0.0
FastF1/Jolpica,20260810T200317Z,2025-03,2025,3,Japanese Grand Prix,2025-04-06,suzuka,Suzuka Circuit,Suzuka,Japan,lawson,LAW,Liam,Lawson,Liam Lawson,2002-02-11,New Zealander,30,rb,RB F1 Team,Italian,13,17,17,17,CLASSIFIED,Finished,False,53,0.0
FastF1/Jolpica,20260810T200317Z,2025-03,2025,3,Japanese Grand Prix,2025-04-06,suzuka,Suzuka Circuit,Suzuka,Japan,ocon,OCO,Esteban,Ocon,Esteban Ocon,1996-09-17,French,31,haas,Haas F1 Team,American,18,18,18,18,CLASSIFIED,Finished,False,53,0.0
FastF1/Jolpica,20260810T200317Z,2025-03,2025,3,Japanese Grand Prix,2025-04-06,suzuka,Suzuka Circuit,Suzuka,Japan,bortoleto,BOR,Gabriel,Bortoleto,Gabriel Bortoleto,2004-10-14,Brazilian,5,sauber,Sauber,Swiss,17,19,19,19,CLASSIFIED,Finished,False,53,0.0
FastF1/Jolpica,20260810T200317Z,2025-03,2025,3,Japanese Grand Prix,2025-04-06,suzuka,Suzuka Circuit,Suzuka,Japan,stroll,STR,Lance,Stroll,Lance Stroll,1998-10-29,Canadian,18,aston_martin,Aston Martin,British,20,20,20,20,CLASSIFIED,Lapped,False,52,0.0
FastF1/Jolpica,20260810T200317Z,2025-04,2025,4,Bahrain Grand Prix,2025-04-13,bahrain,Bahrain International Circuit,Sakhir,Bahrain,piastri,PIA,Oscar,Piastri,Oscar Piastri,2001-04-06,Australian,81,mclaren,McLaren,British,1,1,1,1,CLASSIFIED,Finished,False,57,25.0
FastF1/Jolpica,20260810T200317Z,2025-04,2025,4,Bahrain Grand Prix,2025-04-13,bahrain,Bahrain International Circuit,Sakhir,Bahrain,russell,RUS,George,Russell,George Russell,1998-02-15,British,63,mercedes,Mercedes,German,3,2,2,2,CLASSIFIED,Finished,False,57,18.0
FastF1/Jolpica,20260810T200317Z,2025-04,2025,4,Bahrain Grand Prix,2025-04-13,bahrain,Bahrain International Circuit,Sakhir,Bahrain,norris,NOR,Lando,Norris,Lando Norris,1999-11-13,British,4,mclaren,McLaren,British,6,3,3,3,CLASSIFIED,Finished,False,57,15.0
FastF1/Jolpica,20260810T200317Z,2025-04,2025,4,Bahrain Grand Prix,2025-04-13,bahrain,Bahrain International Circuit,Sakhir,Bahrain,leclerc,LEC,Charles,Leclerc,Charles Leclerc,1997-10-16,Monegasque,16,ferrari,Ferrari,Italian,2,4,4,4,CLASSIFIED,Finished,False,57,12.0
FastF1/Jolpica,20260810T200317Z,2025-04,2025,4,Bahrain Grand Prix,2025-04-13,bahrain,Bahrain International Circuit,Sakhir,Bahrain,hamilton,HAM,Lewis,Hamilton,Lewis Hamilton,1985-01-07,British,44,ferrari,Ferrari,Italian,9,5,5,5,CLASSIFIED,Finished,False,57,10.0
FastF1/Jolpica,20260810T200317Z,2025-04,2025,4,Bahrain Grand Prix,2025-04-13,bahrain,Bahrain International Circuit,Sakhir,Bahrain,max_verstappen,VER,Max,Verstappen,Max Verstappen,1997-09-30,Dutch,1,red_bull,Red Bull,Austrian,7,6,6,6,CLASSIFIED,Finished,False,57,8.0
FastF1/Jolpica,20260810T200317Z,2025-04,2025,4,Bahrain Grand Prix,2025-04-13,bahrain,Bahrain International Circuit,Sakhir,Bahrain,gasly,GAS,Pierre,Gasly,Pierre Gasly,1996-02-07,French,10,alpine,Alpine F1 Team,French,4,7,7,7,CLASSIFIED,Finished,False,57,6.0
FastF1/Jolpica,20260810T200317Z,2025-04,2025,4,Bahrain Grand Prix,2025-04-13,bahrain,Bahrain International Circuit,Sakhir,Bahrain,ocon,OCO,Esteban,Ocon,Esteban Ocon,1996-09-17,French,31,haas,Haas F1 Team,American,14,8,8,8,CLASSIFIED,Finished,False,57,4.0
FastF1/Jolpica,20260810T200317Z,2025-04,2025,4,Bahrain Grand Prix,2025-04-13,bahrain,Bahrain International Circuit,Sakhir,Bahrain,tsunoda,TSU,Yuki,Tsunoda,Yuki Tsunoda,2000-05-11,Japanese,22,red_bull,Red Bull,Austrian,10,9,9,9,CLASSIFIED,Finished,False,57,2.0
FastF1/Jolpica,20260810T200317Z,2025-04,2025,4,Bahrain Grand Prix,2025-04-13,bahrain,Bahrain International Circuit,Sakhir,Bahrain,bearman,BEA,Oliver,Bearman,Oliver Bearman,2005-05-08,British,87,haas,Haas F1 Team,American,20,10,10,10,CLASSIFIED,Finished,False,57,1.0
FastF1/Jolpica,20260810T200317Z,2025-04,2025,4,Bahrain Grand Prix,2025-04-13,bahrain,Bahrain International Circuit,Sakhir,Bahrain,antonelli,ANT,Andrea Kimi,Antonelli,Andrea Kimi Antonelli,2006-08-25,Italian,12,mercedes,Mercedes,German,5,11,11,11,CLASSIFIED,Finished,False,57,0.0
FastF1/Jolpica,20260810T200317Z,2025-04,2025,4,Bahrain Grand Prix,2025-04-13,bahrain,Bahrain International Circuit,Sakhir,Bahrain,albon,ALB,Alexander,Albon,Alexander Albon,1996-03-23,Thai,23,williams,Williams,British,15,12,12,12,CLASSIFIED,Finished,False,57,0.0
FastF1/Jolpica,20260810T200317Z,2025-04,2025,4,Bahrain Grand Prix,2025-04-13,bahrain,Bahrain International Circuit,Sakhir,Bahrain,hadjar,HAD,Isack,Hadjar,Isack Hadjar,2004-09-28,French,6,rb,RB F1 Team,Italian,12,13,13,13,CLASSIFIED,Finished,False,57,0.0
FastF1/Jolpica,20260810T200317Z,2025-04,2025,4,Bahrain Grand Prix,2025-04-13,bahrain,Bahrain International Circuit,Sakhir,Bahrain,doohan,DOO,Jack,Doohan,Jack Doohan,2003-01-20,Australian,7,alpine,Alpine F1 Team,French,11,14,14,14,CLASSIFIED,Finished,False,57,0.0
FastF1/Jolpica,20260810T200317Z,2025-04,2025,4,Bahrain Grand Prix,2025-04-13,bahrain,Bahrain International Circuit,Sakhir,Bahrain,alonso,ALO,Fernando,Alonso,Fernando Alonso,1981-07-29,Spanish,14,aston_martin,Aston Martin,British,13,15,15,15,CLASSIFIED,Finished,False,57,0.0
FastF1/Jolpica,20260810T200317Z,2025-04,2025,4,Bahrain Grand Prix,2025-04-13,bahrain,Bahrain International Circuit,Sakhir,Bahrain,lawson,LAW,Liam,Lawson,Liam Lawson,2002-02-11,New Zealander,30,rb,RB F1 Team,Italian,17,16,16,16,CLASSIFIED,Finished,False,57,0.0
FastF1/Jolpica,20260810T200317Z,2025-04,2025,4,Bahrain Grand Prix,2025-04-13,bahrain,Bahrain International Circuit,Sakhir,Bahrain,stroll,STR,Lance,Stroll,Lance Stroll,1998-10-29,Canadian,18,aston_martin,Aston Martin,British,19,17,17,17,CLASSIFIED,Finished,False,57,0.0
FastF1/Jolpica,20260810T200317Z,2025-04,2025,4,Bahrain Grand Prix,2025-04-13,bahrain,Bahrain International Circuit,Sakhir,Bahrain,bortoleto,BOR,Gabriel,Bortoleto,Gabriel Bortoleto,2004-10-14,Brazilian,5,sauber,Sauber,Swiss,18,18,18,18,CLASSIFIED,Finished,False,57,0.0
FastF1/Jolpica,20260810T200317Z,2025-04,2025,4,Bahrain Grand Prix,2025-04-13,bahrain,Bahrain International Circuit,Sakhir,Bahrain,sainz,SAI,Carlos,Sainz,Carlos Sainz,1994-09-01,Spanish,55,williams,Williams,British,8,19,R,19,DNF,Retired,False,45,0.0
FastF1/Jolpica,20260810T200317Z,2025-04,2025,4,Bahrain Grand Prix,2025-04-13,bahrain,Bahrain International Circuit,Sakhir,Bahrain,hulkenberg,HUL,Nico,Hülkenberg,Nico Hülkenberg,1987-08-19,German,27,sauber,Sauber,Swiss,16,20,D,20,DSQ,Disqualified,False,0,0.0
FastF1/Jolpica,20260810T200317Z,2025-05,2025,5,Saudi Arabian Grand Prix,2025-04-20,jeddah,Jeddah Corniche Circuit,Jeddah,Saudi Arabia,piastri,PIA,Oscar,Piastri,Oscar Piastri,2001-04-06,Australian,81,mclaren,McLaren,British,2,1,1,1,CLASSIFIED,Finished,False,50,25.0
FastF1/Jolpica,20260810T200317Z,2025-05,2025,5,Saudi Arabian Grand Prix,2025-04-20,jeddah,Jeddah Corniche Circuit,Jeddah,Saudi Arabia,max_verstappen,VER,Max,Verstappen,Max Verstappen,1997-09-30,Dutch,1,red_bull,Red Bull,Austrian,1,2,2,2,CLASSIFIED,Finished,False,50,18.0
FastF1/Jolpica,20260810T200317Z,2025-05,2025,5,Saudi Arabian Grand Prix,2025-04-20,jeddah,Jeddah Corniche Circuit,Jeddah,Saudi Arabia,leclerc,LEC,Charles,Leclerc,Charles Leclerc,1997-10-16,Monegasque,16,ferrari,Ferrari,Italian,4,3,3,3,CLASSIFIED,Finished,False,50,15.0
FastF1/Jolpica,20260810T200317Z,2025-05,2025,5,Saudi Arabian Grand Prix,2025-04-20,jeddah,Jeddah Corniche Circuit,Jeddah,Saudi Arabia,norris,NOR,Lando,Norris,Lando Norris,1999-11-13,British,4,mclaren,McLaren,British,10,4,4,4,CLASSIFIED,Finished,False,50,12.0
FastF1/Jolpica,20260810T200317Z,2025-05,2025,5,Saudi Arabian Grand Prix,2025-04-20,jeddah,Jeddah Corniche Circuit,Jeddah,Saudi Arabia,russell,RUS,George,Russell,George Russell,1998-02-15,British,63,mercedes,Mercedes,German,3,5,5,5,CLASSIFIED,Finished,False,50,10.0
FastF1/Jolpica,20260810T200317Z,2025-05,2025,5,Saudi Arabian Grand Prix,2025-04-20,jeddah,Jeddah Corniche Circuit,Jeddah,Saudi Arabia,antonelli,ANT,Andrea Kimi,Antonelli,Andrea Kimi Antonelli,2006-08-25,Italian,12,mercedes,Mercedes,German,5,6,6,6,CLASSIFIED,Finished,False,50,8.0
FastF1/Jolpica,20260810T200317Z,2025-05,2025,5,Saudi Arabian Grand Prix,2025-04-20,jeddah,Jeddah Corniche Circuit,Jeddah,Saudi Arabia,hamilton,HAM,Lewis,Hamilton,Lewis Hamilton,1985-01-07,British,44,ferrari,Ferrari,Italian,7,7,7,7,CLASSIFIED,Finished,False,50,6.0
FastF1/Jolpica,20260810T200317Z,2025-05,2025,5,Saudi Arabian Grand Prix,2025-04-20,jeddah,Jeddah Corniche Circuit,Jeddah,Saudi Arabia,sainz,SAI,Carlos,Sainz,Carlos Sainz,1994-09-01,Spanish,55,williams,Williams,British,6,8,8,8,CLASSIFIED,Finished,False,50,4.0
FastF1/Jolpica,20260810T200317Z,2025-05,2025,5,Saudi Arabian Grand Prix,2025-04-20,jeddah,Jeddah Corniche Circuit,Jeddah,Saudi Arabia,albon,ALB,Alexander,Albon,Alexander Albon,1996-03-23,Thai,23,williams,Williams,British,11,9,9,9,CLASSIFIED,Finished,False,50,2.0
FastF1/Jolpica,20260810T200317Z,2025-05,2025,5,Saudi Arabian Grand Prix,2025-04-20,jeddah,Jeddah Corniche Circuit,Jeddah,Saudi Arabia,hadjar,HAD,Isack,Hadjar,Isack Hadjar,2004-09-28,French,6,rb,RB F1 Team,Italian,14,10,10,10,CLASSIFIED,Finished,False,50,1.0
FastF1/Jolpica,20260810T200317Z,2025-05,2025,5,Saudi Arabian Grand Prix,2025-04-20,jeddah,Jeddah Corniche Circuit,Jeddah,Saudi Arabia,alonso,ALO,Fernando,Alonso,Fernando Alonso,1981-07-29,Spanish,14,aston_martin,Aston Martin,British,13,11,11,11,CLASSIFIED,Finished,False,50,0.0
FastF1/Jolpica,20260810T200317Z,2025-05,2025,5,Saudi Arabian Grand Prix,2025-04-20,jeddah,Jeddah Corniche Circuit,Jeddah,Saudi Arabia,lawson,LAW,Liam,Lawson,Liam Lawson,2002-02-11,New Zealander,30,rb,RB F1 Team,Italian,12,12,12,12,CLASSIFIED,Finished,False,50,0.0
FastF1/Jolpica,20260810T200317Z,2025-05,2025,5,Saudi Arabian Grand Prix,2025-04-20,jeddah,Jeddah Corniche Circuit,Jeddah,Saudi Arabia,bearman,BEA,Oliver,Bearman,Oliver Bearman,2005-05-08,British,87,haas,Haas F1 Team,American,15,13,13,13,CLASSIFIED,Finished,False,50,0.0
FastF1/Jolpica,20260810T200317Z,2025-05,2025,5,Saudi Arabian Grand Prix,2025-04-20,jeddah,Jeddah Corniche Circuit,Jeddah,Saudi Arabia,ocon,OCO,Esteban,Ocon,Esteban Ocon,1996-09-17,French,31,haas,Haas F1 Team,American,19,14,14,14,CLASSIFIED,Finished,False,50,0.0
FastF1/Jolpica,20260810T200317Z,2025-05,2025,5,Saudi Arabian Grand Prix,2025-04-20,jeddah,Jeddah Corniche Circuit,Jeddah,Saudi Arabia,hulkenberg,HUL,Nico,Hülkenberg,Nico Hülkenberg,1987-08-19,German,27,sauber,Sauber,Swiss,18,15,15,15,CLASSIFIED,Lapped,False,49,0.0
FastF1/Jolpica,20260810T200317Z,2025-05,2025,5,Saudi Arabian Grand Prix,2025-04-20,jeddah,Jeddah Corniche Circuit,Jeddah,Saudi Arabia,stroll,STR,Lance,Stroll,Lance Stroll,1998-10-29,Canadian,18,aston_martin,Aston Martin,British,16,16,16,16,CLASSIFIED,Lapped,False,49,0.0
FastF1/Jolpica,20260810T200317Z,2025-05,2025,5,Saudi Arabian Grand Prix,2025-04-20,jeddah,Jeddah Corniche Circuit,Jeddah,Saudi Arabia,doohan,DOO,Jack,Doohan,Jack Doohan,2003-01-20,Australian,7,alpine,Alpine F1 Team,French,17,17,17,17,CLASSIFIED,Lapped,False,49,0.0
FastF1/Jolpica,20260810T200317Z,2025-05,2025,5,Saudi Arabian Grand Prix,2025-04-20,jeddah,Jeddah Corniche Circuit,Jeddah,Saudi Arabia,bortoleto,BOR,Gabriel,Bortoleto,Gabriel Bortoleto,2004-10-14,Brazilian,5,sauber,Sauber,Swiss,20,18,18,18,CLASSIFIED,Lapped,False,49,0.0
FastF1/Jolpica,20260810T200317Z,2025-05,2025,5,Saudi Arabian Grand Prix,2025-04-20,jeddah,Jeddah Corniche Circuit,Jeddah,Saudi Arabia,tsunoda,TSU,Yuki,Tsunoda,Yuki Tsunoda,2000-05-11,Japanese,22,red_bull,Red Bull,Austrian,8,19,R,19,DNF,Retired,False,1,0.0
FastF1/Jolpica,20260810T200317Z,2025-05,2025,5,Saudi Arabian Grand Prix,2025-04-20,jeddah,Jeddah Corniche Circuit,Jeddah,Saudi Arabia,gasly,GAS,Pierre,Gasly,Pierre Gasly,1996-02-07,French,10,alpine,Alpine F1 Team,French,9,20,R,20,DNF,Retired,False,0,0.0
FastF1/Jolpica,20260810T200317Z,2025-06,2025,6,Miami Grand Prix,2025-05-04,miami,Miami International Autodrome,Miami,USA,piastri,PIA,Oscar,Piastri,Oscar Piastri,2001-04-06,Australian,81,mclaren,McLaren,British,4,1,1,1,CLASSIFIED,Finished,False,57,25.0
FastF1/Jolpica,20260810T200317Z,2025-06,2025,6,Miami Grand Prix,2025-05-04,miami,Miami International Autodrome,Miami,USA,norris,NOR,Lando,Norris,Lando Norris,1999-11-13,British,4,mclaren,McLaren,British,2,2,2,2,CLASSIFIED,Finished,False,57,18.0
FastF1/Jolpica,20260810T200317Z,2025-06,2025,6,Miami Grand Prix,2025-05-04,miami,Miami International Autodrome,Miami,USA,russell,RUS,George,Russell,George Russell,1998-02-15,British,63,mercedes,Mercedes,German,5,3,3,3,CLASSIFIED,Finished,False,57,15.0
FastF1/Jolpica,20260810T200317Z,2025-06,2025,6,Miami Grand Prix,2025-05-04,miami,Miami International Autodrome,Miami,USA,max_verstappen,VER,Max,Verstappen,Max Verstappen,1997-09-30,Dutch,1,red_bull,Red Bull,Austrian,1,4,4,4,CLASSIFIED,Finished,False,57,12.0
FastF1/Jolpica,20260810T200317Z,2025-06,2025,6,Miami Grand Prix,2025-05-04,miami,Miami International Autodrome,Miami,USA,albon,ALB,Alexander,Albon,Alexander Albon,1996-03-23,Thai,23,williams,Williams,British,7,5,5,5,CLASSIFIED,Finished,False,57,10.0
FastF1/Jolpica,20260810T200317Z,2025-06,2025,6,Miami Grand Prix,2025-05-04,miami,Miami International Autodrome,Miami,USA,antonelli,ANT,Andrea Kimi,Antonelli,Andrea Kimi Antonelli,2006-08-25,Italian,12,mercedes,Mercedes,German,3,6,6,6,CLASSIFIED,Finished,False,57,8.0
FastF1/Jolpica,20260810T200317Z,2025-06,2025,6,Miami Grand Prix,2025-05-04,miami,Miami International Autodrome,Miami,USA,leclerc,LEC,Charles,Leclerc,Charles Leclerc,1997-10-16,Monegasque,16,ferrari,Ferrari,Italian,8,7,7,7,CLASSIFIED,Finished,False,57,6.0
FastF1/Jolpica,20260810T200317Z,2025-06,2025,6,Miami Grand Prix,2025-05-04,miami,Miami International Autodrome,Miami,USA,hamilton,HAM,Lewis,Hamilton,Lewis Hamilton,1985-01-07,British,44,ferrari,Ferrari,Italian,12,8,8,8,CLASSIFIED,Finished,False,57,4.0
FastF1/Jolpica,20260810T200317Z,2025-06,2025,6,Miami Grand Prix,2025-05-04,miami,Miami International Autodrome,Miami,USA,sainz,SAI,Carlos,Sainz,Carlos Sainz,1994-09-01,Spanish,55,williams,Williams,British,6,9,9,9,CLASSIFIED,Finished,False,57,2.0
FastF1/Jolpica,20260810T200317Z,2025-06,2025,6,Miami Grand Prix,2025-05-04,miami,Miami International Autodrome,Miami,USA,tsunoda,TSU,Yuki,Tsunoda,Yuki Tsunoda,2000-05-11,Japanese,22,red_bull,Red Bull,Austrian,10,10,10,10,CLASSIFIED,Finished,False,57,1.0
FastF1/Jolpica,20260810T200317Z,2025-06,2025,6,Miami Grand Prix,2025-05-04,miami,Miami International Autodrome,Miami,USA,hadjar,HAD,Isack,Hadjar,Isack Hadjar,2004-09-28,French,6,rb,RB F1 Team,Italian,11,11,11,11,CLASSIFIED,Finished,False,57,0.0
FastF1/Jolpica,20260810T200317Z,2025-06,2025,6,Miami Grand Prix,2025-05-04,miami,Miami International Autodrome,Miami,USA,ocon,OCO,Esteban,Ocon,Esteban Ocon,1996-09-17,French,31,haas,Haas F1 Team,American,9,12,12,12,CLASSIFIED,Finished,False,57,0.0
FastF1/Jolpica,20260810T200317Z,2025-06,2025,6,Miami Grand Prix,2025-05-04,miami,Miami International Autodrome,Miami,USA,gasly,GAS,Pierre,Gasly,Pierre Gasly,1996-02-07,French,10,alpine,Alpine F1 Team,French,20,13,13,13,CLASSIFIED,Finished,False,57,0.0
FastF1/Jolpica,20260810T200317Z,2025-06,2025,6,Miami Grand Prix,2025-05-04,miami,Miami International Autodrome,Miami,USA,hulkenberg,HUL,Nico,Hülkenberg,Nico Hülkenberg,1987-08-19,German,27,sauber,Sauber,Swiss,16,14,14,14,CLASSIFIED,Lapped,False,56,0.0
FastF1/Jolpica,20260810T200317Z,2025-06,2025,6,Miami Grand Prix,2025-05-04,miami,Miami International Autodrome,Miami,USA,alonso,ALO,Fernando,Alonso,Fernando Alonso,1981-07-29,Spanish,14,aston_martin,Aston Martin,British,17,15,15,15,CLASSIFIED,Lapped,False,56,0.0
FastF1/Jolpica,20260810T200317Z,2025-06,2025,6,Miami Grand Prix,2025-05-04,miami,Miami International Autodrome,Miami,USA,stroll,STR,Lance,Stroll,Lance Stroll,1998-10-29,Canadian,18,aston_martin,Aston Martin,British,18,16,16,16,CLASSIFIED,Lapped,False,56,0.0
FastF1/Jolpica,20260810T200317Z,2025-06,2025,6,Miami Grand Prix,2025-05-04,miami,Miami International Autodrome,Miami,USA,lawson,LAW,Liam,Lawson,Liam Lawson,2002-02-11,New Zealander,30,rb,RB F1 Team,Italian,15,17,R,17,DNF,Retired,False,36,0.0
FastF1/Jolpica,20260810T200317Z,2025-06,2025,6,Miami Grand Prix,2025-05-04,miami,Miami International Autodrome,Miami,USA,bortoleto,BOR,Gabriel,Bortoleto,Gabriel Bortoleto,2004-10-14,Brazilian,5,sauber,Sauber,Swiss,13,18,R,18,DNF,Retired,False,30,0.0
FastF1/Jolpica,20260810T200317Z,2025-06,2025,6,Miami Grand Prix,2025-05-04,miami,Miami International Autodrome,Miami,USA,bearman,BEA,Oliver,Bearman,Oliver Bearman,2005-05-08,British,87,haas,Haas F1 Team,American,19,19,R,19,DNF,Retired,False,27,0.0
FastF1/Jolpica,20260810T200317Z,2025-06,2025,6,Miami Grand Prix,2025-05-04,miami,Miami International Autodrome,Miami,USA,doohan,DOO,Jack,Doohan,Jack Doohan,2003-01-20,Australian,7,alpine,Alpine F1 Team,French,14,20,R,20,DNF,Retired,False,0,0.0
FastF1/Jolpica,20260810T200317Z,2025-07,2025,7,Emilia Romagna Grand Prix,2025-05-18,imola,Autodromo Enzo e Dino Ferrari,Imola,Italy,max_verstappen,VER,Max,Verstappen,Max Verstappen,1997-09-30,Dutch,1,red_bull,Red Bull,Austrian,2,1,1,1,CLASSIFIED,Finished,False,63,25.0
FastF1/Jolpica,20260810T200317Z,2025-07,2025,7,Emilia Romagna Grand Prix,2025-05-18,imola,Autodromo Enzo e Dino Ferrari,Imola,Italy,norris,NOR,Lando,Norris,Lando Norris,1999-11-13,British,4,mclaren,McLaren,British,4,2,2,2,CLASSIFIED,Finished,False,63,18.0
FastF1/Jolpica,20260810T200317Z,2025-07,2025,7,Emilia Romagna Grand Prix,2025-05-18,imola,Autodromo Enzo e Dino Ferrari,Imola,Italy,piastri,PIA,Oscar,Piastri,Oscar Piastri,2001-04-06,Australian,81,mclaren,McLaren,British,1,3,3,3,CLASSIFIED,Finished,False,63,15.0
FastF1/Jolpica,20260810T200317Z,2025-07,2025,7,Emilia Romagna Grand Prix,2025-05-18,imola,Autodromo Enzo e Dino Ferrari,Imola,Italy,hamilton,HAM,Lewis,Hamilton,Lewis Hamilton,1985-01-07,British,44,ferrari,Ferrari,Italian,12,4,4,4,CLASSIFIED,Finished,False,63,12.0
FastF1/Jolpica,20260810T200317Z,2025-07,2025,7,Emilia Romagna Grand Prix,2025-05-18,imola,Autodromo Enzo e Dino Ferrari,Imola,Italy,albon,ALB,Alexander,Albon,Alexander Albon,1996-03-23,Thai,23,williams,Williams,British,7,5,5,5,CLASSIFIED,Finished,False,63,10.0
FastF1/Jolpica,20260810T200317Z,2025-07,2025,7,Emilia Romagna Grand Prix,2025-05-18,imola,Autodromo Enzo e Dino Ferrari,Imola,Italy,leclerc,LEC,Charles,Leclerc,Charles Leclerc,1997-10-16,Monegasque,16,ferrari,Ferrari,Italian,11,6,6,6,CLASSIFIED,Finished,False,63,8.0
FastF1/Jolpica,20260810T200317Z,2025-07,2025,7,Emilia Romagna Grand Prix,2025-05-18,imola,Autodromo Enzo e Dino Ferrari,Imola,Italy,russell,RUS,George,Russell,George Russell,1998-02-15,British,63,mercedes,Mercedes,German,3,7,7,7,CLASSIFIED,Finished,False,63,6.0
FastF1/Jolpica,20260810T200317Z,2025-07,2025,7,Emilia Romagna Grand Prix,2025-05-18,imola,Autodromo Enzo e Dino Ferrari,Imola,Italy,sainz,SAI,Carlos,Sainz,Carlos Sainz,1994-09-01,Spanish,55,williams,Williams,British,6,8,8,8,CLASSIFIED,Finished,False,63,4.0
FastF1/Jolpica,20260810T200317Z,2025-07,2025,7,Emilia Romagna Grand Prix,2025-05-18,imola,Autodromo Enzo e Dino Ferrari,Imola,Italy,hadjar,HAD,Isack,Hadjar,Isack Hadjar,2004-09-28,French,6,rb,RB F1 Team,Italian,9,9,9,9,CLASSIFIED,Finished,False,63,2.0
FastF1/Jolpica,20260810T200317Z,2025-07,2025,7,Emilia Romagna Grand Prix,2025-05-18,imola,Autodromo Enzo e Dino Ferrari,Imola,Italy,tsunoda,TSU,Yuki,Tsunoda,Yuki Tsunoda,2000-05-11,Japanese,22,red_bull,Red Bull,Austrian,20,10,10,10,CLASSIFIED,Finished,False,63,1.0
FastF1/Jolpica,20260810T200317Z,2025-07,2025,7,Emilia Romagna Grand Prix,2025-05-18,imola,Autodromo Enzo e Dino Ferrari,Imola,Italy,alonso,ALO,Fernando,Alonso,Fernando Alonso,1981-07-29,Spanish,14,aston_martin,Aston Martin,British,5,11,11,11,CLASSIFIED,Finished,False,63,0.0
FastF1/Jolpica,20260810T200317Z,2025-07,2025,7,Emilia Romagna Grand Prix,2025-05-18,imola,Autodromo Enzo e Dino Ferrari,Imola,Italy,hulkenberg,HUL,Nico,Hülkenberg,Nico Hülkenberg,1987-08-19,German,27,sauber,Sauber,Swiss,17,12,12,12,CLASSIFIED,Finished,False,63,0.0
FastF1/Jolpica,20260810T200317Z,2025-07,2025,7,Emilia Romagna Grand Prix,2025-05-18,imola,Autodromo Enzo e Dino Ferrari,Imola,Italy,gasly,GAS,Pierre,Gasly,Pierre Gasly,1996-02-07,French,10,alpine,Alpine F1 Team,French,10,13,13,13,CLASSIFIED,Finished,False,63,0.0
FastF1/Jolpica,20260810T200317Z,2025-07,2025,7,Emilia Romagna Grand Prix,2025-05-18,imola,Autodromo Enzo e Dino Ferrari,Imola,Italy,lawson,LAW,Liam,Lawson,Liam Lawson,2002-02-11,New Zealander,30,rb,RB F1 Team,Italian,15,14,14,14,CLASSIFIED,Finished,False,63,0.0
FastF1/Jolpica,20260810T200317Z,2025-07,2025,7,Emilia Romagna Grand Prix,2025-05-18,imola,Autodromo Enzo e Dino Ferrari,Imola,Italy,stroll,STR,Lance,Stroll,Lance Stroll,1998-10-29,Canadian,18,aston_martin,Aston Martin,British,8,15,15,15,CLASSIFIED,Finished,False,63,0.0
FastF1/Jolpica,20260810T200317Z,2025-07,2025,7,Emilia Romagna Grand Prix,2025-05-18,imola,Autodromo Enzo e Dino Ferrari,Imola,Italy,colapinto,COL,Franco,Colapinto,Franco Colapinto,2003-05-27,Argentine,43,alpine,Alpine F1 Team,French,16,16,16,16,CLASSIFIED,Finished,False,63,0.0
FastF1/Jolpica,20260810T200317Z,2025-07,2025,7,Emilia Romagna Grand Prix,2025-05-18,imola,Autodromo Enzo e Dino Ferrari,Imola,Italy,bearman,BEA,Oliver,Bearman,Oliver Bearman,2005-05-08,British,87,haas,Haas F1 Team,American,19,17,17,17,CLASSIFIED,Finished,False,63,0.0
FastF1/Jolpica,20260810T200317Z,2025-07,2025,7,Emilia Romagna Grand Prix,2025-05-18,imola,Autodromo Enzo e Dino Ferrari,Imola,Italy,bortoleto,BOR,Gabriel,Bortoleto,Gabriel Bortoleto,2004-10-14,Brazilian,5,sauber,Sauber,Swiss,14,18,18,18,CLASSIFIED,Finished,False,63,0.0
FastF1/Jolpica,20260810T200317Z,2025-07,2025,7,Emilia Romagna Grand Prix,2025-05-18,imola,Autodromo Enzo e Dino Ferrari,Imola,Italy,antonelli,ANT,Andrea Kimi,Antonelli,Andrea Kimi Antonelli,2006-08-25,Italian,12,mercedes,Mercedes,German,13,19,R,19,DNF,Retired,False,44,0.0
FastF1/Jolpica,20260810T200317Z,2025-07,2025,7,Emilia Romagna Grand Prix,2025-05-18,imola,Autodromo Enzo e Dino Ferrari,Imola,Italy,ocon,OCO,Esteban,Ocon,Esteban Ocon,1996-09-17,French,31,haas,Haas F1 Team,American,18,20,R,20,DNF,Retired,False,27,0.0
FastF1/Jolpica,20260810T200317Z,2025-08,2025,8,Monaco Grand Prix,2025-05-25,monaco,Circuit de Monaco,Monte Carlo,Monaco,norris,NOR,Lando,Norris,Lando Norris,1999-11-13,British,4,mclaren,McLaren,British,1,1,1,1,CLASSIFIED,Finished,False,78,25.0
FastF1/Jolpica,20260810T200317Z,2025-08,2025,8,Monaco Grand Prix,2025-05-25,monaco,Circuit de Monaco,Monte Carlo,Monaco,leclerc,LEC,Charles,Leclerc,Charles Leclerc,1997-10-16,Monegasque,16,ferrari,Ferrari,Italian,2,2,2,2,CLASSIFIED,Finished,False,78,18.0
FastF1/Jolpica,20260810T200317Z,2025-08,2025,8,Monaco Grand Prix,2025-05-25,monaco,Circuit de Monaco,Monte Carlo,Monaco,piastri,PIA,Oscar,Piastri,Oscar Piastri,2001-04-06,Australian,81,mclaren,McLaren,British,3,3,3,3,CLASSIFIED,Finished,False,78,15.0
FastF1/Jolpica,20260810T200317Z,2025-08,2025,8,Monaco Grand Prix,2025-05-25,monaco,Circuit de Monaco,Monte Carlo,Monaco,max_verstappen,VER,Max,Verstappen,Max Verstappen,1997-09-30,Dutch,1,red_bull,Red Bull,Austrian,4,4,4,4,CLASSIFIED,Finished,False,78,12.0
FastF1/Jolpica,20260810T200317Z,2025-08,2025,8,Monaco Grand Prix,2025-05-25,monaco,Circuit de Monaco,Monte Carlo,Monaco,hamilton,HAM,Lewis,Hamilton,Lewis Hamilton,1985-01-07,British,44,ferrari,Ferrari,Italian,7,5,5,5,CLASSIFIED,Finished,False,78,10.0
FastF1/Jolpica,20260810T200317Z,2025-08,2025,8,Monaco Grand Prix,2025-05-25,monaco,Circuit de Monaco,Monte Carlo,Monaco,hadjar,HAD,Isack,Hadjar,Isack Hadjar,2004-09-28,French,6,rb,RB F1 Team,Italian,5,6,6,6,CLASSIFIED,Lapped,False,77,8.0
FastF1/Jolpica,20260810T200317Z,2025-08,2025,8,Monaco Grand Prix,2025-05-25,monaco,Circuit de Monaco,Monte Carlo,Monaco,ocon,OCO,Esteban,Ocon,Esteban Ocon,1996-09-17,French,31,haas,Haas F1 Team,American,8,7,7,7,CLASSIFIED,Lapped,False,77,6.0
FastF1/Jolpica,20260810T200317Z,2025-08,2025,8,Monaco Grand Prix,2025-05-25,monaco,Circuit de Monaco,Monte Carlo,Monaco,lawson,LAW,Liam,Lawson,Liam Lawson,2002-02-11,New Zealander,30,rb,RB F1 Team,Italian,9,8,8,8,CLASSIFIED,Lapped,False,77,4.0
FastF1/Jolpica,20260810T200317Z,2025-08,2025,8,Monaco Grand Prix,2025-05-25,monaco,Circuit de Monaco,Monte Carlo,Monaco,albon,ALB,Alexander,Albon,Alexander Albon,1996-03-23,Thai,23,williams,Williams,British,10,9,9,9,CLASSIFIED,Lapped,False,76,2.0
FastF1/Jolpica,20260810T200317Z,2025-08,2025,8,Monaco Grand Prix,2025-05-25,monaco,Circuit de Monaco,Monte Carlo,Monaco,sainz,SAI,Carlos,Sainz,Carlos Sainz,1994-09-01,Spanish,55,williams,Williams,British,11,10,10,10,CLASSIFIED,Lapped,False,76,1.0
FastF1/Jolpica,20260810T200317Z,2025-08,2025,8,Monaco Grand Prix,2025-05-25,monaco,Circuit de Monaco,Monte Carlo,Monaco,russell,RUS,George,Russell,George Russell,1998-02-15,British,63,mercedes,Mercedes,German,14,11,11,11,CLASSIFIED,Lapped,False,76,0.0
FastF1/Jolpica,20260810T200317Z,2025-08,2025,8,Monaco Grand Prix,2025-05-25,monaco,Circuit de Monaco,Monte Carlo,Monaco,bearman,BEA,Oliver,Bearman,Oliver Bearman,2005-05-08,British,87,haas,Haas F1 Team,American,20,12,12,12,CLASSIFIED,Lapped,False,76,0.0
FastF1/Jolpica,20260810T200317Z,2025-08,2025,8,Monaco Grand Prix,2025-05-25,monaco,Circuit de Monaco,Monte Carlo,Monaco,colapinto,COL,Franco,Colapinto,Franco Colapinto,2003-05-27,Argentine,43,alpine,Alpine F1 Team,French,18,13,13,13,CLASSIFIED,Lapped,False,76,0.0
FastF1/Jolpica,20260810T200317Z,2025-08,2025,8,Monaco Grand Prix,2025-05-25,monaco,Circuit de Monaco,Monte Carlo,Monaco,bortoleto,BOR,Gabriel,Bortoleto,Gabriel Bortoleto,2004-10-14,Brazilian,5,sauber,Sauber,Swiss,16,14,14,14,CLASSIFIED,Lapped,False,76,0.0
FastF1/Jolpica,20260810T200317Z,2025-08,2025,8,Monaco Grand Prix,2025-05-25,monaco,Circuit de Monaco,Monte Carlo,Monaco,stroll,STR,Lance,Stroll,Lance Stroll,1998-10-29,Canadian,18,aston_martin,Aston Martin,British,19,15,15,15,CLASSIFIED,Lapped,False,76,0.0
FastF1/Jolpica,20260810T200317Z,2025-08,2025,8,Monaco Grand Prix,2025-05-25,monaco,Circuit de Monaco,Monte Carlo,Monaco,hulkenberg,HUL,Nico,Hülkenberg,Nico Hülkenberg,1987-08-19,German,27,sauber,Sauber,Swiss,13,16,16,16,CLASSIFIED,Lapped,False,76,0.0
FastF1/Jolpica,20260810T200317Z,2025-08,2025,8,Monaco Grand Prix,2025-05-25,monaco,Circuit de Monaco,Monte Carlo,Monaco,tsunoda,TSU,Yuki,Tsunoda,Yuki Tsunoda,2000-05-11,Japanese,22,red_bull,Red Bull,Austrian,12,17,17,17,CLASSIFIED,Lapped,False,76,0.0
FastF1/Jolpica,20260810T200317Z,2025-08,2025,8,Monaco Grand Prix,2025-05-25,monaco,Circuit de Monaco,Monte Carlo,Monaco,antonelli,ANT,Andrea Kimi,Antonelli,Andrea Kimi Antonelli,2006-08-25,Italian,12,mercedes,Mercedes,German,15,18,18,18,CLASSIFIED,Lapped,False,75,0.0
FastF1/Jolpica,20260810T200317Z,2025-08,2025,8,Monaco Grand Prix,2025-05-25,monaco,Circuit de Monaco,Monte Carlo,Monaco,alonso,ALO,Fernando,Alonso,Fernando Alonso,1981-07-29,Spanish,14,aston_martin,Aston Martin,British,6,19,R,19,DNF,Retired,False,36,0.0
FastF1/Jolpica,20260810T200317Z,2025-08,2025,8,Monaco Grand Prix,2025-05-25,monaco,Circuit de Monaco,Monte Carlo,Monaco,gasly,GAS,Pierre,Gasly,Pierre Gasly,1996-02-07,French,10,alpine,Alpine F1 Team,French,17,20,R,20,DNF,Retired,False,7,0.0
FastF1/Jolpica,20260810T200317Z,2025-09,2025,9,Spanish Grand Prix,2025-06-01,catalunya,Circuit de Barcelona-Catalunya,Barcelona,Spain,piastri,PIA,Oscar,Piastri,Oscar Piastri,2001-04-06,Australian,81,mclaren,McLaren,British,1,1,1,1,CLASSIFIED,Finished,False,66,25.0
FastF1/Jolpica,20260810T200317Z,2025-09,2025,9,Spanish Grand Prix,2025-06-01,catalunya,Circuit de Barcelona-Catalunya,Barcelona,Spain,norris,NOR,Lando,Norris,Lando Norris,1999-11-13,British,4,mclaren,McLaren,British,2,2,2,2,CLASSIFIED,Finished,False,66,18.0
FastF1/Jolpica,20260810T200317Z,2025-09,2025,9,Spanish Grand Prix,2025-06-01,catalunya,Circuit de Barcelona-Catalunya,Barcelona,Spain,leclerc,LEC,Charles,Leclerc,Charles Leclerc,1997-10-16,Monegasque,16,ferrari,Ferrari,Italian,7,3,3,3,CLASSIFIED,Finished,False,66,15.0
FastF1/Jolpica,20260810T200317Z,2025-09,2025,9,Spanish Grand Prix,2025-06-01,catalunya,Circuit de Barcelona-Catalunya,Barcelona,Spain,russell,RUS,George,Russell,George Russell,1998-02-15,British,63,mercedes,Mercedes,German,4,4,4,4,CLASSIFIED,Finished,False,66,12.0
FastF1/Jolpica,20260810T200317Z,2025-09,2025,9,Spanish Grand Prix,2025-06-01,catalunya,Circuit de Barcelona-Catalunya,Barcelona,Spain,hulkenberg,HUL,Nico,Hülkenberg,Nico Hülkenberg,1987-08-19,German,27,sauber,Sauber,Swiss,15,5,5,5,CLASSIFIED,Finished,False,66,10.0
FastF1/Jolpica,20260810T200317Z,2025-09,2025,9,Spanish Grand Prix,2025-06-01,catalunya,Circuit de Barcelona-Catalunya,Barcelona,Spain,hamilton,HAM,Lewis,Hamilton,Lewis Hamilton,1985-01-07,British,44,ferrari,Ferrari,Italian,5,6,6,6,CLASSIFIED,Finished,False,66,8.0
FastF1/Jolpica,20260810T200317Z,2025-09,2025,9,Spanish Grand Prix,2025-06-01,catalunya,Circuit de Barcelona-Catalunya,Barcelona,Spain,hadjar,HAD,Isack,Hadjar,Isack Hadjar,2004-09-28,French,6,rb,RB F1 Team,Italian,9,7,7,7,CLASSIFIED,Finished,False,66,6.0
FastF1/Jolpica,20260810T200317Z,2025-09,2025,9,Spanish Grand Prix,2025-06-01,catalunya,Circuit de Barcelona-Catalunya,Barcelona,Spain,gasly,GAS,Pierre,Gasly,Pierre Gasly,1996-02-07,French,10,alpine,Alpine F1 Team,French,8,8,8,8,CLASSIFIED,Finished,False,66,4.0
FastF1/Jolpica,20260810T200317Z,2025-09,2025,9,Spanish Grand Prix,2025-06-01,catalunya,Circuit de Barcelona-Catalunya,Barcelona,Spain,alonso,ALO,Fernando,Alonso,Fernando Alonso,1981-07-29,Spanish,14,aston_martin,Aston Martin,British,10,9,9,9,CLASSIFIED,Finished,False,66,2.0
FastF1/Jolpica,20260810T200317Z,2025-09,2025,9,Spanish Grand Prix,2025-06-01,catalunya,Circuit de Barcelona-Catalunya,Barcelona,Spain,max_verstappen,VER,Max,Verstappen,Max Verstappen,1997-09-30,Dutch,1,red_bull,Red Bull,Austrian,3,10,10,10,CLASSIFIED,Finished,False,66,1.0
FastF1/Jolpica,20260810T200317Z,2025-09,2025,9,Spanish Grand Prix,2025-06-01,catalunya,Circuit de Barcelona-Catalunya,Barcelona,Spain,lawson,LAW,Liam,Lawson,Liam Lawson,2002-02-11,New Zealander,30,rb,RB F1 Team,Italian,13,11,11,11,CLASSIFIED,Finished,False,66,0.0
FastF1/Jolpica,20260810T200317Z,2025-09,2025,9,Spanish Grand Prix,2025-06-01,catalunya,Circuit de Barcelona-Catalunya,Barcelona,Spain,bortoleto,BOR,Gabriel,Bortoleto,Gabriel Bortoleto,2004-10-14,Brazilian,5,sauber,Sauber,Swiss,12,12,12,12,CLASSIFIED,Finished,False,66,0.0
FastF1/Jolpica,20260810T200317Z,2025-09,2025,9,Spanish Grand Prix,2025-06-01,catalunya,Circuit de Barcelona-Catalunya,Barcelona,Spain,tsunoda,TSU,Yuki,Tsunoda,Yuki Tsunoda,2000-05-11,Japanese,22,red_bull,Red Bull,Austrian,19,13,13,13,CLASSIFIED,Finished,False,66,0.0
FastF1/Jolpica,20260810T200317Z,2025-09,2025,9,Spanish Grand Prix,2025-06-01,catalunya,Circuit de Barcelona-Catalunya,Barcelona,Spain,sainz,SAI,Carlos,Sainz,Carlos Sainz,1994-09-01,Spanish,55,williams,Williams,British,17,14,14,14,CLASSIFIED,Finished,False,66,0.0
FastF1/Jolpica,20260810T200317Z,2025-09,2025,9,Spanish Grand Prix,2025-06-01,catalunya,Circuit de Barcelona-Catalunya,Barcelona,Spain,colapinto,COL,Franco,Colapinto,Franco Colapinto,2003-05-27,Argentine,43,alpine,Alpine F1 Team,French,18,15,15,15,CLASSIFIED,Finished,False,66,0.0
FastF1/Jolpica,20260810T200317Z,2025-09,2025,9,Spanish Grand Prix,2025-06-01,catalunya,Circuit de Barcelona-Catalunya,Barcelona,Spain,ocon,OCO,Esteban,Ocon,Esteban Ocon,1996-09-17,French,31,haas,Haas F1 Team,American,16,16,16,16,CLASSIFIED,Finished,False,66,0.0
FastF1/Jolpica,20260810T200317Z,2025-09,2025,9,Spanish Grand Prix,2025-06-01,catalunya,Circuit de Barcelona-Catalunya,Barcelona,Spain,bearman,BEA,Oliver,Bearman,Oliver Bearman,2005-05-08,British,87,haas,Haas F1 Team,American,14,17,17,17,CLASSIFIED,Finished,False,66,0.0
FastF1/Jolpica,20260810T200317Z,2025-09,2025,9,Spanish Grand Prix,2025-06-01,catalunya,Circuit de Barcelona-Catalunya,Barcelona,Spain,antonelli,ANT,Andrea Kimi,Antonelli,Andrea Kimi Antonelli,2006-08-25,Italian,12,mercedes,Mercedes,German,6,18,R,18,DNF,Retired,False,53,0.0
FastF1/Jolpica,20260810T200317Z,2025-09,2025,9,Spanish Grand Prix,2025-06-01,catalunya,Circuit de Barcelona-Catalunya,Barcelona,Spain,albon,ALB,Alexander,Albon,Alexander Albon,1996-03-23,Thai,23,williams,Williams,British,11,19,R,19,DNF,Retired,False,27,0.0
FastF1/Jolpica,20260810T200317Z,2025-10,2025,10,Canadian Grand Prix,2025-06-15,villeneuve,Circuit Gilles Villeneuve,Montreal,Canada,russell,RUS,George,Russell,George Russell,1998-02-15,British,63,mercedes,Mercedes,German,1,1,1,1,CLASSIFIED,Finished,False,70,25.0
FastF1/Jolpica,20260810T200317Z,2025-10,2025,10,Canadian Grand Prix,2025-06-15,villeneuve,Circuit Gilles Villeneuve,Montreal,Canada,max_verstappen,VER,Max,Verstappen,Max Verstappen,1997-09-30,Dutch,1,red_bull,Red Bull,Austrian,2,2,2,2,CLASSIFIED,Finished,False,70,18.0
FastF1/Jolpica,20260810T200317Z,2025-10,2025,10,Canadian Grand Prix,2025-06-15,villeneuve,Circuit Gilles Villeneuve,Montreal,Canada,antonelli,ANT,Andrea Kimi,Antonelli,Andrea Kimi Antonelli,2006-08-25,Italian,12,mercedes,Mercedes,German,4,3,3,3,CLASSIFIED,Finished,False,70,15.0
FastF1/Jolpica,20260810T200317Z,2025-10,2025,10,Canadian Grand Prix,2025-06-15,villeneuve,Circuit Gilles Villeneuve,Montreal,Canada,piastri,PIA,Oscar,Piastri,Oscar Piastri,2001-04-06,Australian,81,mclaren,McLaren,British,3,4,4,4,CLASSIFIED,Finished,False,70,12.0
FastF1/Jolpica,20260810T200317Z,2025-10,2025,10,Canadian Grand Prix,2025-06-15,villeneuve,Circuit Gilles Villeneuve,Montreal,Canada,leclerc,LEC,Charles,Leclerc,Charles Leclerc,1997-10-16,Monegasque,16,ferrari,Ferrari,Italian,8,5,5,5,CLASSIFIED,Finished,False,70,10.0
FastF1/Jolpica,20260810T200317Z,2025-10,2025,10,Canadian Grand Prix,2025-06-15,villeneuve,Circuit Gilles Villeneuve,Montreal,Canada,hamilton,HAM,Lewis,Hamilton,Lewis Hamilton,1985-01-07,British,44,ferrari,Ferrari,Italian,5,6,6,6,CLASSIFIED,Finished,False,70,8.0
FastF1/Jolpica,20260810T200317Z,2025-10,2025,10,Canadian Grand Prix,2025-06-15,villeneuve,Circuit Gilles Villeneuve,Montreal,Canada,alonso,ALO,Fernando,Alonso,Fernando Alonso,1981-07-29,Spanish,14,aston_martin,Aston Martin,British,6,7,7,7,CLASSIFIED,Finished,False,70,6.0
FastF1/Jolpica,20260810T200317Z,2025-10,2025,10,Canadian Grand Prix,2025-06-15,villeneuve,Circuit Gilles Villeneuve,Montreal,Canada,hulkenberg,HUL,Nico,Hülkenberg,Nico Hülkenberg,1987-08-19,German,27,sauber,Sauber,Swiss,11,8,8,8,CLASSIFIED,Finished,False,70,4.0
FastF1/Jolpica,20260810T200317Z,2025-10,2025,10,Canadian Grand Prix,2025-06-15,villeneuve,Circuit Gilles Villeneuve,Montreal,Canada,ocon,OCO,Esteban,Ocon,Esteban Ocon,1996-09-17,French,31,haas,Haas F1 Team,American,14,9,9,9,CLASSIFIED,Lapped,False,69,2.0
FastF1/Jolpica,20260810T200317Z,2025-10,2025,10,Canadian Grand Prix,2025-06-15,villeneuve,Circuit Gilles Villeneuve,Montreal,Canada,sainz,SAI,Carlos,Sainz,Carlos Sainz,1994-09-01,Spanish,55,williams,Williams,British,16,10,10,10,CLASSIFIED,Lapped,False,69,1.0
FastF1/Jolpica,20260810T200317Z,2025-10,2025,10,Canadian Grand Prix,2025-06-15,villeneuve,Circuit Gilles Villeneuve,Montreal,Canada,bearman,BEA,Oliver,Bearman,Oliver Bearman,2005-05-08,British,87,haas,Haas F1 Team,American,13,11,11,11,CLASSIFIED,Lapped,False,69,0.0
FastF1/Jolpica,20260810T200317Z,2025-10,2025,10,Canadian Grand Prix,2025-06-15,villeneuve,Circuit Gilles Villeneuve,Montreal,Canada,tsunoda,TSU,Yuki,Tsunoda,Yuki Tsunoda,2000-05-11,Japanese,22,red_bull,Red Bull,Austrian,18,12,12,12,CLASSIFIED,Lapped,False,69,0.0
FastF1/Jolpica,20260810T200317Z,2025-10,2025,10,Canadian Grand Prix,2025-06-15,villeneuve,Circuit Gilles Villeneuve,Montreal,Canada,colapinto,COL,Franco,Colapinto,Franco Colapinto,2003-05-27,Argentine,43,alpine,Alpine F1 Team,French,10,13,13,13,CLASSIFIED,Lapped,False,69,0.0
FastF1/Jolpica,20260810T200317Z,2025-10,2025,10,Canadian Grand Prix,2025-06-15,villeneuve,Circuit Gilles Villeneuve,Montreal,Canada,bortoleto,BOR,Gabriel,Bortoleto,Gabriel Bortoleto,2004-10-14,Brazilian,5,sauber,Sauber,Swiss,15,14,14,14,CLASSIFIED,Lapped,False,69,0.0
FastF1/Jolpica,20260810T200317Z,2025-10,2025,10,Canadian Grand Prix,2025-06-15,villeneuve,Circuit Gilles Villeneuve,Montreal,Canada,gasly,GAS,Pierre,Gasly,Pierre Gasly,1996-02-07,French,10,alpine,Alpine F1 Team,French,20,15,15,15,CLASSIFIED,Lapped,False,69,0.0
FastF1/Jolpica,20260810T200317Z,2025-10,2025,10,Canadian Grand Prix,2025-06-15,villeneuve,Circuit Gilles Villeneuve,Montreal,Canada,hadjar,HAD,Isack,Hadjar,Isack Hadjar,2004-09-28,French,6,rb,RB F1 Team,Italian,12,16,16,16,CLASSIFIED,Lapped,False,69,0.0
FastF1/Jolpica,20260810T200317Z,2025-10,2025,10,Canadian Grand Prix,2025-06-15,villeneuve,Circuit Gilles Villeneuve,Montreal,Canada,stroll,STR,Lance,Stroll,Lance Stroll,1998-10-29,Canadian,18,aston_martin,Aston Martin,British,17,17,17,17,CLASSIFIED,Lapped,False,69,0.0
FastF1/Jolpica,20260810T200317Z,2025-10,2025,10,Canadian Grand Prix,2025-06-15,villeneuve,Circuit Gilles Villeneuve,Montreal,Canada,norris,NOR,Lando,Norris,Lando Norris,1999-11-13,British,4,mclaren,McLaren,British,7,18,18,18,CLASSIFIED,Retired,False,66,0.0
FastF1/Jolpica,20260810T200317Z,2025-10,2025,10,Canadian Grand Prix,2025-06-15,villeneuve,Circuit Gilles Villeneuve,Montreal,Canada,lawson,LAW,Liam,Lawson,Liam Lawson,2002-02-11,New Zealander,30,rb,RB F1 Team,Italian,19,19,R,19,DNF,Retired,False,53,0.0
FastF1/Jolpica,20260810T200317Z,2025-10,2025,10,Canadian Grand Prix,2025-06-15,villeneuve,Circuit Gilles Villeneuve,Montreal,Canada,albon,ALB,Alexander,Albon,Alexander Albon,1996-03-23,Thai,23,williams,Williams,British,9,20,R,20,DNF,Retired,False,46,0.0
FastF1/Jolpica,20260810T200317Z,2025-11,2025,11,Austrian Grand Prix,2025-06-29,red_bull_ring,Red Bull Ring,Spielberg,Austria,norris,NOR,Lando,Norris,Lando Norris,1999-11-13,British,4,mclaren,McLaren,British,1,1,1,1,CLASSIFIED,Finished,False,70,25.0
FastF1/Jolpica,20260810T200317Z,2025-11,2025,11,Austrian Grand Prix,2025-06-29,red_bull_ring,Red Bull Ring,Spielberg,Austria,piastri,PIA,Oscar,Piastri,Oscar Piastri,2001-04-06,Australian,81,mclaren,McLaren,British,3,2,2,2,CLASSIFIED,Finished,False,70,18.0
FastF1/Jolpica,20260810T200317Z,2025-11,2025,11,Austrian Grand Prix,2025-06-29,red_bull_ring,Red Bull Ring,Spielberg,Austria,leclerc,LEC,Charles,Leclerc,Charles Leclerc,1997-10-16,Monegasque,16,ferrari,Ferrari,Italian,2,3,3,3,CLASSIFIED,Finished,False,70,15.0
FastF1/Jolpica,20260810T200317Z,2025-11,2025,11,Austrian Grand Prix,2025-06-29,red_bull_ring,Red Bull Ring,Spielberg,Austria,hamilton,HAM,Lewis,Hamilton,Lewis Hamilton,1985-01-07,British,44,ferrari,Ferrari,Italian,4,4,4,4,CLASSIFIED,Finished,False,70,12.0
FastF1/Jolpica,20260810T200317Z,2025-11,2025,11,Austrian Grand Prix,2025-06-29,red_bull_ring,Red Bull Ring,Spielberg,Austria,russell,RUS,George,Russell,George Russell,1998-02-15,British,63,mercedes,Mercedes,German,5,5,5,5,CLASSIFIED,Finished,False,70,10.0
FastF1/Jolpica,20260810T200317Z,2025-11,2025,11,Austrian Grand Prix,2025-06-29,red_bull_ring,Red Bull Ring,Spielberg,Austria,lawson,LAW,Liam,Lawson,Liam Lawson,2002-02-11,New Zealander,30,rb,RB F1 Team,Italian,6,6,6,6,CLASSIFIED,Finished,False,70,8.0
FastF1/Jolpica,20260810T200317Z,2025-11,2025,11,Austrian Grand Prix,2025-06-29,red_bull_ring,Red Bull Ring,Spielberg,Austria,alonso,ALO,Fernando,Alonso,Fernando Alonso,1981-07-29,Spanish,14,aston_martin,Aston Martin,British,11,7,7,7,CLASSIFIED,Lapped,False,69,6.0
FastF1/Jolpica,20260810T200317Z,2025-11,2025,11,Austrian Grand Prix,2025-06-29,red_bull_ring,Red Bull Ring,Spielberg,Austria,bortoleto,BOR,Gabriel,Bortoleto,Gabriel Bortoleto,2004-10-14,Brazilian,5,sauber,Sauber,Swiss,8,8,8,8,CLASSIFIED,Lapped,False,69,4.0
FastF1/Jolpica,20260810T200317Z,2025-11,2025,11,Austrian Grand Prix,2025-06-29,red_bull_ring,Red Bull Ring,Spielberg,Austria,hulkenberg,HUL,Nico,Hülkenberg,Nico Hülkenberg,1987-08-19,German,27,sauber,Sauber,Swiss,20,9,9,9,CLASSIFIED,Lapped,False,69,2.0
FastF1/Jolpica,20260810T200317Z,2025-11,2025,11,Austrian Grand Prix,2025-06-29,red_bull_ring,Red Bull Ring,Spielberg,Austria,ocon,OCO,Esteban,Ocon,Esteban Ocon,1996-09-17,French,31,haas,Haas F1 Team,American,17,10,10,10,CLASSIFIED,Lapped,False,69,1.0
FastF1/Jolpica,20260810T200317Z,2025-11,2025,11,Austrian Grand Prix,2025-06-29,red_bull_ring,Red Bull Ring,Spielberg,Austria,bearman,BEA,Oliver,Bearman,Oliver Bearman,2005-05-08,British,87,haas,Haas F1 Team,American,15,11,11,11,CLASSIFIED,Lapped,False,69,0.0
FastF1/Jolpica,20260810T200317Z,2025-11,2025,11,Austrian Grand Prix,2025-06-29,red_bull_ring,Red Bull Ring,Spielberg,Austria,hadjar,HAD,Isack,Hadjar,Isack Hadjar,2004-09-28,French,6,rb,RB F1 Team,Italian,13,12,12,12,CLASSIFIED,Lapped,False,69,0.0
FastF1/Jolpica,20260810T200317Z,2025-11,2025,11,Austrian Grand Prix,2025-06-29,red_bull_ring,Red Bull Ring,Spielberg,Austria,gasly,GAS,Pierre,Gasly,Pierre Gasly,1996-02-07,French,10,alpine,Alpine F1 Team,French,10,13,13,13,CLASSIFIED,Lapped,False,69,0.0
FastF1/Jolpica,20260810T200317Z,2025-11,2025,11,Austrian Grand Prix,2025-06-29,red_bull_ring,Red Bull Ring,Spielberg,Austria,stroll,STR,Lance,Stroll,Lance Stroll,1998-10-29,Canadian,18,aston_martin,Aston Martin,British,16,14,14,14,CLASSIFIED,Lapped,False,69,0.0
FastF1/Jolpica,20260810T200317Z,2025-11,2025,11,Austrian Grand Prix,2025-06-29,red_bull_ring,Red Bull Ring,Spielberg,Austria,colapinto,COL,Franco,Colapinto,Franco Colapinto,2003-05-27,Argentine,43,alpine,Alpine F1 Team,French,14,15,15,15,CLASSIFIED,Lapped,False,69,0.0
FastF1/Jolpica,20260810T200317Z,2025-11,2025,11,Austrian Grand Prix,2025-06-29,red_bull_ring,Red Bull Ring,Spielberg,Austria,tsunoda,TSU,Yuki,Tsunoda,Yuki Tsunoda,2000-05-11,Japanese,22,red_bull,Red Bull,Austrian,18,16,16,16,CLASSIFIED,Lapped,False,68,0.0
FastF1/Jolpica,20260810T200317Z,2025-11,2025,11,Austrian Grand Prix,2025-06-29,red_bull_ring,Red Bull Ring,Spielberg,Austria,albon,ALB,Alexander,Albon,Alexander Albon,1996-03-23,Thai,23,williams,Williams,British,12,17,R,17,DNF,Retired,False,15,0.0
FastF1/Jolpica,20260810T200317Z,2025-11,2025,11,Austrian Grand Prix,2025-06-29,red_bull_ring,Red Bull Ring,Spielberg,Austria,max_verstappen,VER,Max,Verstappen,Max Verstappen,1997-09-30,Dutch,1,red_bull,Red Bull,Austrian,7,18,R,18,DNF,Retired,False,0,0.0
FastF1/Jolpica,20260810T200317Z,2025-11,2025,11,Austrian Grand Prix,2025-06-29,red_bull_ring,Red Bull Ring,Spielberg,Austria,antonelli,ANT,Andrea Kimi,Antonelli,Andrea Kimi Antonelli,2006-08-25,Italian,12,mercedes,Mercedes,German,9,19,R,19,DNF,Retired,False,0,0.0
FastF1/Jolpica,20260810T200317Z,2025-11,2025,11,Austrian Grand Prix,2025-06-29,red_bull_ring,Red Bull Ring,Spielberg,Austria,sainz,SAI,Carlos,Sainz,Carlos Sainz,1994-09-01,Spanish,55,williams,Williams,British,19,20,W,20,DNS,Did not start,False,0,0.0
FastF1/Jolpica,20260810T200317Z,2025-12,2025,12,British Grand Prix,2025-07-06,silverstone,Silverstone Circuit,Silverstone,UK,norris,NOR,Lando,Norris,Lando Norris,1999-11-13,British,4,mclaren,McLaren,British,3,1,1,1,CLASSIFIED,Finished,False,52,25.0
FastF1/Jolpica,20260810T200317Z,2025-12,2025,12,British Grand Prix,2025-07-06,silverstone,Silverstone Circuit,Silverstone,UK,piastri,PIA,Oscar,Piastri,Oscar Piastri,2001-04-06,Australian,81,mclaren,McLaren,British,2,2,2,2,CLASSIFIED,Finished,False,52,18.0
FastF1/Jolpica,20260810T200317Z,2025-12,2025,12,British Grand Prix,2025-07-06,silverstone,Silverstone Circuit,Silverstone,UK,hulkenberg,HUL,Nico,Hülkenberg,Nico Hülkenberg,1987-08-19,German,27,sauber,Sauber,Swiss,19,3,3,3,CLASSIFIED,Finished,False,52,15.0
FastF1/Jolpica,20260810T200317Z,2025-12,2025,12,British Grand Prix,2025-07-06,silverstone,Silverstone Circuit,Silverstone,UK,hamilton,HAM,Lewis,Hamilton,Lewis Hamilton,1985-01-07,British,44,ferrari,Ferrari,Italian,5,4,4,4,CLASSIFIED,Finished,False,52,12.0
FastF1/Jolpica,20260810T200317Z,2025-12,2025,12,British Grand Prix,2025-07-06,silverstone,Silverstone Circuit,Silverstone,UK,max_verstappen,VER,Max,Verstappen,Max Verstappen,1997-09-30,Dutch,1,red_bull,Red Bull,Austrian,1,5,5,5,CLASSIFIED,Finished,False,52,10.0
FastF1/Jolpica,20260810T200317Z,2025-12,2025,12,British Grand Prix,2025-07-06,silverstone,Silverstone Circuit,Silverstone,UK,gasly,GAS,Pierre,Gasly,Pierre Gasly,1996-02-07,French,10,alpine,Alpine F1 Team,French,8,6,6,6,CLASSIFIED,Finished,False,52,8.0
FastF1/Jolpica,20260810T200317Z,2025-12,2025,12,British Grand Prix,2025-07-06,silverstone,Silverstone Circuit,Silverstone,UK,stroll,STR,Lance,Stroll,Lance Stroll,1998-10-29,Canadian,18,aston_martin,Aston Martin,British,17,7,7,7,CLASSIFIED,Finished,False,52,6.0
FastF1/Jolpica,20260810T200317Z,2025-12,2025,12,British Grand Prix,2025-07-06,silverstone,Silverstone Circuit,Silverstone,UK,albon,ALB,Alexander,Albon,Alexander Albon,1996-03-23,Thai,23,williams,Williams,British,13,8,8,8,CLASSIFIED,Finished,False,52,4.0
FastF1/Jolpica,20260810T200317Z,2025-12,2025,12,British Grand Prix,2025-07-06,silverstone,Silverstone Circuit,Silverstone,UK,alonso,ALO,Fernando,Alonso,Fernando Alonso,1981-07-29,Spanish,14,aston_martin,Aston Martin,British,7,9,9,9,CLASSIFIED,Finished,False,52,2.0
FastF1/Jolpica,20260810T200317Z,2025-12,2025,12,British Grand Prix,2025-07-06,silverstone,Silverstone Circuit,Silverstone,UK,russell,RUS,George,Russell,George Russell,1998-02-15,British,63,mercedes,Mercedes,German,4,10,10,10,CLASSIFIED,Finished,False,52,1.0
FastF1/Jolpica,20260810T200317Z,2025-12,2025,12,British Grand Prix,2025-07-06,silverstone,Silverstone Circuit,Silverstone,UK,bearman,BEA,Oliver,Bearman,Oliver Bearman,2005-05-08,British,87,haas,Haas F1 Team,American,18,11,11,11,CLASSIFIED,Finished,False,52,0.0
FastF1/Jolpica,20260810T200317Z,2025-12,2025,12,British Grand Prix,2025-07-06,silverstone,Silverstone Circuit,Silverstone,UK,sainz,SAI,Carlos,Sainz,Carlos Sainz,1994-09-01,Spanish,55,williams,Williams,British,9,12,12,12,CLASSIFIED,Finished,False,52,0.0
FastF1/Jolpica,20260810T200317Z,2025-12,2025,12,British Grand Prix,2025-07-06,silverstone,Silverstone Circuit,Silverstone,UK,ocon,OCO,Esteban,Ocon,Esteban Ocon,1996-09-17,French,31,haas,Haas F1 Team,American,14,13,13,13,CLASSIFIED,Finished,False,52,0.0
FastF1/Jolpica,20260810T200317Z,2025-12,2025,12,British Grand Prix,2025-07-06,silverstone,Silverstone Circuit,Silverstone,UK,leclerc,LEC,Charles,Leclerc,Charles Leclerc,1997-10-16,Monegasque,16,ferrari,Ferrari,Italian,6,14,14,14,CLASSIFIED,Finished,False,52,0.0
FastF1/Jolpica,20260810T200317Z,2025-12,2025,12,British Grand Prix,2025-07-06,silverstone,Silverstone Circuit,Silverstone,UK,tsunoda,TSU,Yuki,Tsunoda,Yuki Tsunoda,2000-05-11,Japanese,22,red_bull,Red Bull,Austrian,11,15,15,15,CLASSIFIED,Lapped,False,51,0.0
FastF1/Jolpica,20260810T200317Z,2025-12,2025,12,British Grand Prix,2025-07-06,silverstone,Silverstone Circuit,Silverstone,UK,antonelli,ANT,Andrea Kimi,Antonelli,Andrea Kimi Antonelli,2006-08-25,Italian,12,mercedes,Mercedes,German,10,16,R,16,DNF,Retired,False,23,0.0
FastF1/Jolpica,20260810T200317Z,2025-12,2025,12,British Grand Prix,2025-07-06,silverstone,Silverstone Circuit,Silverstone,UK,hadjar,HAD,Isack,Hadjar,Isack Hadjar,2004-09-28,French,6,rb,RB F1 Team,Italian,12,17,R,17,DNF,Retired,False,17,0.0
FastF1/Jolpica,20260810T200317Z,2025-12,2025,12,British Grand Prix,2025-07-06,silverstone,Silverstone Circuit,Silverstone,UK,bortoleto,BOR,Gabriel,Bortoleto,Gabriel Bortoleto,2004-10-14,Brazilian,5,sauber,Sauber,Swiss,16,18,R,18,DNF,Retired,False,3,0.0
FastF1/Jolpica,20260810T200317Z,2025-12,2025,12,British Grand Prix,2025-07-06,silverstone,Silverstone Circuit,Silverstone,UK,lawson,LAW,Liam,Lawson,Liam Lawson,2002-02-11,New Zealander,30,rb,RB F1 Team,Italian,15,19,R,19,DNF,Retired,False,0,0.0
FastF1/Jolpica,20260810T200317Z,2025-12,2025,12,British Grand Prix,2025-07-06,silverstone,Silverstone Circuit,Silverstone,UK,colapinto,COL,Franco,Colapinto,Franco Colapinto,2003-05-27,Argentine,43,alpine,Alpine F1 Team,French,20,20,W,20,DNS,Did not start,False,0,0.0
FastF1/Jolpica,20260810T200317Z,2025-13,2025,13,Belgian Grand Prix,2025-07-27,spa,Circuit de Spa-Francorchamps,Spa,Belgium,piastri,PIA,Oscar,Piastri,Oscar Piastri,2001-04-06,Australian,81,mclaren,McLaren,British,2,1,1,1,CLASSIFIED,Finished,False,44,25.0
FastF1/Jolpica,20260810T200317Z,2025-13,2025,13,Belgian Grand Prix,2025-07-27,spa,Circuit de Spa-Francorchamps,Spa,Belgium,norris,NOR,Lando,Norris,Lando Norris,1999-11-13,British,4,mclaren,McLaren,British,1,2,2,2,CLASSIFIED,Finished,False,44,18.0
FastF1/Jolpica,20260810T200317Z,2025-13,2025,13,Belgian Grand Prix,2025-07-27,spa,Circuit de Spa-Francorchamps,Spa,Belgium,leclerc,LEC,Charles,Leclerc,Charles Leclerc,1997-10-16,Monegasque,16,ferrari,Ferrari,Italian,3,3,3,3,CLASSIFIED,Finished,False,44,15.0
FastF1/Jolpica,20260810T200317Z,2025-13,2025,13,Belgian Grand Prix,2025-07-27,spa,Circuit de Spa-Francorchamps,Spa,Belgium,max_verstappen,VER,Max,Verstappen,Max Verstappen,1997-09-30,Dutch,1,red_bull,Red Bull,Austrian,4,4,4,4,CLASSIFIED,Finished,False,44,12.0
FastF1/Jolpica,20260810T200317Z,2025-13,2025,13,Belgian Grand Prix,2025-07-27,spa,Circuit de Spa-Francorchamps,Spa,Belgium,russell,RUS,George,Russell,George Russell,1998-02-15,British,63,mercedes,Mercedes,German,6,5,5,5,CLASSIFIED,Finished,False,44,10.0
FastF1/Jolpica,20260810T200317Z,2025-13,2025,13,Belgian Grand Prix,2025-07-27,spa,Circuit de Spa-Francorchamps,Spa,Belgium,albon,ALB,Alexander,Albon,Alexander Albon,1996-03-23,Thai,23,williams,Williams,British,5,6,6,6,CLASSIFIED,Finished,False,44,8.0
FastF1/Jolpica,20260810T200317Z,2025-13,2025,13,Belgian Grand Prix,2025-07-27,spa,Circuit de Spa-Francorchamps,Spa,Belgium,hamilton,HAM,Lewis,Hamilton,Lewis Hamilton,1985-01-07,British,44,ferrari,Ferrari,Italian,18,7,7,7,CLASSIFIED,Finished,False,44,6.0
FastF1/Jolpica,20260810T200317Z,2025-13,2025,13,Belgian Grand Prix,2025-07-27,spa,Circuit de Spa-Francorchamps,Spa,Belgium,lawson,LAW,Liam,Lawson,Liam Lawson,2002-02-11,New Zealander,30,rb,RB F1 Team,Italian,9,8,8,8,CLASSIFIED,Finished,False,44,4.0
FastF1/Jolpica,20260810T200317Z,2025-13,2025,13,Belgian Grand Prix,2025-07-27,spa,Circuit de Spa-Francorchamps,Spa,Belgium,bortoleto,BOR,Gabriel,Bortoleto,Gabriel Bortoleto,2004-10-14,Brazilian,5,sauber,Sauber,Swiss,10,9,9,9,CLASSIFIED,Finished,False,44,2.0
FastF1/Jolpica,20260810T200317Z,2025-13,2025,13,Belgian Grand Prix,2025-07-27,spa,Circuit de Spa-Francorchamps,Spa,Belgium,gasly,GAS,Pierre,Gasly,Pierre Gasly,1996-02-07,French,10,alpine,Alpine F1 Team,French,13,10,10,10,CLASSIFIED,Finished,False,44,1.0
FastF1/Jolpica,20260810T200317Z,2025-13,2025,13,Belgian Grand Prix,2025-07-27,spa,Circuit de Spa-Francorchamps,Spa,Belgium,bearman,BEA,Oliver,Bearman,Oliver Bearman,2005-05-08,British,87,haas,Haas F1 Team,American,12,11,11,11,CLASSIFIED,Finished,False,44,0.0
FastF1/Jolpica,20260810T200317Z,2025-13,2025,13,Belgian Grand Prix,2025-07-27,spa,Circuit de Spa-Francorchamps,Spa,Belgium,hulkenberg,HUL,Nico,Hülkenberg,Nico Hülkenberg,1987-08-19,German,27,sauber,Sauber,Swiss,14,12,12,12,CLASSIFIED,Finished,False,44,0.0
FastF1/Jolpica,20260810T200317Z,2025-13,2025,13,Belgian Grand Prix,2025-07-27,spa,Circuit de Spa-Francorchamps,Spa,Belgium,tsunoda,TSU,Yuki,Tsunoda,Yuki Tsunoda,2000-05-11,Japanese,22,red_bull,Red Bull,Austrian,7,13,13,13,CLASSIFIED,Finished,False,44,0.0
FastF1/Jolpica,20260810T200317Z,2025-13,2025,13,Belgian Grand Prix,2025-07-27,spa,Circuit de Spa-Francorchamps,Spa,Belgium,stroll,STR,Lance,Stroll,Lance Stroll,1998-10-29,Canadian,18,aston_martin,Aston Martin,British,16,14,14,14,CLASSIFIED,Finished,False,44,0.0
FastF1/Jolpica,20260810T200317Z,2025-13,2025,13,Belgian Grand Prix,2025-07-27,spa,Circuit de Spa-Francorchamps,Spa,Belgium,ocon,OCO,Esteban,Ocon,Esteban Ocon,1996-09-17,French,31,haas,Haas F1 Team,American,11,15,15,15,CLASSIFIED,Finished,False,44,0.0
FastF1/Jolpica,20260810T200317Z,2025-13,2025,13,Belgian Grand Prix,2025-07-27,spa,Circuit de Spa-Francorchamps,Spa,Belgium,antonelli,ANT,Andrea Kimi,Antonelli,Andrea Kimi Antonelli,2006-08-25,Italian,12,mercedes,Mercedes,German,19,16,16,16,CLASSIFIED,Finished,False,44,0.0
FastF1/Jolpica,20260810T200317Z,2025-13,2025,13,Belgian Grand Prix,2025-07-27,spa,Circuit de Spa-Francorchamps,Spa,Belgium,alonso,ALO,Fernando,Alonso,Fernando Alonso,1981-07-29,Spanish,14,aston_martin,Aston Martin,British,20,17,17,17,CLASSIFIED,Finished,False,44,0.0
FastF1/Jolpica,20260810T200317Z,2025-13,2025,13,Belgian Grand Prix,2025-07-27,spa,Circuit de Spa-Francorchamps,Spa,Belgium,sainz,SAI,Carlos,Sainz,Carlos Sainz,1994-09-01,Spanish,55,williams,Williams,British,17,18,18,18,CLASSIFIED,Finished,False,44,0.0
FastF1/Jolpica,20260810T200317Z,2025-13,2025,13,Belgian Grand Prix,2025-07-27,spa,Circuit de Spa-Francorchamps,Spa,Belgium,colapinto,COL,Franco,Colapinto,Franco Colapinto,2003-05-27,Argentine,43,alpine,Alpine F1 Team,French,15,19,19,19,CLASSIFIED,Finished,False,44,0.0
FastF1/Jolpica,20260810T200317Z,2025-13,2025,13,Belgian Grand Prix,2025-07-27,spa,Circuit de Spa-Francorchamps,Spa,Belgium,hadjar,HAD,Isack,Hadjar,Isack Hadjar,2004-09-28,French,6,rb,RB F1 Team,Italian,8,20,20,20,CLASSIFIED,Lapped,False,43,0.0
FastF1/Jolpica,20260810T200317Z,2025-14,2025,14,Hungarian Grand Prix,2025-08-03,hungaroring,Hungaroring,Budapest,Hungary,norris,NOR,Lando,Norris,Lando Norris,1999-11-13,British,4,mclaren,McLaren,British,3,1,1,1,CLASSIFIED,Finished,False,70,25.0
FastF1/Jolpica,20260810T200317Z,2025-14,2025,14,Hungarian Grand Prix,2025-08-03,hungaroring,Hungaroring,Budapest,Hungary,piastri,PIA,Oscar,Piastri,Oscar Piastri,2001-04-06,Australian,81,mclaren,McLaren,British,2,2,2,2,CLASSIFIED,Finished,False,70,18.0
FastF1/Jolpica,20260810T200317Z,2025-14,2025,14,Hungarian Grand Prix,2025-08-03,hungaroring,Hungaroring,Budapest,Hungary,russell,RUS,George,Russell,George Russell,1998-02-15,British,63,mercedes,Mercedes,German,4,3,3,3,CLASSIFIED,Finished,False,70,15.0
FastF1/Jolpica,20260810T200317Z,2025-14,2025,14,Hungarian Grand Prix,2025-08-03,hungaroring,Hungaroring,Budapest,Hungary,leclerc,LEC,Charles,Leclerc,Charles Leclerc,1997-10-16,Monegasque,16,ferrari,Ferrari,Italian,1,4,4,4,CLASSIFIED,Finished,False,70,12.0
FastF1/Jolpica,20260810T200317Z,2025-14,2025,14,Hungarian Grand Prix,2025-08-03,hungaroring,Hungaroring,Budapest,Hungary,alonso,ALO,Fernando,Alonso,Fernando Alonso,1981-07-29,Spanish,14,aston_martin,Aston Martin,British,5,5,5,5,CLASSIFIED,Finished,False,70,10.0
FastF1/Jolpica,20260810T200317Z,2025-14,2025,14,Hungarian Grand Prix,2025-08-03,hungaroring,Hungaroring,Budapest,Hungary,bortoleto,BOR,Gabriel,Bortoleto,Gabriel Bortoleto,2004-10-14,Brazilian,5,sauber,Sauber,Swiss,7,6,6,6,CLASSIFIED,Finished,False,70,8.0
FastF1/Jolpica,20260810T200317Z,2025-14,2025,14,Hungarian Grand Prix,2025-08-03,hungaroring,Hungaroring,Budapest,Hungary,stroll,STR,Lance,Stroll,Lance Stroll,1998-10-29,Canadian,18,aston_martin,Aston Martin,British,6,7,7,7,CLASSIFIED,Finished,False,70,6.0
FastF1/Jolpica,20260810T200317Z,2025-14,2025,14,Hungarian Grand Prix,2025-08-03,hungaroring,Hungaroring,Budapest,Hungary,lawson,LAW,Liam,Lawson,Liam Lawson,2002-02-11,New Zealander,30,rb,RB F1 Team,Italian,9,8,8,8,CLASSIFIED,Finished,False,70,4.0
FastF1/Jolpica,20260810T200317Z,2025-14,2025,14,Hungarian Grand Prix,2025-08-03,hungaroring,Hungaroring,Budapest,Hungary,max_verstappen,VER,Max,Verstappen,Max Verstappen,1997-09-30,Dutch,1,red_bull,Red Bull,Austrian,8,9,9,9,CLASSIFIED,Finished,False,70,2.0
FastF1/Jolpica,20260810T200317Z,2025-14,2025,14,Hungarian Grand Prix,2025-08-03,hungaroring,Hungaroring,Budapest,Hungary,antonelli,ANT,Andrea Kimi,Antonelli,Andrea Kimi Antonelli,2006-08-25,Italian,12,mercedes,Mercedes,German,15,10,10,10,CLASSIFIED,Lapped,False,69,1.0
FastF1/Jolpica,20260810T200317Z,2025-14,2025,14,Hungarian Grand Prix,2025-08-03,hungaroring,Hungaroring,Budapest,Hungary,hadjar,HAD,Isack,Hadjar,Isack Hadjar,2004-09-28,French,6,rb,RB F1 Team,Italian,10,11,11,11,CLASSIFIED,Lapped,False,69,0.0
FastF1/Jolpica,20260810T200317Z,2025-14,2025,14,Hungarian Grand Prix,2025-08-03,hungaroring,Hungaroring,Budapest,Hungary,hamilton,HAM,Lewis,Hamilton,Lewis Hamilton,1985-01-07,British,44,ferrari,Ferrari,Italian,12,12,12,12,CLASSIFIED,Lapped,False,69,0.0
FastF1/Jolpica,20260810T200317Z,2025-14,2025,14,Hungarian Grand Prix,2025-08-03,hungaroring,Hungaroring,Budapest,Hungary,hulkenberg,HUL,Nico,Hülkenberg,Nico Hülkenberg,1987-08-19,German,27,sauber,Sauber,Swiss,18,13,13,13,CLASSIFIED,Lapped,False,69,0.0
FastF1/Jolpica,20260810T200317Z,2025-14,2025,14,Hungarian Grand Prix,2025-08-03,hungaroring,Hungaroring,Budapest,Hungary,sainz,SAI,Carlos,Sainz,Carlos Sainz,1994-09-01,Spanish,55,williams,Williams,British,13,14,14,14,CLASSIFIED,Lapped,False,69,0.0
FastF1/Jolpica,20260810T200317Z,2025-14,2025,14,Hungarian Grand Prix,2025-08-03,hungaroring,Hungaroring,Budapest,Hungary,albon,ALB,Alexander,Albon,Alexander Albon,1996-03-23,Thai,23,williams,Williams,British,19,15,15,15,CLASSIFIED,Lapped,False,69,0.0
FastF1/Jolpica,20260810T200317Z,2025-14,2025,14,Hungarian Grand Prix,2025-08-03,hungaroring,Hungaroring,Budapest,Hungary,ocon,OCO,Esteban,Ocon,Esteban Ocon,1996-09-17,French,31,haas,Haas F1 Team,American,17,16,16,16,CLASSIFIED,Lapped,False,69,0.0
FastF1/Jolpica,20260810T200317Z,2025-14,2025,14,Hungarian Grand Prix,2025-08-03,hungaroring,Hungaroring,Budapest,Hungary,tsunoda,TSU,Yuki,Tsunoda,Yuki Tsunoda,2000-05-11,Japanese,22,red_bull,Red Bull,Austrian,20,17,17,17,CLASSIFIED,Lapped,False,69,0.0
FastF1/Jolpica,20260810T200317Z,2025-14,2025,14,Hungarian Grand Prix,2025-08-03,hungaroring,Hungaroring,Budapest,Hungary,colapinto,COL,Franco,Colapinto,Franco Colapinto,2003-05-27,Argentine,43,alpine,Alpine F1 Team,French,14,18,18,18,CLASSIFIED,Lapped,False,69,0.0
FastF1/Jolpica,20260810T200317Z,2025-14,2025,14,Hungarian Grand Prix,2025-08-03,hungaroring,Hungaroring,Budapest,Hungary,gasly,GAS,Pierre,Gasly,Pierre Gasly,1996-02-07,French,10,alpine,Alpine F1 Team,French,16,19,19,19,CLASSIFIED,Lapped,False,69,0.0
FastF1/Jolpica,20260810T200317Z,2025-14,2025,14,Hungarian Grand Prix,2025-08-03,hungaroring,Hungaroring,Budapest,Hungary,bearman,BEA,Oliver,Bearman,Oliver Bearman,2005-05-08,British,87,haas,Haas F1 Team,American,11,20,R,20,DNF,Retired,False,48,0.0
FastF1/Jolpica,20260810T200317Z,2025-15,2025,15,Dutch Grand Prix,2025-08-31,zandvoort,Circuit Park Zandvoort,Zandvoort,Netherlands,piastri,PIA,Oscar,Piastri,Oscar Piastri,2001-04-06,Australian,81,mclaren,McLaren,British,1,1,1,1,CLASSIFIED,Finished,False,72,25.0
FastF1/Jolpica,20260810T200317Z,2025-15,2025,15,Dutch Grand Prix,2025-08-31,zandvoort,Circuit Park Zandvoort,Zandvoort,Netherlands,max_verstappen,VER,Max,Verstappen,Max Verstappen,1997-09-30,Dutch,1,red_bull,Red Bull,Austrian,3,2,2,2,CLASSIFIED,Finished,False,72,18.0
FastF1/Jolpica,20260810T200317Z,2025-15,2025,15,Dutch Grand Prix,2025-08-31,zandvoort,Circuit Park Zandvoort,Zandvoort,Netherlands,hadjar,HAD,Isack,Hadjar,Isack Hadjar,2004-09-28,French,6,rb,RB F1 Team,Italian,4,3,3,3,CLASSIFIED,Finished,False,72,15.0
FastF1/Jolpica,20260810T200317Z,2025-15,2025,15,Dutch Grand Prix,2025-08-31,zandvoort,Circuit Park Zandvoort,Zandvoort,Netherlands,russell,RUS,George,Russell,George Russell,1998-02-15,British,63,mercedes,Mercedes,German,5,4,4,4,CLASSIFIED,Finished,False,72,12.0
FastF1/Jolpica,20260810T200317Z,2025-15,2025,15,Dutch Grand Prix,2025-08-31,zandvoort,Circuit Park Zandvoort,Zandvoort,Netherlands,albon,ALB,Alexander,Albon,Alexander Albon,1996-03-23,Thai,23,williams,Williams,British,15,5,5,5,CLASSIFIED,Finished,False,72,10.0
FastF1/Jolpica,20260810T200317Z,2025-15,2025,15,Dutch Grand Prix,2025-08-31,zandvoort,Circuit Park Zandvoort,Zandvoort,Netherlands,bearman,BEA,Oliver,Bearman,Oliver Bearman,2005-05-08,British,87,haas,Haas F1 Team,American,20,6,6,6,CLASSIFIED,Finished,False,72,8.0
FastF1/Jolpica,20260810T200317Z,2025-15,2025,15,Dutch Grand Prix,2025-08-31,zandvoort,Circuit Park Zandvoort,Zandvoort,Netherlands,stroll,STR,Lance,Stroll,Lance Stroll,1998-10-29,Canadian,18,aston_martin,Aston Martin,British,19,7,7,7,CLASSIFIED,Finished,False,72,6.0
FastF1/Jolpica,20260810T200317Z,2025-15,2025,15,Dutch Grand Prix,2025-08-31,zandvoort,Circuit Park Zandvoort,Zandvoort,Netherlands,alonso,ALO,Fernando,Alonso,Fernando Alonso,1981-07-29,Spanish,14,aston_martin,Aston Martin,British,10,8,8,8,CLASSIFIED,Finished,False,72,4.0
FastF1/Jolpica,20260810T200317Z,2025-15,2025,15,Dutch Grand Prix,2025-08-31,zandvoort,Circuit Park Zandvoort,Zandvoort,Netherlands,tsunoda,TSU,Yuki,Tsunoda,Yuki Tsunoda,2000-05-11,Japanese,22,red_bull,Red Bull,Austrian,12,9,9,9,CLASSIFIED,Finished,False,72,2.0
FastF1/Jolpica,20260810T200317Z,2025-15,2025,15,Dutch Grand Prix,2025-08-31,zandvoort,Circuit Park Zandvoort,Zandvoort,Netherlands,ocon,OCO,Esteban,Ocon,Esteban Ocon,1996-09-17,French,31,haas,Haas F1 Team,American,18,10,10,10,CLASSIFIED,Finished,False,72,1.0
FastF1/Jolpica,20260810T200317Z,2025-15,2025,15,Dutch Grand Prix,2025-08-31,zandvoort,Circuit Park Zandvoort,Zandvoort,Netherlands,colapinto,COL,Franco,Colapinto,Franco Colapinto,2003-05-27,Argentine,43,alpine,Alpine F1 Team,French,16,11,11,11,CLASSIFIED,Finished,False,72,0.0
FastF1/Jolpica,20260810T200317Z,2025-15,2025,15,Dutch Grand Prix,2025-08-31,zandvoort,Circuit Park Zandvoort,Zandvoort,Netherlands,lawson,LAW,Liam,Lawson,Liam Lawson,2002-02-11,New Zealander,30,rb,RB F1 Team,Italian,8,12,12,12,CLASSIFIED,Finished,False,72,0.0
FastF1/Jolpica,20260810T200317Z,2025-15,2025,15,Dutch Grand Prix,2025-08-31,zandvoort,Circuit Park Zandvoort,Zandvoort,Netherlands,sainz,SAI,Carlos,Sainz,Carlos Sainz,1994-09-01,Spanish,55,williams,Williams,British,9,13,13,13,CLASSIFIED,Finished,False,72,0.0
FastF1/Jolpica,20260810T200317Z,2025-15,2025,15,Dutch Grand Prix,2025-08-31,zandvoort,Circuit Park Zandvoort,Zandvoort,Netherlands,hulkenberg,HUL,Nico,Hülkenberg,Nico Hülkenberg,1987-08-19,German,27,sauber,Sauber,Swiss,17,14,14,14,CLASSIFIED,Finished,False,72,0.0
FastF1/Jolpica,20260810T200317Z,2025-15,2025,15,Dutch Grand Prix,2025-08-31,zandvoort,Circuit Park Zandvoort,Zandvoort,Netherlands,bortoleto,BOR,Gabriel,Bortoleto,Gabriel Bortoleto,2004-10-14,Brazilian,5,sauber,Sauber,Swiss,13,15,15,15,CLASSIFIED,Finished,False,72,0.0
FastF1/Jolpica,20260810T200317Z,2025-15,2025,15,Dutch Grand Prix,2025-08-31,zandvoort,Circuit Park Zandvoort,Zandvoort,Netherlands,antonelli,ANT,Andrea Kimi,Antonelli,Andrea Kimi Antonelli,2006-08-25,Italian,12,mercedes,Mercedes,German,11,16,16,16,CLASSIFIED,Finished,False,72,0.0
FastF1/Jolpica,20260810T200317Z,2025-15,2025,15,Dutch Grand Prix,2025-08-31,zandvoort,Circuit Park Zandvoort,Zandvoort,Netherlands,gasly,GAS,Pierre,Gasly,Pierre Gasly,1996-02-07,French,10,alpine,Alpine F1 Team,French,14,17,17,17,CLASSIFIED,Finished,False,72,0.0
FastF1/Jolpica,20260810T200317Z,2025-15,2025,15,Dutch Grand Prix,2025-08-31,zandvoort,Circuit Park Zandvoort,Zandvoort,Netherlands,norris,NOR,Lando,Norris,Lando Norris,1999-11-13,British,4,mclaren,McLaren,British,2,18,18,18,CLASSIFIED,Retired,False,64,0.0
FastF1/Jolpica,20260810T200317Z,2025-15,2025,15,Dutch Grand Prix,2025-08-31,zandvoort,Circuit Park Zandvoort,Zandvoort,Netherlands,leclerc,LEC,Charles,Leclerc,Charles Leclerc,1997-10-16,Monegasque,16,ferrari,Ferrari,Italian,6,19,R,19,DNF,Retired,False,52,0.0
FastF1/Jolpica,20260810T200317Z,2025-15,2025,15,Dutch Grand Prix,2025-08-31,zandvoort,Circuit Park Zandvoort,Zandvoort,Netherlands,hamilton,HAM,Lewis,Hamilton,Lewis Hamilton,1985-01-07,British,44,ferrari,Ferrari,Italian,7,20,R,20,DNF,Retired,False,22,0.0
FastF1/Jolpica,20260810T200317Z,2025-16,2025,16,Italian Grand Prix,2025-09-07,monza,Autodromo Nazionale di Monza,Monza,Italy,max_verstappen,VER,Max,Verstappen,Max Verstappen,1997-09-30,Dutch,1,red_bull,Red Bull,Austrian,1,1,1,1,CLASSIFIED,Finished,False,53,25.0
FastF1/Jolpica,20260810T200317Z,2025-16,2025,16,Italian Grand Prix,2025-09-07,monza,Autodromo Nazionale di Monza,Monza,Italy,norris,NOR,Lando,Norris,Lando Norris,1999-11-13,British,4,mclaren,McLaren,British,2,2,2,2,CLASSIFIED,Finished,False,53,18.0
FastF1/Jolpica,20260810T200317Z,2025-16,2025,16,Italian Grand Prix,2025-09-07,monza,Autodromo Nazionale di Monza,Monza,Italy,piastri,PIA,Oscar,Piastri,Oscar Piastri,2001-04-06,Australian,81,mclaren,McLaren,British,3,3,3,3,CLASSIFIED,Finished,False,53,15.0
FastF1/Jolpica,20260810T200317Z,2025-16,2025,16,Italian Grand Prix,2025-09-07,monza,Autodromo Nazionale di Monza,Monza,Italy,leclerc,LEC,Charles,Leclerc,Charles Leclerc,1997-10-16,Monegasque,16,ferrari,Ferrari,Italian,4,4,4,4,CLASSIFIED,Finished,False,53,12.0
FastF1/Jolpica,20260810T200317Z,2025-16,2025,16,Italian Grand Prix,2025-09-07,monza,Autodromo Nazionale di Monza,Monza,Italy,russell,RUS,George,Russell,George Russell,1998-02-15,British,63,mercedes,Mercedes,German,5,5,5,5,CLASSIFIED,Finished,False,53,10.0
FastF1/Jolpica,20260810T200317Z,2025-16,2025,16,Italian Grand Prix,2025-09-07,monza,Autodromo Nazionale di Monza,Monza,Italy,hamilton,HAM,Lewis,Hamilton,Lewis Hamilton,1985-01-07,British,44,ferrari,Ferrari,Italian,10,6,6,6,CLASSIFIED,Finished,False,53,8.0
FastF1/Jolpica,20260810T200317Z,2025-16,2025,16,Italian Grand Prix,2025-09-07,monza,Autodromo Nazionale di Monza,Monza,Italy,albon,ALB,Alexander,Albon,Alexander Albon,1996-03-23,Thai,23,williams,Williams,British,14,7,7,7,CLASSIFIED,Finished,False,53,6.0
FastF1/Jolpica,20260810T200317Z,2025-16,2025,16,Italian Grand Prix,2025-09-07,monza,Autodromo Nazionale di Monza,Monza,Italy,bortoleto,BOR,Gabriel,Bortoleto,Gabriel Bortoleto,2004-10-14,Brazilian,5,sauber,Sauber,Swiss,7,8,8,8,CLASSIFIED,Finished,False,53,4.0
FastF1/Jolpica,20260810T200317Z,2025-16,2025,16,Italian Grand Prix,2025-09-07,monza,Autodromo Nazionale di Monza,Monza,Italy,antonelli,ANT,Andrea Kimi,Antonelli,Andrea Kimi Antonelli,2006-08-25,Italian,12,mercedes,Mercedes,German,6,9,9,9,CLASSIFIED,Finished,False,53,2.0
FastF1/Jolpica,20260810T200317Z,2025-16,2025,16,Italian Grand Prix,2025-09-07,monza,Autodromo Nazionale di Monza,Monza,Italy,hadjar,HAD,Isack,Hadjar,Isack Hadjar,2004-09-28,French,6,rb,RB F1 Team,Italian,19,10,10,10,CLASSIFIED,Finished,False,53,1.0
FastF1/Jolpica,20260810T200317Z,2025-16,2025,16,Italian Grand Prix,2025-09-07,monza,Autodromo Nazionale di Monza,Monza,Italy,sainz,SAI,Carlos,Sainz,Carlos Sainz,1994-09-01,Spanish,55,williams,Williams,British,13,11,11,11,CLASSIFIED,Finished,False,53,0.0
FastF1/Jolpica,20260810T200317Z,2025-16,2025,16,Italian Grand Prix,2025-09-07,monza,Autodromo Nazionale di Monza,Monza,Italy,bearman,BEA,Oliver,Bearman,Oliver Bearman,2005-05-08,British,87,haas,Haas F1 Team,American,11,12,12,12,CLASSIFIED,Finished,False,53,0.0
FastF1/Jolpica,20260810T200317Z,2025-16,2025,16,Italian Grand Prix,2025-09-07,monza,Autodromo Nazionale di Monza,Monza,Italy,tsunoda,TSU,Yuki,Tsunoda,Yuki Tsunoda,2000-05-11,Japanese,22,red_bull,Red Bull,Austrian,9,13,13,13,CLASSIFIED,Finished,False,53,0.0
FastF1/Jolpica,20260810T200317Z,2025-16,2025,16,Italian Grand Prix,2025-09-07,monza,Autodromo Nazionale di Monza,Monza,Italy,lawson,LAW,Liam,Lawson,Liam Lawson,2002-02-11,New Zealander,30,rb,RB F1 Team,Italian,18,14,14,14,CLASSIFIED,Finished,False,53,0.0
FastF1/Jolpica,20260810T200317Z,2025-16,2025,16,Italian Grand Prix,2025-09-07,monza,Autodromo Nazionale di Monza,Monza,Italy,ocon,OCO,Esteban,Ocon,Esteban Ocon,1996-09-17,French,31,haas,Haas F1 Team,American,15,15,15,15,CLASSIFIED,Lapped,False,52,0.0
FastF1/Jolpica,20260810T200317Z,2025-16,2025,16,Italian Grand Prix,2025-09-07,monza,Autodromo Nazionale di Monza,Monza,Italy,gasly,GAS,Pierre,Gasly,Pierre Gasly,1996-02-07,French,10,alpine,Alpine F1 Team,French,20,16,16,16,CLASSIFIED,Lapped,False,52,0.0
FastF1/Jolpica,20260810T200317Z,2025-16,2025,16,Italian Grand Prix,2025-09-07,monza,Autodromo Nazionale di Monza,Monza,Italy,colapinto,COL,Franco,Colapinto,Franco Colapinto,2003-05-27,Argentine,43,alpine,Alpine F1 Team,French,17,17,17,17,CLASSIFIED,Lapped,False,52,0.0
FastF1/Jolpica,20260810T200317Z,2025-16,2025,16,Italian Grand Prix,2025-09-07,monza,Autodromo Nazionale di Monza,Monza,Italy,stroll,STR,Lance,Stroll,Lance Stroll,1998-10-29,Canadian,18,aston_martin,Aston Martin,British,16,18,18,18,CLASSIFIED,Lapped,False,52,0.0
FastF1/Jolpica,20260810T200317Z,2025-16,2025,16,Italian Grand Prix,2025-09-07,monza,Autodromo Nazionale di Monza,Monza,Italy,alonso,ALO,Fernando,Alonso,Fernando Alonso,1981-07-29,Spanish,14,aston_martin,Aston Martin,British,8,19,R,19,DNF,Retired,False,24,0.0
FastF1/Jolpica,20260810T200317Z,2025-16,2025,16,Italian Grand Prix,2025-09-07,monza,Autodromo Nazionale di Monza,Monza,Italy,hulkenberg,HUL,Nico,Hülkenberg,Nico Hülkenberg,1987-08-19,German,27,sauber,Sauber,Swiss,12,20,W,20,DNS,Did not start,False,0,0.0
FastF1/Jolpica,20260810T200317Z,2025-17,2025,17,Azerbaijan Grand Prix,2025-09-21,baku,Baku City Circuit,Baku,Azerbaijan,max_verstappen,VER,Max,Verstappen,Max Verstappen,1997-09-30,Dutch,1,red_bull,Red Bull,Austrian,1,1,1,1,CLASSIFIED,Finished,False,51,25.0
FastF1/Jolpica,20260810T200317Z,2025-17,2025,17,Azerbaijan Grand Prix,2025-09-21,baku,Baku City Circuit,Baku,Azerbaijan,russell,RUS,George,Russell,George Russell,1998-02-15,British,63,mercedes,Mercedes,German,5,2,2,2,CLASSIFIED,Finished,False,51,18.0
FastF1/Jolpica,20260810T200317Z,2025-17,2025,17,Azerbaijan Grand Prix,2025-09-21,baku,Baku City Circuit,Baku,Azerbaijan,sainz,SAI,Carlos,Sainz,Carlos Sainz,1994-09-01,Spanish,55,williams,Williams,British,2,3,3,3,CLASSIFIED,Finished,False,51,15.0
FastF1/Jolpica,20260810T200317Z,2025-17,2025,17,Azerbaijan Grand Prix,2025-09-21,baku,Baku City Circuit,Baku,Azerbaijan,antonelli,ANT,Andrea Kimi,Antonelli,Andrea Kimi Antonelli,2006-08-25,Italian,12,mercedes,Mercedes,German,4,4,4,4,CLASSIFIED,Finished,False,51,12.0
FastF1/Jolpica,20260810T200317Z,2025-17,2025,17,Azerbaijan Grand Prix,2025-09-21,baku,Baku City Circuit,Baku,Azerbaijan,lawson,LAW,Liam,Lawson,Liam Lawson,2002-02-11,New Zealander,30,rb,RB F1 Team,Italian,3,5,5,5,CLASSIFIED,Finished,False,51,10.0
FastF1/Jolpica,20260810T200317Z,2025-17,2025,17,Azerbaijan Grand Prix,2025-09-21,baku,Baku City Circuit,Baku,Azerbaijan,tsunoda,TSU,Yuki,Tsunoda,Yuki Tsunoda,2000-05-11,Japanese,22,red_bull,Red Bull,Austrian,6,6,6,6,CLASSIFIED,Finished,False,51,8.0
FastF1/Jolpica,20260810T200317Z,2025-17,2025,17,Azerbaijan Grand Prix,2025-09-21,baku,Baku City Circuit,Baku,Azerbaijan,norris,NOR,Lando,Norris,Lando Norris,1999-11-13,British,4,mclaren,McLaren,British,7,7,7,7,CLASSIFIED,Finished,False,51,6.0
FastF1/Jolpica,20260810T200317Z,2025-17,2025,17,Azerbaijan Grand Prix,2025-09-21,baku,Baku City Circuit,Baku,Azerbaijan,hamilton,HAM,Lewis,Hamilton,Lewis Hamilton,1985-01-07,British,44,ferrari,Ferrari,Italian,12,8,8,8,CLASSIFIED,Finished,False,51,4.0
FastF1/Jolpica,20260810T200317Z,2025-17,2025,17,Azerbaijan Grand Prix,2025-09-21,baku,Baku City Circuit,Baku,Azerbaijan,leclerc,LEC,Charles,Leclerc,Charles Leclerc,1997-10-16,Monegasque,16,ferrari,Ferrari,Italian,10,9,9,9,CLASSIFIED,Finished,False,51,2.0
FastF1/Jolpica,20260810T200317Z,2025-17,2025,17,Azerbaijan Grand Prix,2025-09-21,baku,Baku City Circuit,Baku,Azerbaijan,hadjar,HAD,Isack,Hadjar,Isack Hadjar,2004-09-28,French,6,rb,RB F1 Team,Italian,8,10,10,10,CLASSIFIED,Finished,False,51,1.0
FastF1/Jolpica,20260810T200317Z,2025-17,2025,17,Azerbaijan Grand Prix,2025-09-21,baku,Baku City Circuit,Baku,Azerbaijan,bortoleto,BOR,Gabriel,Bortoleto,Gabriel Bortoleto,2004-10-14,Brazilian,5,sauber,Sauber,Swiss,13,11,11,11,CLASSIFIED,Finished,False,51,0.0
FastF1/Jolpica,20260810T200317Z,2025-17,2025,17,Azerbaijan Grand Prix,2025-09-21,baku,Baku City Circuit,Baku,Azerbaijan,bearman,BEA,Oliver,Bearman,Oliver Bearman,2005-05-08,British,87,haas,Haas F1 Team,American,15,12,12,12,CLASSIFIED,Finished,False,51,0.0
FastF1/Jolpica,20260810T200317Z,2025-17,2025,17,Azerbaijan Grand Prix,2025-09-21,baku,Baku City Circuit,Baku,Azerbaijan,albon,ALB,Alexander,Albon,Alexander Albon,1996-03-23,Thai,23,williams,Williams,British,19,13,13,13,CLASSIFIED,Finished,False,51,0.0
FastF1/Jolpica,20260810T200317Z,2025-17,2025,17,Azerbaijan Grand Prix,2025-09-21,baku,Baku City Circuit,Baku,Azerbaijan,ocon,OCO,Esteban,Ocon,Esteban Ocon,1996-09-17,French,31,haas,Haas F1 Team,American,20,14,14,14,CLASSIFIED,Finished,False,51,0.0
FastF1/Jolpica,20260810T200317Z,2025-17,2025,17,Azerbaijan Grand Prix,2025-09-21,baku,Baku City Circuit,Baku,Azerbaijan,alonso,ALO,Fernando,Alonso,Fernando Alonso,1981-07-29,Spanish,14,aston_martin,Aston Martin,British,11,15,15,15,CLASSIFIED,Finished,False,51,0.0
FastF1/Jolpica,20260810T200317Z,2025-17,2025,17,Azerbaijan Grand Prix,2025-09-21,baku,Baku City Circuit,Baku,Azerbaijan,hulkenberg,HUL,Nico,Hülkenberg,Nico Hülkenberg,1987-08-19,German,27,sauber,Sauber,Swiss,17,16,16,16,CLASSIFIED,Finished,False,51,0.0
FastF1/Jolpica,20260810T200317Z,2025-17,2025,17,Azerbaijan Grand Prix,2025-09-21,baku,Baku City Circuit,Baku,Azerbaijan,stroll,STR,Lance,Stroll,Lance Stroll,1998-10-29,Canadian,18,aston_martin,Aston Martin,British,14,17,17,17,CLASSIFIED,Finished,False,51,0.0
FastF1/Jolpica,20260810T200317Z,2025-17,2025,17,Azerbaijan Grand Prix,2025-09-21,baku,Baku City Circuit,Baku,Azerbaijan,gasly,GAS,Pierre,Gasly,Pierre Gasly,1996-02-07,French,10,alpine,Alpine F1 Team,French,18,18,18,18,CLASSIFIED,Lapped,False,50,0.0
FastF1/Jolpica,20260810T200317Z,2025-17,2025,17,Azerbaijan Grand Prix,2025-09-21,baku,Baku City Circuit,Baku,Azerbaijan,colapinto,COL,Franco,Colapinto,Franco Colapinto,2003-05-27,Argentine,43,alpine,Alpine F1 Team,French,16,19,19,19,CLASSIFIED,Lapped,False,50,0.0
FastF1/Jolpica,20260810T200317Z,2025-17,2025,17,Azerbaijan Grand Prix,2025-09-21,baku,Baku City Circuit,Baku,Azerbaijan,piastri,PIA,Oscar,Piastri,Oscar Piastri,2001-04-06,Australian,81,mclaren,McLaren,British,9,20,R,20,DNF,Retired,False,0,0.0
FastF1/Jolpica,20260810T200317Z,2025-18,2025,18,Singapore Grand Prix,2025-10-05,marina_bay,Marina Bay Street Circuit,Marina Bay,Singapore,russell,RUS,George,Russell,George Russell,1998-02-15,British,63,mercedes,Mercedes,German,1,1,1,1,CLASSIFIED,Finished,False,62,25.0
FastF1/Jolpica,20260810T200317Z,2025-18,2025,18,Singapore Grand Prix,2025-10-05,marina_bay,Marina Bay Street Circuit,Marina Bay,Singapore,max_verstappen,VER,Max,Verstappen,Max Verstappen,1997-09-30,Dutch,1,red_bull,Red Bull,Austrian,2,2,2,2,CLASSIFIED,Finished,False,62,18.0
FastF1/Jolpica,20260810T200317Z,2025-18,2025,18,Singapore Grand Prix,2025-10-05,marina_bay,Marina Bay Street Circuit,Marina Bay,Singapore,norris,NOR,Lando,Norris,Lando Norris,1999-11-13,British,4,mclaren,McLaren,British,5,3,3,3,CLASSIFIED,Finished,False,62,15.0
FastF1/Jolpica,20260810T200317Z,2025-18,2025,18,Singapore Grand Prix,2025-10-05,marina_bay,Marina Bay Street Circuit,Marina Bay,Singapore,piastri,PIA,Oscar,Piastri,Oscar Piastri,2001-04-06,Australian,81,mclaren,McLaren,British,3,4,4,4,CLASSIFIED,Finished,False,62,12.0
FastF1/Jolpica,20260810T200317Z,2025-18,2025,18,Singapore Grand Prix,2025-10-05,marina_bay,Marina Bay Street Circuit,Marina Bay,Singapore,antonelli,ANT,Andrea Kimi,Antonelli,Andrea Kimi Antonelli,2006-08-25,Italian,12,mercedes,Mercedes,German,4,5,5,5,CLASSIFIED,Finished,False,62,10.0
FastF1/Jolpica,20260810T200317Z,2025-18,2025,18,Singapore Grand Prix,2025-10-05,marina_bay,Marina Bay Street Circuit,Marina Bay,Singapore,leclerc,LEC,Charles,Leclerc,Charles Leclerc,1997-10-16,Monegasque,16,ferrari,Ferrari,Italian,7,6,6,6,CLASSIFIED,Finished,False,62,8.0
FastF1/Jolpica,20260810T200317Z,2025-18,2025,18,Singapore Grand Prix,2025-10-05,marina_bay,Marina Bay Street Circuit,Marina Bay,Singapore,alonso,ALO,Fernando,Alonso,Fernando Alonso,1981-07-29,Spanish,14,aston_martin,Aston Martin,British,10,7,7,7,CLASSIFIED,Finished,False,62,6.0
FastF1/Jolpica,20260810T200317Z,2025-18,2025,18,Singapore Grand Prix,2025-10-05,marina_bay,Marina Bay Street Circuit,Marina Bay,Singapore,hamilton,HAM,Lewis,Hamilton,Lewis Hamilton,1985-01-07,British,44,ferrari,Ferrari,Italian,6,8,8,8,CLASSIFIED,Finished,False,62,4.0
FastF1/Jolpica,20260810T200317Z,2025-18,2025,18,Singapore Grand Prix,2025-10-05,marina_bay,Marina Bay Street Circuit,Marina Bay,Singapore,bearman,BEA,Oliver,Bearman,Oliver Bearman,2005-05-08,British,87,haas,Haas F1 Team,American,9,9,9,9,CLASSIFIED,Finished,False,62,2.0
FastF1/Jolpica,20260810T200317Z,2025-18,2025,18,Singapore Grand Prix,2025-10-05,marina_bay,Marina Bay Street Circuit,Marina Bay,Singapore,sainz,SAI,Carlos,Sainz,Carlos Sainz,1994-09-01,Spanish,55,williams,Williams,British,18,10,10,10,CLASSIFIED,Lapped,False,61,1.0
FastF1/Jolpica,20260810T200317Z,2025-18,2025,18,Singapore Grand Prix,2025-10-05,marina_bay,Marina Bay Street Circuit,Marina Bay,Singapore,hadjar,HAD,Isack,Hadjar,Isack Hadjar,2004-09-28,French,6,rb,RB F1 Team,Italian,8,11,11,11,CLASSIFIED,Lapped,False,61,0.0
FastF1/Jolpica,20260810T200317Z,2025-18,2025,18,Singapore Grand Prix,2025-10-05,marina_bay,Marina Bay Street Circuit,Marina Bay,Singapore,tsunoda,TSU,Yuki,Tsunoda,Yuki Tsunoda,2000-05-11,Japanese,22,red_bull,Red Bull,Austrian,13,12,12,12,CLASSIFIED,Lapped,False,61,0.0
FastF1/Jolpica,20260810T200317Z,2025-18,2025,18,Singapore Grand Prix,2025-10-05,marina_bay,Marina Bay Street Circuit,Marina Bay,Singapore,stroll,STR,Lance,Stroll,Lance Stroll,1998-10-29,Canadian,18,aston_martin,Aston Martin,British,15,13,13,13,CLASSIFIED,Lapped,False,61,0.0
FastF1/Jolpica,20260810T200317Z,2025-18,2025,18,Singapore Grand Prix,2025-10-05,marina_bay,Marina Bay Street Circuit,Marina Bay,Singapore,albon,ALB,Alexander,Albon,Alexander Albon,1996-03-23,Thai,23,williams,Williams,British,20,14,14,14,CLASSIFIED,Lapped,False,61,0.0
FastF1/Jolpica,20260810T200317Z,2025-18,2025,18,Singapore Grand Prix,2025-10-05,marina_bay,Marina Bay Street Circuit,Marina Bay,Singapore,lawson,LAW,Liam,Lawson,Liam Lawson,2002-02-11,New Zealander,30,rb,RB F1 Team,Italian,12,15,15,15,CLASSIFIED,Lapped,False,61,0.0
FastF1/Jolpica,20260810T200317Z,2025-18,2025,18,Singapore Grand Prix,2025-10-05,marina_bay,Marina Bay Street Circuit,Marina Bay,Singapore,colapinto,COL,Franco,Colapinto,Franco Colapinto,2003-05-27,Argentine,43,alpine,Alpine F1 Team,French,16,16,16,16,CLASSIFIED,Lapped,False,61,0.0
FastF1/Jolpica,20260810T200317Z,2025-18,2025,18,Singapore Grand Prix,2025-10-05,marina_bay,Marina Bay Street Circuit,Marina Bay,Singapore,bortoleto,BOR,Gabriel,Bortoleto,Gabriel Bortoleto,2004-10-14,Brazilian,5,sauber,Sauber,Swiss,14,17,17,17,CLASSIFIED,Lapped,False,61,0.0
FastF1/Jolpica,20260810T200317Z,2025-18,2025,18,Singapore Grand Prix,2025-10-05,marina_bay,Marina Bay Street Circuit,Marina Bay,Singapore,ocon,OCO,Esteban,Ocon,Esteban Ocon,1996-09-17,French,31,haas,Haas F1 Team,American,17,18,18,18,CLASSIFIED,Lapped,False,61,0.0
FastF1/Jolpica,20260810T200317Z,2025-18,2025,18,Singapore Grand Prix,2025-10-05,marina_bay,Marina Bay Street Circuit,Marina Bay,Singapore,gasly,GAS,Pierre,Gasly,Pierre Gasly,1996-02-07,French,10,alpine,Alpine F1 Team,French,19,19,19,19,CLASSIFIED,Lapped,False,61,0.0
FastF1/Jolpica,20260810T200317Z,2025-18,2025,18,Singapore Grand Prix,2025-10-05,marina_bay,Marina Bay Street Circuit,Marina Bay,Singapore,hulkenberg,HUL,Nico,Hülkenberg,Nico Hülkenberg,1987-08-19,German,27,sauber,Sauber,Swiss,11,20,20,20,CLASSIFIED,Lapped,False,61,0.0
FastF1/Jolpica,20260810T200317Z,2025-19,2025,19,United States Grand Prix,2025-10-19,americas,Circuit of the Americas,Austin,USA,max_verstappen,VER,Max,Verstappen,Max Verstappen,1997-09-30,Dutch,1,red_bull,Red Bull,Austrian,1,1,1,1,CLASSIFIED,Finished,False,56,25.0
FastF1/Jolpica,20260810T200317Z,2025-19,2025,19,United States Grand Prix,2025-10-19,americas,Circuit of the Americas,Austin,USA,norris,NOR,Lando,Norris,Lando Norris,1999-11-13,British,4,mclaren,McLaren,British,2,2,2,2,CLASSIFIED,Finished,False,56,18.0
FastF1/Jolpica,20260810T200317Z,2025-19,2025,19,United States Grand Prix,2025-10-19,americas,Circuit of the Americas,Austin,USA,leclerc,LEC,Charles,Leclerc,Charles Leclerc,1997-10-16,Monegasque,16,ferrari,Ferrari,Italian,3,3,3,3,CLASSIFIED,Finished,False,56,15.0
FastF1/Jolpica,20260810T200317Z,2025-19,2025,19,United States Grand Prix,2025-10-19,americas,Circuit of the Americas,Austin,USA,hamilton,HAM,Lewis,Hamilton,Lewis Hamilton,1985-01-07,British,44,ferrari,Ferrari,Italian,5,4,4,4,CLASSIFIED,Finished,False,56,12.0
FastF1/Jolpica,20260810T200317Z,2025-19,2025,19,United States Grand Prix,2025-10-19,americas,Circuit of the Americas,Austin,USA,piastri,PIA,Oscar,Piastri,Oscar Piastri,2001-04-06,Australian,81,mclaren,McLaren,British,6,5,5,5,CLASSIFIED,Finished,False,56,10.0
FastF1/Jolpica,20260810T200317Z,2025-19,2025,19,United States Grand Prix,2025-10-19,americas,Circuit of the Americas,Austin,USA,russell,RUS,George,Russell,George Russell,1998-02-15,British,63,mercedes,Mercedes,German,4,6,6,6,CLASSIFIED,Finished,False,56,8.0
FastF1/Jolpica,20260810T200317Z,2025-19,2025,19,United States Grand Prix,2025-10-19,americas,Circuit of the Americas,Austin,USA,tsunoda,TSU,Yuki,Tsunoda,Yuki Tsunoda,2000-05-11,Japanese,22,red_bull,Red Bull,Austrian,13,7,7,7,CLASSIFIED,Finished,False,56,6.0
FastF1/Jolpica,20260810T200317Z,2025-19,2025,19,United States Grand Prix,2025-10-19,americas,Circuit of the Americas,Austin,USA,hulkenberg,HUL,Nico,Hülkenberg,Nico Hülkenberg,1987-08-19,German,27,sauber,Sauber,Swiss,11,8,8,8,CLASSIFIED,Finished,False,56,4.0
FastF1/Jolpica,20260810T200317Z,2025-19,2025,19,United States Grand Prix,2025-10-19,americas,Circuit of the Americas,Austin,USA,bearman,BEA,Oliver,Bearman,Oliver Bearman,2005-05-08,British,87,haas,Haas F1 Team,American,8,9,9,9,CLASSIFIED,Finished,False,56,2.0
FastF1/Jolpica,20260810T200317Z,2025-19,2025,19,United States Grand Prix,2025-10-19,americas,Circuit of the Americas,Austin,USA,alonso,ALO,Fernando,Alonso,Fernando Alonso,1981-07-29,Spanish,14,aston_martin,Aston Martin,British,10,10,10,10,CLASSIFIED,Finished,False,56,1.0
FastF1/Jolpica,20260810T200317Z,2025-19,2025,19,United States Grand Prix,2025-10-19,americas,Circuit of the Americas,Austin,USA,lawson,LAW,Liam,Lawson,Liam Lawson,2002-02-11,New Zealander,30,rb,RB F1 Team,Italian,12,11,11,11,CLASSIFIED,Finished,False,56,0.0
FastF1/Jolpica,20260810T200317Z,2025-19,2025,19,United States Grand Prix,2025-10-19,americas,Circuit of the Americas,Austin,USA,stroll,STR,Lance,Stroll,Lance Stroll,1998-10-29,Canadian,18,aston_martin,Aston Martin,British,19,12,12,12,CLASSIFIED,Finished,False,56,0.0
FastF1/Jolpica,20260810T200317Z,2025-19,2025,19,United States Grand Prix,2025-10-19,americas,Circuit of the Americas,Austin,USA,antonelli,ANT,Andrea Kimi,Antonelli,Andrea Kimi Antonelli,2006-08-25,Italian,12,mercedes,Mercedes,German,7,13,13,13,CLASSIFIED,Finished,False,56,0.0
FastF1/Jolpica,20260810T200317Z,2025-19,2025,19,United States Grand Prix,2025-10-19,americas,Circuit of the Americas,Austin,USA,albon,ALB,Alexander,Albon,Alexander Albon,1996-03-23,Thai,23,williams,Williams,British,18,14,14,14,CLASSIFIED,Finished,False,56,0.0
FastF1/Jolpica,20260810T200317Z,2025-19,2025,19,United States Grand Prix,2025-10-19,americas,Circuit of the Americas,Austin,USA,ocon,OCO,Esteban,Ocon,Esteban Ocon,1996-09-17,French,31,haas,Haas F1 Team,American,17,15,15,15,CLASSIFIED,Finished,False,56,0.0
FastF1/Jolpica,20260810T200317Z,2025-19,2025,19,United States Grand Prix,2025-10-19,americas,Circuit of the Americas,Austin,USA,hadjar,HAD,Isack,Hadjar,Isack Hadjar,2004-09-28,French,6,rb,RB F1 Team,Italian,20,16,16,16,CLASSIFIED,Finished,False,56,0.0
FastF1/Jolpica,20260810T200317Z,2025-19,2025,19,United States Grand Prix,2025-10-19,americas,Circuit of the Americas,Austin,USA,colapinto,COL,Franco,Colapinto,Franco Colapinto,2003-05-27,Argentine,43,alpine,Alpine F1 Team,French,15,17,17,17,CLASSIFIED,Lapped,False,55,0.0
FastF1/Jolpica,20260810T200317Z,2025-19,2025,19,United States Grand Prix,2025-10-19,americas,Circuit of the Americas,Austin,USA,bortoleto,BOR,Gabriel,Bortoleto,Gabriel Bortoleto,2004-10-14,Brazilian,5,sauber,Sauber,Swiss,16,18,18,18,CLASSIFIED,Lapped,False,55,0.0
FastF1/Jolpica,20260810T200317Z,2025-19,2025,19,United States Grand Prix,2025-10-19,americas,Circuit of the Americas,Austin,USA,gasly,GAS,Pierre,Gasly,Pierre Gasly,1996-02-07,French,10,alpine,Alpine F1 Team,French,14,19,19,19,CLASSIFIED,Lapped,False,55,0.0
FastF1/Jolpica,20260810T200317Z,2025-19,2025,19,United States Grand Prix,2025-10-19,americas,Circuit of the Americas,Austin,USA,sainz,SAI,Carlos,Sainz,Carlos Sainz,1994-09-01,Spanish,55,williams,Williams,British,9,20,R,20,DNF,Retired,False,5,0.0
FastF1/Jolpica,20260810T200317Z,2025-20,2025,20,Mexico City Grand Prix,2025-10-26,rodriguez,Autódromo Hermanos Rodríguez,Mexico City,Mexico,norris,NOR,Lando,Norris,Lando Norris,1999-11-13,British,4,mclaren,McLaren,British,1,1,1,1,CLASSIFIED,Finished,False,71,25.0
FastF1/Jolpica,20260810T200317Z,2025-20,2025,20,Mexico City Grand Prix,2025-10-26,rodriguez,Autódromo Hermanos Rodríguez,Mexico City,Mexico,leclerc,LEC,Charles,Leclerc,Charles Leclerc,1997-10-16,Monegasque,16,ferrari,Ferrari,Italian,2,2,2,2,CLASSIFIED,Finished,False,71,18.0
FastF1/Jolpica,20260810T200317Z,2025-20,2025,20,Mexico City Grand Prix,2025-10-26,rodriguez,Autódromo Hermanos Rodríguez,Mexico City,Mexico,max_verstappen,VER,Max,Verstappen,Max Verstappen,1997-09-30,Dutch,1,red_bull,Red Bull,Austrian,5,3,3,3,CLASSIFIED,Finished,False,71,15.0
FastF1/Jolpica,20260810T200317Z,2025-20,2025,20,Mexico City Grand Prix,2025-10-26,rodriguez,Autódromo Hermanos Rodríguez,Mexico City,Mexico,bearman,BEA,Oliver,Bearman,Oliver Bearman,2005-05-08,British,87,haas,Haas F1 Team,American,9,4,4,4,CLASSIFIED,Finished,False,71,12.0
FastF1/Jolpica,20260810T200317Z,2025-20,2025,20,Mexico City Grand Prix,2025-10-26,rodriguez,Autódromo Hermanos Rodríguez,Mexico City,Mexico,piastri,PIA,Oscar,Piastri,Oscar Piastri,2001-04-06,Australian,81,mclaren,McLaren,British,7,5,5,5,CLASSIFIED,Finished,False,71,10.0
FastF1/Jolpica,20260810T200317Z,2025-20,2025,20,Mexico City Grand Prix,2025-10-26,rodriguez,Autódromo Hermanos Rodríguez,Mexico City,Mexico,antonelli,ANT,Andrea Kimi,Antonelli,Andrea Kimi Antonelli,2006-08-25,Italian,12,mercedes,Mercedes,German,6,6,6,6,CLASSIFIED,Finished,False,71,8.0
FastF1/Jolpica,20260810T200317Z,2025-20,2025,20,Mexico City Grand Prix,2025-10-26,rodriguez,Autódromo Hermanos Rodríguez,Mexico City,Mexico,russell,RUS,George,Russell,George Russell,1998-02-15,British,63,mercedes,Mercedes,German,4,7,7,7,CLASSIFIED,Finished,False,71,6.0
FastF1/Jolpica,20260810T200317Z,2025-20,2025,20,Mexico City Grand Prix,2025-10-26,rodriguez,Autódromo Hermanos Rodríguez,Mexico City,Mexico,hamilton,HAM,Lewis,Hamilton,Lewis Hamilton,1985-01-07,British,44,ferrari,Ferrari,Italian,3,8,8,8,CLASSIFIED,Finished,False,71,4.0
FastF1/Jolpica,20260810T200317Z,2025-20,2025,20,Mexico City Grand Prix,2025-10-26,rodriguez,Autódromo Hermanos Rodríguez,Mexico City,Mexico,ocon,OCO,Esteban,Ocon,Esteban Ocon,1996-09-17,French,31,haas,Haas F1 Team,American,11,9,9,9,CLASSIFIED,Finished,False,71,2.0
FastF1/Jolpica,20260810T200317Z,2025-20,2025,20,Mexico City Grand Prix,2025-10-26,rodriguez,Autódromo Hermanos Rodríguez,Mexico City,Mexico,bortoleto,BOR,Gabriel,Bortoleto,Gabriel Bortoleto,2004-10-14,Brazilian,5,sauber,Sauber,Swiss,16,10,10,10,CLASSIFIED,Finished,False,71,1.0
FastF1/Jolpica,20260810T200317Z,2025-20,2025,20,Mexico City Grand Prix,2025-10-26,rodriguez,Autódromo Hermanos Rodríguez,Mexico City,Mexico,tsunoda,TSU,Yuki,Tsunoda,Yuki Tsunoda,2000-05-11,Japanese,22,red_bull,Red Bull,Austrian,10,11,11,11,CLASSIFIED,Finished,False,71,0.0
FastF1/Jolpica,20260810T200317Z,2025-20,2025,20,Mexico City Grand Prix,2025-10-26,rodriguez,Autódromo Hermanos Rodríguez,Mexico City,Mexico,albon,ALB,Alexander,Albon,Alexander Albon,1996-03-23,Thai,23,williams,Williams,British,17,12,12,12,CLASSIFIED,Lapped,False,70,0.0
FastF1/Jolpica,20260810T200317Z,2025-20,2025,20,Mexico City Grand Prix,2025-10-26,rodriguez,Autódromo Hermanos Rodríguez,Mexico City,Mexico,hadjar,HAD,Isack,Hadjar,Isack Hadjar,2004-09-28,French,6,rb,RB F1 Team,Italian,8,13,13,13,CLASSIFIED,Lapped,False,70,0.0
FastF1/Jolpica,20260810T200317Z,2025-20,2025,20,Mexico City Grand Prix,2025-10-26,rodriguez,Autódromo Hermanos Rodríguez,Mexico City,Mexico,stroll,STR,Lance,Stroll,Lance Stroll,1998-10-29,Canadian,18,aston_martin,Aston Martin,British,19,14,14,14,CLASSIFIED,Lapped,False,70,0.0
FastF1/Jolpica,20260810T200317Z,2025-20,2025,20,Mexico City Grand Prix,2025-10-26,rodriguez,Autódromo Hermanos Rodríguez,Mexico City,Mexico,gasly,GAS,Pierre,Gasly,Pierre Gasly,1996-02-07,French,10,alpine,Alpine F1 Team,French,18,15,15,15,CLASSIFIED,Lapped,False,70,0.0
FastF1/Jolpica,20260810T200317Z,2025-20,2025,20,Mexico City Grand Prix,2025-10-26,rodriguez,Autódromo Hermanos Rodríguez,Mexico City,Mexico,colapinto,COL,Franco,Colapinto,Franco Colapinto,2003-05-27,Argentine,43,alpine,Alpine F1 Team,French,20,16,16,16,CLASSIFIED,Lapped,False,70,0.0
FastF1/Jolpica,20260810T200317Z,2025-20,2025,20,Mexico City Grand Prix,2025-10-26,rodriguez,Autódromo Hermanos Rodríguez,Mexico City,Mexico,sainz,SAI,Carlos,Sainz,Carlos Sainz,1994-09-01,Spanish,55,williams,Williams,British,12,17,17,17,CLASSIFIED,Retired,False,67,0.0
FastF1/Jolpica,20260810T200317Z,2025-20,2025,20,Mexico City Grand Prix,2025-10-26,rodriguez,Autódromo Hermanos Rodríguez,Mexico City,Mexico,alonso,ALO,Fernando,Alonso,Fernando Alonso,1981-07-29,Spanish,14,aston_martin,Aston Martin,British,14,18,R,18,DNF,Retired,False,34,0.0
FastF1/Jolpica,20260810T200317Z,2025-20,2025,20,Mexico City Grand Prix,2025-10-26,rodriguez,Autódromo Hermanos Rodríguez,Mexico City,Mexico,hulkenberg,HUL,Nico,Hülkenberg,Nico Hülkenberg,1987-08-19,German,27,sauber,Sauber,Swiss,13,19,R,19,DNF,Retired,False,25,0.0
FastF1/Jolpica,20260810T200317Z,2025-20,2025,20,Mexico City Grand Prix,2025-10-26,rodriguez,Autódromo Hermanos Rodríguez,Mexico City,Mexico,lawson,LAW,Liam,Lawson,Liam Lawson,2002-02-11,New Zealander,30,rb,RB F1 Team,Italian,15,20,R,20,DNF,Retired,False,5,0.0
FastF1/Jolpica,20260810T200317Z,2025-21,2025,21,São Paulo Grand Prix,2025-11-09,interlagos,Autódromo José Carlos Pace,São Paulo,Brazil,norris,NOR,Lando,Norris,Lando Norris,1999-11-13,British,4,mclaren,McLaren,British,1,1,1,1,CLASSIFIED,Finished,False,71,25.0
FastF1/Jolpica,20260810T200317Z,2025-21,2025,21,São Paulo Grand Prix,2025-11-09,interlagos,Autódromo José Carlos Pace,São Paulo,Brazil,antonelli,ANT,Andrea Kimi,Antonelli,Andrea Kimi Antonelli,2006-08-25,Italian,12,mercedes,Mercedes,German,2,2,2,2,CLASSIFIED,Finished,False,71,18.0
FastF1/Jolpica,20260810T200317Z,2025-21,2025,21,São Paulo Grand Prix,2025-11-09,interlagos,Autódromo José Carlos Pace,São Paulo,Brazil,max_verstappen,VER,Max,Verstappen,Max Verstappen,1997-09-30,Dutch,1,red_bull,Red Bull,Austrian,19,3,3,3,CLASSIFIED,Finished,False,71,15.0
FastF1/Jolpica,20260810T200317Z,2025-21,2025,21,São Paulo Grand Prix,2025-11-09,interlagos,Autódromo José Carlos Pace,São Paulo,Brazil,russell,RUS,George,Russell,George Russell,1998-02-15,British,63,mercedes,Mercedes,German,6,4,4,4,CLASSIFIED,Finished,False,71,12.0
FastF1/Jolpica,20260810T200317Z,2025-21,2025,21,São Paulo Grand Prix,2025-11-09,interlagos,Autódromo José Carlos Pace,São Paulo,Brazil,piastri,PIA,Oscar,Piastri,Oscar Piastri,2001-04-06,Australian,81,mclaren,McLaren,British,4,5,5,5,CLASSIFIED,Finished,False,71,10.0
FastF1/Jolpica,20260810T200317Z,2025-21,2025,21,São Paulo Grand Prix,2025-11-09,interlagos,Autódromo José Carlos Pace,São Paulo,Brazil,bearman,BEA,Oliver,Bearman,Oliver Bearman,2005-05-08,British,87,haas,Haas F1 Team,American,8,6,6,6,CLASSIFIED,Finished,False,71,8.0
FastF1/Jolpica,20260810T200317Z,2025-21,2025,21,São Paulo Grand Prix,2025-11-09,interlagos,Autódromo José Carlos Pace,São Paulo,Brazil,lawson,LAW,Liam,Lawson,Liam Lawson,2002-02-11,New Zealander,30,rb,RB F1 Team,Italian,7,7,7,7,CLASSIFIED,Finished,False,71,6.0
FastF1/Jolpica,20260810T200317Z,2025-21,2025,21,São Paulo Grand Prix,2025-11-09,interlagos,Autódromo José Carlos Pace,São Paulo,Brazil,hadjar,HAD,Isack,Hadjar,Isack Hadjar,2004-09-28,French,6,rb,RB F1 Team,Italian,5,8,8,8,CLASSIFIED,Finished,False,71,4.0
FastF1/Jolpica,20260810T200317Z,2025-21,2025,21,São Paulo Grand Prix,2025-11-09,interlagos,Autódromo José Carlos Pace,São Paulo,Brazil,hulkenberg,HUL,Nico,Hülkenberg,Nico Hülkenberg,1987-08-19,German,27,sauber,Sauber,Swiss,10,9,9,9,CLASSIFIED,Finished,False,71,2.0
FastF1/Jolpica,20260810T200317Z,2025-21,2025,21,São Paulo Grand Prix,2025-11-09,interlagos,Autódromo José Carlos Pace,São Paulo,Brazil,gasly,GAS,Pierre,Gasly,Pierre Gasly,1996-02-07,French,10,alpine,Alpine F1 Team,French,9,10,10,10,CLASSIFIED,Finished,False,71,1.0
FastF1/Jolpica,20260810T200317Z,2025-21,2025,21,São Paulo Grand Prix,2025-11-09,interlagos,Autódromo José Carlos Pace,São Paulo,Brazil,albon,ALB,Alexander,Albon,Alexander Albon,1996-03-23,Thai,23,williams,Williams,British,12,11,11,11,CLASSIFIED,Finished,False,71,0.0
FastF1/Jolpica,20260810T200317Z,2025-21,2025,21,São Paulo Grand Prix,2025-11-09,interlagos,Autódromo José Carlos Pace,São Paulo,Brazil,ocon,OCO,Esteban,Ocon,Esteban Ocon,1996-09-17,French,31,haas,Haas F1 Team,American,20,12,12,12,CLASSIFIED,Finished,False,71,0.0
FastF1/Jolpica,20260810T200317Z,2025-21,2025,21,São Paulo Grand Prix,2025-11-09,interlagos,Autódromo José Carlos Pace,São Paulo,Brazil,sainz,SAI,Carlos,Sainz,Carlos Sainz,1994-09-01,Spanish,55,williams,Williams,British,15,13,13,13,CLASSIFIED,Finished,False,71,0.0
FastF1/Jolpica,20260810T200317Z,2025-21,2025,21,São Paulo Grand Prix,2025-11-09,interlagos,Autódromo José Carlos Pace,São Paulo,Brazil,alonso,ALO,Fernando,Alonso,Fernando Alonso,1981-07-29,Spanish,14,aston_martin,Aston Martin,British,11,14,14,14,CLASSIFIED,Finished,False,71,0.0
FastF1/Jolpica,20260810T200317Z,2025-21,2025,21,São Paulo Grand Prix,2025-11-09,interlagos,Autódromo José Carlos Pace,São Paulo,Brazil,colapinto,COL,Franco,Colapinto,Franco Colapinto,2003-05-27,Argentine,43,alpine,Alpine F1 Team,French,16,15,15,15,CLASSIFIED,Finished,False,71,0.0
FastF1/Jolpica,20260810T200317Z,2025-21,2025,21,São Paulo Grand Prix,2025-11-09,interlagos,Autódromo José Carlos Pace,São Paulo,Brazil,stroll,STR,Lance,Stroll,Lance Stroll,1998-10-29,Canadian,18,aston_martin,Aston Martin,British,14,16,16,16,CLASSIFIED,Finished,False,71,0.0
FastF1/Jolpica,20260810T200317Z,2025-21,2025,21,São Paulo Grand Prix,2025-11-09,interlagos,Autódromo José Carlos Pace,São Paulo,Brazil,tsunoda,TSU,Yuki,Tsunoda,Yuki Tsunoda,2000-05-11,Japanese,22,red_bull,Red Bull,Austrian,17,17,17,17,CLASSIFIED,Finished,False,71,0.0
FastF1/Jolpica,20260810T200317Z,2025-21,2025,21,São Paulo Grand Prix,2025-11-09,interlagos,Autódromo José Carlos Pace,São Paulo,Brazil,hamilton,HAM,Lewis,Hamilton,Lewis Hamilton,1985-01-07,British,44,ferrari,Ferrari,Italian,13,18,R,18,DNF,Retired,False,37,0.0
FastF1/Jolpica,20260810T200317Z,2025-21,2025,21,São Paulo Grand Prix,2025-11-09,interlagos,Autódromo José Carlos Pace,São Paulo,Brazil,leclerc,LEC,Charles,Leclerc,Charles Leclerc,1997-10-16,Monegasque,16,ferrari,Ferrari,Italian,3,19,R,19,DNF,Retired,False,5,0.0
FastF1/Jolpica,20260810T200317Z,2025-21,2025,21,São Paulo Grand Prix,2025-11-09,interlagos,Autódromo José Carlos Pace,São Paulo,Brazil,bortoleto,BOR,Gabriel,Bortoleto,Gabriel Bortoleto,2004-10-14,Brazilian,5,sauber,Sauber,Swiss,18,20,R,20,DNF,Retired,False,0,0.0
FastF1/Jolpica,20260810T200317Z,2025-22,2025,22,Las Vegas Grand Prix,2025-11-23,vegas,Las Vegas Strip Street Circuit,Las Vegas,USA,max_verstappen,VER,Max,Verstappen,Max Verstappen,1997-09-30,Dutch,1,red_bull,Red Bull,Austrian,2,1,1,1,CLASSIFIED,Finished,False,50,25.0
FastF1/Jolpica,20260810T200317Z,2025-22,2025,22,Las Vegas Grand Prix,2025-11-23,vegas,Las Vegas Strip Street Circuit,Las Vegas,USA,russell,RUS,George,Russell,George Russell,1998-02-15,British,63,mercedes,Mercedes,German,4,2,2,2,CLASSIFIED,Finished,False,50,18.0
FastF1/Jolpica,20260810T200317Z,2025-22,2025,22,Las Vegas Grand Prix,2025-11-23,vegas,Las Vegas Strip Street Circuit,Las Vegas,USA,antonelli,ANT,Andrea Kimi,Antonelli,Andrea Kimi Antonelli,2006-08-25,Italian,12,mercedes,Mercedes,German,17,3,3,3,CLASSIFIED,Finished,False,50,15.0
FastF1/Jolpica,20260810T200317Z,2025-22,2025,22,Las Vegas Grand Prix,2025-11-23,vegas,Las Vegas Strip Street Circuit,Las Vegas,USA,leclerc,LEC,Charles,Leclerc,Charles Leclerc,1997-10-16,Monegasque,16,ferrari,Ferrari,Italian,9,4,4,4,CLASSIFIED,Finished,False,50,12.0
FastF1/Jolpica,20260810T200317Z,2025-22,2025,22,Las Vegas Grand Prix,2025-11-23,vegas,Las Vegas Strip Street Circuit,Las Vegas,USA,sainz,SAI,Carlos,Sainz,Carlos Sainz,1994-09-01,Spanish,55,williams,Williams,British,3,5,5,5,CLASSIFIED,Finished,False,50,10.0
FastF1/Jolpica,20260810T200317Z,2025-22,2025,22,Las Vegas Grand Prix,2025-11-23,vegas,Las Vegas Strip Street Circuit,Las Vegas,USA,hadjar,HAD,Isack,Hadjar,Isack Hadjar,2004-09-28,French,6,rb,RB F1 Team,Italian,8,6,6,6,CLASSIFIED,Finished,False,50,8.0
FastF1/Jolpica,20260810T200317Z,2025-22,2025,22,Las Vegas Grand Prix,2025-11-23,vegas,Las Vegas Strip Street Circuit,Las Vegas,USA,hulkenberg,HUL,Nico,Hülkenberg,Nico Hülkenberg,1987-08-19,German,27,sauber,Sauber,Swiss,11,7,7,7,CLASSIFIED,Finished,False,50,6.0
FastF1/Jolpica,20260810T200317Z,2025-22,2025,22,Las Vegas Grand Prix,2025-11-23,vegas,Las Vegas Strip Street Circuit,Las Vegas,USA,hamilton,HAM,Lewis,Hamilton,Lewis Hamilton,1985-01-07,British,44,ferrari,Ferrari,Italian,19,8,8,8,CLASSIFIED,Finished,False,50,4.0
FastF1/Jolpica,20260810T200317Z,2025-22,2025,22,Las Vegas Grand Prix,2025-11-23,vegas,Las Vegas Strip Street Circuit,Las Vegas,USA,ocon,OCO,Esteban,Ocon,Esteban Ocon,1996-09-17,French,31,haas,Haas F1 Team,American,13,9,9,9,CLASSIFIED,Finished,False,50,2.0
FastF1/Jolpica,20260810T200317Z,2025-22,2025,22,Las Vegas Grand Prix,2025-11-23,vegas,Las Vegas Strip Street Circuit,Las Vegas,USA,bearman,BEA,Oliver,Bearman,Oliver Bearman,2005-05-08,British,87,haas,Haas F1 Team,American,14,10,10,10,CLASSIFIED,Finished,False,50,1.0
FastF1/Jolpica,20260810T200317Z,2025-22,2025,22,Las Vegas Grand Prix,2025-11-23,vegas,Las Vegas Strip Street Circuit,Las Vegas,USA,alonso,ALO,Fernando,Alonso,Fernando Alonso,1981-07-29,Spanish,14,aston_martin,Aston Martin,British,7,11,11,11,CLASSIFIED,Finished,False,50,0.0
FastF1/Jolpica,20260810T200317Z,2025-22,2025,22,Las Vegas Grand Prix,2025-11-23,vegas,Las Vegas Strip Street Circuit,Las Vegas,USA,tsunoda,TSU,Yuki,Tsunoda,Yuki Tsunoda,2000-05-11,Japanese,22,red_bull,Red Bull,Austrian,20,12,12,12,CLASSIFIED,Finished,False,50,0.0
FastF1/Jolpica,20260810T200317Z,2025-22,2025,22,Las Vegas Grand Prix,2025-11-23,vegas,Las Vegas Strip Street Circuit,Las Vegas,USA,gasly,GAS,Pierre,Gasly,Pierre Gasly,1996-02-07,French,10,alpine,Alpine F1 Team,French,10,13,13,13,CLASSIFIED,Finished,False,50,0.0
FastF1/Jolpica,20260810T200317Z,2025-22,2025,22,Las Vegas Grand Prix,2025-11-23,vegas,Las Vegas Strip Street Circuit,Las Vegas,USA,lawson,LAW,Liam,Lawson,Liam Lawson,2002-02-11,New Zealander,30,rb,RB F1 Team,Italian,6,14,14,14,CLASSIFIED,Lapped,False,49,0.0
FastF1/Jolpica,20260810T200317Z,2025-22,2025,22,Las Vegas Grand Prix,2025-11-23,vegas,Las Vegas Strip Street Circuit,Las Vegas,USA,colapinto,COL,Franco,Colapinto,Franco Colapinto,2003-05-27,Argentine,43,alpine,Alpine F1 Team,French,15,15,15,15,CLASSIFIED,Lapped,False,49,0.0
FastF1/Jolpica,20260810T200317Z,2025-22,2025,22,Las Vegas Grand Prix,2025-11-23,vegas,Las Vegas Strip Street Circuit,Las Vegas,USA,albon,ALB,Alexander,Albon,Alexander Albon,1996-03-23,Thai,23,williams,Williams,British,16,16,R,16,DNF,Retired,False,35,0.0
FastF1/Jolpica,20260810T200317Z,2025-22,2025,22,Las Vegas Grand Prix,2025-11-23,vegas,Las Vegas Strip Street Circuit,Las Vegas,USA,bortoleto,BOR,Gabriel,Bortoleto,Gabriel Bortoleto,2004-10-14,Brazilian,5,sauber,Sauber,Swiss,18,17,R,17,DNF,Retired,False,2,0.0
FastF1/Jolpica,20260810T200317Z,2025-22,2025,22,Las Vegas Grand Prix,2025-11-23,vegas,Las Vegas Strip Street Circuit,Las Vegas,USA,stroll,STR,Lance,Stroll,Lance Stroll,1998-10-29,Canadian,18,aston_martin,Aston Martin,British,12,18,R,18,DNF,Retired,False,0,0.0
FastF1/Jolpica,20260810T200317Z,2025-22,2025,22,Las Vegas Grand Prix,2025-11-23,vegas,Las Vegas Strip Street Circuit,Las Vegas,USA,norris,NOR,Lando,Norris,Lando Norris,1999-11-13,British,4,mclaren,McLaren,British,1,19,D,19,DSQ,Disqualified,False,50,0.0
FastF1/Jolpica,20260810T200317Z,2025-22,2025,22,Las Vegas Grand Prix,2025-11-23,vegas,Las Vegas Strip Street Circuit,Las Vegas,USA,piastri,PIA,Oscar,Piastri,Oscar Piastri,2001-04-06,Australian,81,mclaren,McLaren,British,5,20,D,20,DSQ,Disqualified,False,50,0.0
FastF1/Jolpica,20260810T200317Z,2025-23,2025,23,Qatar Grand Prix,2025-11-30,losail,Losail International Circuit,Lusail,Qatar,max_verstappen,VER,Max,Verstappen,Max Verstappen,1997-09-30,Dutch,1,red_bull,Red Bull,Austrian,3,1,1,1,CLASSIFIED,Finished,False,57,25.0
FastF1/Jolpica,20260810T200317Z,2025-23,2025,23,Qatar Grand Prix,2025-11-30,losail,Losail International Circuit,Lusail,Qatar,piastri,PIA,Oscar,Piastri,Oscar Piastri,2001-04-06,Australian,81,mclaren,McLaren,British,1,2,2,2,CLASSIFIED,Finished,False,57,18.0
FastF1/Jolpica,20260810T200317Z,2025-23,2025,23,Qatar Grand Prix,2025-11-30,losail,Losail International Circuit,Lusail,Qatar,sainz,SAI,Carlos,Sainz,Carlos Sainz,1994-09-01,Spanish,55,williams,Williams,British,7,3,3,3,CLASSIFIED,Finished,False,57,15.0
FastF1/Jolpica,20260810T200317Z,2025-23,2025,23,Qatar Grand Prix,2025-11-30,losail,Losail International Circuit,Lusail,Qatar,norris,NOR,Lando,Norris,Lando Norris,1999-11-13,British,4,mclaren,McLaren,British,2,4,4,4,CLASSIFIED,Finished,False,57,12.0
FastF1/Jolpica,20260810T200317Z,2025-23,2025,23,Qatar Grand Prix,2025-11-30,losail,Losail International Circuit,Lusail,Qatar,antonelli,ANT,Andrea Kimi,Antonelli,Andrea Kimi Antonelli,2006-08-25,Italian,12,mercedes,Mercedes,German,5,5,5,5,CLASSIFIED,Finished,False,57,10.0
FastF1/Jolpica,20260810T200317Z,2025-23,2025,23,Qatar Grand Prix,2025-11-30,losail,Losail International Circuit,Lusail,Qatar,russell,RUS,George,Russell,George Russell,1998-02-15,British,63,mercedes,Mercedes,German,4,6,6,6,CLASSIFIED,Finished,False,57,8.0
FastF1/Jolpica,20260810T200317Z,2025-23,2025,23,Qatar Grand Prix,2025-11-30,losail,Losail International Circuit,Lusail,Qatar,alonso,ALO,Fernando,Alonso,Fernando Alonso,1981-07-29,Spanish,14,aston_martin,Aston Martin,British,8,7,7,7,CLASSIFIED,Finished,False,57,6.0
FastF1/Jolpica,20260810T200317Z,2025-23,2025,23,Qatar Grand Prix,2025-11-30,losail,Losail International Circuit,Lusail,Qatar,leclerc,LEC,Charles,Leclerc,Charles Leclerc,1997-10-16,Monegasque,16,ferrari,Ferrari,Italian,10,8,8,8,CLASSIFIED,Finished,False,57,4.0
FastF1/Jolpica,20260810T200317Z,2025-23,2025,23,Qatar Grand Prix,2025-11-30,losail,Losail International Circuit,Lusail,Qatar,lawson,LAW,Liam,Lawson,Liam Lawson,2002-02-11,New Zealander,30,rb,RB F1 Team,Italian,12,9,9,9,CLASSIFIED,Finished,False,57,2.0
FastF1/Jolpica,20260810T200317Z,2025-23,2025,23,Qatar Grand Prix,2025-11-30,losail,Losail International Circuit,Lusail,Qatar,tsunoda,TSU,Yuki,Tsunoda,Yuki Tsunoda,2000-05-11,Japanese,22,red_bull,Red Bull,Austrian,15,10,10,10,CLASSIFIED,Finished,False,57,1.0
FastF1/Jolpica,20260810T200317Z,2025-23,2025,23,Qatar Grand Prix,2025-11-30,losail,Losail International Circuit,Lusail,Qatar,albon,ALB,Alexander,Albon,Alexander Albon,1996-03-23,Thai,23,williams,Williams,British,14,11,11,11,CLASSIFIED,Finished,False,57,0.0
FastF1/Jolpica,20260810T200317Z,2025-23,2025,23,Qatar Grand Prix,2025-11-30,losail,Losail International Circuit,Lusail,Qatar,hamilton,HAM,Lewis,Hamilton,Lewis Hamilton,1985-01-07,British,44,ferrari,Ferrari,Italian,17,12,12,12,CLASSIFIED,Finished,False,57,0.0
FastF1/Jolpica,20260810T200317Z,2025-23,2025,23,Qatar Grand Prix,2025-11-30,losail,Losail International Circuit,Lusail,Qatar,bortoleto,BOR,Gabriel,Bortoleto,Gabriel Bortoleto,2004-10-14,Brazilian,5,sauber,Sauber,Swiss,19,13,13,13,CLASSIFIED,Finished,False,57,0.0
FastF1/Jolpica,20260810T200317Z,2025-23,2025,23,Qatar Grand Prix,2025-11-30,losail,Losail International Circuit,Lusail,Qatar,colapinto,COL,Franco,Colapinto,Franco Colapinto,2003-05-27,Argentine,43,alpine,Alpine F1 Team,French,20,14,14,14,CLASSIFIED,Lapped,False,56,0.0
FastF1/Jolpica,20260810T200317Z,2025-23,2025,23,Qatar Grand Prix,2025-11-30,losail,Losail International Circuit,Lusail,Qatar,ocon,OCO,Esteban,Ocon,Esteban Ocon,1996-09-17,French,31,haas,Haas F1 Team,American,16,15,15,15,CLASSIFIED,Lapped,False,56,0.0
FastF1/Jolpica,20260810T200317Z,2025-23,2025,23,Qatar Grand Prix,2025-11-30,losail,Losail International Circuit,Lusail,Qatar,gasly,GAS,Pierre,Gasly,Pierre Gasly,1996-02-07,French,10,alpine,Alpine F1 Team,French,9,16,16,16,CLASSIFIED,Lapped,False,56,0.0
FastF1/Jolpica,20260810T200317Z,2025-23,2025,23,Qatar Grand Prix,2025-11-30,losail,Losail International Circuit,Lusail,Qatar,stroll,STR,Lance,Stroll,Lance Stroll,1998-10-29,Canadian,18,aston_martin,Aston Martin,British,18,17,17,17,CLASSIFIED,Retired,False,55,0.0
FastF1/Jolpica,20260810T200317Z,2025-23,2025,23,Qatar Grand Prix,2025-11-30,losail,Losail International Circuit,Lusail,Qatar,hadjar,HAD,Isack,Hadjar,Isack Hadjar,2004-09-28,French,6,rb,RB F1 Team,Italian,6,18,18,18,CLASSIFIED,Retired,False,55,0.0
FastF1/Jolpica,20260810T200317Z,2025-23,2025,23,Qatar Grand Prix,2025-11-30,losail,Losail International Circuit,Lusail,Qatar,bearman,BEA,Oliver,Bearman,Oliver Bearman,2005-05-08,British,87,haas,Haas F1 Team,American,13,19,R,19,DNF,Retired,False,41,0.0
FastF1/Jolpica,20260810T200317Z,2025-23,2025,23,Qatar Grand Prix,2025-11-30,losail,Losail International Circuit,Lusail,Qatar,hulkenberg,HUL,Nico,Hülkenberg,Nico Hülkenberg,1987-08-19,German,27,sauber,Sauber,Swiss,11,20,R,20,DNF,Retired,False,6,0.0
FastF1/Jolpica,20260810T200317Z,2025-24,2025,24,Abu Dhabi Grand Prix,2025-12-07,yas_marina,Yas Marina Circuit,Abu Dhabi,UAE,max_verstappen,VER,Max,Verstappen,Max Verstappen,1997-09-30,Dutch,1,red_bull,Red Bull,Austrian,1,1,1,1,CLASSIFIED,Finished,False,58,25.0
FastF1/Jolpica,20260810T200317Z,2025-24,2025,24,Abu Dhabi Grand Prix,2025-12-07,yas_marina,Yas Marina Circuit,Abu Dhabi,UAE,piastri,PIA,Oscar,Piastri,Oscar Piastri,2001-04-06,Australian,81,mclaren,McLaren,British,3,2,2,2,CLASSIFIED,Finished,False,58,18.0
FastF1/Jolpica,20260810T200317Z,2025-24,2025,24,Abu Dhabi Grand Prix,2025-12-07,yas_marina,Yas Marina Circuit,Abu Dhabi,UAE,norris,NOR,Lando,Norris,Lando Norris,1999-11-13,British,4,mclaren,McLaren,British,2,3,3,3,CLASSIFIED,Finished,False,58,15.0
FastF1/Jolpica,20260810T200317Z,2025-24,2025,24,Abu Dhabi Grand Prix,2025-12-07,yas_marina,Yas Marina Circuit,Abu Dhabi,UAE,leclerc,LEC,Charles,Leclerc,Charles Leclerc,1997-10-16,Monegasque,16,ferrari,Ferrari,Italian,5,4,4,4,CLASSIFIED,Finished,False,58,12.0
FastF1/Jolpica,20260810T200317Z,2025-24,2025,24,Abu Dhabi Grand Prix,2025-12-07,yas_marina,Yas Marina Circuit,Abu Dhabi,UAE,russell,RUS,George,Russell,George Russell,1998-02-15,British,63,mercedes,Mercedes,German,4,5,5,5,CLASSIFIED,Finished,False,58,10.0
FastF1/Jolpica,20260810T200317Z,2025-24,2025,24,Abu Dhabi Grand Prix,2025-12-07,yas_marina,Yas Marina Circuit,Abu Dhabi,UAE,alonso,ALO,Fernando,Alonso,Fernando Alonso,1981-07-29,Spanish,14,aston_martin,Aston Martin,British,6,6,6,6,CLASSIFIED,Finished,False,58,8.0
FastF1/Jolpica,20260810T200317Z,2025-24,2025,24,Abu Dhabi Grand Prix,2025-12-07,yas_marina,Yas Marina Circuit,Abu Dhabi,UAE,ocon,OCO,Esteban,Ocon,Esteban Ocon,1996-09-17,French,31,haas,Haas F1 Team,American,8,7,7,7,CLASSIFIED,Finished,False,58,6.0
FastF1/Jolpica,20260810T200317Z,2025-24,2025,24,Abu Dhabi Grand Prix,2025-12-07,yas_marina,Yas Marina Circuit,Abu Dhabi,UAE,hamilton,HAM,Lewis,Hamilton,Lewis Hamilton,1985-01-07,British,44,ferrari,Ferrari,Italian,16,8,8,8,CLASSIFIED,Finished,False,58,4.0
FastF1/Jolpica,20260810T200317Z,2025-24,2025,24,Abu Dhabi Grand Prix,2025-12-07,yas_marina,Yas Marina Circuit,Abu Dhabi,UAE,hulkenberg,HUL,Nico,Hülkenberg,Nico Hülkenberg,1987-08-19,German,27,sauber,Sauber,Swiss,18,9,9,9,CLASSIFIED,Finished,False,58,2.0
FastF1/Jolpica,20260810T200317Z,2025-24,2025,24,Abu Dhabi Grand Prix,2025-12-07,yas_marina,Yas Marina Circuit,Abu Dhabi,UAE,stroll,STR,Lance,Stroll,Lance Stroll,1998-10-29,Canadian,18,aston_martin,Aston Martin,British,15,10,10,10,CLASSIFIED,Finished,False,58,1.0
FastF1/Jolpica,20260810T200317Z,2025-24,2025,24,Abu Dhabi Grand Prix,2025-12-07,yas_marina,Yas Marina Circuit,Abu Dhabi,UAE,bortoleto,BOR,Gabriel,Bortoleto,Gabriel Bortoleto,2004-10-14,Brazilian,5,sauber,Sauber,Swiss,7,11,11,11,CLASSIFIED,Finished,False,58,0.0
FastF1/Jolpica,20260810T200317Z,2025-24,2025,24,Abu Dhabi Grand Prix,2025-12-07,yas_marina,Yas Marina Circuit,Abu Dhabi,UAE,bearman,BEA,Oliver,Bearman,Oliver Bearman,2005-05-08,British,87,haas,Haas F1 Team,American,11,12,12,12,CLASSIFIED,Finished,False,58,0.0
FastF1/Jolpica,20260810T200317Z,2025-24,2025,24,Abu Dhabi Grand Prix,2025-12-07,yas_marina,Yas Marina Circuit,Abu Dhabi,UAE,sainz,SAI,Carlos,Sainz,Carlos Sainz,1994-09-01,Spanish,55,williams,Williams,British,12,13,13,13,CLASSIFIED,Finished,False,58,0.0
FastF1/Jolpica,20260810T200317Z,2025-24,2025,24,Abu Dhabi Grand Prix,2025-12-07,yas_marina,Yas Marina Circuit,Abu Dhabi,UAE,tsunoda,TSU,Yuki,Tsunoda,Yuki Tsunoda,2000-05-11,Japanese,22,red_bull,Red Bull,Austrian,10,14,14,14,CLASSIFIED,Finished,False,58,0.0
FastF1/Jolpica,20260810T200317Z,2025-24,2025,24,Abu Dhabi Grand Prix,2025-12-07,yas_marina,Yas Marina Circuit,Abu Dhabi,UAE,antonelli,ANT,Andrea Kimi,Antonelli,Andrea Kimi Antonelli,2006-08-25,Italian,12,mercedes,Mercedes,German,14,15,15,15,CLASSIFIED,Finished,False,58,0.0
FastF1/Jolpica,20260810T200317Z,2025-24,2025,24,Abu Dhabi Grand Prix,2025-12-07,yas_marina,Yas Marina Circuit,Abu Dhabi,UAE,albon,ALB,Alexander,Albon,Alexander Albon,1996-03-23,Thai,23,williams,Williams,British,17,16,16,16,CLASSIFIED,Finished,False,58,0.0
FastF1/Jolpica,20260810T200317Z,2025-24,2025,24,Abu Dhabi Grand Prix,2025-12-07,yas_marina,Yas Marina Circuit,Abu Dhabi,UAE,hadjar,HAD,Isack,Hadjar,Isack Hadjar,2004-09-28,French,6,rb,RB F1 Team,Italian,9,17,17,17,CLASSIFIED,Lapped,False,57,0.0
FastF1/Jolpica,20260810T200317Z,2025-24,2025,24,Abu Dhabi Grand Prix,2025-12-07,yas_marina,Yas Marina Circuit,Abu Dhabi,UAE,lawson,LAW,Liam,Lawson,Liam Lawson,2002-02-11,New Zealander,30,rb,RB F1 Team,Italian,13,18,18,18,CLASSIFIED,Lapped,False,57,0.0
FastF1/Jolpica,20260810T200317Z,2025-24,2025,24,Abu Dhabi Grand Prix,2025-12-07,yas_marina,Yas Marina Circuit,Abu Dhabi,UAE,gasly,GAS,Pierre,Gasly,Pierre Gasly,1996-02-07,French,10,alpine,Alpine F1 Team,French,19,19,19,19,CLASSIFIED,Lapped,False,57,0.0
FastF1/Jolpica,20260810T200317Z,2025-24,2025,24,Abu Dhabi Grand Prix,2025-12-07,yas_marina,Yas Marina Circuit,Abu Dhabi,UAE,colapinto,COL,Franco,Colapinto,Franco Colapinto,2003-05-27,Argentine,43,alpine,Alpine F1 Team,French,20,20,20,20,CLASSIFIED,Lapped,False,57,0.0
FastF1/Jolpica,20260810T200317Z,2026-01,2026,1,Australian Grand Prix,2026-03-08,albert_park,Albert Park Grand Prix Circuit,Melbourne,Australia,russell,RUS,George,Russell,George Russell,1998-02-15,British,63,mercedes,Mercedes,German,1,1,1,1,CLASSIFIED,Finished,False,58,25.0
FastF1/Jolpica,20260810T200317Z,2026-01,2026,1,Australian Grand Prix,2026-03-08,albert_park,Albert Park Grand Prix Circuit,Melbourne,Australia,antonelli,ANT,Andrea Kimi,Antonelli,Andrea Kimi Antonelli,2006-08-25,Italian,12,mercedes,Mercedes,German,2,2,2,2,CLASSIFIED,Finished,False,58,18.0
FastF1/Jolpica,20260810T200317Z,2026-01,2026,1,Australian Grand Prix,2026-03-08,albert_park,Albert Park Grand Prix Circuit,Melbourne,Australia,leclerc,LEC,Charles,Leclerc,Charles Leclerc,1997-10-16,Monegasque,16,ferrari,Ferrari,Italian,4,3,3,3,CLASSIFIED,Finished,False,58,15.0
FastF1/Jolpica,20260810T200317Z,2026-01,2026,1,Australian Grand Prix,2026-03-08,albert_park,Albert Park Grand Prix Circuit,Melbourne,Australia,hamilton,HAM,Lewis,Hamilton,Lewis Hamilton,1985-01-07,British,44,ferrari,Ferrari,Italian,7,4,4,4,CLASSIFIED,Finished,False,58,12.0
FastF1/Jolpica,20260810T200317Z,2026-01,2026,1,Australian Grand Prix,2026-03-08,albert_park,Albert Park Grand Prix Circuit,Melbourne,Australia,norris,NOR,Lando,Norris,Lando Norris,1999-11-13,British,1,mclaren,McLaren,British,6,5,5,5,CLASSIFIED,Finished,False,58,10.0
FastF1/Jolpica,20260810T200317Z,2026-01,2026,1,Australian Grand Prix,2026-03-08,albert_park,Albert Park Grand Prix Circuit,Melbourne,Australia,max_verstappen,VER,Max,Verstappen,Max Verstappen,1997-09-30,Dutch,3,red_bull,Red Bull,Austrian,20,6,6,6,CLASSIFIED,Finished,False,58,8.0
FastF1/Jolpica,20260810T200317Z,2026-01,2026,1,Australian Grand Prix,2026-03-08,albert_park,Albert Park Grand Prix Circuit,Melbourne,Australia,bearman,BEA,Oliver,Bearman,Oliver Bearman,2005-05-08,British,87,haas,Haas F1 Team,American,12,7,7,7,CLASSIFIED,Lapped,False,57,6.0
FastF1/Jolpica,20260810T200317Z,2026-01,2026,1,Australian Grand Prix,2026-03-08,albert_park,Albert Park Grand Prix Circuit,Melbourne,Australia,arvid_lindblad,LIN,Arvid,Lindblad,Arvid Lindblad,2007-08-08,British,41,rb,RB F1 Team,Italian,9,8,8,8,CLASSIFIED,Lapped,False,57,4.0
FastF1/Jolpica,20260810T200317Z,2026-01,2026,1,Australian Grand Prix,2026-03-08,albert_park,Albert Park Grand Prix Circuit,Melbourne,Australia,bortoleto,BOR,Gabriel,Bortoleto,Gabriel Bortoleto,2004-10-14,Brazilian,5,audi,Audi,German,10,9,9,9,CLASSIFIED,Lapped,False,57,2.0
FastF1/Jolpica,20260810T200317Z,2026-01,2026,1,Australian Grand Prix,2026-03-08,albert_park,Albert Park Grand Prix Circuit,Melbourne,Australia,gasly,GAS,Pierre,Gasly,Pierre Gasly,1996-02-07,French,10,alpine,Alpine F1 Team,French,14,10,10,10,CLASSIFIED,Lapped,False,57,1.0
FastF1/Jolpica,20260810T200317Z,2026-01,2026,1,Australian Grand Prix,2026-03-08,albert_park,Albert Park Grand Prix Circuit,Melbourne,Australia,ocon,OCO,Esteban,Ocon,Esteban Ocon,1996-09-17,French,31,haas,Haas F1 Team,American,13,11,11,11,CLASSIFIED,Lapped,False,57,0.0
FastF1/Jolpica,20260810T200317Z,2026-01,2026,1,Australian Grand Prix,2026-03-08,albert_park,Albert Park Grand Prix Circuit,Melbourne,Australia,albon,ALB,Alexander,Albon,Alexander Albon,1996-03-23,Thai,23,williams,Williams,British,15,12,12,12,CLASSIFIED,Lapped,False,57,0.0
FastF1/Jolpica,20260810T200317Z,2026-01,2026,1,Australian Grand Prix,2026-03-08,albert_park,Albert Park Grand Prix Circuit,Melbourne,Australia,lawson,LAW,Liam,Lawson,Liam Lawson,2002-02-11,New Zealander,30,rb,RB F1 Team,Italian,8,13,13,13,CLASSIFIED,Lapped,False,57,0.0
FastF1/Jolpica,20260810T200317Z,2026-01,2026,1,Australian Grand Prix,2026-03-08,albert_park,Albert Park Grand Prix Circuit,Melbourne,Australia,colapinto,COL,Franco,Colapinto,Franco Colapinto,2003-05-27,Argentine,43,alpine,Alpine F1 Team,French,16,14,14,14,CLASSIFIED,Lapped,False,56,0.0
FastF1/Jolpica,20260810T200317Z,2026-01,2026,1,Australian Grand Prix,2026-03-08,albert_park,Albert Park Grand Prix Circuit,Melbourne,Australia,sainz,SAI,Carlos,Sainz,Carlos Sainz,1994-09-01,Spanish,55,williams,Williams,British,21,15,15,15,CLASSIFIED,Lapped,False,56,0.0
FastF1/Jolpica,20260810T200317Z,2026-01,2026,1,Australian Grand Prix,2026-03-08,albert_park,Albert Park Grand Prix Circuit,Melbourne,Australia,perez,PER,Sergio,Pérez,Sergio Pérez,1990-01-26,Mexican,11,cadillac,Cadillac F1 Team,American,18,16,16,16,CLASSIFIED,Lapped,False,55,0.0
FastF1/Jolpica,20260810T200317Z,2026-01,2026,1,Australian Grand Prix,2026-03-08,albert_park,Albert Park Grand Prix Circuit,Melbourne,Australia,stroll,STR,Lance,Stroll,Lance Stroll,1998-10-29,Canadian,18,aston_martin,Aston Martin,British,22,17,R,17,NC,Lapped,False,43,0.0
FastF1/Jolpica,20260810T200317Z,2026-01,2026,1,Australian Grand Prix,2026-03-08,albert_park,Albert Park Grand Prix Circuit,Melbourne,Australia,alonso,ALO,Fernando,Alonso,Fernando Alonso,1981-07-29,Spanish,14,aston_martin,Aston Martin,British,17,18,R,18,DNF,Retired,False,21,0.0
FastF1/Jolpica,20260810T200317Z,2026-01,2026,1,Australian Grand Prix,2026-03-08,albert_park,Albert Park Grand Prix Circuit,Melbourne,Australia,bottas,BOT,Valtteri,Bottas,Valtteri Bottas,1989-08-28,Finnish,77,cadillac,Cadillac F1 Team,American,19,19,R,19,DNF,Retired,False,15,0.0
FastF1/Jolpica,20260810T200317Z,2026-01,2026,1,Australian Grand Prix,2026-03-08,albert_park,Albert Park Grand Prix Circuit,Melbourne,Australia,hadjar,HAD,Isack,Hadjar,Isack Hadjar,2004-09-28,French,6,red_bull,Red Bull,Austrian,3,20,R,20,DNF,Retired,False,10,0.0
FastF1/Jolpica,20260810T200317Z,2026-01,2026,1,Australian Grand Prix,2026-03-08,albert_park,Albert Park Grand Prix Circuit,Melbourne,Australia,piastri,PIA,Oscar,Piastri,Oscar Piastri,2001-04-06,Australian,81,mclaren,McLaren,British,5,21,W,21,DNS,Did not start,False,0,0.0
FastF1/Jolpica,20260810T200317Z,2026-01,2026,1,Australian Grand Prix,2026-03-08,albert_park,Albert Park Grand Prix Circuit,Melbourne,Australia,hulkenberg,HUL,Nico,Hülkenberg,Nico Hülkenberg,1987-08-19,German,27,audi,Audi,German,11,22,W,22,DNS,Did not start,False,0,0.0
FastF1/Jolpica,20260810T200317Z,2026-02,2026,2,Chinese Grand Prix,2026-03-15,shanghai,Shanghai International Circuit,Shanghai,China,antonelli,ANT,Andrea Kimi,Antonelli,Andrea Kimi Antonelli,2006-08-25,Italian,12,mercedes,Mercedes,German,1,1,1,1,CLASSIFIED,Finished,False,56,25.0
FastF1/Jolpica,20260810T200317Z,2026-02,2026,2,Chinese Grand Prix,2026-03-15,shanghai,Shanghai International Circuit,Shanghai,China,russell,RUS,George,Russell,George Russell,1998-02-15,British,63,mercedes,Mercedes,German,2,2,2,2,CLASSIFIED,Finished,False,56,18.0
FastF1/Jolpica,20260810T200317Z,2026-02,2026,2,Chinese Grand Prix,2026-03-15,shanghai,Shanghai International Circuit,Shanghai,China,hamilton,HAM,Lewis,Hamilton,Lewis Hamilton,1985-01-07,British,44,ferrari,Ferrari,Italian,3,3,3,3,CLASSIFIED,Finished,False,56,15.0
FastF1/Jolpica,20260810T200317Z,2026-02,2026,2,Chinese Grand Prix,2026-03-15,shanghai,Shanghai International Circuit,Shanghai,China,leclerc,LEC,Charles,Leclerc,Charles Leclerc,1997-10-16,Monegasque,16,ferrari,Ferrari,Italian,4,4,4,4,CLASSIFIED,Finished,False,56,12.0
FastF1/Jolpica,20260810T200317Z,2026-02,2026,2,Chinese Grand Prix,2026-03-15,shanghai,Shanghai International Circuit,Shanghai,China,bearman,BEA,Oliver,Bearman,Oliver Bearman,2005-05-08,British,87,haas,Haas F1 Team,American,10,5,5,5,CLASSIFIED,Finished,False,56,10.0
FastF1/Jolpica,20260810T200317Z,2026-02,2026,2,Chinese Grand Prix,2026-03-15,shanghai,Shanghai International Circuit,Shanghai,China,gasly,GAS,Pierre,Gasly,Pierre Gasly,1996-02-07,French,10,alpine,Alpine F1 Team,French,7,6,6,6,CLASSIFIED,Finished,False,56,8.0
FastF1/Jolpica,20260810T200317Z,2026-02,2026,2,Chinese Grand Prix,2026-03-15,shanghai,Shanghai International Circuit,Shanghai,China,lawson,LAW,Liam,Lawson,Liam Lawson,2002-02-11,New Zealander,30,rb,RB F1 Team,Italian,14,7,7,7,CLASSIFIED,Finished,False,56,6.0
FastF1/Jolpica,20260810T200317Z,2026-02,2026,2,Chinese Grand Prix,2026-03-15,shanghai,Shanghai International Circuit,Shanghai,China,hadjar,HAD,Isack,Hadjar,Isack Hadjar,2004-09-28,French,6,red_bull,Red Bull,Austrian,9,8,8,8,CLASSIFIED,Finished,False,56,4.0
FastF1/Jolpica,20260810T200317Z,2026-02,2026,2,Chinese Grand Prix,2026-03-15,shanghai,Shanghai International Circuit,Shanghai,China,sainz,SAI,Carlos,Sainz,Carlos Sainz,1994-09-01,Spanish,55,williams,Williams,British,17,9,9,9,CLASSIFIED,Lapped,False,55,2.0
FastF1/Jolpica,20260810T200317Z,2026-02,2026,2,Chinese Grand Prix,2026-03-15,shanghai,Shanghai International Circuit,Shanghai,China,colapinto,COL,Franco,Colapinto,Franco Colapinto,2003-05-27,Argentine,43,alpine,Alpine F1 Team,French,12,10,10,10,CLASSIFIED,Lapped,False,55,1.0
FastF1/Jolpica,20260810T200317Z,2026-02,2026,2,Chinese Grand Prix,2026-03-15,shanghai,Shanghai International Circuit,Shanghai,China,hulkenberg,HUL,Nico,Hülkenberg,Nico Hülkenberg,1987-08-19,German,27,audi,Audi,German,11,11,11,11,CLASSIFIED,Lapped,False,55,0.0
FastF1/Jolpica,20260810T200317Z,2026-02,2026,2,Chinese Grand Prix,2026-03-15,shanghai,Shanghai International Circuit,Shanghai,China,arvid_lindblad,LIN,Arvid,Lindblad,Arvid Lindblad,2007-08-08,British,41,rb,RB F1 Team,Italian,15,12,12,12,CLASSIFIED,Lapped,False,55,0.0
FastF1/Jolpica,20260810T200317Z,2026-02,2026,2,Chinese Grand Prix,2026-03-15,shanghai,Shanghai International Circuit,Shanghai,China,bottas,BOT,Valtteri,Bottas,Valtteri Bottas,1989-08-28,Finnish,77,cadillac,Cadillac F1 Team,American,19,13,13,13,CLASSIFIED,Lapped,False,55,0.0
FastF1/Jolpica,20260810T200317Z,2026-02,2026,2,Chinese Grand Prix,2026-03-15,shanghai,Shanghai International Circuit,Shanghai,China,ocon,OCO,Esteban,Ocon,Esteban Ocon,1996-09-17,French,31,haas,Haas F1 Team,American,13,14,14,14,CLASSIFIED,Lapped,False,55,0.0
FastF1/Jolpica,20260810T200317Z,2026-02,2026,2,Chinese Grand Prix,2026-03-15,shanghai,Shanghai International Circuit,Shanghai,China,perez,PER,Sergio,Pérez,Sergio Pérez,1990-01-26,Mexican,11,cadillac,Cadillac F1 Team,American,21,15,15,15,CLASSIFIED,Lapped,False,55,0.0
FastF1/Jolpica,20260810T200317Z,2026-02,2026,2,Chinese Grand Prix,2026-03-15,shanghai,Shanghai International Circuit,Shanghai,China,max_verstappen,VER,Max,Verstappen,Max Verstappen,1997-09-30,Dutch,3,red_bull,Red Bull,Austrian,8,16,R,16,DNF,Retired,False,45,0.0
FastF1/Jolpica,20260810T200317Z,2026-02,2026,2,Chinese Grand Prix,2026-03-15,shanghai,Shanghai International Circuit,Shanghai,China,alonso,ALO,Fernando,Alonso,Fernando Alonso,1981-07-29,Spanish,14,aston_martin,Aston Martin,British,18,17,R,17,DNF,Retired,False,32,0.0
FastF1/Jolpica,20260810T200317Z,2026-02,2026,2,Chinese Grand Prix,2026-03-15,shanghai,Shanghai International Circuit,Shanghai,China,stroll,STR,Lance,Stroll,Lance Stroll,1998-10-29,Canadian,18,aston_martin,Aston Martin,British,20,18,R,18,DNF,Retired,False,9,0.0
FastF1/Jolpica,20260810T200317Z,2026-02,2026,2,Chinese Grand Prix,2026-03-15,shanghai,Shanghai International Circuit,Shanghai,China,piastri,PIA,Oscar,Piastri,Oscar Piastri,2001-04-06,Australian,81,mclaren,McLaren,British,5,19,W,19,DNS,Did not start,False,0,0.0
FastF1/Jolpica,20260810T200317Z,2026-02,2026,2,Chinese Grand Prix,2026-03-15,shanghai,Shanghai International Circuit,Shanghai,China,norris,NOR,Lando,Norris,Lando Norris,1999-11-13,British,1,mclaren,McLaren,British,6,20,W,20,DNS,Did not start,False,0,0.0
FastF1/Jolpica,20260810T200317Z,2026-02,2026,2,Chinese Grand Prix,2026-03-15,shanghai,Shanghai International Circuit,Shanghai,China,bortoleto,BOR,Gabriel,Bortoleto,Gabriel Bortoleto,2004-10-14,Brazilian,5,audi,Audi,German,16,21,W,21,DNS,Did not start,False,0,0.0
FastF1/Jolpica,20260810T200317Z,2026-02,2026,2,Chinese Grand Prix,2026-03-15,shanghai,Shanghai International Circuit,Shanghai,China,albon,ALB,Alexander,Albon,Alexander Albon,1996-03-23,Thai,23,williams,Williams,British,22,22,W,22,DNS,Did not start,False,0,0.0
FastF1/Jolpica,20260810T200317Z,2026-03,2026,3,Japanese Grand Prix,2026-03-29,suzuka,Suzuka Circuit,Suzuka,Japan,antonelli,ANT,Andrea Kimi,Antonelli,Andrea Kimi Antonelli,2006-08-25,Italian,12,mercedes,Mercedes,German,1,1,1,1,CLASSIFIED,Finished,False,53,25.0
FastF1/Jolpica,20260810T200317Z,2026-03,2026,3,Japanese Grand Prix,2026-03-29,suzuka,Suzuka Circuit,Suzuka,Japan,piastri,PIA,Oscar,Piastri,Oscar Piastri,2001-04-06,Australian,81,mclaren,McLaren,British,3,2,2,2,CLASSIFIED,Finished,False,53,18.0
FastF1/Jolpica,20260810T200317Z,2026-03,2026,3,Japanese Grand Prix,2026-03-29,suzuka,Suzuka Circuit,Suzuka,Japan,leclerc,LEC,Charles,Leclerc,Charles Leclerc,1997-10-16,Monegasque,16,ferrari,Ferrari,Italian,4,3,3,3,CLASSIFIED,Finished,False,53,15.0
FastF1/Jolpica,20260810T200317Z,2026-03,2026,3,Japanese Grand Prix,2026-03-29,suzuka,Suzuka Circuit,Suzuka,Japan,russell,RUS,George,Russell,George Russell,1998-02-15,British,63,mercedes,Mercedes,German,2,4,4,4,CLASSIFIED,Finished,False,53,12.0
FastF1/Jolpica,20260810T200317Z,2026-03,2026,3,Japanese Grand Prix,2026-03-29,suzuka,Suzuka Circuit,Suzuka,Japan,norris,NOR,Lando,Norris,Lando Norris,1999-11-13,British,1,mclaren,McLaren,British,5,5,5,5,CLASSIFIED,Finished,False,53,10.0
FastF1/Jolpica,20260810T200317Z,2026-03,2026,3,Japanese Grand Prix,2026-03-29,suzuka,Suzuka Circuit,Suzuka,Japan,hamilton,HAM,Lewis,Hamilton,Lewis Hamilton,1985-01-07,British,44,ferrari,Ferrari,Italian,6,6,6,6,CLASSIFIED,Finished,False,53,8.0
FastF1/Jolpica,20260810T200317Z,2026-03,2026,3,Japanese Grand Prix,2026-03-29,suzuka,Suzuka Circuit,Suzuka,Japan,gasly,GAS,Pierre,Gasly,Pierre Gasly,1996-02-07,French,10,alpine,Alpine F1 Team,French,7,7,7,7,CLASSIFIED,Finished,False,53,6.0
FastF1/Jolpica,20260810T200317Z,2026-03,2026,3,Japanese Grand Prix,2026-03-29,suzuka,Suzuka Circuit,Suzuka,Japan,max_verstappen,VER,Max,Verstappen,Max Verstappen,1997-09-30,Dutch,3,red_bull,Red Bull,Austrian,11,8,8,8,CLASSIFIED,Finished,False,53,4.0
FastF1/Jolpica,20260810T200317Z,2026-03,2026,3,Japanese Grand Prix,2026-03-29,suzuka,Suzuka Circuit,Suzuka,Japan,lawson,LAW,Liam,Lawson,Liam Lawson,2002-02-11,New Zealander,30,rb,RB F1 Team,Italian,14,9,9,9,CLASSIFIED,Finished,False,53,2.0
FastF1/Jolpica,20260810T200317Z,2026-03,2026,3,Japanese Grand Prix,2026-03-29,suzuka,Suzuka Circuit,Suzuka,Japan,ocon,OCO,Esteban,Ocon,Esteban Ocon,1996-09-17,French,31,haas,Haas F1 Team,American,12,10,10,10,CLASSIFIED,Finished,False,53,1.0
FastF1/Jolpica,20260810T200317Z,2026-03,2026,3,Japanese Grand Prix,2026-03-29,suzuka,Suzuka Circuit,Suzuka,Japan,hulkenberg,HUL,Nico,Hülkenberg,Nico Hülkenberg,1987-08-19,German,27,audi,Audi,German,13,11,11,11,CLASSIFIED,Finished,False,53,0.0
FastF1/Jolpica,20260810T200317Z,2026-03,2026,3,Japanese Grand Prix,2026-03-29,suzuka,Suzuka Circuit,Suzuka,Japan,hadjar,HAD,Isack,Hadjar,Isack Hadjar,2004-09-28,French,6,red_bull,Red Bull,Austrian,8,12,12,12,CLASSIFIED,Finished,False,53,0.0
FastF1/Jolpica,20260810T200317Z,2026-03,2026,3,Japanese Grand Prix,2026-03-29,suzuka,Suzuka Circuit,Suzuka,Japan,bortoleto,BOR,Gabriel,Bortoleto,Gabriel Bortoleto,2004-10-14,Brazilian,5,audi,Audi,German,9,13,13,13,CLASSIFIED,Finished,False,53,0.0
FastF1/Jolpica,20260810T200317Z,2026-03,2026,3,Japanese Grand Prix,2026-03-29,suzuka,Suzuka Circuit,Suzuka,Japan,arvid_lindblad,LIN,Arvid,Lindblad,Arvid Lindblad,2007-08-08,British,41,rb,RB F1 Team,Italian,10,14,14,14,CLASSIFIED,Finished,False,53,0.0
FastF1/Jolpica,20260810T200317Z,2026-03,2026,3,Japanese Grand Prix,2026-03-29,suzuka,Suzuka Circuit,Suzuka,Japan,sainz,SAI,Carlos,Sainz,Carlos Sainz,1994-09-01,Spanish,55,williams,Williams,British,16,15,15,15,CLASSIFIED,Finished,False,53,0.0
FastF1/Jolpica,20260810T200317Z,2026-03,2026,3,Japanese Grand Prix,2026-03-29,suzuka,Suzuka Circuit,Suzuka,Japan,colapinto,COL,Franco,Colapinto,Franco Colapinto,2003-05-27,Argentine,43,alpine,Alpine F1 Team,French,15,16,16,16,CLASSIFIED,Finished,False,53,0.0
FastF1/Jolpica,20260810T200317Z,2026-03,2026,3,Japanese Grand Prix,2026-03-29,suzuka,Suzuka Circuit,Suzuka,Japan,perez,PER,Sergio,Pérez,Sergio Pérez,1990-01-26,Mexican,11,cadillac,Cadillac F1 Team,American,19,17,17,17,CLASSIFIED,Finished,False,53,0.0
FastF1/Jolpica,20260810T200317Z,2026-03,2026,3,Japanese Grand Prix,2026-03-29,suzuka,Suzuka Circuit,Suzuka,Japan,alonso,ALO,Fernando,Alonso,Fernando Alonso,1981-07-29,Spanish,14,aston_martin,Aston Martin,British,21,18,18,18,CLASSIFIED,Lapped,False,52,0.0
FastF1/Jolpica,20260810T200317Z,2026-03,2026,3,Japanese Grand Prix,2026-03-29,suzuka,Suzuka Circuit,Suzuka,Japan,bottas,BOT,Valtteri,Bottas,Valtteri Bottas,1989-08-28,Finnish,77,cadillac,Cadillac F1 Team,American,20,19,19,19,CLASSIFIED,Lapped,False,52,0.0
FastF1/Jolpica,20260810T200317Z,2026-03,2026,3,Japanese Grand Prix,2026-03-29,suzuka,Suzuka Circuit,Suzuka,Japan,albon,ALB,Alexander,Albon,Alexander Albon,1996-03-23,Thai,23,williams,Williams,British,17,20,20,20,CLASSIFIED,Lapped,False,51,0.0
FastF1/Jolpica,20260810T200317Z,2026-03,2026,3,Japanese Grand Prix,2026-03-29,suzuka,Suzuka Circuit,Suzuka,Japan,stroll,STR,Lance,Stroll,Lance Stroll,1998-10-29,Canadian,18,aston_martin,Aston Martin,British,22,21,R,21,DNF,Retired,False,30,0.0
FastF1/Jolpica,20260810T200317Z,2026-03,2026,3,Japanese Grand Prix,2026-03-29,suzuka,Suzuka Circuit,Suzuka,Japan,bearman,BEA,Oliver,Bearman,Oliver Bearman,2005-05-08,British,87,haas,Haas F1 Team,American,18,22,R,22,DNF,Retired,False,20,0.0
FastF1/Jolpica,20260810T200317Z,2026-04,2026,4,Miami Grand Prix,2026-05-03,miami,Miami International Autodrome,Miami,USA,antonelli,ANT,Andrea Kimi,Antonelli,Andrea Kimi Antonelli,2006-08-25,Italian,12,mercedes,Mercedes,German,1,1,1,1,CLASSIFIED,Finished,False,57,25.0
FastF1/Jolpica,20260810T200317Z,2026-04,2026,4,Miami Grand Prix,2026-05-03,miami,Miami International Autodrome,Miami,USA,norris,NOR,Lando,Norris,Lando Norris,1999-11-13,British,1,mclaren,McLaren,British,4,2,2,2,CLASSIFIED,Finished,False,57,18.0
FastF1/Jolpica,20260810T200317Z,2026-04,2026,4,Miami Grand Prix,2026-05-03,miami,Miami International Autodrome,Miami,USA,piastri,PIA,Oscar,Piastri,Oscar Piastri,2001-04-06,Australian,81,mclaren,McLaren,British,7,3,3,3,CLASSIFIED,Finished,False,57,15.0
FastF1/Jolpica,20260810T200317Z,2026-04,2026,4,Miami Grand Prix,2026-05-03,miami,Miami International Autodrome,Miami,USA,russell,RUS,George,Russell,George Russell,1998-02-15,British,63,mercedes,Mercedes,German,5,4,4,4,CLASSIFIED,Finished,False,57,12.0
FastF1/Jolpica,20260810T200317Z,2026-04,2026,4,Miami Grand Prix,2026-05-03,miami,Miami International Autodrome,Miami,USA,max_verstappen,VER,Max,Verstappen,Max Verstappen,1997-09-30,Dutch,3,red_bull,Red Bull,Austrian,2,5,5,5,CLASSIFIED,Finished,False,57,10.0
FastF1/Jolpica,20260810T200317Z,2026-04,2026,4,Miami Grand Prix,2026-05-03,miami,Miami International Autodrome,Miami,USA,hamilton,HAM,Lewis,Hamilton,Lewis Hamilton,1985-01-07,British,44,ferrari,Ferrari,Italian,6,6,6,6,CLASSIFIED,Finished,False,57,8.0
FastF1/Jolpica,20260810T200317Z,2026-04,2026,4,Miami Grand Prix,2026-05-03,miami,Miami International Autodrome,Miami,USA,colapinto,COL,Franco,Colapinto,Franco Colapinto,2003-05-27,Argentine,43,alpine,Alpine F1 Team,French,8,7,7,7,CLASSIFIED,Finished,False,57,6.0
FastF1/Jolpica,20260810T200317Z,2026-04,2026,4,Miami Grand Prix,2026-05-03,miami,Miami International Autodrome,Miami,USA,leclerc,LEC,Charles,Leclerc,Charles Leclerc,1997-10-16,Monegasque,16,ferrari,Ferrari,Italian,3,8,8,8,CLASSIFIED,Finished,False,57,4.0
FastF1/Jolpica,20260810T200317Z,2026-04,2026,4,Miami Grand Prix,2026-05-03,miami,Miami International Autodrome,Miami,USA,sainz,SAI,Carlos,Sainz,Carlos Sainz,1994-09-01,Spanish,55,williams,Williams,British,13,9,9,9,CLASSIFIED,Finished,False,57,2.0
FastF1/Jolpica,20260810T200317Z,2026-04,2026,4,Miami Grand Prix,2026-05-03,miami,Miami International Autodrome,Miami,USA,albon,ALB,Alexander,Albon,Alexander Albon,1996-03-23,Thai,23,williams,Williams,British,15,10,10,10,CLASSIFIED,Finished,False,57,1.0
FastF1/Jolpica,20260810T200317Z,2026-04,2026,4,Miami Grand Prix,2026-05-03,miami,Miami International Autodrome,Miami,USA,bearman,BEA,Oliver,Bearman,Oliver Bearman,2005-05-08,British,87,haas,Haas F1 Team,American,12,11,11,11,CLASSIFIED,Lapped,False,56,0.0
FastF1/Jolpica,20260810T200317Z,2026-04,2026,4,Miami Grand Prix,2026-05-03,miami,Miami International Autodrome,Miami,USA,bortoleto,BOR,Gabriel,Bortoleto,Gabriel Bortoleto,2004-10-14,Brazilian,5,audi,Audi,German,21,12,12,12,CLASSIFIED,Lapped,False,56,0.0
FastF1/Jolpica,20260810T200317Z,2026-04,2026,4,Miami Grand Prix,2026-05-03,miami,Miami International Autodrome,Miami,USA,ocon,OCO,Esteban,Ocon,Esteban Ocon,1996-09-17,French,31,haas,Haas F1 Team,American,14,13,13,13,CLASSIFIED,Lapped,False,56,0.0
FastF1/Jolpica,20260810T200317Z,2026-04,2026,4,Miami Grand Prix,2026-05-03,miami,Miami International Autodrome,Miami,USA,arvid_lindblad,LIN,Arvid,Lindblad,Arvid Lindblad,2007-08-08,British,41,rb,RB F1 Team,Italian,16,14,14,14,CLASSIFIED,Lapped,False,56,0.0
FastF1/Jolpica,20260810T200317Z,2026-04,2026,4,Miami Grand Prix,2026-05-03,miami,Miami International Autodrome,Miami,USA,alonso,ALO,Fernando,Alonso,Fernando Alonso,1981-07-29,Spanish,14,aston_martin,Aston Martin,British,17,15,15,15,CLASSIFIED,Lapped,False,56,0.0
FastF1/Jolpica,20260810T200317Z,2026-04,2026,4,Miami Grand Prix,2026-05-03,miami,Miami International Autodrome,Miami,USA,perez,PER,Sergio,Pérez,Sergio Pérez,1990-01-26,Mexican,11,cadillac,Cadillac F1 Team,American,20,16,16,16,CLASSIFIED,Lapped,False,56,0.0
FastF1/Jolpica,20260810T200317Z,2026-04,2026,4,Miami Grand Prix,2026-05-03,miami,Miami International Autodrome,Miami,USA,stroll,STR,Lance,Stroll,Lance Stroll,1998-10-29,Canadian,18,aston_martin,Aston Martin,British,18,17,17,17,CLASSIFIED,Lapped,False,56,0.0
FastF1/Jolpica,20260810T200317Z,2026-04,2026,4,Miami Grand Prix,2026-05-03,miami,Miami International Autodrome,Miami,USA,bottas,BOT,Valtteri,Bottas,Valtteri Bottas,1989-08-28,Finnish,77,cadillac,Cadillac F1 Team,American,19,18,18,18,CLASSIFIED,Lapped,False,55,0.0
FastF1/Jolpica,20260810T200317Z,2026-04,2026,4,Miami Grand Prix,2026-05-03,miami,Miami International Autodrome,Miami,USA,hulkenberg,HUL,Nico,Hülkenberg,Nico Hülkenberg,1987-08-19,German,27,audi,Audi,German,10,19,R,19,DNF,Retired,False,7,0.0
FastF1/Jolpica,20260810T200317Z,2026-04,2026,4,Miami Grand Prix,2026-05-03,miami,Miami International Autodrome,Miami,USA,lawson,LAW,Liam,Lawson,Liam Lawson,2002-02-11,New Zealander,30,rb,RB F1 Team,Italian,11,20,R,20,DNF,Retired,False,6,0.0
FastF1/Jolpica,20260810T200317Z,2026-04,2026,4,Miami Grand Prix,2026-05-03,miami,Miami International Autodrome,Miami,USA,gasly,GAS,Pierre,Gasly,Pierre Gasly,1996-02-07,French,10,alpine,Alpine F1 Team,French,9,21,R,21,DNF,Retired,False,4,0.0
FastF1/Jolpica,20260810T200317Z,2026-04,2026,4,Miami Grand Prix,2026-05-03,miami,Miami International Autodrome,Miami,USA,hadjar,HAD,Isack,Hadjar,Isack Hadjar,2004-09-28,French,6,red_bull,Red Bull,Austrian,22,22,R,22,DNF,Retired,False,4,0.0
FastF1/Jolpica,20260810T200317Z,2026-05,2026,5,Canadian Grand Prix,2026-05-24,villeneuve,Circuit Gilles Villeneuve,Montreal,Canada,antonelli,ANT,Andrea Kimi,Antonelli,Andrea Kimi Antonelli,2006-08-25,Italian,12,mercedes,Mercedes,German,2,1,1,1,CLASSIFIED,Finished,False,68,25.0
FastF1/Jolpica,20260810T200317Z,2026-05,2026,5,Canadian Grand Prix,2026-05-24,villeneuve,Circuit Gilles Villeneuve,Montreal,Canada,hamilton,HAM,Lewis,Hamilton,Lewis Hamilton,1985-01-07,British,44,ferrari,Ferrari,Italian,5,2,2,2,CLASSIFIED,Finished,False,68,18.0
FastF1/Jolpica,20260810T200317Z,2026-05,2026,5,Canadian Grand Prix,2026-05-24,villeneuve,Circuit Gilles Villeneuve,Montreal,Canada,max_verstappen,VER,Max,Verstappen,Max Verstappen,1997-09-30,Dutch,3,red_bull,Red Bull,Austrian,6,3,3,3,CLASSIFIED,Finished,False,68,15.0
FastF1/Jolpica,20260810T200317Z,2026-05,2026,5,Canadian Grand Prix,2026-05-24,villeneuve,Circuit Gilles Villeneuve,Montreal,Canada,leclerc,LEC,Charles,Leclerc,Charles Leclerc,1997-10-16,Monegasque,16,ferrari,Ferrari,Italian,8,4,4,4,CLASSIFIED,Finished,False,68,12.0
FastF1/Jolpica,20260810T200317Z,2026-05,2026,5,Canadian Grand Prix,2026-05-24,villeneuve,Circuit Gilles Villeneuve,Montreal,Canada,hadjar,HAD,Isack,Hadjar,Isack Hadjar,2004-09-28,French,6,red_bull,Red Bull,Austrian,7,5,5,5,CLASSIFIED,Lapped,False,67,10.0
FastF1/Jolpica,20260810T200317Z,2026-05,2026,5,Canadian Grand Prix,2026-05-24,villeneuve,Circuit Gilles Villeneuve,Montreal,Canada,colapinto,COL,Franco,Colapinto,Franco Colapinto,2003-05-27,Argentine,43,alpine,Alpine F1 Team,French,10,6,6,6,CLASSIFIED,Lapped,False,67,8.0
FastF1/Jolpica,20260810T200317Z,2026-05,2026,5,Canadian Grand Prix,2026-05-24,villeneuve,Circuit Gilles Villeneuve,Montreal,Canada,lawson,LAW,Liam,Lawson,Liam Lawson,2002-02-11,New Zealander,30,rb,RB F1 Team,Italian,12,7,7,7,CLASSIFIED,Lapped,False,67,6.0
FastF1/Jolpica,20260810T200317Z,2026-05,2026,5,Canadian Grand Prix,2026-05-24,villeneuve,Circuit Gilles Villeneuve,Montreal,Canada,gasly,GAS,Pierre,Gasly,Pierre Gasly,1996-02-07,French,10,alpine,Alpine F1 Team,French,14,8,8,8,CLASSIFIED,Lapped,False,67,4.0
FastF1/Jolpica,20260810T200317Z,2026-05,2026,5,Canadian Grand Prix,2026-05-24,villeneuve,Circuit Gilles Villeneuve,Montreal,Canada,sainz,SAI,Carlos,Sainz,Carlos Sainz,1994-09-01,Spanish,55,williams,Williams,British,15,9,9,9,CLASSIFIED,Lapped,False,67,2.0
FastF1/Jolpica,20260810T200317Z,2026-05,2026,5,Canadian Grand Prix,2026-05-24,villeneuve,Circuit Gilles Villeneuve,Montreal,Canada,bearman,BEA,Oliver,Bearman,Oliver Bearman,2005-05-08,British,87,haas,Haas F1 Team,American,16,10,10,10,CLASSIFIED,Lapped,False,67,1.0
FastF1/Jolpica,20260810T200317Z,2026-05,2026,5,Canadian Grand Prix,2026-05-24,villeneuve,Circuit Gilles Villeneuve,Montreal,Canada,piastri,PIA,Oscar,Piastri,Oscar Piastri,2001-04-06,Australian,81,mclaren,McLaren,British,4,11,11,11,CLASSIFIED,Lapped,False,66,0.0
FastF1/Jolpica,20260810T200317Z,2026-05,2026,5,Canadian Grand Prix,2026-05-24,villeneuve,Circuit Gilles Villeneuve,Montreal,Canada,hulkenberg,HUL,Nico,Hülkenberg,Nico Hülkenberg,1987-08-19,German,27,audi,Audi,German,11,12,12,12,CLASSIFIED,Lapped,False,66,0.0
FastF1/Jolpica,20260810T200317Z,2026-05,2026,5,Canadian Grand Prix,2026-05-24,villeneuve,Circuit Gilles Villeneuve,Montreal,Canada,bortoleto,BOR,Gabriel,Bortoleto,Gabriel Bortoleto,2004-10-14,Brazilian,5,audi,Audi,German,13,13,13,13,CLASSIFIED,Lapped,False,66,0.0
FastF1/Jolpica,20260810T200317Z,2026-05,2026,5,Canadian Grand Prix,2026-05-24,villeneuve,Circuit Gilles Villeneuve,Montreal,Canada,ocon,OCO,Esteban,Ocon,Esteban Ocon,1996-09-17,French,31,haas,Haas F1 Team,American,17,14,14,14,CLASSIFIED,Lapped,False,66,0.0
FastF1/Jolpica,20260810T200317Z,2026-05,2026,5,Canadian Grand Prix,2026-05-24,villeneuve,Circuit Gilles Villeneuve,Montreal,Canada,stroll,STR,Lance,Stroll,Lance Stroll,1998-10-29,Canadian,18,aston_martin,Aston Martin,British,22,15,15,15,CLASSIFIED,Lapped,False,64,0.0
FastF1/Jolpica,20260810T200317Z,2026-05,2026,5,Canadian Grand Prix,2026-05-24,villeneuve,Circuit Gilles Villeneuve,Montreal,Canada,bottas,BOT,Valtteri,Bottas,Valtteri Bottas,1989-08-28,Finnish,77,cadillac,Cadillac F1 Team,American,21,16,16,16,CLASSIFIED,Lapped,False,64,0.0
FastF1/Jolpica,20260810T200317Z,2026-05,2026,5,Canadian Grand Prix,2026-05-24,villeneuve,Circuit Gilles Villeneuve,Montreal,Canada,perez,PER,Sergio,Pérez,Sergio Pérez,1990-01-26,Mexican,11,cadillac,Cadillac F1 Team,American,20,17,R,17,DNF,Retired,False,39,0.0
FastF1/Jolpica,20260810T200317Z,2026-05,2026,5,Canadian Grand Prix,2026-05-24,villeneuve,Circuit Gilles Villeneuve,Montreal,Canada,norris,NOR,Lando,Norris,Lando Norris,1999-11-13,British,1,mclaren,McLaren,British,3,18,R,18,DNF,Retired,False,38,0.0
FastF1/Jolpica,20260810T200317Z,2026-05,2026,5,Canadian Grand Prix,2026-05-24,villeneuve,Circuit Gilles Villeneuve,Montreal,Canada,russell,RUS,George,Russell,George Russell,1998-02-15,British,63,mercedes,Mercedes,German,1,19,R,19,DNF,Retired,False,29,0.0
FastF1/Jolpica,20260810T200317Z,2026-05,2026,5,Canadian Grand Prix,2026-05-24,villeneuve,Circuit Gilles Villeneuve,Montreal,Canada,alonso,ALO,Fernando,Alonso,Fernando Alonso,1981-07-29,Spanish,14,aston_martin,Aston Martin,British,19,20,R,20,DNF,Retired,False,23,0.0
FastF1/Jolpica,20260810T200317Z,2026-05,2026,5,Canadian Grand Prix,2026-05-24,villeneuve,Circuit Gilles Villeneuve,Montreal,Canada,albon,ALB,Alexander,Albon,Alexander Albon,1996-03-23,Thai,23,williams,Williams,British,18,21,R,21,DNF,Retired,False,11,0.0
FastF1/Jolpica,20260810T200317Z,2026-05,2026,5,Canadian Grand Prix,2026-05-24,villeneuve,Circuit Gilles Villeneuve,Montreal,Canada,arvid_lindblad,LIN,Arvid,Lindblad,Arvid Lindblad,2007-08-08,British,41,rb,RB F1 Team,Italian,9,22,W,22,DNS,Did not start,False,0,0.0
FastF1/Jolpica,20260810T200317Z,2026-06,2026,6,Monaco Grand Prix,2026-06-07,monaco,Circuit de Monaco,Monte Carlo,Monaco,antonelli,ANT,Andrea Kimi,Antonelli,Andrea Kimi Antonelli,2006-08-25,Italian,12,mercedes,Mercedes,German,1,1,1,1,CLASSIFIED,Finished,False,78,25.0
FastF1/Jolpica,20260810T200317Z,2026-06,2026,6,Monaco Grand Prix,2026-06-07,monaco,Circuit de Monaco,Monte Carlo,Monaco,hamilton,HAM,Lewis,Hamilton,Lewis Hamilton,1985-01-07,British,44,ferrari,Ferrari,Italian,3,2,2,2,CLASSIFIED,Finished,False,78,18.0
FastF1/Jolpica,20260810T200317Z,2026-06,2026,6,Monaco Grand Prix,2026-06-07,monaco,Circuit de Monaco,Monte Carlo,Monaco,gasly,GAS,Pierre,Gasly,Pierre Gasly,1996-02-07,French,10,alpine,Alpine F1 Team,French,9,3,3,3,CLASSIFIED,Finished,False,78,15.0
FastF1/Jolpica,20260810T200317Z,2026-06,2026,6,Monaco Grand Prix,2026-06-07,monaco,Circuit de Monaco,Monte Carlo,Monaco,hadjar,HAD,Isack,Hadjar,Isack Hadjar,2004-09-28,French,6,red_bull,Red Bull,Austrian,5,4,4,4,CLASSIFIED,Finished,False,78,12.0
FastF1/Jolpica,20260810T200317Z,2026-06,2026,6,Monaco Grand Prix,2026-06-07,monaco,Circuit de Monaco,Monte Carlo,Monaco,piastri,PIA,Oscar,Piastri,Oscar Piastri,2001-04-06,Australian,81,mclaren,McLaren,British,7,5,5,5,CLASSIFIED,Finished,False,78,10.0
FastF1/Jolpica,20260810T200317Z,2026-06,2026,6,Monaco Grand Prix,2026-06-07,monaco,Circuit de Monaco,Monte Carlo,Monaco,lawson,LAW,Liam,Lawson,Liam Lawson,2002-02-11,New Zealander,30,rb,RB F1 Team,Italian,10,6,6,6,CLASSIFIED,Finished,False,78,8.0
FastF1/Jolpica,20260810T200317Z,2026-06,2026,6,Monaco Grand Prix,2026-06-07,monaco,Circuit de Monaco,Monte Carlo,Monaco,arvid_lindblad,LIN,Arvid,Lindblad,Arvid Lindblad,2007-08-08,British,41,rb,RB F1 Team,Italian,15,7,7,7,CLASSIFIED,Finished,False,78,6.0
FastF1/Jolpica,20260810T200317Z,2026-06,2026,6,Monaco Grand Prix,2026-06-07,monaco,Circuit de Monaco,Monte Carlo,Monaco,albon,ALB,Alexander,Albon,Alexander Albon,1996-03-23,Thai,23,williams,Williams,British,11,8,8,8,CLASSIFIED,Finished,False,78,4.0
FastF1/Jolpica,20260810T200317Z,2026-06,2026,6,Monaco Grand Prix,2026-06-07,monaco,Circuit de Monaco,Monte Carlo,Monaco,ocon,OCO,Esteban,Ocon,Esteban Ocon,1996-09-17,French,31,haas,Haas F1 Team,American,17,9,9,9,CLASSIFIED,Finished,False,78,2.0
FastF1/Jolpica,20260810T200317Z,2026-06,2026,6,Monaco Grand Prix,2026-06-07,monaco,Circuit de Monaco,Monte Carlo,Monaco,alonso,ALO,Fernando,Alonso,Fernando Alonso,1981-07-29,Spanish,14,aston_martin,Aston Martin,British,21,10,10,10,CLASSIFIED,Finished,False,78,1.0
FastF1/Jolpica,20260810T200317Z,2026-06,2026,6,Monaco Grand Prix,2026-06-07,monaco,Circuit de Monaco,Monte Carlo,Monaco,bortoleto,BOR,Gabriel,Bortoleto,Gabriel Bortoleto,2004-10-14,Brazilian,5,audi,Audi,German,16,11,11,11,CLASSIFIED,Finished,False,78,0.0
FastF1/Jolpica,20260810T200317Z,2026-06,2026,6,Monaco Grand Prix,2026-06-07,monaco,Circuit de Monaco,Monte Carlo,Monaco,russell,RUS,George,Russell,George Russell,1998-02-15,British,63,mercedes,Mercedes,German,6,12,12,12,CLASSIFIED,Finished,False,78,0.0
FastF1/Jolpica,20260810T200317Z,2026-06,2026,6,Monaco Grand Prix,2026-06-07,monaco,Circuit de Monaco,Monte Carlo,Monaco,hulkenberg,HUL,Nico,Hülkenberg,Nico Hülkenberg,1987-08-19,German,27,audi,Audi,German,13,13,13,13,CLASSIFIED,Finished,False,78,0.0
FastF1/Jolpica,20260810T200317Z,2026-06,2026,6,Monaco Grand Prix,2026-06-07,monaco,Circuit de Monaco,Monte Carlo,Monaco,colapinto,COL,Franco,Colapinto,Franco Colapinto,2003-05-27,Argentine,43,alpine,Alpine F1 Team,French,14,14,14,14,CLASSIFIED,Finished,False,78,0.0
FastF1/Jolpica,20260810T200317Z,2026-06,2026,6,Monaco Grand Prix,2026-06-07,monaco,Circuit de Monaco,Monte Carlo,Monaco,perez,PER,Sergio,Pérez,Sergio Pérez,1990-01-26,Mexican,11,cadillac,Cadillac F1 Team,American,18,15,15,15,CLASSIFIED,Finished,False,78,0.0
FastF1/Jolpica,20260810T200317Z,2026-06,2026,6,Monaco Grand Prix,2026-06-07,monaco,Circuit de Monaco,Monte Carlo,Monaco,sainz,SAI,Carlos,Sainz,Carlos Sainz,1994-09-01,Spanish,55,williams,Williams,British,12,16,16,16,CLASSIFIED,Retired,False,70,0.0
FastF1/Jolpica,20260810T200317Z,2026-06,2026,6,Monaco Grand Prix,2026-06-07,monaco,Circuit de Monaco,Monte Carlo,Monaco,leclerc,LEC,Charles,Leclerc,Charles Leclerc,1997-10-16,Monegasque,16,ferrari,Ferrari,Italian,4,17,R,17,DNF,Retired,False,64,0.0
FastF1/Jolpica,20260810T200317Z,2026-06,2026,6,Monaco Grand Prix,2026-06-07,monaco,Circuit de Monaco,Monte Carlo,Monaco,stroll,STR,Lance,Stroll,Lance Stroll,1998-10-29,Canadian,18,aston_martin,Aston Martin,British,22,18,R,18,DNF,Retired,False,56,0.0
FastF1/Jolpica,20260810T200317Z,2026-06,2026,6,Monaco Grand Prix,2026-06-07,monaco,Circuit de Monaco,Monte Carlo,Monaco,norris,NOR,Lando,Norris,Lando Norris,1999-11-13,British,1,mclaren,McLaren,British,8,19,R,19,DNF,Retired,False,43,0.0
FastF1/Jolpica,20260810T200317Z,2026-06,2026,6,Monaco Grand Prix,2026-06-07,monaco,Circuit de Monaco,Monte Carlo,Monaco,bearman,BEA,Oliver,Bearman,Oliver Bearman,2005-05-08,British,87,haas,Haas F1 Team,American,19,20,R,20,DNF,Retired,False,27,0.0
FastF1/Jolpica,20260810T200317Z,2026-06,2026,6,Monaco Grand Prix,2026-06-07,monaco,Circuit de Monaco,Monte Carlo,Monaco,bottas,BOT,Valtteri,Bottas,Valtteri Bottas,1989-08-28,Finnish,77,cadillac,Cadillac F1 Team,American,20,21,R,21,DNF,Retired,False,15,0.0
FastF1/Jolpica,20260810T200317Z,2026-06,2026,6,Monaco Grand Prix,2026-06-07,monaco,Circuit de Monaco,Monte Carlo,Monaco,max_verstappen,VER,Max,Verstappen,Max Verstappen,1997-09-30,Dutch,3,red_bull,Red Bull,Austrian,2,22,R,22,DNF,Retired,False,0,0.0
FastF1/Jolpica,20260810T200317Z,2026-07,2026,7,Barcelona Grand Prix,2026-06-14,catalunya,Circuit de Barcelona-Catalunya,Barcelona,Spain,hamilton,HAM,Lewis,Hamilton,Lewis Hamilton,1985-01-07,British,44,ferrari,Ferrari,Italian,2,1,1,1,CLASSIFIED,Finished,False,66,25.0
FastF1/Jolpica,20260810T200317Z,2026-07,2026,7,Barcelona Grand Prix,2026-06-14,catalunya,Circuit de Barcelona-Catalunya,Barcelona,Spain,russell,RUS,George,Russell,George Russell,1998-02-15,British,63,mercedes,Mercedes,German,1,2,2,2,CLASSIFIED,Finished,False,66,18.0
FastF1/Jolpica,20260810T200317Z,2026-07,2026,7,Barcelona Grand Prix,2026-06-14,catalunya,Circuit de Barcelona-Catalunya,Barcelona,Spain,norris,NOR,Lando,Norris,Lando Norris,1999-11-13,British,1,mclaren,McLaren,British,4,3,3,3,CLASSIFIED,Finished,False,66,15.0
FastF1/Jolpica,20260810T200317Z,2026-07,2026,7,Barcelona Grand Prix,2026-06-14,catalunya,Circuit de Barcelona-Catalunya,Barcelona,Spain,max_verstappen,VER,Max,Verstappen,Max Verstappen,1997-09-30,Dutch,3,red_bull,Red Bull,Austrian,5,4,4,4,CLASSIFIED,Finished,False,66,12.0
FastF1/Jolpica,20260810T200317Z,2026-07,2026,7,Barcelona Grand Prix,2026-06-14,catalunya,Circuit de Barcelona-Catalunya,Barcelona,Spain,piastri,PIA,Oscar,Piastri,Oscar Piastri,2001-04-06,Australian,81,mclaren,McLaren,British,7,5,5,5,CLASSIFIED,Finished,False,66,10.0
FastF1/Jolpica,20260810T200317Z,2026-07,2026,7,Barcelona Grand Prix,2026-06-14,catalunya,Circuit de Barcelona-Catalunya,Barcelona,Spain,hadjar,HAD,Isack,Hadjar,Isack Hadjar,2004-09-28,French,6,red_bull,Red Bull,Austrian,6,6,6,6,CLASSIFIED,Lapped,False,65,8.0
FastF1/Jolpica,20260810T200317Z,2026-07,2026,7,Barcelona Grand Prix,2026-06-14,catalunya,Circuit de Barcelona-Catalunya,Barcelona,Spain,gasly,GAS,Pierre,Gasly,Pierre Gasly,1996-02-07,French,10,alpine,Alpine F1 Team,French,14,7,7,7,CLASSIFIED,Lapped,False,65,6.0
FastF1/Jolpica,20260810T200317Z,2026-07,2026,7,Barcelona Grand Prix,2026-06-14,catalunya,Circuit de Barcelona-Catalunya,Barcelona,Spain,lawson,LAW,Liam,Lawson,Liam Lawson,2002-02-11,New Zealander,30,rb,RB F1 Team,Italian,8,8,8,8,CLASSIFIED,Lapped,False,65,4.0
FastF1/Jolpica,20260810T200317Z,2026-07,2026,7,Barcelona Grand Prix,2026-06-14,catalunya,Circuit de Barcelona-Catalunya,Barcelona,Spain,arvid_lindblad,LIN,Arvid,Lindblad,Arvid Lindblad,2007-08-08,British,41,rb,RB F1 Team,Italian,11,9,9,9,CLASSIFIED,Lapped,False,65,2.0
FastF1/Jolpica,20260810T200317Z,2026-07,2026,7,Barcelona Grand Prix,2026-06-14,catalunya,Circuit de Barcelona-Catalunya,Barcelona,Spain,colapinto,COL,Franco,Colapinto,Franco Colapinto,2003-05-27,Argentine,43,alpine,Alpine F1 Team,French,13,10,10,10,CLASSIFIED,Lapped,False,65,1.0
FastF1/Jolpica,20260810T200317Z,2026-07,2026,7,Barcelona Grand Prix,2026-06-14,catalunya,Circuit de Barcelona-Catalunya,Barcelona,Spain,bortoleto,BOR,Gabriel,Bortoleto,Gabriel Bortoleto,2004-10-14,Brazilian,5,audi,Audi,German,12,11,11,11,CLASSIFIED,Lapped,False,64,0.0
FastF1/Jolpica,20260810T200317Z,2026-07,2026,7,Barcelona Grand Prix,2026-06-14,catalunya,Circuit de Barcelona-Catalunya,Barcelona,Spain,sainz,SAI,Carlos,Sainz,Carlos Sainz,1994-09-01,Spanish,55,williams,Williams,British,16,12,12,12,CLASSIFIED,Lapped,False,64,0.0
FastF1/Jolpica,20260810T200317Z,2026-07,2026,7,Barcelona Grand Prix,2026-06-14,catalunya,Circuit de Barcelona-Catalunya,Barcelona,Spain,ocon,OCO,Esteban,Ocon,Esteban Ocon,1996-09-17,French,31,haas,Haas F1 Team,American,17,13,13,13,CLASSIFIED,Lapped,False,64,0.0
FastF1/Jolpica,20260810T200317Z,2026-07,2026,7,Barcelona Grand Prix,2026-06-14,catalunya,Circuit de Barcelona-Catalunya,Barcelona,Spain,perez,PER,Sergio,Pérez,Sergio Pérez,1990-01-26,Mexican,11,cadillac,Cadillac F1 Team,American,19,14,14,14,CLASSIFIED,Lapped,False,63,0.0
FastF1/Jolpica,20260810T200317Z,2026-07,2026,7,Barcelona Grand Prix,2026-06-14,catalunya,Circuit de Barcelona-Catalunya,Barcelona,Spain,leclerc,LEC,Charles,Leclerc,Charles Leclerc,1997-10-16,Monegasque,16,ferrari,Ferrari,Italian,10,15,15,15,CLASSIFIED,Retired,False,62,0.0
FastF1/Jolpica,20260810T200317Z,2026-07,2026,7,Barcelona Grand Prix,2026-06-14,catalunya,Circuit de Barcelona-Catalunya,Barcelona,Spain,antonelli,ANT,Andrea Kimi,Antonelli,Andrea Kimi Antonelli,2006-08-25,Italian,12,mercedes,Mercedes,German,3,16,16,16,CLASSIFIED,Retired,False,61,0.0
FastF1/Jolpica,20260810T200317Z,2026-07,2026,7,Barcelona Grand Prix,2026-06-14,catalunya,Circuit de Barcelona-Catalunya,Barcelona,Spain,bearman,BEA,Oliver,Bearman,Oliver Bearman,2005-05-08,British,87,haas,Haas F1 Team,American,15,17,17,17,CLASSIFIED,Retired,False,60,0.0
FastF1/Jolpica,20260810T200317Z,2026-07,2026,7,Barcelona Grand Prix,2026-06-14,catalunya,Circuit de Barcelona-Catalunya,Barcelona,Spain,albon,ALB,Alexander,Albon,Alexander Albon,1996-03-23,Thai,23,williams,Williams,British,18,18,R,18,NC,Lapped,False,55,0.0
FastF1/Jolpica,20260810T200317Z,2026-07,2026,7,Barcelona Grand Prix,2026-06-14,catalunya,Circuit de Barcelona-Catalunya,Barcelona,Spain,alonso,ALO,Fernando,Alonso,Fernando Alonso,1981-07-29,Spanish,14,aston_martin,Aston Martin,British,22,19,R,19,DNF,Retired,False,37,0.0
FastF1/Jolpica,20260810T200317Z,2026-07,2026,7,Barcelona Grand Prix,2026-06-14,catalunya,Circuit de Barcelona-Catalunya,Barcelona,Spain,hulkenberg,HUL,Nico,Hülkenberg,Nico Hülkenberg,1987-08-19,German,27,audi,Audi,German,9,20,R,20,DNF,Retired,False,29,0.0
FastF1/Jolpica,20260810T200317Z,2026-07,2026,7,Barcelona Grand Prix,2026-06-14,catalunya,Circuit de Barcelona-Catalunya,Barcelona,Spain,bottas,BOT,Valtteri,Bottas,Valtteri Bottas,1989-08-28,Finnish,77,cadillac,Cadillac F1 Team,American,20,21,R,21,DNF,Retired,False,15,0.0
FastF1/Jolpica,20260810T200317Z,2026-07,2026,7,Barcelona Grand Prix,2026-06-14,catalunya,Circuit de Barcelona-Catalunya,Barcelona,Spain,stroll,STR,Lance,Stroll,Lance Stroll,1998-10-29,Canadian,18,aston_martin,Aston Martin,British,21,22,R,22,DNF,Retired,False,5,0.0
FastF1/Jolpica,20260810T200317Z,2026-08,2026,8,Austrian Grand Prix,2026-06-28,red_bull_ring,Red Bull Ring,Spielberg,Austria,russell,RUS,George,Russell,George Russell,1998-02-15,British,63,mercedes,Mercedes,German,1,1,1,1,CLASSIFIED,Finished,False,71,25.0
FastF1/Jolpica,20260810T200317Z,2026-08,2026,8,Austrian Grand Prix,2026-06-28,red_bull_ring,Red Bull Ring,Spielberg,Austria,max_verstappen,VER,Max,Verstappen,Max Verstappen,1997-09-30,Dutch,3,red_bull,Red Bull,Austrian,5,2,2,2,CLASSIFIED,Finished,False,71,18.0
FastF1/Jolpica,20260810T200317Z,2026-08,2026,8,Austrian Grand Prix,2026-06-28,red_bull_ring,Red Bull Ring,Spielberg,Austria,antonelli,ANT,Andrea Kimi,Antonelli,Andrea Kimi Antonelli,2006-08-25,Italian,12,mercedes,Mercedes,German,4,3,3,3,CLASSIFIED,Finished,False,71,15.0
FastF1/Jolpica,20260810T200317Z,2026-08,2026,8,Austrian Grand Prix,2026-06-28,red_bull_ring,Red Bull Ring,Spielberg,Austria,piastri,PIA,Oscar,Piastri,Oscar Piastri,2001-04-06,Australian,81,mclaren,McLaren,British,7,4,4,4,CLASSIFIED,Finished,False,71,12.0
FastF1/Jolpica,20260810T200317Z,2026-08,2026,8,Austrian Grand Prix,2026-06-28,red_bull_ring,Red Bull Ring,Spielberg,Austria,hamilton,HAM,Lewis,Hamilton,Lewis Hamilton,1985-01-07,British,44,ferrari,Ferrari,Italian,3,5,5,5,CLASSIFIED,Finished,False,71,10.0
FastF1/Jolpica,20260810T200317Z,2026-08,2026,8,Austrian Grand Prix,2026-06-28,red_bull_ring,Red Bull Ring,Spielberg,Austria,hadjar,HAD,Isack,Hadjar,Isack Hadjar,2004-09-28,French,6,red_bull,Red Bull,Austrian,8,6,6,6,CLASSIFIED,Finished,False,71,8.0
FastF1/Jolpica,20260810T200317Z,2026-08,2026,8,Austrian Grand Prix,2026-06-28,red_bull_ring,Red Bull Ring,Spielberg,Austria,norris,NOR,Lando,Norris,Lando Norris,1999-11-13,British,1,mclaren,McLaren,British,6,7,7,7,CLASSIFIED,Finished,False,71,6.0
FastF1/Jolpica,20260810T200317Z,2026-08,2026,8,Austrian Grand Prix,2026-06-28,red_bull_ring,Red Bull Ring,Spielberg,Austria,leclerc,LEC,Charles,Leclerc,Charles Leclerc,1997-10-16,Monegasque,16,ferrari,Ferrari,Italian,2,8,8,8,CLASSIFIED,Finished,False,71,4.0
FastF1/Jolpica,20260810T200317Z,2026-08,2026,8,Austrian Grand Prix,2026-06-28,red_bull_ring,Red Bull Ring,Spielberg,Austria,lawson,LAW,Liam,Lawson,Liam Lawson,2002-02-11,New Zealander,30,rb,RB F1 Team,Italian,9,9,9,9,CLASSIFIED,Lapped,False,70,2.0
FastF1/Jolpica,20260810T200317Z,2026-08,2026,8,Austrian Grand Prix,2026-06-28,red_bull_ring,Red Bull Ring,Spielberg,Austria,arvid_lindblad,LIN,Arvid,Lindblad,Arvid Lindblad,2007-08-08,British,41,rb,RB F1 Team,Italian,10,10,10,10,CLASSIFIED,Lapped,False,70,1.0
FastF1/Jolpica,20260810T200317Z,2026-08,2026,8,Austrian Grand Prix,2026-06-28,red_bull_ring,Red Bull Ring,Spielberg,Austria,bortoleto,BOR,Gabriel,Bortoleto,Gabriel Bortoleto,2004-10-14,Brazilian,5,audi,Audi,German,12,11,11,11,CLASSIFIED,Lapped,False,70,0.0
FastF1/Jolpica,20260810T200317Z,2026-08,2026,8,Austrian Grand Prix,2026-06-28,red_bull_ring,Red Bull Ring,Spielberg,Austria,hulkenberg,HUL,Nico,Hülkenberg,Nico Hülkenberg,1987-08-19,German,27,audi,Audi,German,14,12,12,12,CLASSIFIED,Lapped,False,70,0.0
FastF1/Jolpica,20260810T200317Z,2026-08,2026,8,Austrian Grand Prix,2026-06-28,red_bull_ring,Red Bull Ring,Spielberg,Austria,gasly,GAS,Pierre,Gasly,Pierre Gasly,1996-02-07,French,10,alpine,Alpine F1 Team,French,11,13,13,13,CLASSIFIED,Lapped,False,70,0.0
FastF1/Jolpica,20260810T200317Z,2026-08,2026,8,Austrian Grand Prix,2026-06-28,red_bull_ring,Red Bull Ring,Spielberg,Austria,bearman,BEA,Oliver,Bearman,Oliver Bearman,2005-05-08,British,87,haas,Haas F1 Team,American,13,14,14,14,CLASSIFIED,Lapped,False,70,0.0
FastF1/Jolpica,20260810T200317Z,2026-08,2026,8,Austrian Grand Prix,2026-06-28,red_bull_ring,Red Bull Ring,Spielberg,Austria,colapinto,COL,Franco,Colapinto,Franco Colapinto,2003-05-27,Argentine,43,alpine,Alpine F1 Team,French,16,15,15,15,CLASSIFIED,Lapped,False,70,0.0
FastF1/Jolpica,20260810T200317Z,2026-08,2026,8,Austrian Grand Prix,2026-06-28,red_bull_ring,Red Bull Ring,Spielberg,Austria,ocon,OCO,Esteban,Ocon,Esteban Ocon,1996-09-17,French,31,haas,Haas F1 Team,American,15,16,16,16,CLASSIFIED,Lapped,False,69,0.0
FastF1/Jolpica,20260810T200317Z,2026-08,2026,8,Austrian Grand Prix,2026-06-28,red_bull_ring,Red Bull Ring,Spielberg,Austria,albon,ALB,Alexander,Albon,Alexander Albon,1996-03-23,Thai,23,williams,Williams,British,18,17,17,17,CLASSIFIED,Lapped,False,69,0.0
FastF1/Jolpica,20260810T200317Z,2026-08,2026,8,Austrian Grand Prix,2026-06-28,red_bull_ring,Red Bull Ring,Spielberg,Austria,alonso,ALO,Fernando,Alonso,Fernando Alonso,1981-07-29,Spanish,14,aston_martin,Aston Martin,British,21,18,18,18,CLASSIFIED,Lapped,False,68,0.0
FastF1/Jolpica,20260810T200317Z,2026-08,2026,8,Austrian Grand Prix,2026-06-28,red_bull_ring,Red Bull Ring,Spielberg,Austria,stroll,STR,Lance,Stroll,Lance Stroll,1998-10-29,Canadian,18,aston_martin,Aston Martin,British,22,19,R,19,DNF,Retired,False,45,0.0
FastF1/Jolpica,20260810T200317Z,2026-08,2026,8,Austrian Grand Prix,2026-06-28,red_bull_ring,Red Bull Ring,Spielberg,Austria,sainz,SAI,Carlos,Sainz,Carlos Sainz,1994-09-01,Spanish,55,williams,Williams,British,17,20,R,20,DNF,Retired,False,23,0.0
FastF1/Jolpica,20260810T200317Z,2026-08,2026,8,Austrian Grand Prix,2026-06-28,red_bull_ring,Red Bull Ring,Spielberg,Austria,perez,PER,Sergio,Pérez,Sergio Pérez,1990-01-26,Mexican,11,cadillac,Cadillac F1 Team,American,19,21,R,21,DNF,Retired,False,4,0.0
FastF1/Jolpica,20260810T200317Z,2026-08,2026,8,Austrian Grand Prix,2026-06-28,red_bull_ring,Red Bull Ring,Spielberg,Austria,bottas,BOT,Valtteri,Bottas,Valtteri Bottas,1989-08-28,Finnish,77,cadillac,Cadillac F1 Team,American,20,22,R,22,DNF,Retired,False,2,0.0
FastF1/Jolpica,20260810T200317Z,2026-09,2026,9,British Grand Prix,2026-07-05,silverstone,Silverstone Circuit,Silverstone,UK,leclerc,LEC,Charles,Leclerc,Charles Leclerc,1997-10-16,Monegasque,16,ferrari,Ferrari,Italian,2,1,1,1,CLASSIFIED,Finished,False,52,25.0
FastF1/Jolpica,20260810T200317Z,2026-09,2026,9,British Grand Prix,2026-07-05,silverstone,Silverstone Circuit,Silverstone,UK,russell,RUS,George,Russell,George Russell,1998-02-15,British,63,mercedes,Mercedes,German,4,2,2,2,CLASSIFIED,Finished,False,52,18.0
FastF1/Jolpica,20260810T200317Z,2026-09,2026,9,British Grand Prix,2026-07-05,silverstone,Silverstone Circuit,Silverstone,UK,hamilton,HAM,Lewis,Hamilton,Lewis Hamilton,1985-01-07,British,44,ferrari,Ferrari,Italian,3,3,3,3,CLASSIFIED,Finished,False,52,15.0
FastF1/Jolpica,20260810T200317Z,2026-09,2026,9,British Grand Prix,2026-07-05,silverstone,Silverstone Circuit,Silverstone,UK,norris,NOR,Lando,Norris,Lando Norris,1999-11-13,British,1,mclaren,McLaren,British,6,4,4,4,CLASSIFIED,Finished,False,52,12.0
FastF1/Jolpica,20260810T200317Z,2026-09,2026,9,British Grand Prix,2026-07-05,silverstone,Silverstone Circuit,Silverstone,UK,hadjar,HAD,Isack,Hadjar,Isack Hadjar,2004-09-28,French,6,red_bull,Red Bull,Austrian,5,5,5,5,CLASSIFIED,Finished,False,52,10.0
FastF1/Jolpica,20260810T200317Z,2026-09,2026,9,British Grand Prix,2026-07-05,silverstone,Silverstone Circuit,Silverstone,UK,lawson,LAW,Liam,Lawson,Liam Lawson,2002-02-11,New Zealander,30,rb,RB F1 Team,Italian,10,6,6,6,CLASSIFIED,Finished,False,52,8.0
FastF1/Jolpica,20260810T200317Z,2026-09,2026,9,British Grand Prix,2026-07-05,silverstone,Silverstone Circuit,Silverstone,UK,arvid_lindblad,LIN,Arvid,Lindblad,Arvid Lindblad,2007-08-08,British,41,rb,RB F1 Team,Italian,9,7,7,7,CLASSIFIED,Finished,False,52,6.0
FastF1/Jolpica,20260810T200317Z,2026-09,2026,9,British Grand Prix,2026-07-05,silverstone,Silverstone Circuit,Silverstone,UK,bortoleto,BOR,Gabriel,Bortoleto,Gabriel Bortoleto,2004-10-14,Brazilian,5,audi,Audi,German,11,8,8,8,CLASSIFIED,Finished,False,52,4.0
FastF1/Jolpica,20260810T200317Z,2026-09,2026,9,British Grand Prix,2026-07-05,silverstone,Silverstone Circuit,Silverstone,UK,colapinto,COL,Franco,Colapinto,Franco Colapinto,2003-05-27,Argentine,43,alpine,Alpine F1 Team,French,19,9,9,9,CLASSIFIED,Finished,False,52,2.0
FastF1/Jolpica,20260810T200317Z,2026-09,2026,9,British Grand Prix,2026-07-05,silverstone,Silverstone Circuit,Silverstone,UK,gasly,GAS,Pierre,Gasly,Pierre Gasly,1996-02-07,French,10,alpine,Alpine F1 Team,French,15,10,10,10,CLASSIFIED,Finished,False,52,1.0
FastF1/Jolpica,20260810T200317Z,2026-09,2026,9,British Grand Prix,2026-07-05,silverstone,Silverstone Circuit,Silverstone,UK,piastri,PIA,Oscar,Piastri,Oscar Piastri,2001-04-06,Australian,81,mclaren,McLaren,British,8,11,11,11,CLASSIFIED,Finished,False,52,0.0
FastF1/Jolpica,20260810T200317Z,2026-09,2026,9,British Grand Prix,2026-07-05,silverstone,Silverstone Circuit,Silverstone,UK,bearman,BEA,Oliver,Bearman,Oliver Bearman,2005-05-08,British,87,haas,Haas F1 Team,American,13,12,12,12,CLASSIFIED,Finished,False,52,0.0
FastF1/Jolpica,20260810T200317Z,2026-09,2026,9,British Grand Prix,2026-07-05,silverstone,Silverstone Circuit,Silverstone,UK,ocon,OCO,Esteban,Ocon,Esteban Ocon,1996-09-17,French,31,haas,Haas F1 Team,American,17,13,13,13,CLASSIFIED,Finished,False,52,0.0
FastF1/Jolpica,20260810T200317Z,2026-09,2026,9,British Grand Prix,2026-07-05,silverstone,Silverstone Circuit,Silverstone,UK,perez,PER,Sergio,Pérez,Sergio Pérez,1990-01-26,Mexican,11,cadillac,Cadillac F1 Team,American,20,14,14,14,CLASSIFIED,Finished,False,52,0.0
FastF1/Jolpica,20260810T200317Z,2026-09,2026,9,British Grand Prix,2026-07-05,silverstone,Silverstone Circuit,Silverstone,UK,antonelli,ANT,Andrea Kimi,Antonelli,Andrea Kimi Antonelli,2006-08-25,Italian,12,mercedes,Mercedes,German,1,15,15,15,CLASSIFIED,Finished,False,52,0.0
FastF1/Jolpica,20260810T200317Z,2026-09,2026,9,British Grand Prix,2026-07-05,silverstone,Silverstone Circuit,Silverstone,UK,bottas,BOT,Valtteri,Bottas,Valtteri Bottas,1989-08-28,Finnish,77,cadillac,Cadillac F1 Team,American,18,16,16,16,CLASSIFIED,Finished,False,52,0.0
FastF1/Jolpica,20260810T200317Z,2026-09,2026,9,British Grand Prix,2026-07-05,silverstone,Silverstone Circuit,Silverstone,UK,sainz,SAI,Carlos,Sainz,Carlos Sainz,1994-09-01,Spanish,55,williams,Williams,British,14,17,17,17,CLASSIFIED,Lapped,False,51,0.0
FastF1/Jolpica,20260810T200317Z,2026-09,2026,9,British Grand Prix,2026-07-05,silverstone,Silverstone Circuit,Silverstone,UK,alonso,ALO,Fernando,Alonso,Fernando Alonso,1981-07-29,Spanish,14,aston_martin,Aston Martin,British,21,18,18,18,CLASSIFIED,Lapped,False,51,0.0
FastF1/Jolpica,20260810T200317Z,2026-09,2026,9,British Grand Prix,2026-07-05,silverstone,Silverstone Circuit,Silverstone,UK,stroll,STR,Lance,Stroll,Lance Stroll,1998-10-29,Canadian,18,aston_martin,Aston Martin,British,22,19,19,19,CLASSIFIED,Lapped,False,51,0.0
FastF1/Jolpica,20260810T200317Z,2026-09,2026,9,British Grand Prix,2026-07-05,silverstone,Silverstone Circuit,Silverstone,UK,max_verstappen,VER,Max,Verstappen,Max Verstappen,1997-09-30,Dutch,3,red_bull,Red Bull,Austrian,7,20,20,20,CLASSIFIED,Retired,False,46,0.0
FastF1/Jolpica,20260810T200317Z,2026-09,2026,9,British Grand Prix,2026-07-05,silverstone,Silverstone Circuit,Silverstone,UK,albon,ALB,Alexander,Albon,Alexander Albon,1996-03-23,Thai,23,williams,Williams,British,16,21,R,21,DNF,Retired,False,43,0.0
FastF1/Jolpica,20260810T200317Z,2026-09,2026,9,British Grand Prix,2026-07-05,silverstone,Silverstone Circuit,Silverstone,UK,hulkenberg,HUL,Nico,Hülkenberg,Nico Hülkenberg,1987-08-19,German,27,audi,Audi,German,12,22,R,22,DNF,Retired,False,36,0.0
FastF1/Jolpica,20260810T200317Z,2026-10,2026,10,Belgian Grand Prix,2026-07-19,spa,Circuit de Spa-Francorchamps,Spa,Belgium,antonelli,ANT,Andrea Kimi,Antonelli,Andrea Kimi Antonelli,2006-08-25,Italian,12,mercedes,Mercedes,German,1,1,1,1,CLASSIFIED,Finished,False,44,25.0
FastF1/Jolpica,20260810T200317Z,2026-10,2026,10,Belgian Grand Prix,2026-07-19,spa,Circuit de Spa-Francorchamps,Spa,Belgium,leclerc,LEC,Charles,Leclerc,Charles Leclerc,1997-10-16,Monegasque,16,ferrari,Ferrari,Italian,4,2,2,2,CLASSIFIED,Finished,False,44,18.0
FastF1/Jolpica,20260810T200317Z,2026-10,2026,10,Belgian Grand Prix,2026-07-19,spa,Circuit de Spa-Francorchamps,Spa,Belgium,max_verstappen,VER,Max,Verstappen,Max Verstappen,1997-09-30,Dutch,3,red_bull,Red Bull,Austrian,2,3,3,3,CLASSIFIED,Finished,False,44,15.0
FastF1/Jolpica,20260810T200317Z,2026-10,2026,10,Belgian Grand Prix,2026-07-19,spa,Circuit de Spa-Francorchamps,Spa,Belgium,hamilton,HAM,Lewis,Hamilton,Lewis Hamilton,1985-01-07,British,44,ferrari,Ferrari,Italian,5,4,4,4,CLASSIFIED,Finished,False,44,12.0
FastF1/Jolpica,20260810T200317Z,2026-10,2026,10,Belgian Grand Prix,2026-07-19,spa,Circuit de Spa-Francorchamps,Spa,Belgium,piastri,PIA,Oscar,Piastri,Oscar Piastri,2001-04-06,Australian,81,mclaren,McLaren,British,6,5,5,5,CLASSIFIED,Finished,False,44,10.0
FastF1/Jolpica,20260810T200317Z,2026-10,2026,10,Belgian Grand Prix,2026-07-19,spa,Circuit de Spa-Francorchamps,Spa,Belgium,hadjar,HAD,Isack,Hadjar,Isack Hadjar,2004-09-28,French,6,red_bull,Red Bull,Austrian,21,6,6,6,CLASSIFIED,Finished,False,44,8.0
FastF1/Jolpica,20260810T200317Z,2026-10,2026,10,Belgian Grand Prix,2026-07-19,spa,Circuit de Spa-Francorchamps,Spa,Belgium,norris,NOR,Lando,Norris,Lando Norris,1999-11-13,British,1,mclaren,McLaren,British,13,7,7,7,CLASSIFIED,Finished,False,44,6.0
FastF1/Jolpica,20260810T200317Z,2026-10,2026,10,Belgian Grand Prix,2026-07-19,spa,Circuit de Spa-Francorchamps,Spa,Belgium,bortoleto,BOR,Gabriel,Bortoleto,Gabriel Bortoleto,2004-10-14,Brazilian,5,audi,Audi,German,8,8,8,8,CLASSIFIED,Finished,False,44,4.0
FastF1/Jolpica,20260810T200317Z,2026-10,2026,10,Belgian Grand Prix,2026-07-19,spa,Circuit de Spa-Francorchamps,Spa,Belgium,arvid_lindblad,LIN,Arvid,Lindblad,Arvid Lindblad,2007-08-08,British,41,rb,RB F1 Team,Italian,7,9,9,9,CLASSIFIED,Finished,False,44,2.0
FastF1/Jolpica,20260810T200317Z,2026-10,2026,10,Belgian Grand Prix,2026-07-19,spa,Circuit de Spa-Francorchamps,Spa,Belgium,colapinto,COL,Franco,Colapinto,Franco Colapinto,2003-05-27,Argentine,43,alpine,Alpine F1 Team,French,11,10,10,10,CLASSIFIED,Finished,False,44,1.0
FastF1/Jolpica,20260810T200317Z,2026-10,2026,10,Belgian Grand Prix,2026-07-19,spa,Circuit de Spa-Francorchamps,Spa,Belgium,gasly,GAS,Pierre,Gasly,Pierre Gasly,1996-02-07,French,10,alpine,Alpine F1 Team,French,10,11,11,11,CLASSIFIED,Finished,False,44,0.0
FastF1/Jolpica,20260810T200317Z,2026-10,2026,10,Belgian Grand Prix,2026-07-19,spa,Circuit de Spa-Francorchamps,Spa,Belgium,lawson,LAW,Liam,Lawson,Liam Lawson,2002-02-11,New Zealander,30,rb,RB F1 Team,Italian,9,12,12,12,CLASSIFIED,Finished,False,44,0.0
FastF1/Jolpica,20260810T200317Z,2026-10,2026,10,Belgian Grand Prix,2026-07-19,spa,Circuit de Spa-Francorchamps,Spa,Belgium,hulkenberg,HUL,Nico,Hülkenberg,Nico Hülkenberg,1987-08-19,German,27,audi,Audi,German,12,13,13,13,CLASSIFIED,Finished,False,44,0.0
FastF1/Jolpica,20260810T200317Z,2026-10,2026,10,Belgian Grand Prix,2026-07-19,spa,Circuit de Spa-Francorchamps,Spa,Belgium,bearman,BEA,Oliver,Bearman,Oliver Bearman,2005-05-08,British,87,haas,Haas F1 Team,American,14,14,14,14,CLASSIFIED,Finished,False,44,0.0
FastF1/Jolpica,20260810T200317Z,2026-10,2026,10,Belgian Grand Prix,2026-07-19,spa,Circuit de Spa-Francorchamps,Spa,Belgium,albon,ALB,Alexander,Albon,Alexander Albon,1996-03-23,Thai,23,williams,Williams,British,15,15,15,15,CLASSIFIED,Finished,False,44,0.0
FastF1/Jolpica,20260810T200317Z,2026-10,2026,10,Belgian Grand Prix,2026-07-19,spa,Circuit de Spa-Francorchamps,Spa,Belgium,sainz,SAI,Carlos,Sainz,Carlos Sainz,1994-09-01,Spanish,55,williams,Williams,British,19,16,16,16,CLASSIFIED,Finished,False,44,0.0
FastF1/Jolpica,20260810T200317Z,2026-10,2026,10,Belgian Grand Prix,2026-07-19,spa,Circuit de Spa-Francorchamps,Spa,Belgium,ocon,OCO,Esteban,Ocon,Esteban Ocon,1996-09-17,French,31,haas,Haas F1 Team,American,16,17,17,17,CLASSIFIED,Finished,False,44,0.0
FastF1/Jolpica,20260810T200317Z,2026-10,2026,10,Belgian Grand Prix,2026-07-19,spa,Circuit de Spa-Francorchamps,Spa,Belgium,bottas,BOT,Valtteri,Bottas,Valtteri Bottas,1989-08-28,Finnish,77,cadillac,Cadillac F1 Team,American,17,18,18,18,CLASSIFIED,Lapped,False,43,0.0
FastF1/Jolpica,20260810T200317Z,2026-10,2026,10,Belgian Grand Prix,2026-07-19,spa,Circuit de Spa-Francorchamps,Spa,Belgium,alonso,ALO,Fernando,Alonso,Fernando Alonso,1981-07-29,Spanish,14,aston_martin,Aston Martin,British,22,19,19,19,CLASSIFIED,Lapped,False,42,0.0
FastF1/Jolpica,20260810T200317Z,2026-10,2026,10,Belgian Grand Prix,2026-07-19,spa,Circuit de Spa-Francorchamps,Spa,Belgium,stroll,STR,Lance,Stroll,Lance Stroll,1998-10-29,Canadian,18,aston_martin,Aston Martin,British,20,20,R,20,DNF,Retired,False,25,0.0
FastF1/Jolpica,20260810T200317Z,2026-10,2026,10,Belgian Grand Prix,2026-07-19,spa,Circuit de Spa-Francorchamps,Spa,Belgium,perez,PER,Sergio,Pérez,Sergio Pérez,1990-01-26,Mexican,11,cadillac,Cadillac F1 Team,American,18,21,R,21,DNF,Retired,False,13,0.0
FastF1/Jolpica,20260810T200317Z,2026-10,2026,10,Belgian Grand Prix,2026-07-19,spa,Circuit de Spa-Francorchamps,Spa,Belgium,russell,RUS,George,Russell,George Russell,1998-02-15,British,63,mercedes,Mercedes,German,3,22,R,22,DNF,Retired,False,0,0.0
FastF1/Jolpica,20260810T200317Z,2026-11,2026,11,Hungarian Grand Prix,2026-07-26,hungaroring,Hungaroring,Budapest,Hungary,norris,NOR,Lando,Norris,Lando Norris,1999-11-13,British,1,mclaren,McLaren,British,1,1,1,1,CLASSIFIED,Finished,False,70,25.0
FastF1/Jolpica,20260810T200317Z,2026-11,2026,11,Hungarian Grand Prix,2026-07-26,hungaroring,Hungaroring,Budapest,Hungary,max_verstappen,VER,Max,Verstappen,Max Verstappen,1997-09-30,Dutch,3,red_bull,Red Bull,Austrian,4,2,2,2,CLASSIFIED,Finished,False,70,18.0
FastF1/Jolpica,20260810T200317Z,2026-11,2026,11,Hungarian Grand Prix,2026-07-26,hungaroring,Hungaroring,Budapest,Hungary,antonelli,ANT,Andrea Kimi,Antonelli,Andrea Kimi Antonelli,2006-08-25,Italian,12,mercedes,Mercedes,German,7,3,3,3,CLASSIFIED,Finished,False,70,15.0
FastF1/Jolpica,20260810T200317Z,2026-11,2026,11,Hungarian Grand Prix,2026-07-26,hungaroring,Hungaroring,Budapest,Hungary,leclerc,LEC,Charles,Leclerc,Charles Leclerc,1997-10-16,Monegasque,16,ferrari,Ferrari,Italian,2,4,4,4,CLASSIFIED,Finished,False,70,12.0
FastF1/Jolpica,20260810T200317Z,2026-11,2026,11,Hungarian Grand Prix,2026-07-26,hungaroring,Hungaroring,Budapest,Hungary,hamilton,HAM,Lewis,Hamilton,Lewis Hamilton,1985-01-07,British,44,ferrari,Ferrari,Italian,5,5,5,5,CLASSIFIED,Finished,False,70,10.0
FastF1/Jolpica,20260810T200317Z,2026-11,2026,11,Hungarian Grand Prix,2026-07-26,hungaroring,Hungaroring,Budapest,Hungary,hadjar,HAD,Isack,Hadjar,Isack Hadjar,2004-09-28,French,6,red_bull,Red Bull,Austrian,8,6,6,6,CLASSIFIED,Finished,False,70,8.0
FastF1/Jolpica,20260810T200317Z,2026-11,2026,11,Hungarian Grand Prix,2026-07-26,hungaroring,Hungaroring,Budapest,Hungary,russell,RUS,George,Russell,George Russell,1998-02-15,British,63,mercedes,Mercedes,German,6,7,7,7,CLASSIFIED,Finished,False,70,6.0
FastF1/Jolpica,20260810T200317Z,2026-11,2026,11,Hungarian Grand Prix,2026-07-26,hungaroring,Hungaroring,Budapest,Hungary,lawson,LAW,Liam,Lawson,Liam Lawson,2002-02-11,New Zealander,30,rb,RB F1 Team,Italian,11,8,8,8,CLASSIFIED,Lapped,False,69,4.0
FastF1/Jolpica,20260810T200317Z,2026-11,2026,11,Hungarian Grand Prix,2026-07-26,hungaroring,Hungaroring,Budapest,Hungary,hulkenberg,HUL,Nico,Hülkenberg,Nico Hülkenberg,1987-08-19,German,27,audi,Audi,German,10,9,9,9,CLASSIFIED,Lapped,False,69,2.0
FastF1/Jolpica,20260810T200317Z,2026-11,2026,11,Hungarian Grand Prix,2026-07-26,hungaroring,Hungaroring,Budapest,Hungary,arvid_lindblad,LIN,Arvid,Lindblad,Arvid Lindblad,2007-08-08,British,41,rb,RB F1 Team,Italian,9,10,10,10,CLASSIFIED,Lapped,False,69,1.0
FastF1/Jolpica,20260810T200317Z,2026-11,2026,11,Hungarian Grand Prix,2026-07-26,hungaroring,Hungaroring,Budapest,Hungary,bortoleto,BOR,Gabriel,Bortoleto,Gabriel Bortoleto,2004-10-14,Brazilian,5,audi,Audi,German,14,11,11,11,CLASSIFIED,Lapped,False,69,0.0
FastF1/Jolpica,20260810T200317Z,2026-11,2026,11,Hungarian Grand Prix,2026-07-26,hungaroring,Hungaroring,Budapest,Hungary,gasly,GAS,Pierre,Gasly,Pierre Gasly,1996-02-07,French,10,alpine,Alpine F1 Team,French,12,12,12,12,CLASSIFIED,Lapped,False,69,0.0
FastF1/Jolpica,20260810T200317Z,2026-11,2026,11,Hungarian Grand Prix,2026-07-26,hungaroring,Hungaroring,Budapest,Hungary,stroll,STR,Lance,Stroll,Lance Stroll,1998-10-29,Canadian,18,aston_martin,Aston Martin,British,20,13,13,13,CLASSIFIED,Lapped,False,69,0.0
FastF1/Jolpica,20260810T200317Z,2026-11,2026,11,Hungarian Grand Prix,2026-07-26,hungaroring,Hungaroring,Budapest,Hungary,alonso,ALO,Fernando,Alonso,Fernando Alonso,1981-07-29,Spanish,14,aston_martin,Aston Martin,British,16,14,14,14,CLASSIFIED,Lapped,False,69,0.0
FastF1/Jolpica,20260810T200317Z,2026-11,2026,11,Hungarian Grand Prix,2026-07-26,hungaroring,Hungaroring,Budapest,Hungary,colapinto,COL,Franco,Colapinto,Franco Colapinto,2003-05-27,Argentine,43,alpine,Alpine F1 Team,French,13,15,15,15,CLASSIFIED,Lapped,False,68,0.0
FastF1/Jolpica,20260810T200317Z,2026-11,2026,11,Hungarian Grand Prix,2026-07-26,hungaroring,Hungaroring,Budapest,Hungary,ocon,OCO,Esteban,Ocon,Esteban Ocon,1996-09-17,French,31,haas,Haas F1 Team,American,15,16,16,16,CLASSIFIED,Lapped,False,68,0.0
FastF1/Jolpica,20260810T200317Z,2026-11,2026,11,Hungarian Grand Prix,2026-07-26,hungaroring,Hungaroring,Budapest,Hungary,albon,ALB,Alexander,Albon,Alexander Albon,1996-03-23,Thai,23,williams,Williams,British,19,17,17,17,CLASSIFIED,Lapped,False,68,0.0
FastF1/Jolpica,20260810T200317Z,2026-11,2026,11,Hungarian Grand Prix,2026-07-26,hungaroring,Hungaroring,Budapest,Hungary,sainz,SAI,Carlos,Sainz,Carlos Sainz,1994-09-01,Spanish,55,williams,Williams,British,18,18,18,18,CLASSIFIED,Lapped,False,68,0.0
FastF1/Jolpica,20260810T200317Z,2026-11,2026,11,Hungarian Grand Prix,2026-07-26,hungaroring,Hungaroring,Budapest,Hungary,bearman,BEA,Oliver,Bearman,Oliver Bearman,2005-05-08,British,87,haas,Haas F1 Team,American,17,19,19,19,CLASSIFIED,Lapped,False,68,0.0
FastF1/Jolpica,20260810T200317Z,2026-11,2026,11,Hungarian Grand Prix,2026-07-26,hungaroring,Hungaroring,Budapest,Hungary,piastri,PIA,Oscar,Piastri,Oscar Piastri,2001-04-06,Australian,81,mclaren,McLaren,British,3,20,R,20,DNF,Retired,False,55,0.0
FastF1/Jolpica,20260810T200317Z,2026-11,2026,11,Hungarian Grand Prix,2026-07-26,hungaroring,Hungaroring,Budapest,Hungary,perez,PER,Sergio,Pérez,Sergio Pérez,1990-01-26,Mexican,11,cadillac,Cadillac F1 Team,American,22,21,R,21,DNF,Retired,False,48,0.0
FastF1/Jolpica,20260810T200317Z,2026-11,2026,11,Hungarian Grand Prix,2026-07-26,hungaroring,Hungaroring,Budapest,Hungary,bottas,BOT,Valtteri,Bottas,Valtteri Bottas,1989-08-28,Finnish,77,cadillac,Cadillac F1 Team,American,21,22,R,22,DNF,Retired,False,13,0.0
