race_id,season,round,race_date,circuit_id,driver_id,driver_name,constructor_id,constructor_name,driver_prior_starts,driver_prior_seasons,driver_prior_classified_finishes,driver_recent_finish_score_5,driver_recent_finish_score_10,driver_weighted_finish_score,driver_recent_teammate_delta_5,driver_recent_teammate_delta_10,driver_weighted_teammate_delta,driver_circuit_prior_starts,driver_circuit_classified_finishes,driver_circuit_teammate_score,constructor_prior_races,constructor_recent_finish_score_5,constructor_recent_finish_score_10,constructor_weighted_finish_score,constructor_recent_dnf_rate_10,constructor_weighted_dnf_rate,constructor_circuit_prior_races,constructor_circuit_finish_score
2023-01,2023,1,2023-03-05,bahrain,albon,Alexander Albon,williams,Williams,0,0,0,0.5,0.5,0.5,0.0,0.0,0.0,0,0,0.0,0,0.5,0.5,0.5,0.0,0.0,0,0.5
2023-01,2023,1,2023-03-05,bahrain,alonso,Fernando Alonso,aston_martin,Aston Martin,0,0,0,0.5,0.5,0.5,0.0,0.0,0.0,0,0,0.0,0,0.5,0.5,0.5,0.0,0.0,0,0.5
2023-01,2023,1,2023-03-05,bahrain,bottas,Valtteri Bottas,alfa,Alfa Romeo,0,0,0,0.5,0.5,0.5,0.0,0.0,0.0,0,0,0.0,0,0.5,0.5,0.5,0.0,0.0,0,0.5
2023-01,2023,1,2023-03-05,bahrain,de_vries,Nyck de Vries,alphatauri,AlphaTauri,0,0,0,0.5,0.5,0.5,0.0,0.0,0.0,0,0,0.0,0,0.5,0.5,0.5,0.0,0.0,0,0.5
2023-01,2023,1,2023-03-05,bahrain,gasly,Pierre Gasly,alpine,Alpine F1 Team,0,0,0,0.5,0.5,0.5,0.0,0.0,0.0,0,0,0.0,0,0.5,0.5,0.5,0.0,0.0,0,0.5
2023-01,2023,1,2023-03-05,bahrain,hamilton,Lewis Hamilton,mercedes,Mercedes,0,0,0,0.5,0.5,0.5,0.0,0.0,0.0,0,0,0.0,0,0.5,0.5,0.5,0.0,0.0,0,0.5
2023-01,2023,1,2023-03-05,bahrain,hulkenberg,Nico Hülkenberg,haas,Haas F1 Team,0,0,0,0.5,0.5,0.5,0.0,0.0,0.0,0,0,0.0,0,0.5,0.5,0.5,0.0,0.0,0,0.5
2023-01,2023,1,2023-03-05,bahrain,kevin_magnussen,Kevin Magnussen,haas,Haas F1 Team,0,0,0,0.5,0.5,0.5,0.0,0.0,0.0,0,0,0.0,0,0.5,0.5,0.5,0.0,0.0,0,0.5
2023-01,2023,1,2023-03-05,bahrain,leclerc,Charles Leclerc,ferrari,Ferrari,0,0,0,0.5,0.5,0.5,0.0,0.0,0.0,0,0,0.0,0,0.5,0.5,0.5,0.0,0.0,0,0.5
2023-01,2023,1,2023-03-05,bahrain,max_verstappen,Max Verstappen,red_bull,Red Bull,0,0,0,0.5,0.5,0.5,0.0,0.0,0.0,0,0,0.0,0,0.5,0.5,0.5,0.0,0.0,0,0.5
2023-01,2023,1,2023-03-05,bahrain,norris,Lando Norris,mclaren,McLaren,0,0,0,0.5,0.5,0.5,0.0,0.0,0.0,0,0,0.0,0,0.5,0.5,0.5,0.0,0.0,0,0.5
2023-01,2023,1,2023-03-05,bahrain,ocon,Esteban Ocon,alpine,Alpine F1 Team,0,0,0,0.5,0.5,0.5,0.0,0.0,0.0,0,0,0.0,0,0.5,0.5,0.5,0.0,0.0,0,0.5
2023-01,2023,1,2023-03-05,bahrain,perez,Sergio Pérez,red_bull,Red Bull,0,0,0,0.5,0.5,0.5,0.0,0.0,0.0,0,0,0.0,0,0.5,0.5,0.5,0.0,0.0,0,0.5
2023-01,2023,1,2023-03-05,bahrain,piastri,Oscar Piastri,mclaren,McLaren,0,0,0,0.5,0.5,0.5,0.0,0.0,0.0,0,0,0.0,0,0.5,0.5,0.5,0.0,0.0,0,0.5
2023-01,2023,1,2023-03-05,bahrain,russell,George Russell,mercedes,Mercedes,0,0,0,0.5,0.5,0.5,0.0,0.0,0.0,0,0,0.0,0,0.5,0.5,0.5,0.0,0.0,0,0.5
2023-01,2023,1,2023-03-05,bahrain,sainz,Carlos Sainz,ferrari,Ferrari,0,0,0,0.5,0.5,0.5,0.0,0.0,0.0,0,0,0.0,0,0.5,0.5,0.5,0.0,0.0,0,0.5
2023-01,2023,1,2023-03-05,bahrain,sargeant,Logan Sargeant,williams,Williams,0,0,0,0.5,0.5,0.5,0.0,0.0,0.0,0,0,0.0,0,0.5,0.5,0.5,0.0,0.0,0,0.5
2023-01,2023,1,2023-03-05,bahrain,stroll,Lance Stroll,aston_martin,Aston Martin,0,0,0,0.5,0.5,0.5,0.0,0.0,0.0,0,0,0.0,0,0.5,0.5,0.5,0.0,0.0,0,0.5
2023-01,2023,1,2023-03-05,bahrain,tsunoda,Yuki Tsunoda,alphatauri,AlphaTauri,0,0,0,0.5,0.5,0.5,0.0,0.0,0.0,0,0,0.0,0,0.5,0.5,0.5,0.0,0.0,0,0.5
2023-01,2023,1,2023-03-05,bahrain,zhou,Guanyu Zhou,alfa,Alfa Romeo,0,0,0,0.5,0.5,0.5,0.0,0.0,0.0,0,0,0.0,0,0.5,0.5,0.5,0.0,0.0,0,0.5
2023-02,2023,2,2023-03-19,jeddah,albon,Alexander Albon,williams,Williams,1,1,1,0.5263157894736843,0.5263157894736843,0.5263157894736843,0.10526315789473695,0.10526315789473695,0.10526315789473695,0,0,0.10526315789473695,1,0.4736842105263158,0.4736842105263158,0.4736842105263158,0.0,0.0,0,0.4736842105263158
2023-02,2023,2,2023-03-19,jeddah,alonso,Fernando Alonso,aston_martin,Aston Martin,1,1,1,0.8947368421052632,0.8947368421052632,0.8947368421052632,0.1578947368421052,0.1578947368421052,0.1578947368421052,0,0,0.1578947368421052,1,0.8157894736842106,0.8157894736842106,0.8157894736842106,0.0,0.0,0,0.8157894736842106
2023-02,2023,2,2023-03-19,jeddah,bottas,Valtteri Bottas,alfa,Alfa Romeo,1,1,1,0.631578947368421,0.631578947368421,0.631578947368421,0.42105263157894735,0.42105263157894735,0.42105263157894735,0,0,0.42105263157894735,1,0.42105263157894735,0.42105263157894735,0.42105263157894735,0.0,0.0,0,0.42105263157894735
2023-02,2023,2,2023-03-19,jeddah,de_vries,Nyck de Vries,alphatauri,AlphaTauri,1,1,1,0.3157894736842105,0.3157894736842105,0.3157894736842105,-0.1578947368421053,-0.1578947368421053,-0.1578947368421053,0,0,-0.1578947368421053,1,0.39473684210526316,0.39473684210526316,0.39473684210526316,0.0,0.0,0,0.39473684210526316
2023-02,2023,2,2023-03-19,jeddah,gasly,Pierre Gasly,alpine,Alpine F1 Team,1,1,1,0.5789473684210527,0.5789473684210527,0.5789473684210527,0.0,0.0,0.0,0,0,0.0,1,0.5789473684210527,0.5789473684210527,0.5789473684210527,0.5,0.5,0,0.5789473684210527
2023-02,2023,2,2023-03-19,jeddah,hamilton,Lewis Hamilton,mercedes,Mercedes,1,1,1,0.7894736842105263,0.7894736842105263,0.7894736842105263,0.10526315789473684,0.10526315789473684,0.10526315789473684,0,0,0.10526315789473684,1,0.736842105263158,0.736842105263158,0.736842105263158,0.0,0.0,0,0.736842105263158
2023-02,2023,2,2023-03-19,jeddah,hulkenberg,Nico Hülkenberg,haas,Haas F1 Team,1,1,1,0.26315789473684215,0.26315789473684215,0.26315789473684215,-0.10526315789473684,-0.10526315789473684,-0.10526315789473684,0,0,-0.10526315789473684,1,0.31578947368421056,0.31578947368421056,0.31578947368421056,0.0,0.0,0,0.31578947368421056
2023-02,2023,2,2023-03-19,jeddah,kevin_magnussen,Kevin Magnussen,haas,Haas F1 Team,1,1,1,0.368421052631579,0.368421052631579,0.368421052631579,0.10526315789473684,0.10526315789473684,0.10526315789473684,0,0,0.10526315789473684,1,0.31578947368421056,0.31578947368421056,0.31578947368421056,0.0,0.0,0,0.31578947368421056
2023-02,2023,2,2023-03-19,jeddah,leclerc,Charles Leclerc,ferrari,Ferrari,1,1,0,0.5789473684210527,0.5789473684210527,0.5789473684210527,0.0,0.0,0.0,0,0,0.0,1,0.8421052631578947,0.8421052631578947,0.8421052631578947,0.5,0.5,0,0.8421052631578947
2023-02,2023,2,2023-03-19,jeddah,max_verstappen,Max Verstappen,red_bull,Red Bull,1,1,1,1.0,1.0,1.0,0.05263157894736836,0.05263157894736836,0.05263157894736836,0,0,0.05263157894736836,1,0.9736842105263158,0.9736842105263158,0.9736842105263158,0.0,0.0,0,0.9736842105263158
2023-02,2023,2,2023-03-19,jeddah,norris,Lando Norris,mclaren,McLaren,1,1,1,0.1578947368421053,0.1578947368421053,0.1578947368421053,0.0,0.0,0.0,0,0,0.0,1,0.1578947368421053,0.1578947368421053,0.1578947368421053,0.5,0.5,0,0.1578947368421053
2023-02,2023,2,2023-03-19,jeddah,ocon,Esteban Ocon,alpine,Alpine F1 Team,1,1,0,0.5789473684210527,0.5789473684210527,0.5789473684210527,0.0,0.0,0.0,0,0,0.0,1,0.5789473684210527,0.5789473684210527,0.5789473684210527,0.5,0.5,0,0.5789473684210527
2023-02,2023,2,2023-03-19,jeddah,perez,Sergio Pérez,red_bull,Red Bull,1,1,1,0.9473684210526316,0.9473684210526316,0.9473684210526316,-0.05263157894736836,-0.05263157894736836,-0.05263157894736836,0,0,-0.05263157894736836,1,0.9736842105263158,0.9736842105263158,0.9736842105263158,0.0,0.0,0,0.9736842105263158
2023-02,2023,2,2023-03-19,jeddah,piastri,Oscar Piastri,mclaren,McLaren,1,1,0,0.5789473684210527,0.5789473684210527,0.5789473684210527,0.0,0.0,0.0,0,0,0.0,1,0.1578947368421053,0.1578947368421053,0.1578947368421053,0.5,0.5,0,0.1578947368421053
2023-02,2023,2,2023-03-19,jeddah,russell,George Russell,mercedes,Mercedes,1,1,1,0.6842105263157895,0.6842105263157895,0.6842105263157895,-0.10526315789473684,-0.10526315789473684,-0.10526315789473684,0,0,-0.10526315789473684,1,0.736842105263158,0.736842105263158,0.736842105263158,0.0,0.0,0,0.736842105263158
2023-02,2023,2,2023-03-19,jeddah,sainz,Carlos Sainz,ferrari,Ferrari,1,1,1,0.8421052631578947,0.8421052631578947,0.8421052631578947,0.0,0.0,0.0,0,0,0.0,1,0.8421052631578947,0.8421052631578947,0.8421052631578947,0.5,0.5,0,0.8421052631578947
2023-02,2023,2,2023-03-19,jeddah,sargeant,Logan Sargeant,williams,Williams,1,1,1,0.42105263157894735,0.42105263157894735,0.42105263157894735,-0.10526315789473695,-0.10526315789473695,-0.10526315789473695,0,0,-0.10526315789473695,1,0.4736842105263158,0.4736842105263158,0.4736842105263158,0.0,0.0,0,0.4736842105263158
2023-02,2023,2,2023-03-19,jeddah,stroll,Lance Stroll,aston_martin,Aston Martin,1,1,1,0.736842105263158,0.736842105263158,0.736842105263158,-0.1578947368421052,-0.1578947368421052,-0.1578947368421052,0,0,-0.1578947368421052,1,0.8157894736842106,0.8157894736842106,0.8157894736842106,0.0,0.0,0,0.8157894736842106
2023-02,2023,2,2023-03-19,jeddah,tsunoda,Yuki Tsunoda,alphatauri,AlphaTauri,1,1,1,0.4736842105263158,0.4736842105263158,0.4736842105263158,0.1578947368421053,0.1578947368421053,0.1578947368421053,0,0,0.1578947368421053,1,0.39473684210526316,0.39473684210526316,0.39473684210526316,0.0,0.0,0,0.39473684210526316
2023-02,2023,2,2023-03-19,jeddah,zhou,Guanyu Zhou,alfa,Alfa Romeo,1,1,1,0.21052631578947367,0.21052631578947367,0.21052631578947367,-0.42105263157894735,-0.42105263157894735,-0.42105263157894735,0,0,-0.42105263157894735,1,0.42105263157894735,0.42105263157894735,0.42105263157894735,0.0,0.0,0,0.42105263157894735
2023-03,2023,3,2023-04-02,albert_park,albon,Alexander Albon,williams,Williams,2,1,1,0.5263157894736843,0.5263157894736843,0.5263157894736843,0.10526315789473695,0.10526315789473695,0.10526315789473695,0,0,0.10526315789473695,2,0.34210526315789475,0.34210526315789475,0.34210526315789475,0.25,0.25,0,0.34210526315789475
2023-03,2023,3,2023-04-02,albert_park,alonso,Fernando Alonso,aston_martin,Aston Martin,2,1,2,0.8947368421052632,0.8947368421052632,0.8947368421052632,0.1578947368421052,0.1578947368421052,0.1578947368421052,0,0,0.1578947368421052,2,0.855263157894737,0.855263157894737,0.855263157894737,0.25,0.25,0,0.855263157894737
2023-03,2023,3,2023-04-02,albert_park,bottas,Valtteri Bottas,alfa,Alfa Romeo,2,1,2,0.3684210526315789,0.3684210526315789,0.3684210526315789,0.0789473684210526,0.0789473684210526,0.0789473684210526,0,0,0.0789473684210526,2,0.32894736842105265,0.32894736842105265,0.32894736842105265,0.0,0.0,0,0.32894736842105265
2023-03,2023,3,2023-04-02,albert_park,de_vries,Nyck de Vries,alphatauri,AlphaTauri,2,1,2,0.3157894736842105,0.3157894736842105,0.3157894736842105,-0.1578947368421053,-0.1578947368421053,-0.1578947368421053,0,0,-0.1578947368421053,2,0.39473684210526316,0.39473684210526316,0.39473684210526316,0.0,0.0,0,0.39473684210526316
2023-03,2023,3,2023-04-02,albert_park,gasly,Pierre Gasly,alpine,Alpine F1 Team,2,1,2,0.5789473684210527,0.5789473684210527,0.5789473684210527,-0.05263157894736836,-0.05263157894736836,-0.05263157894736836,0,0,-0.05263157894736836,2,0.5921052631578947,0.5921052631578947,0.5921052631578947,0.25,0.25,0,0.5921052631578947
2023-03,2023,3,2023-04-02,albert_park,hamilton,Lewis Hamilton,mercedes,Mercedes,2,1,2,0.7894736842105263,0.7894736842105263,0.7894736842105263,0.026315789473684237,0.026315789473684237,0.026315789473684237,0,0,0.026315789473684237,2,0.7763157894736843,0.7763157894736843,0.7763157894736843,0.0,0.0,0,0.7763157894736843
2023-03,2023,3,2023-04-02,albert_park,hulkenberg,Nico Hülkenberg,haas,Haas F1 Team,2,1,2,0.34210526315789475,0.34210526315789475,0.34210526315789475,-0.10526315789473689,-0.10526315789473689,-0.10526315789473689,0,0,-0.10526315789473689,2,0.39473684210526316,0.39473684210526316,0.39473684210526316,0.0,0.0,0,0.39473684210526316
2023-03,2023,3,2023-04-02,albert_park,kevin_magnussen,Kevin Magnussen,haas,Haas F1 Team,2,1,2,0.44736842105263164,0.44736842105263164,0.44736842105263164,0.10526315789473689,0.10526315789473689,0.10526315789473689,0,0,0.10526315789473689,2,0.39473684210526316,0.39473684210526316,0.39473684210526316,0.0,0.0,0,0.39473684210526316
2023-03,2023,3,2023-04-02,albert_park,leclerc,Charles Leclerc,ferrari,Ferrari,2,1,1,0.6842105263157895,0.6842105263157895,0.6842105263157895,-0.052631578947368474,-0.052631578947368474,-0.052631578947368474,0,0,-0.052631578947368474,2,0.7763157894736842,0.7763157894736842,0.7763157894736842,0.25,0.25,0,0.7763157894736842
2023-03,2023,3,2023-04-02,albert_park,max_verstappen,Max Verstappen,red_bull,Red Bull,2,1,2,0.9736842105263158,0.9736842105263158,0.9736842105263158,0.0,0.0,0.0,0,0,0.0,2,0.9736842105263158,0.9736842105263158,0.9736842105263158,0.0,0.0,0,0.9736842105263158
2023-03,2023,3,2023-04-02,albert_park,norris,Lando Norris,mclaren,McLaren,2,1,2,0.1578947368421053,0.1578947368421053,0.1578947368421053,-0.10526315789473684,-0.10526315789473684,-0.10526315789473684,0,0,-0.10526315789473684,2,0.18421052631578952,0.18421052631578952,0.18421052631578952,0.25,0.25,0,0.18421052631578952
2023-03,2023,3,2023-04-02,albert_park,ocon,Esteban Ocon,alpine,Alpine F1 Team,2,1,1,0.631578947368421,0.631578947368421,0.631578947368421,0.05263157894736836,0.05263157894736836,0.05263157894736836,0,0,0.05263157894736836,2,0.5921052631578947,0.5921052631578947,0.5921052631578947,0.25,0.25,0,0.5921052631578947
2023-03,2023,3,2023-04-02,albert_park,perez,Sergio Pérez,red_bull,Red Bull,2,1,2,0.9736842105263158,0.9736842105263158,0.9736842105263158,0.0,0.0,0.0,0,0,0.0,2,0.9736842105263158,0.9736842105263158,0.9736842105263158,0.0,0.0,0,0.9736842105263158
2023-03,2023,3,2023-04-02,albert_park,piastri,Oscar Piastri,mclaren,McLaren,2,1,1,0.26315789473684215,0.26315789473684215,0.26315789473684215,0.10526315789473684,0.10526315789473684,0.10526315789473684,0,0,0.10526315789473684,2,0.18421052631578952,0.18421052631578952,0.18421052631578952,0.25,0.25,0,0.18421052631578952
2023-03,2023,3,2023-04-02,albert_park,russell,George Russell,mercedes,Mercedes,2,1,2,0.763157894736842,0.763157894736842,0.763157894736842,-0.026315789473684237,-0.026315789473684237,-0.026315789473684237,0,0,-0.026315789473684237,2,0.7763157894736843,0.7763157894736843,0.7763157894736843,0.0,0.0,0,0.7763157894736843
2023-03,2023,3,2023-04-02,albert_park,sainz,Carlos Sainz,ferrari,Ferrari,2,1,2,0.7894736842105263,0.7894736842105263,0.7894736842105263,0.052631578947368474,0.052631578947368474,0.052631578947368474,0,0,0.052631578947368474,2,0.7763157894736842,0.7763157894736842,0.7763157894736842,0.25,0.25,0,0.7763157894736842
2023-03,2023,3,2023-04-02,albert_park,sargeant,Logan Sargeant,williams,Williams,2,1,2,0.3157894736842105,0.3157894736842105,0.3157894736842105,-0.10526315789473695,-0.10526315789473695,-0.10526315789473695,0,0,-0.10526315789473695,2,0.34210526315789475,0.34210526315789475,0.34210526315789475,0.25,0.25,0,0.34210526315789475
2023-03,2023,3,2023-04-02,albert_park,stroll,Lance Stroll,aston_martin,Aston Martin,2,1,1,0.736842105263158,0.736842105263158,0.736842105263158,-0.1578947368421052,-0.1578947368421052,-0.1578947368421052,0,0,-0.1578947368421052,2,0.855263157894737,0.855263157894737,0.855263157894737,0.25,0.25,0,0.855263157894737
2023-03,2023,3,2023-04-02,albert_park,tsunoda,Yuki Tsunoda,alphatauri,AlphaTauri,2,1,2,0.4736842105263158,0.4736842105263158,0.4736842105263158,0.1578947368421053,0.1578947368421053,0.1578947368421053,0,0,0.1578947368421053,2,0.39473684210526316,0.39473684210526316,0.39473684210526316,0.0,0.0,0,0.39473684210526316
2023-03,2023,3,2023-04-02,albert_park,zhou,Guanyu Zhou,alfa,Alfa Romeo,2,1,2,0.2894736842105263,0.2894736842105263,0.2894736842105263,-0.0789473684210526,-0.0789473684210526,-0.0789473684210526,0,0,-0.0789473684210526,2,0.32894736842105265,0.32894736842105265,0.32894736842105265,0.0,0.0,0,0.32894736842105265
2023-04,2023,4,2023-04-30,baku,albon,Alexander Albon,williams,Williams,3,1,1,0.5263157894736843,0.5263157894736843,0.5263157894736843,0.10526315789473695,0.10526315789473695,0.10526315789473695,0,0,0.10526315789473695,3,0.2982456140350877,0.2982456140350877,0.2982456140350877,0.3333333333333333,0.3333333333333333,0,0.2982456140350877
2023-04,2023,4,2023-04-30,baku,alonso,Fernando Alonso,aston_martin,Aston Martin,3,1,3,0.8947368421052632,0.8947368421052632,0.8947368421052632,0.10526315789473684,0.10526315789473684,0.10526315789473684,0,0,0.10526315789473684,3,0.8596491228070176,0.8596491228070176,0.8596491228070176,0.16666666666666666,0.16666666666666666,0,0.8596491228070176
2023-04,2023,4,2023-04-30,baku,bottas,Valtteri Bottas,alfa,Alfa Romeo,3,1,3,0.40350877192982454,0.40350877192982454,0.40350877192982454,0.01754385964912279,0.01754385964912279,0.01754385964912279,0,0,0.01754385964912279,3,0.3947368421052632,0.3947368421052632,0.3947368421052632,0.0,0.0,0,0.3947368421052632
2023-04,2023,4,2023-04-30,baku,de_vries,Nyck de Vries,alphatauri,AlphaTauri,3,1,3,0.2982456140350877,0.2982456140350877,0.2982456140350877,-0.19298245614035092,-0.19298245614035092,-0.19298245614035092,0,0,-0.19298245614035092,3,0.3947368421052632,0.3947368421052632,0.3947368421052632,0.0,0.0,0,0.3947368421052632
2023-04,2023,4,2023-04-30,baku,gasly,Pierre Gasly,alpine,Alpine F1 Team,3,1,3,0.5087719298245614,0.5087719298245614,0.5087719298245614,5.551115123125783e-17,5.551115123125783e-17,5.551115123125783e-17,0,0,5.551115123125783e-17,3,0.5087719298245614,0.5087719298245614,0.5087719298245614,0.16666666666666666,0.16666666666666666,0,0.5087719298245614
2023-04,2023,4,2023-04-30,baku,hamilton,Lewis Hamilton,mercedes,Mercedes,3,1,3,0.8421052631578947,0.8421052631578947,0.8421052631578947,0.026315789473684237,0.026315789473684237,0.026315789473684237,0,0,0.026315789473684237,3,0.8333333333333334,0.8333333333333334,0.8333333333333334,0.16666666666666666,0.16666666666666666,0,0.8333333333333334
2023-04,2023,4,2023-04-30,baku,hulkenberg,Nico Hülkenberg,haas,Haas F1 Team,3,1,3,0.456140350877193,0.456140350877193,0.456140350877193,0.1052631578947368,0.1052631578947368,0.1052631578947368,0,0,0.1052631578947368,3,0.40350877192982465,0.40350877192982465,0.40350877192982465,0.0,0.0,0,0.40350877192982465
2023-04,2023,4,2023-04-30,baku,kevin_magnussen,Kevin Magnussen,haas,Haas F1 Team,3,1,3,0.3508771929824562,0.3508771929824562,0.3508771929824562,-0.1052631578947368,-0.1052631578947368,-0.1052631578947368,0,0,-0.1052631578947368,3,0.40350877192982465,0.40350877192982465,0.40350877192982465,0.0,0.0,0,0.40350877192982465
2023-04,2023,4,2023-04-30,baku,leclerc,Charles Leclerc,ferrari,Ferrari,3,1,1,0.6842105263157895,0.6842105263157895,0.6842105263157895,-0.052631578947368474,-0.052631578947368474,-0.052631578947368474,0,0,-0.052631578947368474,3,0.6578947368421052,0.6578947368421052,0.6578947368421052,0.3333333333333333,0.3333333333333333,0,0.6578947368421052
2023-04,2023,4,2023-04-30,baku,max_verstappen,Max Verstappen,red_bull,Red Bull,3,1,3,0.9824561403508772,0.9824561403508772,0.9824561403508772,0.07017543859649122,0.07017543859649122,0.07017543859649122,0,0,0.07017543859649122,3,0.9473684210526315,0.9473684210526315,0.9473684210526315,0.0,0.0,0,0.9473684210526315
2023-04,2023,4,2023-04-30,baku,norris,Lando Norris,mclaren,McLaren,3,1,3,0.3508771929824562,0.3508771929824562,0.3508771929824562,5.551115123125783e-17,5.551115123125783e-17,5.551115123125783e-17,0,0,5.551115123125783e-17,3,0.3508771929824562,0.3508771929824562,0.3508771929824562,0.16666666666666666,0.16666666666666666,0,0.3508771929824562
2023-04,2023,4,2023-04-30,baku,ocon,Esteban Ocon,alpine,Alpine F1 Team,3,1,2,0.47368421052631576,0.47368421052631576,0.47368421052631576,-5.551115123125783e-17,-5.551115123125783e-17,-5.551115123125783e-17,0,0,-5.551115123125783e-17,3,0.5087719298245614,0.5087719298245614,0.5087719298245614,0.16666666666666666,0.16666666666666666,0,0.5087719298245614
2023-04,2023,4,2023-04-30,baku,perez,Sergio Pérez,red_bull,Red Bull,3,1,3,0.912280701754386,0.912280701754386,0.912280701754386,-0.07017543859649122,-0.07017543859649122,-0.07017543859649122,0,0,-0.07017543859649122,3,0.9473684210526315,0.9473684210526315,0.9473684210526315,0.0,0.0,0,0.9473684210526315
2023-04,2023,4,2023-04-30,baku,piastri,Oscar Piastri,mclaren,McLaren,3,1,2,0.4473684210526316,0.4473684210526316,0.4473684210526316,-5.551115123125783e-17,-5.551115123125783e-17,-5.551115123125783e-17,0,0,-5.551115123125783e-17,3,0.3508771929824562,0.3508771929824562,0.3508771929824562,0.16666666666666666,0.16666666666666666,0,0.3508771929824562
2023-04,2023,4,2023-04-30,baku,russell,George Russell,mercedes,Mercedes,3,1,2,0.763157894736842,0.763157894736842,0.763157894736842,-0.026315789473684237,-0.026315789473684237,-0.026315789473684237,0,0,-0.026315789473684237,3,0.8333333333333334,0.8333333333333334,0.8333333333333334,0.16666666666666666,0.16666666666666666,0,0.8333333333333334
2023-04,2023,4,2023-04-30,baku,sainz,Carlos Sainz,ferrari,Ferrari,3,1,3,0.6666666666666666,0.6666666666666666,0.6666666666666666,0.052631578947368474,0.052631578947368474,0.052631578947368474,0,0,0.052631578947368474,3,0.6578947368421052,0.6578947368421052,0.6578947368421052,0.3333333333333333,0.3333333333333333,0,0.6578947368421052
2023-04,2023,4,2023-04-30,baku,sargeant,Logan Sargeant,williams,Williams,3,1,3,0.2807017543859649,0.2807017543859649,0.2807017543859649,-0.10526315789473695,-0.10526315789473695,-0.10526315789473695,0,0,-0.10526315789473695,3,0.2982456140350877,0.2982456140350877,0.2982456140350877,0.3333333333333333,0.3333333333333333,0,0.2982456140350877
2023-04,2023,4,2023-04-30,baku,stroll,Lance Stroll,aston_martin,Aston Martin,3,1,2,0.7894736842105263,0.7894736842105263,0.7894736842105263,-0.10526315789473684,-0.10526315789473684,-0.10526315789473684,0,0,-0.10526315789473684,3,0.8596491228070176,0.8596491228070176,0.8596491228070176,0.16666666666666666,0.16666666666666666,0,0.8596491228070176
2023-04,2023,4,2023-04-30,baku,tsunoda,Yuki Tsunoda,alphatauri,AlphaTauri,3,1,3,0.4912280701754386,0.4912280701754386,0.4912280701754386,0.19298245614035092,0.19298245614035092,0.19298245614035092,0,0,0.19298245614035092,3,0.3947368421052632,0.3947368421052632,0.3947368421052632,0.0,0.0,0,0.3947368421052632
2023-04,2023,4,2023-04-30,baku,zhou,Guanyu Zhou,alfa,Alfa Romeo,3,1,3,0.3859649122807018,0.3859649122807018,0.3859649122807018,-0.01754385964912279,-0.01754385964912279,-0.01754385964912279,0,0,-0.01754385964912279,3,0.3947368421052632,0.3947368421052632,0.3947368421052632,0.0,0.0,0,0.3947368421052632
2023-05,2023,5,2023-05-07,miami,albon,Alexander Albon,williams,Williams,4,1,2,0.4736842105263158,0.4736842105263158,0.4736842105263158,0.1578947368421053,0.1578947368421053,0.1578947368421053,0,0,0.1578947368421053,4,0.3026315789473684,0.3026315789473684,0.3026315789473684,0.25,0.25,0,0.3026315789473684
2023-05,2023,5,2023-05-07,miami,alonso,Fernando Alonso,aston_martin,Aston Martin,4,1,4,0.881578947368421,0.881578947368421,0.881578947368421,0.12280701754385963,0.12280701754385963,0.12280701754385963,0,0,0.12280701754385963,4,0.8355263157894737,0.8355263157894737,0.8355263157894737,0.125,0.125,0,0.8355263157894737
2023-05,2023,5,2023-05-07,miami,bottas,Valtteri Bottas,alfa,Alfa Romeo,4,1,4,0.32894736842105265,0.32894736842105265,0.32894736842105265,0.01754385964912279,0.01754385964912279,0.01754385964912279,0,0,0.01754385964912279,4,0.3223684210526316,0.3223684210526316,0.3223684210526316,0.125,0.125,0,0.3223684210526316
2023-05,2023,5,2023-05-07,miami,de_vries,Nyck de Vries,alphatauri,AlphaTauri,4,1,3,0.2982456140350877,0.2982456140350877,0.2982456140350877,-0.19298245614035092,-0.19298245614035092,-0.19298245614035092,0,0,-0.19298245614035092,4,0.4276315789473685,0.4276315789473685,0.4276315789473685,0.125,0.125,0,0.4276315789473685
2023-05,2023,5,2023-05-07,miami,gasly,Pierre Gasly,alpine,Alpine F1 Team,4,1,4,0.4605263157894737,0.4605263157894737,0.4605263157894737,0.017543859649122823,0.017543859649122823,0.017543859649122823,0,0,0.017543859649122823,4,0.45394736842105265,0.45394736842105265,0.45394736842105265,0.125,0.125,0,0.45394736842105265
2023-05,2023,5,2023-05-07,miami,hamilton,Lewis Hamilton,mercedes,Mercedes,4,1,4,0.8157894736842106,0.8157894736842106,0.8157894736842106,0.052631578947368474,0.052631578947368474,0.052631578947368474,0,0,0.052631578947368474,4,0.7960526315789473,0.7960526315789473,0.7960526315789473,0.125,0.125,0,0.7960526315789473
2023-05,2023,5,2023-05-07,miami,hulkenberg,Nico Hülkenberg,haas,Haas F1 Team,4,1,4,0.3815789473684211,0.3815789473684211,0.3815789473684211,0.02631578947368418,0.02631578947368418,0.02631578947368418,0,0,0.02631578947368418,4,0.368421052631579,0.368421052631579,0.368421052631579,0.0,0.0,0,0.368421052631579
2023-05,2023,5,2023-05-07,miami,kevin_magnussen,Kevin Magnussen,haas,Haas F1 Team,4,1,4,0.3552631578947369,0.3552631578947369,0.3552631578947369,-0.02631578947368418,-0.02631578947368418,-0.02631578947368418,0,0,-0.02631578947368418,4,0.368421052631579,0.368421052631579,0.368421052631579,0.0,0.0,0,0.368421052631579
2023-05,2023,5,2023-05-07,miami,leclerc,Charles Leclerc,ferrari,Ferrari,4,1,2,0.7894736842105263,0.7894736842105263,0.7894736842105263,0.02631578947368418,0.02631578947368418,0.02631578947368418,0,0,0.02631578947368418,4,0.7039473684210527,0.7039473684210527,0.7039473684210527,0.25,0.25,0,0.7039473684210527
2023-05,2023,5,2023-05-07,miami,max_verstappen,Max Verstappen,red_bull,Red Bull,4,1,4,0.9736842105263158,0.9736842105263158,0.9736842105263158,0.03947368421052633,0.03947368421052633,0.03947368421052633,0,0,0.03947368421052633,4,0.9539473684210527,0.9539473684210527,0.9539473684210527,0.0,0.0,0,0.9539473684210527
2023-05,2023,5,2023-05-07,miami,norris,Lando Norris,mclaren,McLaren,4,1,4,0.4078947368421053,0.4078947368421053,0.4078947368421053,0.03508771929824565,0.03508771929824565,0.03508771929824565,0,0,0.03508771929824565,4,0.3947368421052632,0.3947368421052632,0.3947368421052632,0.125,0.125,0,0.3947368421052632
2023-05,2023,5,2023-05-07,miami,ocon,Esteban Ocon,alpine,Alpine F1 Team,4,1,3,0.40350877192982454,0.40350877192982454,0.40350877192982454,-0.017543859649122823,-0.017543859649122823,-0.017543859649122823,0,0,-0.017543859649122823,4,0.45394736842105265,0.45394736842105265,0.45394736842105265,0.125,0.125,0,0.45394736842105265
2023-05,2023,5,2023-05-07,miami,perez,Sergio Pérez,red_bull,Red Bull,4,1,4,0.9342105263157895,0.9342105263157895,0.9342105263157895,-0.03947368421052633,-0.03947368421052633,-0.03947368421052633,0,0,-0.03947368421052633,4,0.9539473684210527,0.9539473684210527,0.9539473684210527,0.0,0.0,0,0.9539473684210527
2023-05,2023,5,2023-05-07,miami,piastri,Oscar Piastri,mclaren,McLaren,4,1,3,0.456140350877193,0.456140350877193,0.456140350877193,-0.03508771929824565,-0.03508771929824565,-0.03508771929824565,0,0,-0.03508771929824565,4,0.3947368421052632,0.3947368421052632,0.3947368421052632,0.125,0.125,0,0.3947368421052632
2023-05,2023,5,2023-05-07,miami,russell,George Russell,mercedes,Mercedes,4,1,3,0.7192982456140351,0.7192982456140351,0.7192982456140351,-0.052631578947368474,-0.052631578947368474,-0.052631578947368474,0,0,-0.052631578947368474,4,0.7960526315789473,0.7960526315789473,0.7960526315789473,0.125,0.125,0,0.7960526315789473
2023-05,2023,5,2023-05-07,miami,sainz,Carlos Sainz,ferrari,Ferrari,4,1,4,0.6973684210526316,0.6973684210526316,0.6973684210526316,-0.02631578947368418,-0.02631578947368418,-0.02631578947368418,0,0,-0.02631578947368418,4,0.7039473684210527,0.7039473684210527,0.7039473684210527,0.25,0.25,0,0.7039473684210527
2023-05,2023,5,2023-05-07,miami,sargeant,Logan Sargeant,williams,Williams,4,1,4,0.2631578947368421,0.2631578947368421,0.2631578947368421,-0.1578947368421053,-0.1578947368421053,-0.1578947368421053,0,0,-0.1578947368421053,4,0.3026315789473684,0.3026315789473684,0.3026315789473684,0.25,0.25,0,0.3026315789473684
2023-05,2023,5,2023-05-07,miami,stroll,Lance Stroll,aston_martin,Aston Martin,4,1,3,0.7543859649122807,0.7543859649122807,0.7543859649122807,-0.12280701754385963,-0.12280701754385963,-0.12280701754385963,0,0,-0.12280701754385963,4,0.8355263157894737,0.8355263157894737,0.8355263157894737,0.125,0.125,0,0.8355263157894737
2023-05,2023,5,2023-05-07,miami,tsunoda,Yuki Tsunoda,alphatauri,AlphaTauri,4,1,4,0.5,0.5,0.5,0.19298245614035092,0.19298245614035092,0.19298245614035092,0,0,0.19298245614035092,4,0.4276315789473685,0.4276315789473685,0.4276315789473685,0.125,0.125,0,0.4276315789473685
2023-05,2023,5,2023-05-07,miami,zhou,Guanyu Zhou,alfa,Alfa Romeo,4,1,3,0.3859649122807018,0.3859649122807018,0.3859649122807018,-0.01754385964912279,-0.01754385964912279,-0.01754385964912279,0,0,-0.01754385964912279,4,0.3223684210526316,0.3223684210526316,0.3223684210526316,0.125,0.125,0,0.3223684210526316
2023-06,2023,6,2023-05-28,monaco,albon,Alexander Albon,williams,Williams,5,1,3,0.42105263157894735,0.42105263157894735,0.42105263157894735,0.2105263157894737,0.2105263157894737,0.2105263157894737,0,0,0.2105263157894737,5,0.2736842105263158,0.2736842105263158,0.2736842105263158,0.2,0.2,0,0.2736842105263158
2023-06,2023,6,2023-05-28,monaco,alonso,Fernando Alonso,aston_martin,Aston Martin,5,1,5,0.8842105263157893,0.8842105263157893,0.8842105263157893,0.21052631578947367,0.21052631578947367,0.21052631578947367,0,0,0.21052631578947367,5,0.8,0.8,0.8,0.1,0.1,0,0.8
2023-06,2023,6,2023-05-28,monaco,bottas,Valtteri Bottas,alfa,Alfa Romeo,5,1,5,0.3368421052631579,0.3368421052631579,0.3368421052631579,0.05263157894736842,0.05263157894736842,0.05263157894736842,0,0,0.05263157894736842,5,0.3157894736842105,0.3157894736842105,0.3157894736842105,0.1,0.1,0,0.3157894736842105
2023-06,2023,6,2023-05-28,monaco,de_vries,Nyck de Vries,alphatauri,AlphaTauri,5,1,4,0.25,0.25,0.25,-0.23684210526315794,-0.23684210526315794,-0.23684210526315794,0,0,-0.23684210526315794,5,0.4,0.4,0.4,0.1,0.1,0,0.4
2023-06,2023,6,2023-05-28,monaco,gasly,Pierre Gasly,alpine,Alpine F1 Team,5,1,5,0.4947368421052632,0.4947368421052632,0.4947368421052632,0.02631578947368421,0.02631578947368421,0.02631578947368421,0,0,0.02631578947368421,5,0.4842105263157895,0.4842105263157895,0.4842105263157895,0.1,0.1,0,0.4842105263157895
2023-06,2023,6,2023-05-28,monaco,hamilton,Lewis Hamilton,mercedes,Mercedes,5,1,5,0.8,0.8,0.8,0.013157894736842174,0.013157894736842174,0.013157894736842174,0,0,0.013157894736842174,5,0.7947368421052632,0.7947368421052632,0.7947368421052632,0.1,0.1,0,0.7947368421052632
2023-06,2023,6,2023-05-28,monaco,hulkenberg,Nico Hülkenberg,haas,Haas F1 Team,5,1,5,0.3578947368421053,0.3578947368421053,0.3578947368421053,-0.03157894736842108,-0.03157894736842108,-0.03157894736842108,0,0,-0.03157894736842108,5,0.37368421052631584,0.37368421052631584,0.37368421052631584,0.0,0.0,0,0.37368421052631584
2023-06,2023,6,2023-05-28,monaco,kevin_magnussen,Kevin Magnussen,haas,Haas F1 Team,5,1,5,0.38947368421052636,0.38947368421052636,0.38947368421052636,0.03157894736842108,0.03157894736842108,0.03157894736842108,0,0,0.03157894736842108,5,0.37368421052631584,0.37368421052631584,0.37368421052631584,0.0,0.0,0,0.37368421052631584
2023-06,2023,6,2023-05-28,monaco,leclerc,Charles Leclerc,ferrari,Ferrari,5,1,3,0.7543859649122807,0.7543859649122807,0.7543859649122807,-0.017543859649122823,-0.017543859649122823,-0.017543859649122823,0,0,-0.017543859649122823,5,0.7105263157894737,0.7105263157894737,0.7105263157894737,0.2,0.2,0,0.7105263157894737
2023-06,2023,6,2023-05-28,monaco,max_verstappen,Max Verstappen,red_bull,Red Bull,5,1,5,0.9789473684210528,0.9789473684210528,0.9789473684210528,0.042105263157894736,0.042105263157894736,0.042105263157894736,0,0,0.042105263157894736,5,0.9578947368421054,0.9578947368421054,0.9578947368421054,0.0,0.0,0,0.9578947368421054
2023-06,2023,6,2023-05-28,monaco,norris,Lando Norris,mclaren,McLaren,5,1,5,0.3578947368421053,0.3578947368421053,0.3578947368421053,0.052631578947368446,0.052631578947368446,0.052631578947368446,0,0,0.052631578947368446,5,0.33684210526315794,0.33684210526315794,0.33684210526315794,0.1,0.1,0,0.33684210526315794
2023-06,2023,6,2023-05-28,monaco,ocon,Esteban Ocon,alpine,Alpine F1 Team,5,1,4,0.4473684210526316,0.4473684210526316,0.4473684210526316,-0.02631578947368421,-0.02631578947368421,-0.02631578947368421,0,0,-0.02631578947368421,5,0.4842105263157895,0.4842105263157895,0.4842105263157895,0.1,0.1,0,0.4842105263157895
2023-06,2023,6,2023-05-28,monaco,perez,Sergio Pérez,red_bull,Red Bull,5,1,5,0.9368421052631579,0.9368421052631579,0.9368421052631579,-0.042105263157894736,-0.042105263157894736,-0.042105263157894736,0,0,-0.042105263157894736,5,0.9578947368421054,0.9578947368421054,0.9578947368421054,0.0,0.0,0,0.9578947368421054
2023-06,2023,6,2023-05-28,monaco,piastri,Oscar Piastri,mclaren,McLaren,5,1,4,0.35526315789473684,0.35526315789473684,0.35526315789473684,-0.052631578947368446,-0.052631578947368446,-0.052631578947368446,0,0,-0.052631578947368446,5,0.33684210526315794,0.33684210526315794,0.33684210526315794,0.1,0.1,0,0.33684210526315794
2023-06,2023,6,2023-05-28,monaco,russell,George Russell,mercedes,Mercedes,5,1,4,0.75,0.75,0.75,-0.013157894736842174,-0.013157894736842174,-0.013157894736842174,0,0,-0.013157894736842174,5,0.7947368421052632,0.7947368421052632,0.7947368421052632,0.1,0.1,0,0.7947368421052632
2023-06,2023,6,2023-05-28,monaco,sainz,Carlos Sainz,ferrari,Ferrari,5,1,5,0.7157894736842105,0.7157894736842105,0.7157894736842105,0.017543859649122823,0.017543859649122823,0.017543859649122823,0,0,0.017543859649122823,5,0.7105263157894737,0.7105263157894737,0.7105263157894737,0.2,0.2,0,0.7105263157894737
2023-06,2023,6,2023-05-28,monaco,sargeant,Logan Sargeant,williams,Williams,5,1,5,0.21052631578947367,0.21052631578947367,0.21052631578947367,-0.2105263157894737,-0.2105263157894737,-0.2105263157894737,0,0,-0.2105263157894737,5,0.2736842105263158,0.2736842105263158,0.2736842105263158,0.2,0.2,0,0.2736842105263158
2023-06,2023,6,2023-05-28,monaco,stroll,Lance Stroll,aston_martin,Aston Martin,5,1,4,0.6710526315789473,0.6710526315789473,0.6710526315789473,-0.21052631578947367,-0.21052631578947367,-0.21052631578947367,0,0,-0.21052631578947367,5,0.8,0.8,0.8,0.1,0.1,0,0.8
2023-06,2023,6,2023-05-28,monaco,tsunoda,Yuki Tsunoda,alphatauri,AlphaTauri,5,1,5,0.4947368421052632,0.4947368421052632,0.4947368421052632,0.23684210526315794,0.23684210526315794,0.23684210526315794,0,0,0.23684210526315794,5,0.4,0.4,0.4,0.1,0.1,0,0.4
2023-06,2023,6,2023-05-28,monaco,zhou,Guanyu Zhou,alfa,Alfa Romeo,5,1,4,0.34210526315789475,0.34210526315789475,0.34210526315789475,-0.05263157894736842,-0.05263157894736842,-0.05263157894736842,0,0,-0.05263157894736842,5,0.3157894736842105,0.3157894736842105,0.3157894736842105,0.1,0.1,0,0.3157894736842105
2023-07,2023,7,2023-06-04,catalunya,albon,Alexander Albon,williams,Williams,6,1,4,0.39473684210526316,0.39473684210526316,0.39473684210526316,0.2105263157894737,0.2105263157894737,0.2105263157894737,0,0,0.2105263157894737,6,0.22105263157894733,0.2631578947368421,0.2631578947368421,0.16666666666666666,0.16666666666666666,0,0.2631578947368421
2023-07,2023,7,2023-06-04,catalunya,alonso,Fernando Alonso,aston_martin,Aston Martin,6,1,6,0.8947368421052632,0.8947368421052632,0.8947368421052632,0.21052631578947367,0.21052631578947367,0.21052631578947367,0,0,0.21052631578947367,6,0.8263157894736842,0.8245614035087719,0.8245614035087719,0.16666666666666666,0.16666666666666666,0,0.8245614035087719
2023-07,2023,7,2023-06-04,catalunya,bottas,Valtteri Bottas,alfa,Alfa Romeo,6,1,6,0.30526315789473685,0.35964912280701755,0.35964912280701755,0.06315789473684211,0.06315789473684211,0.06315789473684211,0,0,0.06315789473684211,6,0.3157894736842105,0.3333333333333333,0.3333333333333333,0.08333333333333333,0.08333333333333333,0,0.3333333333333333
2023-07,2023,7,2023-06-04,catalunya,de_vries,Nyck de Vries,alphatauri,AlphaTauri,6,1,5,0.28421052631578947,0.28421052631578947,0.28421052631578947,-0.1578947368421053,-0.1578947368421053,-0.1578947368421053,0,0,-0.1578947368421053,6,0.38947368421052636,0.39035087719298245,0.39035087719298245,0.08333333333333333,0.08333333333333333,0,0.39035087719298245
2023-07,2023,7,2023-06-04,catalunya,gasly,Pierre Gasly,alpine,Alpine F1 Team,6,1,6,0.5157894736842106,0.5263157894736842,0.5263157894736842,-0.021052631578947368,-0.021052631578947368,-0.021052631578947368,0,0,-0.021052631578947368,6,0.5263157894736843,0.5350877192982456,0.5350877192982456,0.08333333333333333,0.08333333333333333,0,0.5350877192982456
2023-07,2023,7,2023-06-04,catalunya,hamilton,Lewis Hamilton,mercedes,Mercedes,6,1,6,0.8105263157894737,0.8070175438596491,0.8070175438596491,0.021052631578947413,0.021052631578947413,0.021052631578947413,0,0,0.021052631578947413,6,0.8105263157894737,0.7982456140350878,0.7982456140350878,0.08333333333333333,0.08333333333333333,0,0.7982456140350878
2023-07,2023,7,2023-06-04,catalunya,hulkenberg,Nico Hülkenberg,haas,Haas F1 Team,6,1,6,0.33684210526315794,0.324561403508772,0.324561403508772,0.010526315789473651,-0.00877192982456143,-0.00877192982456143,0,0,-0.00877192982456143,6,0.3315789473684211,0.32894736842105265,0.32894736842105265,0.0,0.0,0,0.32894736842105265
2023-07,2023,7,2023-06-04,catalunya,kevin_magnussen,Kevin Magnussen,haas,Haas F1 Team,6,1,6,0.3263157894736842,0.3333333333333334,0.3333333333333334,-0.010526315789473651,0.00877192982456143,0.00877192982456143,0,0,0.00877192982456143,6,0.3315789473684211,0.32894736842105265,0.32894736842105265,0.0,0.0,0,0.32894736842105265
2023-07,2023,7,2023-06-04,catalunya,leclerc,Charles Leclerc,ferrari,Ferrari,6,1,4,0.75,0.75,0.75,0.013157894736842118,0.013157894736842118,0.013157894736842118,0,0,0.013157894736842118,6,0.6789473684210526,0.706140350877193,0.706140350877193,0.16666666666666666,0.16666666666666666,0,0.706140350877193
2023-07,2023,7,2023-06-04,catalunya,max_verstappen,Max Verstappen,red_bull,Red Bull,6,1,6,0.9789473684210528,0.9824561403508772,0.9824561403508772,0.18947368421052632,0.16666666666666666,0.16666666666666666,0,0,0.16666666666666666,6,0.8842105263157896,0.899122807017544,0.899122807017544,0.0,0.0,0,0.899122807017544
2023-07,2023,7,2023-06-04,catalunya,norris,Lando Norris,mclaren,McLaren,6,1,6,0.4421052631578948,0.3947368421052632,0.3947368421052632,0.05263157894736843,0.05263157894736843,0.05263157894736843,0,0,0.05263157894736843,6,0.4157894736842106,0.37280701754385975,0.37280701754385975,0.08333333333333333,0.08333333333333333,0,0.37280701754385975
2023-07,2023,7,2023-06-04,catalunya,ocon,Esteban Ocon,alpine,Alpine F1 Team,6,1,5,0.5368421052631579,0.5368421052631579,0.5368421052631579,0.021052631578947368,0.021052631578947368,0.021052631578947368,0,0,0.021052631578947368,6,0.5263157894736843,0.5350877192982456,0.5350877192982456,0.08333333333333333,0.08333333333333333,0,0.5350877192982456
2023-07,2023,7,2023-06-04,catalunya,perez,Sergio Pérez,red_bull,Red Bull,6,1,6,0.7894736842105263,0.8157894736842106,0.8157894736842106,-0.18947368421052632,-0.16666666666666666,-0.16666666666666666,0,0,-0.16666666666666666,6,0.8842105263157896,0.899122807017544,0.899122807017544,0.0,0.0,0,0.899122807017544
2023-07,2023,7,2023-06-04,catalunya,piastri,Oscar Piastri,mclaren,McLaren,6,1,5,0.38947368421052636,0.38947368421052636,0.38947368421052636,-0.05263157894736843,-0.05263157894736843,-0.05263157894736843,0,0,-0.05263157894736843,6,0.4157894736842106,0.37280701754385975,0.37280701754385975,0.08333333333333333,0.08333333333333333,0,0.37280701754385975
2023-07,2023,7,2023-06-04,catalunya,russell,George Russell,mercedes,Mercedes,6,1,5,0.7578947368421052,0.7578947368421052,0.7578947368421052,-0.021052631578947413,-0.021052631578947413,-0.021052631578947413,0,0,-0.021052631578947413,6,0.8105263157894737,0.7982456140350878,0.7982456140350878,0.08333333333333333,0.08333333333333333,0,0.7982456140350878
2023-07,2023,7,2023-06-04,catalunya,sainz,Carlos Sainz,ferrari,Ferrari,6,1,6,0.6736842105263158,0.7017543859649122,0.7017543859649122,-0.013157894736842118,-0.013157894736842118,-0.013157894736842118,0,0,-0.013157894736842118,6,0.6789473684210526,0.706140350877193,0.706140350877193,0.16666666666666666,0.16666666666666666,0,0.706140350877193
2023-07,2023,7,2023-06-04,catalunya,sargeant,Logan Sargeant,williams,Williams,6,1,6,0.14736842105263157,0.1929824561403509,0.1929824561403509,-0.2105263157894737,-0.2105263157894737,-0.2105263157894737,0,0,-0.2105263157894737,6,0.22105263157894733,0.2631578947368421,0.2631578947368421,0.16666666666666666,0.16666666666666666,0,0.2631578947368421
2023-07,2023,7,2023-06-04,catalunya,stroll,Lance Stroll,aston_martin,Aston Martin,6,1,4,0.6710526315789473,0.6710526315789473,0.6710526315789473,-0.21052631578947367,-0.21052631578947367,-0.21052631578947367,0,0,-0.21052631578947367,6,0.8263157894736842,0.8245614035087719,0.8245614035087719,0.16666666666666666,0.16666666666666666,0,0.8245614035087719
2023-07,2023,7,2023-06-04,catalunya,tsunoda,Yuki Tsunoda,alphatauri,AlphaTauri,6,1,6,0.4526315789473685,0.45614035087719307,0.45614035087719307,0.1578947368421053,0.1578947368421053,0.1578947368421053,0,0,0.1578947368421053,6,0.38947368421052636,0.39035087719298245,0.39035087719298245,0.08333333333333333,0.08333333333333333,0,0.39035087719298245
2023-07,2023,7,2023-06-04,catalunya,zhou,Guanyu Zhou,alfa,Alfa Romeo,6,1,5,0.3473684210526316,0.3473684210526316,0.3473684210526316,-0.06315789473684211,-0.06315789473684211,-0.06315789473684211,0,0,-0.06315789473684211,6,0.3157894736842105,0.3333333333333333,0.3333333333333333,0.08333333333333333,0.08333333333333333,0,0.3333333333333333
2023-08,2023,8,2023-06-18,villeneuve,albon,Alexander Albon,williams,Williams,7,1,5,0.35789473684210527,0.35789473684210527,0.35789473684210527,0.21052631578947373,0.21052631578947373,0.21052631578947373,0,0,0.21052631578947373,7,0.2,0.24060150375939848,0.24060150375939848,0.14285714285714285,0.14285714285714285,0,0.24060150375939848
2023-08,2023,8,2023-06-18,villeneuve,alonso,Fernando Alonso,aston_martin,Aston Martin,7,1,7,0.8526315789473685,0.8646616541353384,0.8646616541353384,0.15789473684210525,0.15789473684210525,0.15789473684210525,0,0,0.15789473684210525,7,0.7894736842105263,0.8082706766917294,0.8082706766917294,0.14285714285714285,0.14285714285714285,0,0.8082706766917294
2023-08,2023,8,2023-06-18,villeneuve,bottas,Valtteri Bottas,alfa,Alfa Romeo,7,1,7,0.2947368421052632,0.31578947368421056,0.31578947368421056,-0.12631578947368421,-0.03508771929824561,-0.03508771929824561,0,0,-0.03508771929824561,7,0.3315789473684211,0.33082706766917297,0.33082706766917297,0.07142857142857142,0.07142857142857142,0,0.33082706766917297
2023-08,2023,8,2023-06-18,villeneuve,de_vries,Nyck de Vries,alphatauri,AlphaTauri,7,1,6,0.28421052631578947,0.2894736842105263,0.2894736842105263,-0.14736842105263162,-0.1491228070175439,-0.1491228070175439,0,0,-0.1491228070175439,7,0.3842105263157895,0.38721804511278196,0.38721804511278196,0.07142857142857142,0.07142857142857142,0,0.38721804511278196
2023-08,2023,8,2023-06-18,villeneuve,gasly,Pierre Gasly,alpine,Alpine F1 Team,7,1,7,0.5052631578947369,0.5263157894736842,0.5263157894736842,-0.03157894736842104,-0.03508771929824559,-0.03508771929824559,0,0,-0.03508771929824559,7,0.5210526315789473,0.5413533834586467,0.5413533834586467,0.07142857142857142,0.07142857142857142,0,0.5413533834586467
2023-08,2023,8,2023-06-18,villeneuve,hamilton,Lewis Hamilton,mercedes,Mercedes,7,1,7,0.8421052631578949,0.8270676691729324,0.8270676691729324,0.01052631578947374,0.026315789473684254,0.026315789473684254,0,0,0.026315789473684254,7,0.8315789473684211,0.8157894736842105,0.8157894736842105,0.07142857142857142,0.07142857142857142,0,0.8157894736842105
2023-08,2023,8,2023-06-18,villeneuve,hulkenberg,Nico Hülkenberg,haas,Haas F1 Team,7,1,7,0.3052631578947369,0.31578947368421056,0.31578947368421056,0.06315789473684211,0.01503759398496239,0.01503759398496239,0,0,0.01503759398496239,7,0.27368421052631586,0.3082706766917293,0.3082706766917293,0.0,0.0,0,0.3082706766917293
2023-08,2023,8,2023-06-18,villeneuve,kevin_magnussen,Kevin Magnussen,haas,Haas F1 Team,7,1,7,0.24210526315789477,0.30075187969924816,0.30075187969924816,-0.06315789473684211,-0.01503759398496239,-0.01503759398496239,0,0,-0.01503759398496239,7,0.27368421052631586,0.3082706766917293,0.3082706766917293,0.0,0.0,0,0.3082706766917293
2023-08,2023,8,2023-06-18,villeneuve,leclerc,Charles Leclerc,ferrari,Ferrari,7,1,5,0.6947368421052632,0.6947368421052632,0.6947368421052632,-0.052631578947368404,-0.052631578947368404,-0.052631578947368404,0,0,-0.052631578947368404,7,0.6631578947368422,0.6954887218045113,0.6954887218045113,0.14285714285714285,0.14285714285714285,0,0.6954887218045113
2023-08,2023,8,2023-06-18,villeneuve,max_verstappen,Max Verstappen,red_bull,Red Bull,7,1,7,0.9894736842105264,0.9849624060150377,0.9849624060150377,0.23157894736842105,0.16541353383458648,0.16541353383458648,0,0,0.16541353383458648,7,0.8736842105263157,0.9022556390977444,0.9022556390977444,0.0,0.0,0,0.9022556390977444
2023-08,2023,8,2023-06-18,villeneuve,norris,Lando Norris,mclaren,McLaren,7,1,7,0.4421052631578948,0.3609022556390978,0.3609022556390978,0.03157894736842106,0.008771929824561412,0.008771929824561412,0,0,0.008771929824561412,7,0.42631578947368426,0.3571428571428572,0.3571428571428572,0.07142857142857142,0.07142857142857142,0,0.3571428571428572
2023-08,2023,8,2023-06-18,villeneuve,ocon,Esteban Ocon,alpine,Alpine F1 Team,7,1,6,0.5368421052631579,0.5526315789473685,0.5526315789473685,0.03157894736842104,0.03508771929824559,0.03508771929824559,0,0,0.03508771929824559,7,0.5210526315789473,0.5413533834586467,0.5413533834586467,0.07142857142857142,0.07142857142857142,0,0.5413533834586467
2023-08,2023,8,2023-06-18,villeneuve,perez,Sergio Pérez,red_bull,Red Bull,7,1,7,0.7578947368421053,0.819548872180451,0.819548872180451,-0.23157894736842105,-0.16541353383458648,-0.16541353383458648,0,0,-0.16541353383458648,7,0.8736842105263157,0.9022556390977444,0.9022556390977444,0.0,0.0,0,0.9022556390977444
2023-08,2023,8,2023-06-18,villeneuve,piastri,Oscar Piastri,mclaren,McLaren,7,1,6,0.41052631578947374,0.3859649122807018,0.3859649122807018,-0.03157894736842106,-0.008771929824561412,-0.008771929824561412,0,0,-0.008771929824561412,7,0.42631578947368426,0.3571428571428572,0.3571428571428572,0.07142857142857142,0.07142857142857142,0,0.3571428571428572
2023-08,2023,8,2023-06-18,villeneuve,russell,George Russell,mercedes,Mercedes,7,1,6,0.8,0.7807017543859649,0.7807017543859649,-0.01052631578947374,-0.026315789473684254,-0.026315789473684254,0,0,-0.026315789473684254,7,0.8315789473684211,0.8157894736842105,0.8157894736842105,0.07142857142857142,0.07142857142857142,0,0.8157894736842105
2023-08,2023,8,2023-06-18,villeneuve,sainz,Carlos Sainz,ferrari,Ferrari,7,1,7,0.6842105263157895,0.7142857142857143,0.7142857142857143,0.052631578947368404,0.052631578947368404,0.052631578947368404,0,0,0.052631578947368404,7,0.6631578947368422,0.6954887218045113,0.6954887218045113,0.14285714285714285,0.14285714285714285,0,0.6954887218045113
2023-08,2023,8,2023-06-18,villeneuve,sargeant,Logan Sargeant,williams,Williams,7,1,7,0.10526315789473684,0.16541353383458648,0.16541353383458648,-0.21052631578947373,-0.21052631578947373,-0.21052631578947373,0,0,-0.21052631578947373,7,0.2,0.24060150375939848,0.24060150375939848,0.14285714285714285,0.14285714285714285,0,0.24060150375939848
2023-08,2023,8,2023-06-18,villeneuve,stroll,Lance Stroll,aston_martin,Aston Martin,7,1,5,0.6842105263157895,0.6842105263157895,0.6842105263157895,-0.15789473684210525,-0.15789473684210525,-0.15789473684210525,0,0,-0.15789473684210525,7,0.7894736842105263,0.8082706766917294,0.8082706766917294,0.14285714285714285,0.14285714285714285,0,0.8082706766917294
2023-08,2023,8,2023-06-18,villeneuve,tsunoda,Yuki Tsunoda,alphatauri,AlphaTauri,7,1,7,0.4421052631578948,0.4511278195488722,0.4511278195488722,0.14736842105263162,0.1491228070175439,0.1491228070175439,0,0,0.1491228070175439,7,0.3842105263157895,0.38721804511278196,0.38721804511278196,0.07142857142857142,0.07142857142857142,0,0.38721804511278196
2023-08,2023,8,2023-06-18,villeneuve,zhou,Guanyu Zhou,alfa,Alfa Romeo,7,1,6,0.42105263157894746,0.3859649122807018,0.3859649122807018,0.12631578947368421,0.03508771929824561,0.03508771929824561,0,0,0.03508771929824561,7,0.3315789473684211,0.33082706766917297,0.33082706766917297,0.07142857142857142,0.07142857142857142,0,0.33082706766917297
2023-09,2023,9,2023-07-02,red_bull_ring,albon,Alexander Albon,williams,Williams,8,1,6,0.3894736842105263,0.41228070175438597,0.41228070175438597,0.21052631578947373,0.21052631578947373,0.21052631578947373,0,0,0.21052631578947373,8,0.29473684210526313,0.29605263157894735,0.29605263157894735,0.1875,0.1875,0,0.29605263157894735
2023-09,2023,9,2023-07-02,red_bull_ring,alonso,Fernando Alonso,aston_martin,Aston Martin,8,1,8,0.8631578947368421,0.875,0.875,0.2,0.1929824561403509,0.1929824561403509,0,0,0.1929824561403509,8,0.7684210526315789,0.8026315789473685,0.8026315789473685,0.125,0.125,0,0.8026315789473685
2023-09,2023,9,2023-07-02,red_bull_ring,bottas,Valtteri Bottas,alfa,Alfa Romeo,8,1,8,0.3052631578947369,0.34210526315789475,0.34210526315789475,-0.010526315789473651,0.01503759398496242,0.01503759398496242,0,0,0.01503759398496242,8,0.3,0.33552631578947373,0.33552631578947373,0.0625,0.0625,0,0.33552631578947373
2023-09,2023,9,2023-07-02,red_bull_ring,de_vries,Nyck de Vries,alphatauri,AlphaTauri,8,1,7,0.24210526315789474,0.2631578947368421,0.2631578947368421,-0.15789473684210528,-0.1578947368421053,-0.1578947368421053,0,0,-0.1578947368421053,8,0.3473684210526316,0.3651315789473684,0.3651315789473684,0.0625,0.0625,0,0.3651315789473684
2023-09,2023,9,2023-07-02,red_bull_ring,gasly,Pierre Gasly,alpine,Alpine F1 Team,8,1,8,0.5157894736842106,0.5131578947368421,0.5131578947368421,-0.08421052631578947,-0.06015037593984961,-0.06015037593984961,0,0,-0.06015037593984961,8,0.5578947368421053,0.5394736842105263,0.5394736842105263,0.0625,0.0625,0,0.5394736842105263
2023-09,2023,9,2023-07-02,red_bull_ring,hamilton,Lewis Hamilton,mercedes,Mercedes,8,1,8,0.8315789473684211,0.8355263157894737,0.8355263157894737,0.01052631578947374,0.026315789473684254,0.026315789473684254,0,0,0.026315789473684254,8,0.8210526315789475,0.8256578947368421,0.8256578947368421,0.125,0.125,0,0.8256578947368421
2023-09,2023,9,2023-07-02,red_bull_ring,hulkenberg,Nico Hülkenberg,haas,Haas F1 Team,8,1,8,0.22105263157894744,0.3092105263157895,0.3092105263157895,-0.021052631578947368,0.026315789473684195,0.026315789473684195,0,0,0.026315789473684195,8,0.2315789473684211,0.2960526315789474,0.2960526315789474,0.0,0.0,0,0.2960526315789474
2023-09,2023,9,2023-07-02,red_bull_ring,kevin_magnussen,Kevin Magnussen,haas,Haas F1 Team,8,1,8,0.24210526315789477,0.2828947368421053,0.2828947368421053,0.021052631578947368,-0.026315789473684195,-0.026315789473684195,0,0,-0.026315789473684195,8,0.2315789473684211,0.2960526315789474,0.2960526315789474,0.0,0.0,0,0.2960526315789474
2023-09,2023,9,2023-07-02,red_bull_ring,leclerc,Charles Leclerc,ferrari,Ferrari,8,1,6,0.7263157894736842,0.7192982456140351,0.7192982456140351,-0.03157894736842104,-0.03508771929824561,-0.03508771929824561,0,0,-0.03508771929824561,8,0.7421052631578947,0.7105263157894737,0.7105263157894737,0.125,0.125,0,0.7105263157894737
2023-09,2023,9,2023-07-02,red_bull_ring,max_verstappen,Max Verstappen,red_bull,Red Bull,8,1,8,0.9894736842105264,0.986842105263158,0.986842105263158,0.24210526315789474,0.17763157894736842,0.17763157894736842,0,0,0.17763157894736842,8,0.868421052631579,0.8980263157894737,0.8980263157894737,0.0,0.0,0,0.8980263157894737
2023-09,2023,9,2023-07-02,red_bull_ring,norris,Lando Norris,mclaren,McLaren,8,1,8,0.368421052631579,0.36184210526315796,0.36184210526315796,-0.010526315789473694,-0.007518796992481195,-0.007518796992481195,0,0,-0.007518796992481195,8,0.37368421052631584,0.3651315789473685,0.3651315789473685,0.0625,0.0625,0,0.3651315789473685
2023-09,2023,9,2023-07-02,red_bull_ring,ocon,Esteban Ocon,alpine,Alpine F1 Team,8,1,7,0.6,0.5639097744360902,0.5639097744360902,0.08421052631578947,0.06015037593984961,0.06015037593984961,0,0,0.06015037593984961,8,0.5578947368421053,0.5394736842105263,0.5394736842105263,0.0625,0.0625,0,0.5394736842105263
2023-09,2023,9,2023-07-02,red_bull_ring,perez,Sergio Pérez,red_bull,Red Bull,8,1,8,0.7473684210526316,0.8092105263157895,0.8092105263157895,-0.24210526315789474,-0.17763157894736842,-0.17763157894736842,0,0,-0.17763157894736842,8,0.868421052631579,0.8980263157894737,0.8980263157894737,0.0,0.0,0,0.8980263157894737
2023-09,2023,9,2023-07-02,red_bull_ring,piastri,Oscar Piastri,mclaren,McLaren,8,1,7,0.37894736842105264,0.3984962406015038,0.3984962406015038,0.010526315789473694,0.007518796992481195,0.007518796992481195,0,0,0.007518796992481195,8,0.37368421052631584,0.3651315789473685,0.3651315789473685,0.0625,0.0625,0,0.3651315789473685
2023-09,2023,9,2023-07-02,red_bull_ring,russell,George Russell,mercedes,Mercedes,8,1,6,0.8,0.7807017543859649,0.7807017543859649,-0.01052631578947374,-0.026315789473684254,-0.026315789473684254,0,0,-0.026315789473684254,8,0.8210526315789475,0.8256578947368421,0.8256578947368421,0.125,0.125,0,0.8256578947368421
2023-09,2023,9,2023-07-02,red_bull_ring,sainz,Carlos Sainz,ferrari,Ferrari,8,1,8,0.7578947368421053,0.7236842105263158,0.7236842105263158,0.03157894736842104,0.03508771929824561,0.03508771929824561,0,0,0.03508771929824561,8,0.7421052631578947,0.7105263157894737,0.7105263157894737,0.125,0.125,0,0.7105263157894737
2023-09,2023,9,2023-07-02,red_bull_ring,sargeant,Logan Sargeant,williams,Williams,8,1,7,0.10526315789473684,0.16541353383458648,0.16541353383458648,-0.21052631578947373,-0.21052631578947373,-0.21052631578947373,0,0,-0.21052631578947373,8,0.29473684210526313,0.29605263157894735,0.29605263157894735,0.1875,0.1875,0,0.29605263157894735
2023-09,2023,9,2023-07-02,red_bull_ring,stroll,Lance Stroll,aston_martin,Aston Martin,8,1,6,0.6526315789473685,0.6666666666666666,0.6666666666666666,-0.2,-0.1929824561403509,-0.1929824561403509,0,0,-0.1929824561403509,8,0.7684210526315789,0.8026315789473685,0.8026315789473685,0.125,0.125,0,0.8026315789473685
2023-09,2023,9,2023-07-02,red_bull_ring,tsunoda,Yuki Tsunoda,alphatauri,AlphaTauri,8,1,8,0.4,0.4342105263157895,0.4342105263157895,0.15789473684210528,0.1578947368421053,0.1578947368421053,0,0,0.1578947368421053,8,0.3473684210526316,0.3651315789473684,0.3651315789473684,0.0625,0.0625,0,0.3651315789473684
2023-09,2023,9,2023-07-02,red_bull_ring,zhou,Guanyu Zhou,alfa,Alfa Romeo,8,1,7,0.3894736842105263,0.3609022556390977,0.3609022556390977,0.010526315789473651,-0.01503759398496242,-0.01503759398496242,0,0,-0.01503759398496242,8,0.3,0.33552631578947373,0.33552631578947373,0.0625,0.0625,0,0.33552631578947373
2023-10,2023,10,2023-07-09,silverstone,albon,Alexander Albon,williams,Williams,9,1,7,0.4,0.4210526315789474,0.4210526315789474,0.21052631578947367,0.1929824561403509,0.1929824561403509,0,0,0.1929824561403509,9,0.3157894736842105,0.3099415204678363,0.3099415204678363,0.16666666666666666,0.16666666666666666,0,0.3099415204678363
2023-10,2023,10,2023-07-09,silverstone,alonso,Fernando Alonso,aston_martin,Aston Martin,9,1,9,0.8526315789473685,0.8654970760233919,0.8654970760233919,0.23157894736842105,0.19548872180451124,0.19548872180451124,0,0,0.19548872180451124,9,0.7526315789473685,0.7894736842105263,0.7894736842105263,0.1111111111111111,0.1111111111111111,0,0.7894736842105263
2023-10,2023,10,2023-07-09,silverstone,bottas,Valtteri Bottas,alfa,Alfa Romeo,9,1,9,0.33684210526315794,0.3333333333333333,0.3333333333333333,-0.021052631578947323,-0.0065789473684210314,-0.0065789473684210314,0,0,-0.0065789473684210314,9,0.3473684210526316,0.3362573099415205,0.3362573099415205,0.05555555555555555,0.05555555555555555,0,0.3362573099415205
2023-10,2023,10,2023-07-09,silverstone,de_vries,Nyck de Vries,alphatauri,AlphaTauri,9,1,8,0.22105263157894733,0.25,0.25,-0.08421052631578949,-0.12500000000000003,-0.12500000000000003,0,0,-0.12500000000000003,9,0.26315789473684215,0.3362573099415205,0.3362573099415205,0.05555555555555555,0.05555555555555555,0,0.3362573099415205
2023-10,2023,10,2023-07-09,silverstone,gasly,Pierre Gasly,alpine,Alpine F1 Team,9,1,9,0.5578947368421053,0.5146198830409356,0.5146198830409356,-0.05263157894736838,-0.02631578947368418,-0.02631578947368418,0,0,-0.02631578947368418,9,0.5842105263157895,0.5263157894736842,0.5263157894736842,0.05555555555555555,0.05555555555555555,0,0.5263157894736842
2023-10,2023,10,2023-07-09,silverstone,hamilton,Lewis Hamilton,mercedes,Mercedes,9,1,9,0.8105263157894737,0.8128654970760234,0.8128654970760234,0.010526315789473717,0.015037593984962436,0.015037593984962436,0,0,0.015037593984962436,9,0.8157894736842106,0.8070175438596492,0.8070175438596492,0.1111111111111111,0.1111111111111111,0,0.8070175438596492
2023-10,2023,10,2023-07-09,silverstone,hulkenberg,Nico Hülkenberg,haas,Haas F1 Team,9,1,8,0.22105263157894744,0.3092105263157895,0.3092105263157895,-0.021052631578947368,0.026315789473684195,0.026315789473684195,0,0,0.026315789473684195,9,0.20000000000000004,0.2748538011695907,0.2748538011695907,0.05555555555555555,0.05555555555555555,0,0.2748538011695907
2023-10,2023,10,2023-07-09,silverstone,kevin_magnussen,Kevin Magnussen,haas,Haas F1 Team,9,1,9,0.18947368421052635,0.26315789473684215,0.26315789473684215,0.021052631578947368,-0.026315789473684195,-0.026315789473684195,0,0,-0.026315789473684195,9,0.20000000000000004,0.2748538011695907,0.2748538011695907,0.05555555555555555,0.05555555555555555,0,0.2748538011695907
2023-10,2023,10,2023-07-09,silverstone,leclerc,Charles Leclerc,ferrari,Ferrari,9,1,7,0.7368421052631579,0.7518796992481204,0.7518796992481204,-0.010526315789473672,0.0,0.0,0,0,0.0,9,0.7421052631578948,0.7251461988304093,0.7251461988304093,0.1111111111111111,0.1111111111111111,0,0.7251461988304093
2023-10,2023,10,2023-07-09,silverstone,max_verstappen,Max Verstappen,red_bull,Red Bull,9,1,9,1.0,0.9883040935672516,0.9883040935672516,0.27368421052631575,0.1695906432748538,0.1695906432748538,0,0,0.1695906432748538,9,0.8631578947368421,0.9035087719298246,0.9035087719298246,0.0,0.0,0,0.9035087719298246
2023-10,2023,10,2023-07-09,silverstone,norris,Lando Norris,mclaren,McLaren,9,1,9,0.42105263157894746,0.41520467836257313,0.41520467836257313,0.09473684210526315,0.07236842105263158,0.07236842105263158,0,0,0.07236842105263158,9,0.37368421052631584,0.3830409356725146,0.3830409356725146,0.05555555555555555,0.05555555555555555,0,0.3830409356725146
2023-10,2023,10,2023-07-09,silverstone,ocon,Esteban Ocon,alpine,Alpine F1 Team,9,1,8,0.6105263157894736,0.5328947368421053,0.5328947368421053,0.05263157894736838,0.02631578947368418,0.02631578947368418,0,0,0.02631578947368418,9,0.5842105263157895,0.5263157894736842,0.5263157894736842,0.05555555555555555,0.05555555555555555,0,0.5263157894736842
2023-10,2023,10,2023-07-09,silverstone,perez,Sergio Pérez,red_bull,Red Bull,9,1,9,0.7263157894736842,0.8187134502923976,0.8187134502923976,-0.27368421052631575,-0.1695906432748538,-0.1695906432748538,0,0,-0.1695906432748538,9,0.8631578947368421,0.9035087719298246,0.9035087719298246,0.0,0.0,0,0.9035087719298246
2023-10,2023,10,2023-07-09,silverstone,piastri,Oscar Piastri,mclaren,McLaren,9,1,8,0.3263157894736842,0.375,0.375,-0.09473684210526315,-0.07236842105263158,-0.07236842105263158,0,0,-0.07236842105263158,9,0.37368421052631584,0.3830409356725146,0.3830409356725146,0.05555555555555555,0.05555555555555555,0,0.3830409356725146
2023-10,2023,10,2023-07-09,silverstone,russell,George Russell,mercedes,Mercedes,9,1,7,0.7684210526315789,0.7669172932330827,0.7669172932330827,-0.010526315789473717,-0.015037593984962436,-0.015037593984962436,0,0,-0.015037593984962436,9,0.8157894736842106,0.8070175438596492,0.8070175438596492,0.1111111111111111,0.1111111111111111,0,0.8070175438596492
2023-10,2023,10,2023-07-09,silverstone,sainz,Carlos Sainz,ferrari,Ferrari,9,1,9,0.7473684210526316,0.7251461988304093,0.7251461988304093,0.010526315789473672,0.0,0.0,0,0,0.0,9,0.7421052631578948,0.7251461988304093,0.7251461988304093,0.1111111111111111,0.1111111111111111,0,0.7251461988304093
2023-10,2023,10,2023-07-09,silverstone,sargeant,Logan Sargeant,williams,Williams,9,1,8,0.1368421052631579,0.1907894736842105,0.1907894736842105,-0.21052631578947367,-0.1929824561403509,-0.1929824561403509,0,0,-0.1929824561403509,9,0.3157894736842105,0.3099415204678363,0.3099415204678363,0.16666666666666666,0.16666666666666666,0,0.3099415204678363
2023-10,2023,10,2023-07-09,silverstone,stroll,Lance Stroll,aston_martin,Aston Martin,9,1,7,0.6,0.6541353383458647,0.6541353383458647,-0.23157894736842105,-0.19548872180451124,-0.19548872180451124,0,0,-0.19548872180451124,9,0.7526315789473685,0.7894736842105263,0.7894736842105263,0.1111111111111111,0.1111111111111111,0,0.7894736842105263
2023-10,2023,10,2023-07-09,silverstone,tsunoda,Yuki Tsunoda,alphatauri,AlphaTauri,9,1,9,0.30526315789473685,0.39181286549707606,0.39181286549707606,0.08421052631578949,0.12500000000000003,0.12500000000000003,0,0,0.12500000000000003,9,0.26315789473684215,0.3362573099415205,0.3362573099415205,0.05555555555555555,0.05555555555555555,0,0.3362573099415205
2023-10,2023,10,2023-07-09,silverstone,zhou,Guanyu Zhou,alfa,Alfa Romeo,9,1,8,0.35789473684210527,0.368421052631579,0.368421052631579,0.021052631578947323,0.0065789473684210314,0.0065789473684210314,0,0,0.0065789473684210314,9,0.3473684210526316,0.3362573099415205,0.3362573099415205,0.05555555555555555,0.05555555555555555,0,0.3362573099415205
2023-11,2023,11,2023-07-23,hungaroring,albon,Alexander Albon,williams,Williams,10,1,8,0.4631578947368421,0.4473684210526316,0.4473684210526316,0.19999999999999998,0.1879699248120301,0.1879699248120301,0,0,0.1879699248120301,10,0.39473684210526316,0.33421052631578946,0.33421052631578946,0.15,0.15,0,0.33421052631578946
2023-11,2023,11,2023-07-23,hungaroring,alonso,Fernando Alonso,aston_martin,Aston Martin,10,1,10,0.8105263157894737,0.8473684210526315,0.8473684210526315,0.2736842105263158,0.21710526315789475,0.21710526315789475,0,0,0.21710526315789475,10,0.7210526315789474,0.7605263157894737,0.7605263157894737,0.1,0.1,0,0.7605263157894737
2023-11,2023,11,2023-07-23,hungaroring,bottas,Valtteri Bottas,alfa,Alfa Romeo,10,1,10,0.3473684210526316,0.3421052631578948,0.3421052631578948,-0.021052631578947344,0.01169590643274855,0.01169590643274855,0,0,0.01169590643274855,10,0.3578947368421053,0.33684210526315794,0.33684210526315794,0.05,0.05,0,0.33684210526315794
2023-11,2023,11,2023-07-23,hungaroring,gasly,Pierre Gasly,alpine,Alpine F1 Team,10,1,10,0.4526315789473685,0.4736842105263158,0.4736842105263158,-0.05263157894736838,-0.02631578947368418,-0.02631578947368418,0,0,-0.02631578947368418,10,0.4842105263157895,0.4842105263157895,0.4842105263157895,0.1,0.1,0,0.4842105263157895
2023-11,2023,11,2023-07-23,hungaroring,hamilton,Lewis Hamilton,mercedes,Mercedes,10,1,10,0.8421052631578947,0.8210526315789475,0.8210526315789475,0.010526315789473694,0.026315789473684237,0.026315789473684237,0,0,0.026315789473684237,10,0.8263157894736842,0.8105263157894737,0.8105263157894737,0.1,0.1,0,0.8105263157894737
2023-11,2023,11,2023-07-23,hungaroring,hulkenberg,Nico Hülkenberg,haas,Haas F1 Team,10,1,9,0.26315789473684215,0.31578947368421056,0.31578947368421056,-0.021052631578947368,0.026315789473684195,0.026315789473684195,0,0,0.026315789473684195,10,0.19473684210526318,0.2842105263157895,0.2842105263157895,0.1,0.1,0,0.2842105263157895
2023-11,2023,11,2023-07-23,hungaroring,kevin_magnussen,Kevin Magnussen,haas,Haas F1 Team,10,1,9,0.18947368421052635,0.26315789473684215,0.26315789473684215,0.021052631578947368,-0.026315789473684195,-0.026315789473684195,0,0,-0.026315789473684195,10,0.19473684210526318,0.2842105263157895,0.2842105263157895,0.1,0.1,0,0.2842105263157895
2023-11,2023,11,2023-07-23,hungaroring,leclerc,Charles Leclerc,ferrari,Ferrari,10,1,8,0.7157894736842105,0.7302631578947368,0.7302631578947368,0.021052631578947368,0.006578947368421045,0.006578947368421045,0,0,0.006578947368421045,10,0.7052631578947368,0.7078947368421054,0.7078947368421054,0.1,0.1,0,0.7078947368421054
2023-11,2023,11,2023-07-23,hungaroring,max_verstappen,Max Verstappen,red_bull,Red Bull,10,1,10,1.0,0.9894736842105264,0.9894736842105264,0.3157894736842105,0.1789473684210526,0.1789473684210526,0,0,0.1789473684210526,10,0.8421052631578947,0.9,0.9,0.0,0.0,0,0.9
2023-11,2023,11,2023-07-23,hungaroring,norris,Lando Norris,mclaren,McLaren,10,1,10,0.5789473684210527,0.46842105263157896,0.46842105263157896,0.09473684210526316,0.0760233918128655,0.0760233918128655,0,0,0.0760233918128655,10,0.531578947368421,0.4342105263157895,0.4342105263157895,0.05,0.05,0,0.4342105263157895
2023-11,2023,11,2023-07-23,hungaroring,ocon,Esteban Ocon,alpine,Alpine F1 Team,10,1,8,0.6105263157894736,0.5328947368421053,0.5328947368421053,0.05263157894736838,0.02631578947368418,0.02631578947368418,0,0,0.02631578947368418,10,0.4842105263157895,0.4842105263157895,0.4842105263157895,0.1,0.1,0,0.4842105263157895
2023-11,2023,11,2023-07-23,hungaroring,perez,Sergio Pérez,red_bull,Red Bull,10,1,10,0.6842105263157895,0.8105263157894737,0.8105263157894737,-0.3157894736842105,-0.1789473684210526,-0.1789473684210526,0,0,-0.1789473684210526,10,0.8421052631578947,0.9,0.9,0.0,0.0,0,0.9
2023-11,2023,11,2023-07-23,hungaroring,piastri,Oscar Piastri,mclaren,McLaren,10,1,9,0.4842105263157895,0.4269005847953216,0.4269005847953216,-0.09473684210526316,-0.0760233918128655,-0.0760233918128655,0,0,-0.0760233918128655,10,0.531578947368421,0.4342105263157895,0.4342105263157895,0.05,0.05,0,0.4342105263157895
2023-11,2023,11,2023-07-23,hungaroring,ricciardo,Daniel Ricciardo,alphatauri,AlphaTauri,0,0,0,0.5406178489702517,0.5406178489702517,0.5406178489702517,0.0,0.0,0.0,0,0,0.0,10,0.24210526315789474,0.32105263157894737,0.32105263157894737,0.05,0.05,0,0.32105263157894737
2023-11,2023,11,2023-07-23,hungaroring,russell,George Russell,mercedes,Mercedes,10,1,8,0.8,0.7697368421052632,0.7697368421052632,-0.010526315789473694,-0.026315789473684237,-0.026315789473684237,0,0,-0.026315789473684237,10,0.8263157894736842,0.8105263157894737,0.8105263157894737,0.1,0.1,0,0.8105263157894737
2023-11,2023,11,2023-07-23,hungaroring,sainz,Carlos Sainz,ferrari,Ferrari,10,1,10,0.6947368421052632,0.7052631578947368,0.7052631578947368,-0.021052631578947368,-0.006578947368421045,-0.006578947368421045,0,0,-0.006578947368421045,10,0.7052631578947368,0.7078947368421054,0.7078947368421054,0.1,0.1,0,0.7078947368421054
2023-11,2023,11,2023-07-23,hungaroring,sargeant,Logan Sargeant,williams,Williams,10,1,9,0.18947368421052632,0.2222222222222222,0.2222222222222222,-0.19999999999999998,-0.1879699248120301,-0.1879699248120301,0,0,-0.1879699248120301,10,0.39473684210526316,0.33421052631578946,0.33421052631578946,0.15,0.15,0,0.33421052631578946
2023-11,2023,11,2023-07-23,hungaroring,stroll,Lance Stroll,aston_martin,Aston Martin,10,1,8,0.5263157894736843,0.611842105263158,0.611842105263158,-0.2736842105263158,-0.21710526315789475,-0.21710526315789475,0,0,-0.21710526315789475,10,0.7210526315789474,0.7605263157894737,0.7605263157894737,0.1,0.1,0,0.7605263157894737
2023-11,2023,11,2023-07-23,hungaroring,tsunoda,Yuki Tsunoda,alphatauri,AlphaTauri,10,1,10,0.25263157894736843,0.37368421052631584,0.37368421052631584,0.021052631578947368,0.1169590643274854,0.1169590643274854,0,0,0.1169590643274854,10,0.24210526315789474,0.32105263157894737,0.32105263157894737,0.05,0.05,0,0.32105263157894737
2023-11,2023,11,2023-07-23,hungaroring,zhou,Guanyu Zhou,alfa,Alfa Romeo,10,1,9,0.3684210526315789,0.35672514619883045,0.35672514619883045,0.021052631578947344,-0.01169590643274855,-0.01169590643274855,0,0,-0.01169590643274855,10,0.3578947368421053,0.33684210526315794,0.33684210526315794,0.05,0.05,0,0.33684210526315794
2023-12,2023,12,2023-07-30,spa,albon,Alexander Albon,williams,Williams,11,1,9,0.4947368421052632,0.4502923976608187,0.4502923976608187,0.21052631578947367,0.21052631578947367,0.21052631578947367,0,0,0.21052631578947367,11,0.41052631578947374,0.3157894736842105,0.33014354066985646,0.15,0.13636363636363635,0,0.33014354066985646
2023-12,2023,12,2023-07-30,spa,alonso,Fernando Alonso,aston_martin,Aston Martin,11,1,11,0.7368421052631579,0.8157894736842106,0.8229665071770335,0.1894736842105263,0.19883040935672514,0.19883040935672514,0,0,0.19883040935672514,11,0.6421052631578947,0.7342105263157894,0.7416267942583733,0.1,0.09090909090909091,0,0.7416267942583733
2023-12,2023,12,2023-07-30,spa,bottas,Valtteri Bottas,alfa,Alfa Romeo,11,1,11,0.33684210526315794,0.32105263157894737,0.3492822966507177,2.2204460492503132e-17,0.03157894736842106,0.03157894736842106,0,0,0.03157894736842106,11,0.33684210526315794,0.3263157894736842,0.3349282296650718,0.05,0.045454545454545456,0,0.3349282296650718
2023-12,2023,12,2023-07-30,spa,gasly,Pierre Gasly,alpine,Alpine F1 Team,11,1,10,0.4526315789473685,0.4736842105263158,0.4736842105263158,-0.05263157894736838,-0.02631578947368418,-0.02631578947368418,0,0,-0.02631578947368418,11,0.4842105263157895,0.4842105263157895,0.4842105263157895,0.15,0.18181818181818182,0,0.4842105263157895
2023-12,2023,12,2023-07-30,spa,hamilton,Lewis Hamilton,mercedes,Mercedes,11,1,11,0.8421052631578947,0.8263157894736842,0.8229665071770335,0.05263157894736838,0.035087719298245626,0.035087719298245626,0,0,0.035087719298245626,11,0.8210526315789475,0.8157894736842106,0.8086124401913876,0.1,0.09090909090909091,0,0.8086124401913876
2023-12,2023,12,2023-07-30,spa,hulkenberg,Nico Hülkenberg,haas,Haas F1 Team,11,1,10,0.27368421052631586,0.3157894736842105,0.3157894736842105,0.052631578947368404,0.04093567251461986,0.04093567251461986,0,0,0.04093567251461986,11,0.2210526315789474,0.27631578947368424,0.2799043062200957,0.1,0.09090909090909091,0,0.2799043062200957
2023-12,2023,12,2023-07-30,spa,kevin_magnussen,Kevin Magnussen,haas,Haas F1 Team,11,1,10,0.11578947368421055,0.25263157894736843,0.25263157894736843,-0.052631578947368404,-0.04093567251461986,-0.04093567251461986,0,0,-0.04093567251461986,11,0.2210526315789474,0.27631578947368424,0.2799043062200957,0.1,0.09090909090909091,0,0.2799043062200957
2023-12,2023,12,2023-07-30,spa,leclerc,Charles Leclerc,ferrari,Ferrari,11,1,9,0.7052631578947368,0.7251461988304093,0.7251461988304093,0.010526315789473672,0.011695906432748537,0.011695906432748537,0,0,0.011695906432748537,11,0.7,0.6894736842105263,0.7033492822966507,0.05,0.09090909090909091,0,0.7033492822966507
2023-12,2023,12,2023-07-30,spa,max_verstappen,Max Verstappen,red_bull,Red Bull,11,1,11,1.0,0.9894736842105264,0.9904306220095694,0.1789473684210526,0.18421052631578946,0.17224880382775118,0,0,0.17224880382775118,11,0.9105263157894736,0.8973684210526317,0.9043062200956938,0.0,0.0,0,0.9043062200956938
2023-12,2023,12,2023-07-30,spa,norris,Lando Norris,mclaren,McLaren,11,1,11,0.6526315789473685,0.5473684210526316,0.5119617224880383,0.11578947368421055,0.08421052631578949,0.08421052631578949,0,0,0.08421052631578949,11,0.5947368421052632,0.5052631578947369,0.4736842105263159,0.0,0.045454545454545456,0,0.4736842105263159
2023-12,2023,12,2023-07-30,spa,ocon,Esteban Ocon,alpine,Alpine F1 Team,11,1,8,0.6105263157894736,0.5328947368421053,0.5328947368421053,0.05263157894736838,0.02631578947368418,0.02631578947368418,0,0,0.02631578947368418,11,0.4842105263157895,0.4842105263157895,0.4842105263157895,0.15,0.18181818181818182,0,0.4842105263157895
2023-12,2023,12,2023-07-30,spa,perez,Sergio Pérez,red_bull,Red Bull,11,1,11,0.8210526315789475,0.8052631578947368,0.8181818181818182,-0.1789473684210526,-0.18421052631578946,-0.17224880382775118,0,0,-0.17224880382775118,11,0.9105263157894736,0.8973684210526317,0.9043062200956938,0.0,0.0,0,0.9043062200956938
2023-12,2023,12,2023-07-30,spa,piastri,Oscar Piastri,mclaren,McLaren,11,1,10,0.5368421052631579,0.4631578947368421,0.4631578947368421,-0.11578947368421055,-0.08421052631578949,-0.08421052631578949,0,0,-0.08421052631578949,11,0.5947368421052632,0.5052631578947369,0.4736842105263159,0.0,0.045454545454545456,0,0.4736842105263159
2023-12,2023,12,2023-07-30,spa,ricciardo,Daniel Ricciardo,alphatauri,AlphaTauri,1,1,1,0.368421052631579,0.368421052631579,0.368421052631579,0.10526315789473684,0.10526315789473684,0.10526315789473684,0,0,0.10526315789473684,11,0.2368421052631579,0.31315789473684214,0.32057416267942584,0.05,0.045454545454545456,0,0.32057416267942584
2023-12,2023,12,2023-07-30,spa,russell,George Russell,mercedes,Mercedes,11,1,9,0.7789473684210526,0.7660818713450293,0.7660818713450293,-0.05263157894736838,-0.035087719298245626,-0.035087719298245626,0,0,-0.035087719298245626,11,0.8210526315789475,0.8157894736842106,0.8086124401913876,0.1,0.09090909090909091,0,0.8086124401913876
2023-12,2023,12,2023-07-30,spa,sainz,Carlos Sainz,ferrari,Ferrari,11,1,11,0.6947368421052632,0.6842105263157895,0.6985645933014354,-0.010526315789473672,-0.011695906432748537,-0.011695906432748537,0,0,-0.011695906432748537,11,0.7,0.6894736842105263,0.7033492822966507,0.05,0.09090909090909091,0,0.7033492822966507
2023-12,2023,12,2023-07-30,spa,sargeant,Logan Sargeant,williams,Williams,11,1,10,0.21052631578947373,0.21052631578947367,0.21052631578947367,-0.21052631578947367,-0.21052631578947367,-0.21052631578947367,0,0,-0.21052631578947367,11,0.41052631578947374,0.3157894736842105,0.33014354066985646,0.15,0.13636363636363635,0,0.33014354066985646
2023-12,2023,12,2023-07-30,spa,stroll,Lance Stroll,aston_martin,Aston Martin,11,1,9,0.5473684210526316,0.6023391812865497,0.6023391812865497,-0.1894736842105263,-0.19883040935672514,-0.19883040935672514,0,0,-0.19883040935672514,11,0.6421052631578947,0.7342105263157894,0.7416267942583733,0.1,0.09090909090909091,0,0.7416267942583733
2023-12,2023,12,2023-07-30,spa,tsunoda,Yuki Tsunoda,alphatauri,AlphaTauri,11,1,11,0.25263157894736843,0.35263157894736846,0.36363636363636365,0.03157894736842104,0.09473684210526317,0.09473684210526317,0,0,0.09473684210526317,11,0.2368421052631579,0.31315789473684214,0.32057416267942584,0.05,0.045454545454545456,0,0.32057416267942584
2023-12,2023,12,2023-07-30,spa,zhou,Guanyu Zhou,alfa,Alfa Romeo,11,1,10,0.3368421052631579,0.34210526315789475,0.34210526315789475,-2.2204460492503132e-17,-0.03157894736842106,-0.03157894736842106,0,0,-0.03157894736842106,11,0.33684210526315794,0.3263157894736842,0.3349282296650718,0.05,0.045454545454545456,0,0.3349282296650718
2023-13,2023,13,2023-08-27,zandvoort,albon,Alexander Albon,williams,Williams,12,1,10,0.5157894736842106,0.43684210526315786,0.43684210526315786,0.19999999999999998,0.2046783625730994,0.2046783625730994,0,0,0.2046783625730994,12,0.43684210526315786,0.31842105263157894,0.3223684210526316,0.1,0.125,0,0.3223684210526316
2023-13,2023,13,2023-08-27,zandvoort,alonso,Fernando Alonso,aston_martin,Aston Martin,12,1,12,0.7578947368421053,0.8052631578947368,0.8201754385964913,0.24210526315789474,0.2,0.2,0,0,0.2,12,0.6368421052631579,0.7131578947368421,0.736842105263158,0.05,0.08333333333333333,0,0.736842105263158
2023-13,2023,13,2023-08-27,zandvoort,bottas,Valtteri Bottas,alfa,Alfa Romeo,12,1,12,0.41052631578947374,0.35263157894736846,0.3552631578947369,0.11578947368421053,-0.005263157894736836,0.03349282296650718,0,0,0.03349282296650718,12,0.3526315789473684,0.3421052631578948,0.33991228070175444,0.05,0.041666666666666664,0,0.33991228070175444
2023-13,2023,13,2023-08-27,zandvoort,gasly,Pierre Gasly,alpine,Alpine F1 Team,12,1,11,0.41052631578947374,0.4631578947368421,0.4736842105263159,-0.09473684210526309,-0.04093567251461985,-0.04093567251461985,0,0,-0.04093567251461985,12,0.43684210526315786,0.48157894736842105,0.49043062200956933,0.15,0.16666666666666666,0,0.49043062200956933
2023-13,2023,13,2023-08-27,zandvoort,hamilton,Lewis Hamilton,mercedes,Mercedes,12,1,12,0.8210526315789473,0.8315789473684211,0.8245614035087719,0.06315789473684205,0.042105263157894736,0.042105263157894736,0,0,0.042105263157894736,12,0.7947368421052632,0.8131578947368421,0.8070175438596491,0.1,0.08333333333333333,0,0.8070175438596491
2023-13,2023,13,2023-08-27,zandvoort,hulkenberg,Nico Hülkenberg,haas,Haas F1 Team,12,1,11,0.26315789473684215,0.3,0.29665071770334933,0.07368421052631577,0.021052631578947344,0.021052631578947344,0,0,0.021052631578947344,12,0.2210526315789474,0.2473684210526316,0.2719298245614035,0.1,0.08333333333333333,0,0.2719298245614035
2023-13,2023,13,2023-08-27,zandvoort,kevin_magnussen,Kevin Magnussen,haas,Haas F1 Team,12,1,11,0.15789473684210528,0.24210526315789477,0.25358851674641153,-0.07368421052631577,-0.021052631578947344,-0.021052631578947344,0,0,-0.021052631578947344,12,0.2210526315789474,0.2473684210526316,0.2719298245614035,0.1,0.08333333333333333,0,0.2719298245614035
2023-13,2023,13,2023-08-27,zandvoort,lawson,Liam Lawson,alphatauri,AlphaTauri,0,0,0,0.5425837320574163,0.5425837320574163,0.5425837320574163,0.0,0.0,0.0,0,0,0.0,12,0.2368421052631579,0.3105263157894737,0.32456140350877194,0.05,0.041666666666666664,0,0.32456140350877194
2023-13,2023,13,2023-08-27,zandvoort,leclerc,Charles Leclerc,ferrari,Ferrari,12,1,10,0.7894736842105263,0.7421052631578948,0.7421052631578948,0.010526315789473672,0.011695906432748537,0.011695906432748537,0,0,0.011695906432748537,12,0.7526315789473685,0.7078947368421054,0.7192982456140351,0.1,0.125,0,0.7192982456140351
2023-13,2023,13,2023-08-27,zandvoort,max_verstappen,Max Verstappen,red_bull,Red Bull,12,1,12,1.0,0.9947368421052631,0.9912280701754387,0.15789473684210523,0.19473684210526315,0.16228070175438594,0,0,0.16228070175438594,12,0.9210526315789475,0.8973684210526317,0.9100877192982456,0.0,0.0,0,0.9100877192982456
2023-13,2023,13,2023-08-27,zandvoort,norris,Lando Norris,mclaren,McLaren,12,1,12,0.7578947368421053,0.6,0.5263157894736842,0.11578947368421055,0.08421052631578949,0.08421052631578949,0,0,0.08421052631578949,12,0.6789473684210526,0.5526315789473685,0.4912280701754386,0.05,0.08333333333333333,0,0.4912280701754386
2023-13,2023,13,2023-08-27,zandvoort,ocon,Esteban Ocon,alpine,Alpine F1 Team,12,1,9,0.6210526315789473,0.5438596491228069,0.5438596491228069,0.09473684210526309,0.04093567251461985,0.04093567251461985,0,0,0.04093567251461985,12,0.43684210526315786,0.48157894736842105,0.49043062200956933,0.15,0.16666666666666666,0,0.49043062200956933
2023-13,2023,13,2023-08-27,zandvoort,perez,Sergio Pérez,red_bull,Red Bull,12,1,12,0.8421052631578949,0.8,0.8289473684210527,-0.15789473684210523,-0.19473684210526315,-0.16228070175438594,0,0,-0.16228070175438594,12,0.9210526315789475,0.8973684210526317,0.9100877192982456,0.0,0.0,0,0.9100877192982456
2023-13,2023,13,2023-08-27,zandvoort,piastri,Oscar Piastri,mclaren,McLaren,12,1,10,0.5368421052631579,0.4631578947368421,0.4631578947368421,-0.11578947368421055,-0.08421052631578949,-0.08421052631578949,0,0,-0.08421052631578949,12,0.6789473684210526,0.5526315789473685,0.4912280701754386,0.05,0.08333333333333333,0,0.4912280701754386
2023-13,2023,13,2023-08-27,zandvoort,russell,George Russell,mercedes,Mercedes,12,1,10,0.7684210526315789,0.7631578947368421,0.7631578947368421,-0.06315789473684205,-0.042105263157894736,-0.042105263157894736,0,0,-0.042105263157894736,12,0.7947368421052632,0.8131578947368421,0.8070175438596491,0.1,0.08333333333333333,0,0.8070175438596491
2023-13,2023,13,2023-08-27,zandvoort,sainz,Carlos Sainz,ferrari,Ferrari,12,1,11,0.6947368421052632,0.6842105263157895,0.6985645933014354,-0.010526315789473672,-0.011695906432748537,-0.011695906432748537,0,0,-0.011695906432748537,12,0.7526315789473685,0.7078947368421054,0.7192982456140351,0.1,0.125,0,0.7192982456140351
2023-13,2023,13,2023-08-27,zandvoort,sargeant,Logan Sargeant,williams,Williams,12,1,11,0.2210526315789474,0.18421052631578946,0.20574162679425836,-0.19999999999999998,-0.2046783625730994,-0.2046783625730994,0,0,-0.2046783625730994,12,0.43684210526315786,0.31842105263157894,0.3223684210526316,0.1,0.125,0,0.3223684210526316
2023-13,2023,13,2023-08-27,zandvoort,stroll,Lance Stroll,aston_martin,Aston Martin,12,1,10,0.5157894736842106,0.6,0.6,-0.24210526315789474,-0.2,-0.2,0,0,-0.2,12,0.6368421052631579,0.7131578947368421,0.736842105263158,0.05,0.08333333333333333,0,0.736842105263158
2023-13,2023,13,2023-08-27,zandvoort,tsunoda,Yuki Tsunoda,alphatauri,AlphaTauri,12,1,12,0.27368421052631586,0.3578947368421053,0.3771929824561404,0.0736842105263158,0.11052631578947372,0.1148325358851675,0,0,0.1148325358851675,12,0.2368421052631579,0.3105263157894737,0.32456140350877194,0.05,0.041666666666666664,0,0.32456140350877194
2023-13,2023,13,2023-08-27,zandvoort,zhou,Guanyu Zhou,alfa,Alfa Romeo,12,1,11,0.2947368421052632,0.35789473684210527,0.3444976076555024,-0.11578947368421053,0.005263157894736836,-0.03349282296650718,0,0,-0.03349282296650718,12,0.3526315789473684,0.3421052631578948,0.33991228070175444,0.05,0.041666666666666664,0,0.33991228070175444
2023-14,2023,14,2023-09-03,monza,albon,Alexander Albon,williams,Williams,13,1,11,0.5052631578947369,0.4473684210526316,0.45454545454545453,0.19999999999999998,0.2046783625730994,0.2046783625730994,0,0,0.2046783625730994,13,0.42631578947368426,0.3605263157894737,0.34615384615384615,0.1,0.15384615384615385,0,0.34615384615384615
2023-14,2023,14,2023-09-03,monza,alonso,Fernando Alonso,aston_martin,Aston Martin,13,1,13,0.7578947368421053,0.8105263157894737,0.8299595141700405,0.26315789473684215,0.23157894736842105,0.22488038277511962,0,0,0.22488038277511962,13,0.6263157894736843,0.6973684210526316,0.7348178137651822,0.05,0.07692307692307693,0,0.7348178137651822
2023-14,2023,14,2023-09-03,monza,bottas,Valtteri Bottas,alfa,Alfa Romeo,13,1,13,0.3684210526315789,0.33684210526315794,0.35222672064777333,0.11578947368421053,-0.005263157894736836,0.03349282296650718,0,0,0.03349282296650718,13,0.34210526315789475,0.32105263157894737,0.33805668016194335,0.1,0.07692307692307693,0,0.33805668016194335
2023-14,2023,14,2023-09-03,monza,gasly,Pierre Gasly,alpine,Alpine F1 Team,13,1,12,0.4842105263157895,0.4947368421052632,0.5087719298245614,0.021052631578947413,2.2204460492503132e-17,2.2204460492503132e-17,0,0,2.2204460492503132e-17,13,0.4631578947368421,0.4921052631578947,0.5087719298245614,0.15,0.15384615384615385,0,0.5087719298245614
2023-14,2023,14,2023-09-03,monza,hamilton,Lewis Hamilton,mercedes,Mercedes,13,1,13,0.7894736842105263,0.8105263157894737,0.8178137651821863,0.1684210526315789,0.08947368421052632,0.09090909090909091,0,0,0.09090909090909091,13,0.7052631578947368,0.7631578947368421,0.7793522267206477,0.05,0.07692307692307693,0,0.7793522267206477
2023-14,2023,14,2023-09-03,monza,hulkenberg,Nico Hülkenberg,haas,Haas F1 Team,13,1,12,0.2947368421052632,0.3,0.30701754385964913,0.09473684210526315,0.0526315789473684,0.038277511961722466,0,0,0.038277511961722466,13,0.24210526315789474,0.2368421052631579,0.2753036437246964,0.1,0.07692307692307693,0,0.2753036437246964
2023-14,2023,14,2023-09-03,monza,kevin_magnussen,Kevin Magnussen,haas,Haas F1 Team,13,1,12,0.17894736842105266,0.21052631578947373,0.25000000000000006,-0.09473684210526315,-0.0526315789473684,-0.038277511961722466,0,0,-0.038277511961722466,13,0.24210526315789474,0.2368421052631579,0.2753036437246964,0.1,0.07692307692307693,0,0.2753036437246964
2023-14,2023,14,2023-09-03,monza,lawson,Liam Lawson,alphatauri,AlphaTauri,1,1,1,0.368421052631579,0.368421052631579,0.368421052631579,0.10526315789473684,0.10526315789473684,0.10526315789473684,0,0,0.10526315789473684,13,0.2578947368421053,0.3026315789473685,0.3238866396761134,0.05,0.038461538461538464,0,0.3238866396761134
2023-14,2023,14,2023-09-03,monza,leclerc,Charles Leclerc,ferrari,Ferrari,13,1,10,0.7894736842105263,0.7421052631578948,0.7421052631578948,0.010526315789473672,0.011695906432748537,0.011695906432748537,0,0,0.011695906432748537,13,0.7473684210526316,0.7447368421052631,0.7246963562753036,0.1,0.15384615384615385,0,0.7246963562753036
2023-14,2023,14,2023-09-03,monza,max_verstappen,Max Verstappen,red_bull,Red Bull,13,1,13,1.0,0.9947368421052631,0.9919028340080972,0.13684210526315788,0.1894736842105263,0.16194331983805668,0,0,0.16194331983805668,13,0.9315789473684211,0.9,0.9109311740890689,0.0,0.0,0,0.9109311740890689
2023-14,2023,14,2023-09-03,monza,norris,Lando Norris,mclaren,McLaren,13,1,13,0.8210526315789475,0.5947368421052632,0.5384615384615384,0.17894736842105266,0.10526315789473686,0.08612440191387562,0,0,0.08612440191387562,13,0.7210526315789474,0.5473684210526316,0.5020242914979758,0.05,0.07692307692307693,0,0.5020242914979758
2023-14,2023,14,2023-09-03,monza,ocon,Esteban Ocon,alpine,Alpine F1 Team,13,1,10,0.5473684210526316,0.5421052631578946,0.5421052631578946,-0.021052631578947413,-2.2204460492503132e-17,-2.2204460492503132e-17,0,0,-2.2204460492503132e-17,13,0.4631578947368421,0.4921052631578947,0.5087719298245614,0.15,0.15384615384615385,0,0.5087719298245614
2023-14,2023,14,2023-09-03,monza,perez,Sergio Pérez,red_bull,Red Bull,13,1,13,0.8631578947368421,0.8052631578947368,0.8299595141700405,-0.13684210526315788,-0.1894736842105263,-0.16194331983805668,0,0,-0.16194331983805668,13,0.9315789473684211,0.9,0.9109311740890689,0.0,0.0,0,0.9109311740890689
2023-14,2023,14,2023-09-03,monza,piastri,Oscar Piastri,mclaren,McLaren,13,1,11,0.5789473684210527,0.4947368421052632,0.4736842105263159,-0.17894736842105266,-0.10526315789473686,-0.08612440191387562,0,0,-0.08612440191387562,13,0.7210526315789474,0.5473684210526316,0.5020242914979758,0.05,0.07692307692307693,0,0.5020242914979758
2023-14,2023,14,2023-09-03,monza,russell,George Russell,mercedes,Mercedes,13,1,11,0.6210526315789474,0.7105263157894737,0.7081339712918661,-0.1684210526315789,-0.08947368421052632,-0.09090909090909091,0,0,-0.09090909090909091,13,0.7052631578947368,0.7631578947368421,0.7793522267206477,0.05,0.07692307692307693,0,0.7793522267206477
2023-14,2023,14,2023-09-03,monza,sainz,Carlos Sainz,ferrari,Ferrari,13,1,12,0.6947368421052632,0.6894736842105263,0.706140350877193,-0.010526315789473672,-0.011695906432748537,-0.011695906432748537,0,0,-0.011695906432748537,13,0.7473684210526316,0.7447368421052631,0.7246963562753036,0.1,0.15384615384615385,0,0.7246963562753036
2023-14,2023,14,2023-09-03,monza,sargeant,Logan Sargeant,williams,Williams,13,1,11,0.2210526315789474,0.18421052631578946,0.20574162679425836,-0.19999999999999998,-0.2046783625730994,-0.2046783625730994,0,0,-0.2046783625730994,13,0.42631578947368426,0.3605263157894737,0.34615384615384615,0.1,0.15384615384615385,0,0.34615384615384615
2023-14,2023,14,2023-09-03,monza,stroll,Lance Stroll,aston_martin,Aston Martin,13,1,11,0.4947368421052632,0.5736842105263158,0.5885167464114832,-0.26315789473684215,-0.23157894736842105,-0.22488038277511962,0,0,-0.22488038277511962,13,0.6263157894736843,0.6973684210526316,0.7348178137651822,0.05,0.07692307692307693,0,0.7348178137651822
2023-14,2023,14,2023-09-03,monza,tsunoda,Yuki Tsunoda,alphatauri,AlphaTauri,13,1,13,0.26315789473684215,0.3315789473684211,0.368421052631579,0.010526315789473694,0.08421052631578949,0.09649122807017546,0,0,0.09649122807017546,13,0.2578947368421053,0.3026315789473685,0.3238866396761134,0.05,0.038461538461538464,0,0.3238866396761134
2023-14,2023,14,2023-09-03,monza,zhou,Guanyu Zhou,alfa,Alfa Romeo,13,1,11,0.2947368421052632,0.35789473684210527,0.3444976076555024,-0.11578947368421053,0.005263157894736836,-0.03349282296650718,0,0,-0.03349282296650718,13,0.34210526315789475,0.32105263157894737,0.33805668016194335,0.1,0.07692307692307693,0,0.33805668016194335
2023-15,2023,15,2023-09-17,marina_bay,albon,Alexander Albon,williams,Williams,14,1,12,0.5473684210526316,0.47368421052631576,0.47368421052631576,0.22105263157894733,0.21578947368421053,0.21578947368421053,0,0,0.21578947368421053,14,0.4473684210526316,0.3815789473684211,0.3590225563909774,0.1,0.14285714285714285,0,0.3590225563909774
2023-15,2023,15,2023-09-17,marina_bay,alonso,Fernando Alonso,aston_martin,Aston Martin,14,1,14,0.7157894736842105,0.7842105263157895,0.8120300751879699,0.2947368421052632,0.26315789473684215,0.23684210526315788,0,0,0.23684210526315788,14,0.5684210526315789,0.6605263157894737,0.7105263157894737,0.05,0.07142857142857142,0,0.7105263157894737
2023-15,2023,15,2023-09-17,marina_bay,bottas,Valtteri Bottas,alfa,Alfa Romeo,14,1,14,0.42105263157894735,0.37894736842105264,0.36466165413533835,0.09473684210526316,0.04210526315789476,0.04824561403508773,0,0,0.04824561403508773,14,0.35789473684210527,0.35263157894736846,0.34398496240601506,0.05,0.07142857142857142,0,0.34398496240601506
2023-15,2023,15,2023-09-17,marina_bay,gasly,Pierre Gasly,alpine,Alpine F1 Team,14,1,13,0.4526315789473685,0.4842105263157895,0.4898785425101214,0.021052631578947413,2.2204460492503132e-17,2.2204460492503132e-17,0,0,2.2204460492503132e-17,14,0.41052631578947374,0.4842105263157895,0.4898785425101214,0.2,0.17857142857142858,0,0.4898785425101214
2023-15,2023,15,2023-09-17,marina_bay,hamilton,Lewis Hamilton,mercedes,Mercedes,14,1,14,0.8105263157894737,0.8105263157894737,0.8120300751879699,0.16842105263157892,0.08947368421052632,0.07894736842105264,0,0,0.07894736842105264,14,0.7263157894736842,0.7710526315789473,0.7781954887218046,0.05,0.07142857142857142,0,0.7781954887218046
2023-15,2023,15,2023-09-17,marina_bay,hulkenberg,Nico Hülkenberg,haas,Haas F1 Team,14,1,13,0.2736842105263158,0.2473684210526316,0.29554655870445345,0.07368421052631577,0.06842105263157894,0.0394736842105263,0,0,0.0394736842105263,14,0.2473684210526316,0.2236842105263158,0.2650375939849624,0.1,0.07142857142857142,0,0.2650375939849624
2023-15,2023,15,2023-09-17,marina_bay,kevin_magnussen,Kevin Magnussen,haas,Haas F1 Team,14,1,13,0.16842105263157897,0.20526315789473687,0.23886639676113364,-0.07368421052631577,-0.06842105263157894,-0.0394736842105263,0,0,-0.0394736842105263,14,0.2473684210526316,0.2236842105263158,0.2650375939849624,0.1,0.07142857142857142,0,0.2650375939849624
2023-15,2023,15,2023-09-17,marina_bay,lawson,Liam Lawson,alphatauri,AlphaTauri,2,1,2,0.4210526315789474,0.4210526315789474,0.4210526315789474,0.10526315789473684,0.10526315789473684,0.10526315789473684,0,0,0.10526315789473684,14,0.3315789473684211,0.2973684210526316,0.33458646616541354,0.0,0.037037037037037035,0,0.33458646616541354
2023-15,2023,15,2023-09-17,marina_bay,leclerc,Charles Leclerc,ferrari,Ferrari,14,1,11,0.7894736842105263,0.7578947368421053,0.7511961722488039,0.06315789473684208,0.005263157894736836,0.005263157894736836,0,0,0.005263157894736836,14,0.7526315789473685,0.7473684210526316,0.7349624060150376,0.1,0.14285714285714285,0,0.7349624060150376
2023-15,2023,15,2023-09-17,marina_bay,max_verstappen,Max Verstappen,red_bull,Red Bull,14,1,14,1.0,1.0,0.9924812030075189,0.1263157894736842,0.19999999999999998,0.15413533834586465,0,0,0.15413533834586465,14,0.9368421052631579,0.9,0.9154135338345865,0.0,0.0,0,0.9154135338345865
2023-15,2023,15,2023-09-17,marina_bay,norris,Lando Norris,mclaren,McLaren,14,1,14,0.7789473684210526,0.6,0.5451127819548872,0.24210526315789477,0.11578947368421053,0.09649122807017545,0,0,0.09649122807017545,14,0.7210526315789474,0.5473684210526316,0.5037593984962406,0.05,0.07142857142857142,0,0.5037593984962406
2023-15,2023,15,2023-09-17,marina_bay,ocon,Esteban Ocon,alpine,Alpine F1 Team,14,1,10,0.5473684210526316,0.5421052631578946,0.5421052631578946,-0.021052631578947413,-2.2204460492503132e-17,-2.2204460492503132e-17,0,0,-2.2204460492503132e-17,14,0.41052631578947374,0.4842105263157895,0.4898785425101214,0.2,0.17857142857142858,0,0.4898785425101214
2023-15,2023,15,2023-09-17,marina_bay,perez,Sergio Pérez,red_bull,Red Bull,14,1,14,0.8736842105263157,0.8,0.8383458646616541,-0.1263157894736842,-0.19999999999999998,-0.15413533834586465,0,0,-0.15413533834586465,14,0.9368421052631579,0.9,0.9154135338345865,0.0,0.0,0,0.9154135338345865
2023-15,2023,15,2023-09-17,marina_bay,piastri,Oscar Piastri,mclaren,McLaren,14,1,12,0.5684210526315789,0.4736842105263158,0.4692982456140351,-0.24210526315789477,-0.11578947368421053,-0.09649122807017545,0,0,-0.09649122807017545,14,0.7210526315789474,0.5473684210526316,0.5037593984962406,0.05,0.07142857142857142,0,0.5037593984962406
2023-15,2023,15,2023-09-17,marina_bay,russell,George Russell,mercedes,Mercedes,14,1,12,0.6421052631578947,0.7052631578947368,0.7149122807017544,-0.16842105263157892,-0.08947368421052632,-0.07894736842105264,0,0,-0.07894736842105264,14,0.7263157894736842,0.7710526315789473,0.7781954887218046,0.05,0.07142857142857142,0,0.7781954887218046
2023-15,2023,15,2023-09-17,marina_bay,sainz,Carlos Sainz,ferrari,Ferrari,14,1,13,0.7157894736842105,0.7368421052631579,0.7206477732793523,-0.06315789473684208,-0.005263157894736836,-0.005263157894736836,0,0,-0.005263157894736836,14,0.7526315789473685,0.7473684210526316,0.7349624060150376,0.1,0.14285714285714285,0,0.7349624060150376
2023-15,2023,15,2023-09-17,marina_bay,sargeant,Logan Sargeant,williams,Williams,14,1,12,0.2947368421052632,0.2,0.2192982456140351,-0.22105263157894733,-0.21578947368421053,-0.21578947368421053,0,0,-0.21578947368421053,14,0.4473684210526316,0.3815789473684211,0.3590225563909774,0.1,0.14285714285714285,0,0.3590225563909774
2023-15,2023,15,2023-09-17,marina_bay,stroll,Lance Stroll,aston_martin,Aston Martin,14,1,12,0.42105263157894746,0.5105263157894737,0.5570175438596491,-0.2947368421052632,-0.26315789473684215,-0.23684210526315788,0,0,-0.23684210526315788,14,0.5684210526315789,0.6605263157894737,0.7105263157894737,0.05,0.07142857142857142,0,0.7105263157894737
2023-15,2023,15,2023-09-17,marina_bay,tsunoda,Yuki Tsunoda,alphatauri,AlphaTauri,13,1,13,0.26315789473684215,0.3315789473684211,0.368421052631579,0.010526315789473694,0.08421052631578949,0.09649122807017546,0,0,0.09649122807017546,14,0.3315789473684211,0.2973684210526316,0.33458646616541354,0.0,0.037037037037037035,0,0.33458646616541354
2023-15,2023,15,2023-09-17,marina_bay,zhou,Guanyu Zhou,alfa,Alfa Romeo,14,1,12,0.3157894736842105,0.3526315789473684,0.34210526315789475,-0.09473684210526316,-0.04210526315789476,-0.04824561403508773,0,0,-0.04824561403508773,14,0.35789473684210527,0.35263157894736846,0.34398496240601506,0.05,0.07142857142857142,0,0.34398496240601506
2023-16,2023,16,2023-09-24,suzuka,albon,Alexander Albon,williams,Williams,15,1,13,0.5157894736842106,0.4894736842105263,0.4736842105263158,0.23157894736842105,0.22105263157894733,0.2105263157894737,0,0,0.2105263157894737,15,0.41578947368421054,0.4052631578947368,0.36140350877192984,0.1,0.13333333333333333,0,0.36140350877192984
2023-16,2023,16,2023-09-24,suzuka,alonso,Fernando Alonso,aston_martin,Aston Martin,15,1,15,0.631578947368421,0.7210526315789474,0.775438596491228,0.2947368421052632,0.26315789473684215,0.23684210526315788,0,0,0.23684210526315788,15,0.5210526315789474,0.6210526315789474,0.6807017543859649,0.05263157894736842,0.06896551724137931,0,0.6807017543859649
2023-16,2023,16,2023-09-24,suzuka,bottas,Valtteri Bottas,alfa,Alfa Romeo,15,1,14,0.42105263157894735,0.37894736842105264,0.36466165413533835,0.09473684210526316,0.04210526315789476,0.04824561403508773,0,0,0.04824561403508773,15,0.3736842105263158,0.36578947368421055,0.3491228070175439,0.1,0.1,0,0.3491228070175439
2023-16,2023,16,2023-09-24,suzuka,gasly,Pierre Gasly,alpine,Alpine F1 Team,15,1,14,0.4947368421052632,0.5263157894736843,0.5075187969924813,0.021052631578947413,2.2204460492503132e-17,2.2204460492503132e-17,0,0,2.2204460492503132e-17,15,0.47368421052631576,0.5289473684210526,0.5075187969924813,0.25,0.2,0,0.5075187969924813
2023-16,2023,16,2023-09-24,suzuka,hamilton,Lewis Hamilton,mercedes,Mercedes,15,1,15,0.8105263157894737,0.8263157894736842,0.8175438596491228,0.28421052631578947,0.14736842105263157,0.12550607287449395,0,0,0.12550607287449395,15,0.6684210526315789,0.7473684210526316,0.7631578947368421,0.05,0.06666666666666667,0,0.7631578947368421
2023-16,2023,16,2023-09-24,suzuka,hulkenberg,Nico Hülkenberg,haas,Haas F1 Team,15,1,14,0.2736842105263158,0.268421052631579,0.30075187969924816,0.021052631578947344,-1.1102230246251566e-17,0.024291497975708485,0,0,0.024291497975708485,15,0.26315789473684215,0.22894736842105265,0.2771929824561404,0.1,0.06666666666666667,0,0.2771929824561404
2023-16,2023,16,2023-09-24,suzuka,kevin_magnussen,Kevin Magnussen,haas,Haas F1 Team,15,1,14,0.25263157894736843,0.2210526315789474,0.2593984962406016,-0.021052631578947344,1.1102230246251566e-17,-0.024291497975708485,0,0,-0.024291497975708485,15,0.26315789473684215,0.22894736842105265,0.2771929824561404,0.1,0.06666666666666667,0,0.2771929824561404
2023-16,2023,16,2023-09-24,suzuka,lawson,Liam Lawson,alphatauri,AlphaTauri,3,1,3,0.47368421052631576,0.47368421052631576,0.47368421052631576,0.10526315789473684,0.10526315789473684,0.10526315789473684,0,0,0.10526315789473684,15,0.41052631578947374,0.3263157894736842,0.3508771929824562,0.05263157894736842,0.06896551724137931,0,0.3508771929824562
2023-16,2023,16,2023-09-24,suzuka,leclerc,Charles Leclerc,ferrari,Ferrari,15,1,12,0.7684210526315789,0.7526315789473684,0.7587719298245613,0.021052631578947344,-0.005263157894736847,-0.009569377990430632,0,0,-0.009569377990430632,15,0.8263157894736842,0.7657894736842106,0.7473684210526316,0.1,0.13333333333333333,0,0.7473684210526316
2023-16,2023,16,2023-09-24,suzuka,max_verstappen,Max Verstappen,red_bull,Red Bull,15,1,15,0.9578947368421054,0.9789473684210526,0.9789473684210527,0.10526315789473684,0.21052631578947367,0.1543859649122807,0,0,0.1543859649122807,15,0.9052631578947368,0.8736842105263157,0.9017543859649123,0.0,0.0,0,0.9017543859649123
2023-16,2023,16,2023-09-24,suzuka,norris,Lando Norris,mclaren,McLaren,15,1,15,0.7789473684210526,0.6789473684210526,0.5719298245614035,0.16842105263157897,0.13157894736842107,0.10931174089068828,0,0,0.10931174089068828,15,0.7052631578947368,0.618421052631579,0.524561403508772,0.05,0.06666666666666667,0,0.524561403508772
2023-16,2023,16,2023-09-24,suzuka,ocon,Esteban Ocon,alpine,Alpine F1 Team,15,1,10,0.5473684210526316,0.5421052631578946,0.5421052631578946,-0.021052631578947413,-2.2204460492503132e-17,-2.2204460492503132e-17,0,0,-2.2204460492503132e-17,15,0.47368421052631576,0.5289473684210526,0.5075187969924813,0.25,0.2,0,0.5075187969924813
2023-16,2023,16,2023-09-24,suzuka,perez,Sergio Pérez,red_bull,Red Bull,15,1,15,0.8526315789473685,0.7684210526315789,0.8245614035087719,-0.10526315789473684,-0.21052631578947367,-0.1543859649122807,0,0,-0.1543859649122807,15,0.9052631578947368,0.8736842105263157,0.9017543859649123,0.0,0.0,0,0.9017543859649123
2023-16,2023,16,2023-09-24,suzuka,piastri,Oscar Piastri,mclaren,McLaren,15,1,13,0.6631578947368422,0.4947368421052632,0.4858299595141701,-0.16842105263157897,-0.13157894736842107,-0.10931174089068828,0,0,-0.10931174089068828,15,0.7052631578947368,0.618421052631579,0.524561403508772,0.05,0.06666666666666667,0,0.524561403508772
2023-16,2023,16,2023-09-24,suzuka,russell,George Russell,mercedes,Mercedes,15,1,13,0.5263157894736843,0.6631578947368422,0.6761133603238866,-0.28421052631578947,-0.14736842105263157,-0.12550607287449395,0,0,-0.12550607287449395,15,0.6684210526315789,0.7473684210526316,0.7631578947368421,0.05,0.06666666666666667,0,0.7631578947368421
2023-16,2023,16,2023-09-24,suzuka,sainz,Carlos Sainz,ferrari,Ferrari,15,1,14,0.7684210526315789,0.7578947368421053,0.7406015037593985,-0.021052631578947344,0.005263157894736847,0.009569377990430632,0,0,0.009569377990430632,15,0.8263157894736842,0.7657894736842106,0.7473684210526316,0.1,0.13333333333333333,0,0.7473684210526316
2023-16,2023,16,2023-09-24,suzuka,sargeant,Logan Sargeant,williams,Williams,15,1,13,0.28421052631578947,0.21052631578947373,0.22672064777327938,-0.23157894736842105,-0.22105263157894733,-0.2105263157894737,0,0,-0.2105263157894737,15,0.41578947368421054,0.4052631578947368,0.36140350877192984,0.1,0.13333333333333333,0,0.36140350877192984
2023-16,2023,16,2023-09-24,suzuka,stroll,Lance Stroll,aston_martin,Aston Martin,14,1,12,0.42105263157894746,0.5105263157894737,0.5570175438596491,-0.2947368421052632,-0.26315789473684215,-0.23684210526315788,0,0,-0.23684210526315788,15,0.5210526315789474,0.6210526315789474,0.6807017543859649,0.05263157894736842,0.06896551724137931,0,0.6807017543859649
2023-16,2023,16,2023-09-24,suzuka,tsunoda,Yuki Tsunoda,alphatauri,AlphaTauri,14,1,13,0.26315789473684215,0.3315789473684211,0.368421052631579,0.010526315789473694,0.08421052631578949,0.09649122807017546,0,0,0.09649122807017546,15,0.41052631578947374,0.3263157894736842,0.3508771929824562,0.05263157894736842,0.06896551724137931,0,0.3508771929824562
2023-16,2023,16,2023-09-24,suzuka,zhou,Guanyu Zhou,alfa,Alfa Romeo,15,1,13,0.3157894736842105,0.3368421052631579,0.3481781376518219,-0.09473684210526316,-0.04210526315789476,-0.04824561403508773,0,0,-0.04824561403508773,15,0.3736842105263158,0.36578947368421055,0.3491228070175439,0.1,0.1,0,0.3491228070175439
2023-17,2023,17,2023-10-08,losail,albon,Alexander Albon,williams,Williams,16,1,13,0.5157894736842106,0.4894736842105263,0.4736842105263158,0.23157894736842105,0.22105263157894733,0.2105263157894737,0,0,0.2105263157894737,16,0.41578947368421054,0.4052631578947368,0.36140350877192984,0.2,0.1875,0,0.36140350877192984
2023-17,2023,17,2023-10-08,losail,alonso,Fernando Alonso,aston_martin,Aston Martin,16,1,16,0.6421052631578947,0.6894736842105263,0.7664473684210527,0.2947368421052632,0.26315789473684215,0.23684210526315788,0,0,0.23684210526315788,16,0.5368421052631579,0.5894736842105264,0.6776315789473685,0.05263157894736842,0.0967741935483871,0,0.6776315789473685
2023-17,2023,17,2023-10-08,losail,bottas,Valtteri Bottas,alfa,Alfa Romeo,16,1,14,0.42105263157894735,0.37894736842105264,0.36466165413533835,0.09473684210526316,0.04210526315789476,0.04824561403508773,0,0,0.04824561403508773,16,0.38421052631578945,0.3605263157894737,0.3503289473684211,0.15,0.125,0,0.3503289473684211
2023-17,2023,17,2023-10-08,losail,gasly,Pierre Gasly,alpine,Alpine F1 Team,16,1,15,0.5789473684210527,0.5157894736842106,0.5087719298245614,0.03157894736842108,2.2204460492503132e-17,-0.004784688995215286,0,0,-0.004784688995215286,16,0.5631578947368421,0.5236842105263159,0.5105263157894737,0.25,0.1875,0,0.5105263157894737
2023-17,2023,17,2023-10-08,losail,hamilton,Lewis Hamilton,mercedes,Mercedes,16,1,16,0.8,0.8210526315789475,0.8157894736842105,0.28421052631578947,0.16842105263157894,0.12406015037593986,0,0,0.12406015037593986,16,0.6578947368421053,0.7394736842105264,0.7615131578947368,0.05,0.0625,0,0.7615131578947368
2023-17,2023,17,2023-10-08,losail,hulkenberg,Nico Hülkenberg,haas,Haas F1 Team,16,1,15,0.2736842105263158,0.2736842105263158,0.30175438596491233,-2.2204460492503132e-17,0.02631578947368419,0.026315789473684188,0,0,0.026315789473684188,16,0.2736842105263158,0.2473684210526316,0.2779605263157895,0.1,0.0625,0,0.2779605263157895
2023-17,2023,17,2023-10-08,losail,kevin_magnussen,Kevin Magnussen,haas,Haas F1 Team,16,1,15,0.27368421052631586,0.19473684210526318,0.2596491228070176,2.2204460492503132e-17,-0.02631578947368419,-0.026315789473684188,0,0,-0.026315789473684188,16,0.2736842105263158,0.2473684210526316,0.2779605263157895,0.1,0.0625,0,0.2779605263157895
2023-17,2023,17,2023-10-08,losail,lawson,Liam Lawson,alphatauri,AlphaTauri,4,1,4,0.4736842105263158,0.4736842105263158,0.4736842105263158,0.07894736842105265,0.07894736842105265,0.07894736842105265,0,0,0.07894736842105265,16,0.43684210526315786,0.33684210526315794,0.35690789473684215,0.05263157894736842,0.06451612903225806,0,0.35690789473684215
2023-17,2023,17,2023-10-08,losail,leclerc,Charles Leclerc,ferrari,Ferrari,16,1,13,0.8210526315789473,0.7684210526315789,0.7651821862348178,-4.4408920985006264e-17,-0.0052631578947368585,-1.850371707708594e-17,0,0,-1.850371707708594e-17,16,0.8526315789473685,0.7763157894736843,0.75,0.1,0.125,0,0.75
2023-17,2023,17,2023-10-08,losail,max_verstappen,Max Verstappen,red_bull,Red Bull,16,1,16,0.9578947368421054,0.9789473684210526,0.9802631578947368,0.10526315789473684,0.21052631578947367,0.1543859649122807,0,0,0.1543859649122807,16,0.9157894736842106,0.9131578947368422,0.9078947368421053,0.05,0.03125,0,0.9078947368421053
2023-17,2023,17,2023-10-08,losail,norris,Lando Norris,mclaren,McLaren,16,1,16,0.7789473684210526,0.7157894736842105,0.5953947368421053,0.15789473684210528,0.12631578947368421,0.10526315789473685,0,0,0.10526315789473685,16,0.7157894736842105,0.6552631578947368,0.549342105263158,0.05,0.0625,0,0.549342105263158
2023-17,2023,17,2023-10-08,losail,ocon,Esteban Ocon,alpine,Alpine F1 Team,16,1,11,0.5368421052631579,0.5368421052631579,0.5454545454545454,-0.03157894736842108,-2.2204460492503132e-17,0.004784688995215286,0,0,0.004784688995215286,16,0.5631578947368421,0.5236842105263159,0.5105263157894737,0.25,0.1875,0,0.5105263157894737
2023-17,2023,17,2023-10-08,losail,perez,Sergio Pérez,red_bull,Red Bull,16,1,15,0.8526315789473685,0.7684210526315789,0.8245614035087719,-0.10526315789473684,-0.21052631578947367,-0.1543859649122807,0,0,-0.1543859649122807,16,0.9157894736842106,0.9131578947368422,0.9078947368421053,0.05,0.03125,0,0.9078947368421053
2023-17,2023,17,2023-10-08,losail,piastri,Oscar Piastri,mclaren,McLaren,16,1,14,0.6736842105263158,0.5789473684210527,0.5150375939849624,-0.15789473684210528,-0.12631578947368421,-0.10526315789473685,0,0,-0.10526315789473685,16,0.7157894736842105,0.6552631578947368,0.549342105263158,0.05,0.0625,0,0.549342105263158
2023-17,2023,17,2023-10-08,losail,russell,George Russell,mercedes,Mercedes,16,1,14,0.5157894736842106,0.6473684210526316,0.6766917293233082,-0.28421052631578947,-0.16842105263157894,-0.12406015037593986,0,0,-0.12406015037593986,16,0.6578947368421053,0.7394736842105264,0.7615131578947368,0.05,0.0625,0,0.7615131578947368
2023-17,2023,17,2023-10-08,losail,sainz,Carlos Sainz,ferrari,Ferrari,16,1,15,0.8105263157894737,0.7526315789473684,0.7403508771929824,4.4408920985006264e-17,0.0052631578947368585,1.850371707708594e-17,0,0,1.850371707708594e-17,16,0.8526315789473685,0.7763157894736843,0.75,0.1,0.125,0,0.75
2023-17,2023,17,2023-10-08,losail,sargeant,Logan Sargeant,williams,Williams,16,1,13,0.28421052631578947,0.21052631578947373,0.22672064777327938,-0.23157894736842105,-0.22105263157894733,-0.2105263157894737,0,0,-0.2105263157894737,16,0.41578947368421054,0.4052631578947368,0.36140350877192984,0.2,0.1875,0,0.36140350877192984
2023-17,2023,17,2023-10-08,losail,stroll,Lance Stroll,aston_martin,Aston Martin,15,1,12,0.42105263157894746,0.5105263157894737,0.5570175438596491,-0.2947368421052632,-0.26315789473684215,-0.23684210526315788,0,0,-0.23684210526315788,16,0.5368421052631579,0.5894736842105264,0.6776315789473685,0.05263157894736842,0.0967741935483871,0,0.6776315789473685
2023-17,2023,17,2023-10-08,losail,tsunoda,Yuki Tsunoda,alphatauri,AlphaTauri,15,1,14,0.33684210526315794,0.32105263157894737,0.3721804511278196,0.021052631578947368,0.05263157894736843,0.08502024291497978,0,0,0.08502024291497978,16,0.43684210526315786,0.33684210526315794,0.35690789473684215,0.05263157894736842,0.06451612903225806,0,0.35690789473684215
2023-17,2023,17,2023-10-08,losail,zhou,Guanyu Zhou,alfa,Alfa Romeo,16,1,14,0.3368421052631579,0.3526315789473684,0.349624060150376,-0.09473684210526316,-0.04210526315789476,-0.04824561403508773,0,0,-0.04824561403508773,16,0.38421052631578945,0.3605263157894737,0.3503289473684211,0.15,0.125,0,0.3503289473684211
2023-18,2023,18,2023-10-22,americas,albon,Alexander Albon,williams,Williams,17,1,14,0.4947368421052632,0.4947368421052632,0.46616541353383456,0.23157894736842105,0.22105263157894733,0.2105263157894737,0,0,0.2105263157894737,17,0.43157894736842106,0.42105263157894735,0.3618421052631579,0.25,0.20588235294117646,0,0.3618421052631579
2023-18,2023,18,2023-10-22,americas,alonso,Fernando Alonso,aston_martin,Aston Martin,17,1,17,0.631578947368421,0.6947368421052632,0.7647058823529411,0.2736842105263158,0.2736842105263158,0.23886639676113358,0,0,0.23886639676113358,17,0.5210526315789474,0.5789473684210527,0.673374613003096,0.05263157894736842,0.09090909090909091,0,0.673374613003096
2023-18,2023,18,2023-10-22,americas,bottas,Valtteri Bottas,alfa,Alfa Romeo,17,1,15,0.4631578947368421,0.4052631578947368,0.3824561403508772,0.13684210526315788,0.05789473684210528,0.04858299595141701,0,0,0.04858299595141701,17,0.42631578947368426,0.3894736842105263,0.36532507739938086,0.15,0.11764705882352941,0,0.36532507739938086
2023-18,2023,18,2023-10-22,americas,gasly,Pierre Gasly,alpine,Alpine F1 Team,17,1,16,0.5684210526315789,0.4894736842105264,0.5032894736842105,0.02105263157894739,-0.03157894736842104,-0.02631578947368419,0,0,-0.02631578947368419,17,0.5631578947368421,0.5,0.5131578947368421,0.25,0.17647058823529413,0,0.5131578947368421
2023-18,2023,18,2023-10-22,americas,hamilton,Lewis Hamilton,mercedes,Mercedes,17,1,16,0.8,0.8210526315789475,0.8157894736842105,0.28421052631578947,0.16842105263157894,0.12406015037593986,0,0,0.12406015037593986,17,0.6684210526315789,0.7315789473684211,0.7662538699690403,0.1,0.08823529411764706,0,0.7662538699690403
2023-18,2023,18,2023-10-22,americas,hulkenberg,Nico Hülkenberg,haas,Haas F1 Team,17,1,16,0.2947368421052632,0.27894736842105267,0.2960526315789474,0.010526315789473672,0.04210526315789472,0.01754385964912279,0,0,0.01754385964912279,17,0.2894736842105263,0.25526315789473686,0.2770897832817338,0.1,0.058823529411764705,0,0.2770897832817338
2023-18,2023,18,2023-10-22,americas,kevin_magnussen,Kevin Magnussen,haas,Haas F1 Team,17,1,16,0.28421052631578947,0.2210526315789474,0.26315789473684215,-0.010526315789473672,-0.04210526315789472,-0.01754385964912279,0,0,-0.01754385964912279,17,0.2894736842105263,0.25526315789473686,0.2770897832817338,0.1,0.058823529411764705,0,0.2770897832817338
2023-18,2023,18,2023-10-22,americas,leclerc,Charles Leclerc,ferrari,Ferrari,17,1,14,0.8421052631578947,0.7736842105263158,0.7669172932330827,-4.4408920985006264e-17,-0.0052631578947368585,-1.850371707708594e-17,0,0,-1.850371707708594e-17,17,0.8315789473684211,0.7921052631578948,0.7523219814241485,0.10526315789473684,0.12121212121212122,0,0.7523219814241485
2023-18,2023,18,2023-10-22,americas,max_verstappen,Max Verstappen,red_bull,Red Bull,17,1,17,0.9578947368421054,0.9789473684210526,0.9814241486068113,0.1789473684210526,0.1789473684210526,0.17434210526315788,0,0,0.17434210526315788,17,0.8736842105263157,0.8973684210526317,0.8993808049535604,0.05,0.029411764705882353,0,0.8993808049535604
2023-18,2023,18,2023-10-22,americas,norris,Lando Norris,mclaren,McLaren,17,1,17,0.8210526315789475,0.7894736842105263,0.6130030959752323,0.11578947368421053,0.11578947368421053,0.09473684210526317,0,0,0.09473684210526317,17,0.7631578947368421,0.7210526315789474,0.5712074303405573,0.05,0.058823529411764705,0,0.5712074303405573
2023-18,2023,18,2023-10-22,americas,ocon,Esteban Ocon,alpine,Alpine F1 Team,17,1,12,0.5473684210526316,0.5736842105263158,0.5570175438596491,-0.02105263157894739,0.03157894736842104,0.02631578947368419,0,0,0.02631578947368419,17,0.5631578947368421,0.5,0.5131578947368421,0.25,0.17647058823529413,0,0.5131578947368421
2023-18,2023,18,2023-10-22,americas,perez,Sergio Pérez,red_bull,Red Bull,17,1,16,0.7789473684210526,0.8,0.805921052631579,-0.1789473684210526,-0.1789473684210526,-0.17434210526315788,0,0,-0.17434210526315788,17,0.8736842105263157,0.8973684210526317,0.8993808049535604,0.05,0.029411764705882353,0,0.8993808049535604
2023-18,2023,18,2023-10-22,americas,piastri,Oscar Piastri,mclaren,McLaren,17,1,15,0.7052631578947368,0.6210526315789473,0.543859649122807,-0.11578947368421053,-0.11578947368421053,-0.09473684210526317,0,0,-0.09473684210526317,17,0.7631578947368421,0.7210526315789474,0.5712074303405573,0.05,0.058823529411764705,0,0.5712074303405573
2023-18,2023,18,2023-10-22,americas,ricciardo,Daniel Ricciardo,alphatauri,AlphaTauri,2,1,2,0.2894736842105263,0.2894736842105263,0.2894736842105263,-0.10526315789473689,-0.10526315789473689,-0.10526315789473689,0,0,-0.10526315789473689,17,0.4052631578947369,0.32105263157894737,0.34829721362229105,0.05263157894736842,0.06060606060606061,0,0.34829721362229105
2023-18,2023,18,2023-10-22,americas,russell,George Russell,mercedes,Mercedes,17,1,15,0.5368421052631579,0.6526315789473685,0.6877192982456141,-0.28421052631578947,-0.16842105263157894,-0.12406015037593986,0,0,-0.12406015037593986,17,0.6684210526315789,0.7315789473684211,0.7662538699690403,0.1,0.08823529411764706,0,0.7662538699690403
2023-18,2023,18,2023-10-22,americas,sainz,Carlos Sainz,ferrari,Ferrari,16,1,15,0.8105263157894737,0.7526315789473684,0.7403508771929824,4.4408920985006264e-17,0.0052631578947368585,1.850371707708594e-17,0,0,1.850371707708594e-17,17,0.8315789473684211,0.7921052631578948,0.7523219814241485,0.10526315789473684,0.12121212121212122,0,0.7523219814241485
2023-18,2023,18,2023-10-22,americas,sargeant,Logan Sargeant,williams,Williams,17,1,13,0.28421052631578947,0.21052631578947373,0.22672064777327938,-0.23157894736842105,-0.22105263157894733,-0.2105263157894737,0,0,-0.2105263157894737,17,0.43157894736842106,0.42105263157894735,0.3618421052631579,0.25,0.20588235294117646,0,0.3618421052631579
2023-18,2023,18,2023-10-22,americas,stroll,Lance Stroll,aston_martin,Aston Martin,16,1,13,0.4526315789473685,0.4894736842105264,0.5506072874493927,-0.2736842105263158,-0.2736842105263158,-0.23886639676113358,0,0,-0.23886639676113358,17,0.5210526315789474,0.5789473684210527,0.673374613003096,0.05263157894736842,0.09090909090909091,0,0.673374613003096
2023-18,2023,18,2023-10-22,americas,tsunoda,Yuki Tsunoda,alphatauri,AlphaTauri,16,1,15,0.3473684210526316,0.3,0.3649122807017544,0.03157894736842106,0.026315789473684216,0.08646616541353384,0,0,0.08646616541353384,17,0.4052631578947369,0.32105263157894737,0.34829721362229105,0.05263157894736842,0.06060606060606061,0,0.34829721362229105
2023-18,2023,18,2023-10-22,americas,zhou,Guanyu Zhou,alfa,Alfa Romeo,17,1,15,0.41052631578947374,0.3736842105263158,0.3649122807017544,-0.13684210526315788,-0.05789473684210528,-0.04858299595141701,0,0,-0.04858299595141701,17,0.42631578947368426,0.3894736842105263,0.36532507739938086,0.15,0.11764705882352941,0,0.36532507739938086
2023-19,2023,19,2023-10-29,rodriguez,albon,Alexander Albon,williams,Williams,18,1,15,0.5473684210526316,0.531578947368421,0.4736842105263158,0.21052631578947367,0.20526315789473681,0.19736842105263155,0,0,0.19736842105263155,18,0.4947368421052632,0.46578947368421053,0.37306501547987614,0.2,0.19444444444444445,0,0.37306501547987614
2023-19,2023,19,2023-10-29,rodriguez,alonso,Fernando Alonso,aston_martin,Aston Martin,18,1,17,0.631578947368421,0.6947368421052632,0.7647058823529411,0.2736842105263158,0.2736842105263158,0.23886639676113358,0,0,0.23886639676113358,18,0.5157894736842106,0.5710526315789475,0.6739766081871346,0.10526315789473684,0.11428571428571428,0,0.6739766081871346
2023-19,2023,19,2023-10-29,rodriguez,bottas,Valtteri Bottas,alfa,Alfa Romeo,18,1,16,0.4631578947368421,0.4,0.3848684210526316,0.11578947368421051,0.04736842105263158,0.048872180451127824,0,0,0.048872180451127824,18,0.4421052631578948,0.39210526315789473,0.3669590643274854,0.15,0.1111111111111111,0,0.3669590643274854
2023-19,2023,19,2023-10-29,rodriguez,gasly,Pierre Gasly,alpine,Alpine F1 Team,18,1,17,0.536842105263158,0.5105263157894737,0.5170278637770899,0.02105263157894739,-0.03157894736842104,-0.02631578947368419,0,0,-0.02631578947368419,18,0.5684210526315789,0.5157894736842106,0.5263157894736842,0.3,0.19444444444444445,0,0.5263157894736842
2023-19,2023,19,2023-10-29,rodriguez,hamilton,Lewis Hamilton,mercedes,Mercedes,18,1,16,0.8,0.8210526315789475,0.8157894736842105,0.28421052631578947,0.16842105263157894,0.12406015037593986,0,0,0.12406015037593986,18,0.7368421052631579,0.7210526315789474,0.7675438596491229,0.05,0.08333333333333333,0,0.7675438596491229
2023-19,2023,19,2023-10-29,rodriguez,hulkenberg,Nico Hülkenberg,haas,Haas F1 Team,18,1,17,0.30526315789473685,0.3,0.30650154798761614,0.0,0.047368421052631574,0.026315789473684195,0,0,0.026315789473684195,18,0.30526315789473685,0.2736842105263158,0.28362573099415206,0.1,0.05555555555555555,0,0.28362573099415206
2023-19,2023,19,2023-10-29,rodriguez,kevin_magnussen,Kevin Magnussen,haas,Haas F1 Team,18,1,17,0.30526315789473685,0.24210526315789477,0.26625386996904027,0.0,-0.047368421052631574,-0.026315789473684195,0,0,-0.026315789473684195,18,0.30526315789473685,0.2736842105263158,0.28362573099415206,0.1,0.05555555555555555,0,0.28362573099415206
2023-19,2023,19,2023-10-29,rodriguez,leclerc,Charles Leclerc,ferrari,Ferrari,18,1,14,0.8421052631578947,0.7736842105263158,0.7669172932330827,-4.4408920985006264e-17,-0.0052631578947368585,-1.850371707708594e-17,0,0,-1.850371707708594e-17,18,0.8526315789473685,0.8,0.7602339181286549,0.10526315789473684,0.11428571428571428,0,0.7602339181286549
2023-19,2023,19,2023-10-29,rodriguez,max_verstappen,Max Verstappen,red_bull,Red Bull,18,1,18,0.9578947368421054,0.9789473684210526,0.9824561403508772,0.2,0.1789473684210526,0.17337461300309598,0,0,0.17337461300309598,18,0.8736842105263157,0.9026315789473685,0.9005847953216374,0.05,0.027777777777777776,0,0.9005847953216374
2023-19,2023,19,2023-10-29,rodriguez,norris,Lando Norris,mclaren,McLaren,18,1,18,0.8736842105263157,0.8473684210526317,0.631578947368421,0.11578947368421053,0.11578947368421053,0.09473684210526317,0,0,0.09473684210526317,18,0.8263157894736842,0.7736842105263158,0.5921052631578948,0.1,0.08333333333333333,0,0.5921052631578948
2023-19,2023,19,2023-10-29,rodriguez,ocon,Esteban Ocon,alpine,Alpine F1 Team,18,1,12,0.5473684210526316,0.5736842105263158,0.5570175438596491,-0.02105263157894739,0.03157894736842104,0.02631578947368419,0,0,0.02631578947368419,18,0.5684210526315789,0.5157894736842106,0.5263157894736842,0.3,0.19444444444444445,0,0.5263157894736842
2023-19,2023,19,2023-10-29,rodriguez,perez,Sergio Pérez,red_bull,Red Bull,18,1,17,0.7578947368421053,0.8,0.8080495356037152,-0.2,-0.1789473684210526,-0.17337461300309598,0,0,-0.17337461300309598,18,0.8736842105263157,0.9026315789473685,0.9005847953216374,0.05,0.027777777777777776,0,0.9005847953216374
2023-19,2023,19,2023-10-29,rodriguez,piastri,Oscar Piastri,mclaren,McLaren,18,1,15,0.7052631578947368,0.6210526315789473,0.543859649122807,-0.11578947368421053,-0.11578947368421053,-0.09473684210526317,0,0,-0.09473684210526317,18,0.8263157894736842,0.7736842105263158,0.5921052631578948,0.1,0.08333333333333333,0,0.5921052631578948
2023-19,2023,19,2023-10-29,rodriguez,ricciardo,Daniel Ricciardo,alphatauri,AlphaTauri,3,1,3,0.28070175438596495,0.28070175438596495,0.28070175438596495,-0.1929824561403509,-0.1929824561403509,-0.1929824561403509,0,0,-0.1929824561403509,18,0.43157894736842106,0.3447368421052632,0.35380116959064334,0.05263157894736842,0.05714285714285714,0,0.35380116959064334
2023-19,2023,19,2023-10-29,rodriguez,russell,George Russell,mercedes,Mercedes,18,1,16,0.6631578947368422,0.6421052631578947,0.694078947368421,-0.28421052631578947,-0.16842105263157894,-0.12406015037593986,0,0,-0.12406015037593986,18,0.7368421052631579,0.7210526315789474,0.7675438596491229,0.05,0.08333333333333333,0,0.7675438596491229
2023-19,2023,19,2023-10-29,rodriguez,sainz,Carlos Sainz,ferrari,Ferrari,17,1,16,0.8631578947368421,0.7789473684210526,0.75,4.4408920985006264e-17,0.0052631578947368585,1.850371707708594e-17,0,0,1.850371707708594e-17,18,0.8526315789473685,0.8,0.7602339181286549,0.10526315789473684,0.11428571428571428,0,0.7602339181286549
2023-19,2023,19,2023-10-29,rodriguez,sargeant,Logan Sargeant,williams,Williams,18,1,14,0.2947368421052632,0.24210526315789477,0.2481203007518797,-0.21052631578947367,-0.20526315789473681,-0.19736842105263155,0,0,-0.19736842105263155,18,0.4947368421052632,0.46578947368421053,0.37306501547987614,0.2,0.19444444444444445,0,0.37306501547987614
2023-19,2023,19,2023-10-29,rodriguez,stroll,Lance Stroll,aston_martin,Aston Martin,17,1,14,0.4842105263157895,0.5157894736842106,0.5601503759398496,-0.2736842105263158,-0.2736842105263158,-0.23886639676113358,0,0,-0.23886639676113358,18,0.5157894736842106,0.5710526315789475,0.6739766081871346,0.10526315789473684,0.11428571428571428,0,0.6739766081871346
2023-19,2023,19,2023-10-29,rodriguez,tsunoda,Yuki Tsunoda,alphatauri,AlphaTauri,17,1,16,0.42105263157894746,0.33684210526315794,0.3815789473684211,0.12631578947368421,0.07894736842105263,0.10526315789473685,0,0,0.10526315789473685,18,0.43157894736842106,0.3447368421052632,0.35380116959064334,0.05263157894736842,0.05714285714285714,0,0.35380116959064334
2023-19,2023,19,2023-10-29,rodriguez,zhou,Guanyu Zhou,alfa,Alfa Romeo,18,1,16,0.41052631578947374,0.3526315789473684,0.3651315789473684,-0.11578947368421051,-0.04736842105263158,-0.048872180451127824,0,0,-0.048872180451127824,18,0.4421052631578948,0.39210526315789473,0.3669590643274854,0.15,0.1111111111111111,0,0.3669590643274854
2023-20,2023,20,2023-11-05,interlagos,albon,Alexander Albon,williams,Williams,19,1,16,0.5368421052631579,0.5210526315789473,0.48026315789473684,0.21052631578947367,0.21052631578947367,0.2105263157894737,0,0,0.2105263157894737,19,0.4473684210526316,0.43684210526315786,0.37426900584795325,0.2,0.18421052631578946,0,0.37426900584795325
2023-20,2023,20,2023-11-05,interlagos,alonso,Fernando Alonso,aston_martin,Aston Martin,19,1,17,0.631578947368421,0.6947368421052632,0.7647058823529411,0.2736842105263158,0.2736842105263158,0.23886639676113358,0,0,0.23886639676113358,19,0.46842105263157896,0.5184210526315789,0.646814404432133,0.15789473684210525,0.13513513513513514,0,0.646814404432133
2023-20,2023,20,2023-11-05,interlagos,bottas,Valtteri Bottas,alfa,Alfa Romeo,19,1,17,0.43157894736842106,0.42105263157894735,0.3777089783281734,0.06315789473684211,0.03157894736842106,0.04210526315789474,0,0,0.04210526315789474,19,0.41578947368421054,0.3868421052631579,0.36288088642659283,0.15,0.10526315789473684,0,0.36288088642659283
2023-20,2023,20,2023-11-05,interlagos,gasly,Pierre Gasly,alpine,Alpine F1 Team,19,1,18,0.5789473684210527,0.5157894736842106,0.5146198830409356,-0.03157894736842106,-0.04210526315789472,-0.028340080971659905,0,0,-0.028340080971659905,19,0.6157894736842106,0.5131578947368421,0.5248538011695907,0.3,0.18421052631578946,0,0.5248538011695907
2023-20,2023,20,2023-11-05,interlagos,hamilton,Lewis Hamilton,mercedes,Mercedes,19,1,17,0.8210526315789475,0.8210526315789475,0.8235294117647058,0.30526315789473685,0.18421052631578946,0.1298245614035088,0,0,0.1298245614035088,19,0.7526315789473684,0.7394736842105264,0.7714681440443214,0.05,0.07894736842105263,0,0.7714681440443214
2023-20,2023,20,2023-11-05,interlagos,hulkenberg,Nico Hülkenberg,haas,Haas F1 Team,19,1,18,0.3473684210526316,0.3105263157894737,0.3099415204678363,0.0,0.047368421052631574,0.026315789473684195,0,0,0.026315789473684195,19,0.35263157894736846,0.3,0.2880886426592798,0.1,0.07894736842105263,0,0.2880886426592798
2023-20,2023,20,2023-11-05,interlagos,kevin_magnussen,Kevin Magnussen,haas,Haas F1 Team,19,1,17,0.30526315789473685,0.24210526315789477,0.26625386996904027,0.0,-0.047368421052631574,-0.026315789473684195,0,0,-0.026315789473684195,19,0.35263157894736846,0.3,0.2880886426592798,0.1,0.07894736842105263,0,0.2880886426592798
2023-20,2023,20,2023-11-05,interlagos,leclerc,Charles Leclerc,ferrari,Ferrari,19,1,15,0.8421052631578947,0.8157894736842104,0.775438596491228,-2.2204460492503132e-17,0.010526315789473672,0.004048582995951404,0,0,0.004048582995951404,19,0.8526315789473685,0.8026315789473685,0.7659279778393352,0.10526315789473684,0.10810810810810811,0,0.7659279778393352
2023-20,2023,20,2023-11-05,interlagos,max_verstappen,Max Verstappen,red_bull,Red Bull,19,1,19,0.9578947368421054,0.9789473684210526,0.9833795013850416,0.2,0.1789473684210526,0.17337461300309598,0,0,0.17337461300309598,19,0.8789473684210526,0.9078947368421053,0.9058171745152354,0.1,0.05263157894736842,0,0.9058171745152354
2023-20,2023,20,2023-11-05,interlagos,norris,Lando Norris,mclaren,McLaren,19,1,19,0.9052631578947368,0.8421052631578947,0.6398891966759003,0.12631578947368421,0.15263157894736845,0.0986842105263158,0,0,0.0986842105263158,19,0.8631578947368421,0.7921052631578948,0.5983379501385041,0.1,0.07894736842105263,0,0.5983379501385041
2023-20,2023,20,2023-11-05,interlagos,ocon,Esteban Ocon,alpine,Alpine F1 Team,19,1,13,0.5894736842105264,0.6,0.5546558704453441,0.03157894736842106,0.04210526315789472,0.028340080971659905,0,0,0.028340080971659905,19,0.6157894736842106,0.5131578947368421,0.5248538011695907,0.3,0.18421052631578946,0,0.5248538011695907
2023-20,2023,20,2023-11-05,interlagos,perez,Sergio Pérez,red_bull,Red Bull,19,1,17,0.7578947368421053,0.8,0.8080495356037152,-0.2,-0.1789473684210526,-0.17337461300309598,0,0,-0.17337461300309598,19,0.8789473684210526,0.9078947368421053,0.9058171745152354,0.1,0.05263157894736842,0,0.9058171745152354
2023-20,2023,20,2023-11-05,interlagos,piastri,Oscar Piastri,mclaren,McLaren,19,1,16,0.7157894736842105,0.6473684210526316,0.549342105263158,-0.12631578947368421,-0.15263157894736845,-0.0986842105263158,0,0,-0.0986842105263158,19,0.8631578947368421,0.7921052631578948,0.5983379501385041,0.1,0.07894736842105263,0,0.5983379501385041
2023-20,2023,20,2023-11-05,interlagos,ricciardo,Daniel Ricciardo,alphatauri,AlphaTauri,4,1,4,0.3815789473684211,0.3815789473684211,0.3815789473684211,-0.07894736842105263,-0.07894736842105263,-0.07894736842105263,0,0,-0.07894736842105263,19,0.4473684210526316,0.3894736842105263,0.36426592797783935,0.05263157894736842,0.05405405405405406,0,0.36426592797783935
2023-20,2023,20,2023-11-05,interlagos,russell,George Russell,mercedes,Mercedes,19,1,17,0.6526315789473685,0.6473684210526316,0.6965944272445821,-0.30526315789473685,-0.18421052631578946,-0.1298245614035088,0,0,-0.1298245614035088,19,0.7526315789473684,0.7394736842105264,0.7714681440443214,0.05,0.07894736842105263,0,0.7714681440443214
2023-20,2023,20,2023-11-05,interlagos,sainz,Carlos Sainz,ferrari,Ferrari,18,1,17,0.8736842105263157,0.7842105263157895,0.7554179566563468,2.2204460492503132e-17,-0.010526315789473672,-0.004048582995951404,0,0,-0.004048582995951404,19,0.8526315789473685,0.8026315789473685,0.7659279778393352,0.10526315789473684,0.10810810810810811,0,0.7659279778393352
2023-20,2023,20,2023-11-05,interlagos,sargeant,Logan Sargeant,williams,Williams,19,1,15,0.3157894736842105,0.26315789473684215,0.24561403508771928,-0.21052631578947367,-0.21052631578947367,-0.2105263157894737,0,0,-0.2105263157894737,19,0.4473684210526316,0.43684210526315786,0.37426900584795325,0.2,0.18421052631578946,0,0.37426900584795325
2023-20,2023,20,2023-11-05,interlagos,stroll,Lance Stroll,aston_martin,Aston Martin,18,1,15,0.4,0.4578947368421053,0.5333333333333333,-0.2736842105263158,-0.2736842105263158,-0.23886639676113358,0,0,-0.23886639676113358,19,0.46842105263157896,0.5184210526315789,0.646814404432133,0.15789473684210525,0.13513513513513514,0,0.646814404432133
2023-20,2023,20,2023-11-05,interlagos,tsunoda,Yuki Tsunoda,alphatauri,AlphaTauri,18,1,17,0.4,0.33684210526315794,0.3839009287925697,0.010526315789473651,0.04210526315789472,0.08223684210526316,0,0,0.08223684210526316,19,0.4473684210526316,0.3894736842105263,0.36426592797783935,0.05263157894736842,0.05405405405405406,0,0.36426592797783935
2023-20,2023,20,2023-11-05,interlagos,zhou,Guanyu Zhou,alfa,Alfa Romeo,19,1,17,0.41052631578947374,0.3631578947368421,0.3622291021671827,-0.06315789473684211,-0.03157894736842106,-0.04210526315789474,0,0,-0.04210526315789474,19,0.41578947368421054,0.3868421052631579,0.36288088642659283,0.15,0.10526315789473684,0,0.36288088642659283
2023-21,2023,21,2023-11-19,vegas,albon,Alexander Albon,williams,Williams,20,1,16,0.5368421052631579,0.5210526315789473,0.48026315789473684,0.21052631578947367,0.21052631578947367,0.2105263157894737,0,0,0.2105263157894737,20,0.43684210526315786,0.4421052631578948,0.37950138504155123,0.25,0.2,0,0.37950138504155123
2023-21,2023,21,2023-11-19,vegas,alonso,Fernando Alonso,aston_martin,Aston Martin,20,1,18,0.6210526315789474,0.6894736842105263,0.7719298245614036,0.28421052631578947,0.23684210526315788,0.22932330827067668,0,0,0.22932330827067668,20,0.5842105263157895,0.5526315789473684,0.656578947368421,0.15789473684210525,0.1282051282051282,0,0.656578947368421
2023-21,2023,21,2023-11-19,vegas,bottas,Valtteri Bottas,alfa,Alfa Romeo,20,1,17,0.43157894736842106,0.42105263157894735,0.3777089783281734,0.06315789473684211,0.03157894736842106,0.04210526315789474,0,0,0.04210526315789474,20,0.41578947368421054,0.3868421052631579,0.36288088642659283,0.25,0.15,0,0.36288088642659283
2023-21,2023,21,2023-11-19,vegas,gasly,Pierre Gasly,alpine,Alpine F1 Team,20,1,19,0.5684210526315789,0.531578947368421,0.5235457063711911,0.03157894736842102,-0.03157894736842104,-0.015037593984962397,0,0,-0.015037593984962397,20,0.5894736842105264,0.531578947368421,0.5290858725761772,0.25,0.175,0,0.5290858725761772
2023-21,2023,21,2023-11-19,vegas,hamilton,Lewis Hamilton,mercedes,Mercedes,20,1,18,0.8,0.7947368421052632,0.8128654970760234,0.30526315789473685,0.18421052631578946,0.1298245614035088,0,0,0.1298245614035088,20,0.7684210526315789,0.718421052631579,0.7644736842105264,0.1,0.1,0,0.7644736842105264
2023-21,2023,21,2023-11-19,vegas,hulkenberg,Nico Hülkenberg,haas,Haas F1 Team,20,1,19,0.35789473684210527,0.3157894736842105,0.3157894736842105,0.0,0.047368421052631574,0.026315789473684195,0,0,0.026315789473684195,20,0.3473684210526316,0.30526315789473685,0.2947368421052632,0.1,0.1,0,0.2947368421052632
2023-21,2023,21,2023-11-19,vegas,kevin_magnussen,Kevin Magnussen,haas,Haas F1 Team,20,1,17,0.30526315789473685,0.24210526315789477,0.26625386996904027,0.0,-0.047368421052631574,-0.026315789473684195,0,0,-0.026315789473684195,20,0.3473684210526316,0.30526315789473685,0.2947368421052632,0.1,0.1,0,0.2947368421052632
2023-21,2023,21,2023-11-19,vegas,leclerc,Charles Leclerc,ferrari,Ferrari,19,1,15,0.8421052631578947,0.8157894736842104,0.775438596491228,-2.2204460492503132e-17,0.010526315789473672,0.004048582995951404,0,0,0.004048582995951404,20,0.8157894736842106,0.8210526315789475,0.7644736842105264,0.1111111111111111,0.10526315789473684,0,0.7644736842105264
2023-21,2023,21,2023-11-19,vegas,max_verstappen,Max Verstappen,red_bull,Red Bull,20,1,20,1.0,0.9789473684210526,0.9842105263157895,0.2,0.16842105263157894,0.17251461988304093,0,0,0.17251461988304093,20,0.9210526315789475,0.9131578947368422,0.906578947368421,0.1,0.05,0,0.906578947368421
2023-21,2023,21,2023-11-19,vegas,norris,Lando Norris,mclaren,McLaren,20,1,20,0.9052631578947368,0.8421052631578947,0.6552631578947369,0.21052631578947373,0.22631578947368425,0.13003095975232198,0,0,0.13003095975232198,20,0.8263157894736842,0.7657894736842106,0.6,0.1,0.075,0,0.6
2023-21,2023,21,2023-11-19,vegas,ocon,Esteban Ocon,alpine,Alpine F1 Team,20,1,14,0.568421052631579,0.5947368421052632,0.5526315789473685,-0.03157894736842102,0.03157894736842104,0.015037593984962397,0,0,0.015037593984962397,20,0.5894736842105264,0.531578947368421,0.5290858725761772,0.25,0.175,0,0.5290858725761772
2023-21,2023,21,2023-11-19,vegas,perez,Sergio Pérez,red_bull,Red Bull,20,1,18,0.7578947368421053,0.8105263157894737,0.8099415204678363,-0.2,-0.16842105263157894,-0.17251461988304093,0,0,-0.17251461988304093,20,0.9210526315789475,0.9131578947368422,0.906578947368421,0.1,0.05,0,0.906578947368421
2023-21,2023,21,2023-11-19,vegas,piastri,Oscar Piastri,mclaren,McLaren,20,1,17,0.6947368421052632,0.631578947368421,0.5356037151702786,-0.21052631578947373,-0.22631578947368425,-0.13003095975232198,0,0,-0.13003095975232198,20,0.8263157894736842,0.7657894736842106,0.6,0.1,0.075,0,0.6
2023-21,2023,21,2023-11-19,vegas,ricciardo,Daniel Ricciardo,alphatauri,AlphaTauri,5,1,5,0.37894736842105264,0.37894736842105264,0.37894736842105264,-0.10526315789473684,-0.10526315789473684,-0.10526315789473684,0,0,-0.10526315789473684,20,0.42631578947368426,0.4184210526315789,0.3697368421052632,0.05263157894736842,0.05128205128205128,0,0.3697368421052632
2023-21,2023,21,2023-11-19,vegas,russell,George Russell,mercedes,Mercedes,20,1,17,0.6526315789473685,0.6473684210526316,0.6965944272445821,-0.30526315789473685,-0.18421052631578946,-0.1298245614035088,0,0,-0.1298245614035088,20,0.7684210526315789,0.718421052631579,0.7644736842105264,0.1,0.1,0,0.7644736842105264
2023-21,2023,21,2023-11-19,vegas,sainz,Carlos Sainz,ferrari,Ferrari,19,1,18,0.8421052631578947,0.7789473684210526,0.7543859649122807,2.2204460492503132e-17,-0.010526315789473672,-0.004048582995951404,0,0,-0.004048582995951404,20,0.8157894736842106,0.8210526315789475,0.7644736842105264,0.1111111111111111,0.10526315789473684,0,0.7644736842105264
2023-21,2023,21,2023-11-19,vegas,sargeant,Logan Sargeant,williams,Williams,20,1,16,0.37894736842105264,0.3,0.2598684210526316,-0.21052631578947367,-0.21052631578947367,-0.2105263157894737,0,0,-0.2105263157894737,20,0.43684210526315786,0.4421052631578948,0.37950138504155123,0.25,0.2,0,0.37950138504155123
2023-21,2023,21,2023-11-19,vegas,stroll,Lance Stroll,aston_martin,Aston Martin,19,1,16,0.4631578947368421,0.4789473684210527,0.549342105263158,-0.28421052631578947,-0.23684210526315788,-0.22932330827067668,0,0,-0.22932330827067668,20,0.5842105263157895,0.5526315789473684,0.656578947368421,0.15789473684210525,0.1282051282051282,0,0.656578947368421
2023-21,2023,21,2023-11-19,vegas,tsunoda,Yuki Tsunoda,alphatauri,AlphaTauri,19,1,18,0.4631578947368421,0.3631578947368421,0.39473684210526316,0.07368421052631575,0.04210526315789472,0.08978328173374614,0,0,0.08978328173374614,20,0.42631578947368426,0.4184210526315789,0.3697368421052632,0.05263157894736842,0.05128205128205128,0,0.3697368421052632
2023-21,2023,21,2023-11-19,vegas,zhou,Guanyu Zhou,alfa,Alfa Romeo,20,1,17,0.41052631578947374,0.3631578947368421,0.3622291021671827,-0.06315789473684211,-0.03157894736842106,-0.04210526315789474,0,0,-0.04210526315789474,20,0.41578947368421054,0.3868421052631579,0.36288088642659283,0.25,0.15,0,0.36288088642659283
2023-22,2023,22,2023-11-26,yas_marina,albon,Alexander Albon,williams,Williams,21,1,17,0.4842105263157895,0.5157894736842106,0.4767801857585139,0.22105263157894733,0.21052631578947367,0.21052631578947367,0,0,0.21052631578947367,21,0.42105263157894746,0.4184210526315789,0.3763157894736842,0.25,0.19047619047619047,0,0.3763157894736842
2023-22,2023,22,2023-11-26,yas_marina,alonso,Fernando Alonso,aston_martin,Aston Martin,21,1,19,0.6210526315789474,0.6684210526315789,0.7617728531855956,0.2,0.2210526315789474,0.2,0,0,0.2,21,0.5947368421052632,0.5657894736842105,0.6578947368421053,0.15789473684210525,0.12195121951219512,0,0.6578947368421053
2023-22,2023,22,2023-11-26,yas_marina,bottas,Valtteri Bottas,alfa,Alfa Romeo,21,1,18,0.4,0.38421052631578945,0.3654970760233918,0.03157894736842106,0.0736842105263158,0.03289473684210527,0,0,0.03289473684210527,21,0.3736842105263158,0.3736842105263158,0.35526315789473684,0.25,0.14285714285714285,0,0.35526315789473684
2023-22,2023,22,2023-11-26,yas_marina,gasly,Pierre Gasly,alpine,Alpine F1 Team,21,1,20,0.5578947368421053,0.5684210526315789,0.5210526315789474,-0.11578947368421053,-0.04736842105263156,-0.038596491228070164,0,0,-0.038596491228070164,21,0.6105263157894737,0.5868421052631578,0.5355263157894737,0.15,0.16666666666666666,0,0.5355263157894737
2023-22,2023,22,2023-11-26,yas_marina,hamilton,Lewis Hamilton,mercedes,Mercedes,21,1,19,0.7894736842105263,0.8,0.8060941828254847,0.2,0.18421052631578946,0.125,0,0,0.125,21,0.7526315789473684,0.7052631578947368,0.7593984962406015,0.1,0.09523809523809523,0,0.7593984962406015
2023-22,2023,22,2023-11-26,yas_marina,hulkenberg,Nico Hülkenberg,haas,Haas F1 Team,21,1,20,0.30526315789473685,0.2894736842105263,0.3026315789473685,-0.0736842105263158,-1.1102230246251566e-17,0.006191950464396271,0,0,0.006191950464396271,21,0.3315789473684211,0.3026315789473685,0.29072681704260656,0.1,0.09523809523809523,0,0.29072681704260656
2023-22,2023,22,2023-11-26,yas_marina,kevin_magnussen,Kevin Magnussen,haas,Haas F1 Team,21,1,18,0.3578947368421053,0.26315789473684215,0.2719298245614035,0.0736842105263158,1.1102230246251566e-17,-0.006191950464396271,0,0,-0.006191950464396271,21,0.3315789473684211,0.3026315789473685,0.29072681704260656,0.1,0.09523809523809523,0,0.29072681704260656
2023-22,2023,22,2023-11-26,yas_marina,leclerc,Charles Leclerc,ferrari,Ferrari,20,1,16,0.8631578947368421,0.8263157894736842,0.7861842105263158,0.03157894736842102,0.021052631578947344,0.018796992481202996,0,0,0.018796992481202996,21,0.8263157894736842,0.8394736842105264,0.768170426065163,0.1111111111111111,0.1,0,0.768170426065163
2023-22,2023,22,2023-11-26,yas_marina,max_verstappen,Max Verstappen,red_bull,Red Bull,21,1,21,1.0,0.9789473684210526,0.9849624060150377,0.21052631578947373,0.16842105263157894,0.16897506925207756,0,0,0.16897506925207756,21,0.9105263157894736,0.9131578947368422,0.9085213032581453,0.1,0.047619047619047616,0,0.9085213032581453
2023-22,2023,22,2023-11-26,yas_marina,norris,Lando Norris,mclaren,McLaren,21,1,20,0.9052631578947368,0.8421052631578947,0.6552631578947369,0.21052631578947373,0.22631578947368425,0.13003095975232198,0,0,0.13003095975232198,21,0.7473684210526316,0.7315789473684211,0.5964912280701755,0.15,0.09523809523809523,0,0.5964912280701755
2023-22,2023,22,2023-11-26,yas_marina,ocon,Esteban Ocon,alpine,Alpine F1 Team,21,1,15,0.631578947368421,0.5894736842105264,0.5719298245614035,0.11578947368421053,0.04736842105263156,0.038596491228070164,0,0,0.038596491228070164,21,0.6105263157894737,0.5868421052631578,0.5355263157894737,0.15,0.16666666666666666,0,0.5355263157894737
2023-22,2023,22,2023-11-26,yas_marina,perez,Sergio Pérez,red_bull,Red Bull,21,1,19,0.7473684210526316,0.8105263157894737,0.8144044321329641,-0.21052631578947373,-0.16842105263157894,-0.16897506925207756,0,0,-0.16897506925207756,21,0.9105263157894736,0.9131578947368422,0.9085213032581453,0.1,0.047619047619047616,0,0.9085213032581453
2023-22,2023,22,2023-11-26,yas_marina,piastri,Oscar Piastri,mclaren,McLaren,21,1,18,0.6631578947368422,0.6631578947368422,0.5350877192982456,-0.21052631578947373,-0.22631578947368425,-0.13003095975232198,0,0,-0.13003095975232198,21,0.7473684210526316,0.7315789473684211,0.5964912280701755,0.15,0.09523809523809523,0,0.5964912280701755
2023-22,2023,22,2023-11-26,yas_marina,ricciardo,Daniel Ricciardo,alphatauri,AlphaTauri,6,1,6,0.3684210526315789,0.368421052631579,0.368421052631579,-0.08421052631578947,-0.05263157894736842,-0.05263157894736842,0,0,-0.05263157894736842,21,0.37894736842105264,0.4078947368421053,0.36215538847117795,0.05263157894736842,0.04878048780487805,0,0.36215538847117795
2023-22,2023,22,2023-11-26,yas_marina,russell,George Russell,mercedes,Mercedes,21,1,18,0.7368421052631579,0.631578947368421,0.6929824561403508,-0.2,-0.18421052631578946,-0.125,0,0,-0.125,21,0.7526315789473684,0.7052631578947368,0.7593984962406015,0.1,0.09523809523809523,0,0.7593984962406015
2023-22,2023,22,2023-11-26,yas_marina,sainz,Carlos Sainz,ferrari,Ferrari,20,1,19,0.7894736842105263,0.7789473684210526,0.7534626038781164,-0.03157894736842102,-0.021052631578947344,-0.018796992481202996,0,0,-0.018796992481202996,21,0.8263157894736842,0.8394736842105264,0.768170426065163,0.1111111111111111,0.1,0,0.768170426065163
2023-22,2023,22,2023-11-26,yas_marina,sargeant,Logan Sargeant,williams,Williams,21,1,17,0.3473684210526316,0.32105263157894737,0.2569659442724458,-0.22105263157894733,-0.21052631578947367,-0.21052631578947367,0,0,-0.21052631578947367,21,0.42105263157894746,0.4184210526315789,0.3763157894736842,0.25,0.19047619047619047,0,0.3763157894736842
2023-22,2023,22,2023-11-26,yas_marina,stroll,Lance Stroll,aston_martin,Aston Martin,20,1,17,0.5789473684210527,0.5,0.563467492260062,-0.2,-0.2210526315789474,-0.2,0,0,-0.2,21,0.5947368421052632,0.5657894736842105,0.6578947368421053,0.15789473684210525,0.12195121951219512,0,0.6578947368421053
2023-22,2023,22,2023-11-26,yas_marina,tsunoda,Yuki Tsunoda,alphatauri,AlphaTauri,20,1,19,0.4,0.3684210526315789,0.3795013850415513,0.042105263157894715,0.03157894736842104,0.07309941520467837,0,0,0.07309941520467837,21,0.37894736842105264,0.4078947368421053,0.36215538847117795,0.05263157894736842,0.04878048780487805,0,0.36215538847117795
2023-22,2023,22,2023-11-26,yas_marina,zhou,Guanyu Zhou,alfa,Alfa Romeo,21,1,18,0.37894736842105264,0.3473684210526316,0.35672514619883045,-0.03157894736842106,-0.0736842105263158,-0.03289473684210527,0,0,-0.03289473684210527,21,0.3736842105263158,0.3736842105263158,0.35526315789473684,0.25,0.14285714285714285,0,0.35526315789473684
2024-01,2024,1,2024-03-02,bahrain,albon,Alexander Albon,williams,Williams,22,1,18,0.4526315789473684,0.4842105263157895,0.4678362573099415,0.17894736842105263,0.2,0.20350877192982456,1,1,0.1925925925925926,22,0.4,0.41578947368421054,0.3709273182957394,0.25,0.18181818181818182,1,0.38234475076580343
2024-01,2024,1,2024-03-02,bahrain,alonso,Fernando Alonso,aston_martin,Aston Martin,22,1,20,0.7052631578947368,0.6684210526315789,0.7578947368421053,0.1368421052631579,0.2,0.19736842105263158,1,1,0.1929824561403509,22,0.5947368421052632,0.5578947368421053,0.6555023923444977,0.15789473684210525,0.11627906976744186,1,0.6733120680489102
2024-01,2024,1,2024-03-02,bahrain,bottas,Valtteri Bottas,sauber,Sauber,22,1,19,0.30526315789473685,0.3631578947368421,0.3490304709141274,-0.03157894736842106,0.031578947368421054,0.024767801857585144,1,1,0.06879944960440317,0,0.5601503759398496,0.5601503759398496,0.5601503759398496,0.10550458715596331,0.10550458715596331,0,0.5601503759398496
2024-01,2024,1,2024-03-02,bahrain,gasly,Pierre Gasly,alpine,Alpine F1 Team,22,1,21,0.5473684210526316,0.5578947368421053,0.5137844611528822,-0.11578947368421053,-0.04210526315789472,-0.0394736842105263,1,1,-0.0394736842105263,22,0.5789473684210527,0.5710526315789475,0.5288220551378446,0.15,0.1590909090909091,1,0.5343915343915344
2024-01,2024,1,2024-03-02,bahrain,hamilton,Lewis Hamilton,mercedes,Mercedes,22,1,20,0.7263157894736842,0.7684210526315789,0.7947368421052632,0.1473684210526316,0.15789473684210525,0.09907120743034056,1,1,0.0997592019263846,22,0.7315789473684211,0.7,0.7583732057416269,0.1,0.09090909090909091,1,0.7559808612440193
2024-01,2024,1,2024-03-02,bahrain,hulkenberg,Nico Hülkenberg,haas,Haas F1 Team,22,1,21,0.3157894736842105,0.30526315789473685,0.3007518796992481,0.010526315789473694,0.01578947368421052,0.02046783625730993,1,1,0.0064977257959714,22,0.30526315789473685,0.2973684210526316,0.2834928229665072,0.1,0.09090909090909091,1,0.28708133971291866
2024-01,2024,1,2024-03-02,bahrain,kevin_magnussen,Kevin Magnussen,haas,Haas F1 Team,22,1,19,0.25263157894736843,0.25263157894736843,0.257617728531856,-0.010526315789473694,-0.01578947368421052,-0.02046783625730993,1,1,-0.0064977257959714,22,0.30526315789473685,0.2973684210526316,0.2834928229665072,0.1,0.09090909090909091,1,0.28708133971291866
2024-01,2024,1,2024-03-02,bahrain,leclerc,Charles Leclerc,ferrari,Ferrari,21,1,17,0.8842105263157896,0.8263157894736842,0.7956656346749227,0.21052631578947367,0.13684210526315788,0.07368421052631578,1,0,0.07368421052631578,22,0.7736842105263159,0.8026315789473685,0.7571770334928231,0.05555555555555555,0.09523809523809523,1,0.7666135034556087
2024-01,2024,1,2024-03-02,bahrain,max_verstappen,Max Verstappen,red_bull,Red Bull,22,1,22,1.0,0.9789473684210526,0.9856459330143541,0.21052631578947373,0.15789473684210525,0.16842105263157894,1,1,0.15555555555555556,22,0.9421052631578947,0.9078947368421053,0.9090909090909091,0.1,0.045454545454545456,1,0.916267942583732
2024-01,2024,1,2024-03-02,bahrain,norris,Lando Norris,mclaren,McLaren,22,1,21,0.8736842105263157,0.8263157894736842,0.6616541353383459,0.16842105263157897,0.16842105263157897,0.1257309941520468,1,1,0.1257309941520468,22,0.7157894736842105,0.7394736842105264,0.6040669856459331,0.1,0.09090909090909091,1,0.5544922913343967
2024-01,2024,1,2024-03-02,bahrain,ocon,Esteban Ocon,alpine,Alpine F1 Team,22,1,16,0.6,0.5684210526315789,0.5625,0.11578947368421053,0.04210526315789472,0.0394736842105263,1,0,0.0394736842105263,22,0.5789473684210527,0.5710526315789475,0.5288220551378446,0.15,0.1590909090909091,1,0.5343915343915344
2024-01,2024,1,2024-03-02,bahrain,perez,Sergio Pérez,red_bull,Red Bull,22,1,20,0.7894736842105263,0.8210526315789475,0.8157894736842106,-0.21052631578947373,-0.15789473684210525,-0.16842105263157894,1,1,-0.15555555555555556,22,0.9421052631578947,0.9078947368421053,0.9090909090909091,0.1,0.045454545454545456,1,0.916267942583732
2024-01,2024,1,2024-03-02,bahrain,piastri,Oscar Piastri,mclaren,McLaren,22,1,19,0.631578947368421,0.6526315789473685,0.5457063711911357,-0.16842105263157897,-0.16842105263157897,-0.1257309941520468,1,0,-0.1257309941520468,22,0.7157894736842105,0.7394736842105264,0.6040669856459331,0.1,0.09090909090909091,1,0.5544922913343967
2024-01,2024,1,2024-03-02,bahrain,ricciardo,Daniel Ricciardo,rb,RB F1 Team,7,1,7,0.42105263157894746,0.38345864661654133,0.38345864661654133,-0.05263157894736838,-0.06766917293233081,-0.06766917293233081,0,0,-0.06766917293233081,0,0.5601503759398496,0.5601503759398496,0.5601503759398496,0.10550458715596331,0.10550458715596331,0,0.5601503759398496
2024-01,2024,1,2024-03-02,bahrain,russell,George Russell,mercedes,Mercedes,22,1,19,0.7789473684210526,0.6473684210526316,0.7036011080332409,-0.1473684210526316,-0.15789473684210525,-0.09907120743034056,1,1,-0.0997592019263846,22,0.7315789473684211,0.7,0.7583732057416269,0.1,0.09090909090909091,1,0.7559808612440193
2024-01,2024,1,2024-03-02,bahrain,sainz,Carlos Sainz,ferrari,Ferrari,21,1,20,0.6631578947368422,0.7368421052631579,0.7210526315789474,-0.21052631578947367,-0.13684210526315788,-0.07368421052631578,1,1,-0.07368421052631578,22,0.7736842105263159,0.8026315789473685,0.7571770334928231,0.05555555555555555,0.09523809523809523,1,0.7666135034556087
2024-01,2024,1,2024-03-02,bahrain,sargeant,Logan Sargeant,williams,Williams,22,1,18,0.3263157894736842,0.30526315789473685,0.2543859649122807,-0.17894736842105263,-0.2,-0.20350877192982456,1,1,-0.1925925925925926,22,0.4,0.41578947368421054,0.3709273182957394,0.25,0.18181818181818182,1,0.38234475076580343
2024-01,2024,1,2024-03-02,bahrain,stroll,Lance Stroll,aston_martin,Aston Martin,21,1,18,0.5894736842105264,0.5210526315789474,0.5614035087719299,-0.1368421052631579,-0.2,-0.19736842105263158,1,1,-0.1929824561403509,22,0.5947368421052632,0.5578947368421053,0.6555023923444977,0.15789473684210525,0.11627906976744186,1,0.6733120680489102
2024-01,2024,1,2024-03-02,bahrain,tsunoda,Yuki Tsunoda,rb,RB F1 Team,21,1,20,0.47368421052631576,0.41052631578947374,0.3921052631578948,0.05263157894736838,0.04210526315789472,0.0775623268698061,1,1,0.08648815020006156,0,0.5601503759398496,0.5601503759398496,0.5601503759398496,0.10550458715596331,0.10550458715596331,0,0.5601503759398496
2024-01,2024,1,2024-03-02,bahrain,zhou,Guanyu Zhou,sauber,Sauber,22,1,19,0.33684210526315794,0.33684210526315794,0.3462603878116344,0.03157894736842106,-0.031578947368421054,-0.024767801857585144,1,1,-0.06879944960440317,0,0.5601503759398496,0.5601503759398496,0.5601503759398496,0.10550458715596331,0.10550458715596331,0,0.5601503759398496
2024-02,2024,2,2024-03-09,jeddah,albon,Alexander Albon,williams,Williams,23,2,19,0.43157894736842106,0.4631578947368421,0.4473684210526316,0.2,0.21578947368421053,0.21052631578947367,1,0,0.21052631578947367,23,0.3157894736842105,0.4052631578947368,0.3501144164759725,0.2,0.16666666666666666,1,0.33460462751080594
2024-02,2024,2,2024-03-09,jeddah,alonso,Fernando Alonso,aston_martin,Aston Martin,23,2,21,0.6947368421052632,0.6684210526315789,0.7416267942583733,0.07368421052631577,0.18421052631578946,0.18128654970760233,1,1,0.18128654970760233,23,0.5684210526315789,0.5421052631578948,0.6469298245614036,0.15789473684210525,0.10638297872340426,1,0.6744639376218324
2024-02,2024,2,2024-03-09,jeddah,bearman,Oliver Bearman,ferrari,Ferrari,0,0,0,0.5555985552115583,0.5555985552115583,0.5555985552115583,0.0,0.0,0.0,0,0,0.0,23,0.768421052631579,0.8105263157894737,0.7664473684210527,0.0,0.08695652173913043,1,0.7602339181286549
2024-02,2024,2,2024-03-09,jeddah,bottas,Valtteri Bottas,sauber,Sauber,23,2,20,0.18947368421052635,0.3263157894736842,0.32080200501253137,-0.12631578947368421,0.005263157894736836,-0.02216066481994459,1,1,-0.04893813481071099,1,0.26315789473684215,0.26315789473684215,0.26315789473684215,0.0,0.0,0,0.26315789473684215
2024-02,2024,2,2024-03-09,jeddah,gasly,Pierre Gasly,alpine,Alpine F1 Team,23,2,22,0.42105263157894746,0.4789473684210527,0.4782608695652174,-0.0736842105263158,-0.026315789473684202,-0.040935672514619874,1,1,-0.04223521767381415,23,0.4578947368421053,0.5131578947368421,0.494279176201373,0.15,0.14583333333333334,1,0.5066107297228579
2024-02,2024,2,2024-03-09,jeddah,hamilton,Lewis Hamilton,mercedes,Mercedes,23,2,21,0.7052631578947368,0.7526315789473684,0.784688995215311,-0.010526315789473672,0.13684210526315788,0.0775623268698061,1,1,0.06309633733456449,23,0.7210526315789474,0.7289473684210527,0.7565789473684211,0.1,0.08333333333333333,1,0.7631578947368421
2024-02,2024,2,2024-03-09,jeddah,hulkenberg,Nico Hülkenberg,haas,Haas F1 Team,23,2,22,0.26315789473684215,0.28421052631578947,0.2929061784897025,-0.042105263157894715,-0.021052631578947368,-0.0026315789473684292,1,1,-0.014035087719298265,23,0.2894736842105263,0.2973684210526316,0.2861842105263158,0.1,0.08333333333333333,1,0.3070175438596492
2024-02,2024,2,2024-03-09,jeddah,kevin_magnussen,Kevin Magnussen,haas,Haas F1 Team,23,2,20,0.28421052631578947,0.27894736842105267,0.27318295739348375,0.042105263157894715,0.021052631578947368,0.0026315789473684292,1,1,0.014035087719298265,23,0.2894736842105263,0.2973684210526316,0.2861842105263158,0.1,0.08333333333333333,1,0.3070175438596492
2024-02,2024,2,2024-03-09,jeddah,leclerc,Charles Leclerc,ferrari,Ferrari,22,2,18,0.8842105263157896,0.8526315789473685,0.8005540166204986,0.23157894736842105,0.12631578947368421,0.05882352941176469,1,1,0.04643962848297212,23,0.768421052631579,0.8105263157894737,0.7664473684210527,0.0,0.08695652173913043,1,0.7602339181286549
2024-02,2024,2,2024-03-09,jeddah,max_verstappen,Max Verstappen,red_bull,Red Bull,23,2,23,1.0,0.9789473684210526,0.986842105263158,0.12631578947368421,0.1526315789473684,0.15789473684210525,1,1,0.13450292397660818,23,0.9526315789473685,0.9131578947368422,0.9144736842105264,0.1,0.041666666666666664,1,0.9210526315789475
2024-02,2024,2,2024-03-09,jeddah,norris,Lando Norris,mclaren,McLaren,23,2,22,0.8421052631578949,0.8315789473684211,0.6681922196796339,0.17894736842105266,0.16842105263157897,0.12368421052631581,1,1,0.09824561403508775,23,0.6631578947368422,0.7447368421052631,0.6107456140350878,0.1,0.08333333333333333,1,0.5662768031189084
2024-02,2024,2,2024-03-09,jeddah,ocon,Esteban Ocon,alpine,Alpine F1 Team,23,2,17,0.4947368421052632,0.5210526315789474,0.5175438596491229,0.0736842105263158,0.026315789473684202,0.040935672514619874,1,1,0.04223521767381415,23,0.4578947368421053,0.5131578947368421,0.494279176201373,0.15,0.14583333333333334,1,0.5066107297228579
2024-02,2024,2,2024-03-09,jeddah,perez,Sergio Pérez,red_bull,Red Bull,23,2,21,0.8736842105263157,0.8263157894736842,0.8277511961722488,-0.12631578947368421,-0.1526315789473684,-0.15789473684210525,1,1,-0.13450292397660818,23,0.9526315789473685,0.9131578947368422,0.9144736842105264,0.1,0.041666666666666664,1,0.9210526315789475
2024-02,2024,2,2024-03-09,jeddah,piastri,Oscar Piastri,mclaren,McLaren,23,2,20,0.5684210526315789,0.6368421052631579,0.5538847117794486,-0.17894736842105266,-0.16842105263157897,-0.12368421052631581,1,1,-0.09824561403508775,23,0.6631578947368422,0.7447368421052631,0.6107456140350878,0.1,0.08333333333333333,1,0.5662768031189084
2024-02,2024,2,2024-03-09,jeddah,ricciardo,Daniel Ricciardo,rb,RB F1 Team,8,2,8,0.4421052631578948,0.3815789473684211,0.3801169590643275,0.03157894736842108,-0.052631578947368404,-0.04093567251461986,0,0,-0.04093567251461986,1,0.34210526315789475,0.34210526315789475,0.34210526315789475,0.0,0.0,0,0.34210526315789475
2024-02,2024,2,2024-03-09,jeddah,russell,George Russell,mercedes,Mercedes,23,2,20,0.7684210526315789,0.6526315789473685,0.7117794486215538,0.010526315789473672,-0.13684210526315788,-0.0775623268698061,1,1,-0.06309633733456449,23,0.7210526315789474,0.7289473684210527,0.7565789473684211,0.1,0.08333333333333333,1,0.7631578947368421
2024-02,2024,2,2024-03-09,jeddah,sargeant,Logan Sargeant,williams,Williams,23,2,19,0.22105263157894733,0.2578947368421053,0.22894736842105265,-0.2,-0.21578947368421053,-0.21052631578947367,1,1,-0.21052631578947367,23,0.3157894736842105,0.4052631578947368,0.3501144164759725,0.2,0.16666666666666666,1,0.33460462751080594
2024-02,2024,2,2024-03-09,jeddah,stroll,Lance Stroll,aston_martin,Aston Martin,22,2,19,0.5578947368421053,0.5210526315789474,0.5578947368421053,-0.07368421052631577,-0.18421052631578946,-0.18128654970760233,1,0,-0.18128654970760233,23,0.5684210526315789,0.5421052631578948,0.6469298245614036,0.15789473684210525,0.10638297872340426,1,0.6744639376218324
2024-02,2024,2,2024-03-09,jeddah,tsunoda,Yuki Tsunoda,rb,RB F1 Team,22,2,21,0.41052631578947363,0.41578947368421054,0.3851674641148326,-0.03157894736842108,0.04736842105263156,0.06516290726817042,1,1,0.07546644388749651,1,0.34210526315789475,0.34210526315789475,0.34210526315789475,0.0,0.0,0,0.34210526315789475
2024-02,2024,2,2024-03-09,jeddah,zhou,Guanyu Zhou,sauber,Sauber,23,2,20,0.3157894736842105,0.3631578947368421,0.3583959899749374,0.12631578947368421,-0.005263157894736836,0.02216066481994459,1,1,0.04893813481071099,1,0.26315789473684215,0.26315789473684215,0.26315789473684215,0.0,0.0,0,0.26315789473684215
2024-03,2024,3,2024-03-24,albert_park,albon,Alexander Albon,williams,Williams,24,2,20,0.41052631578947374,0.4789473684210527,0.44976076555023925,0.2210526315789474,0.21578947368421053,0.20498614958448755,1,0,0.20498614958448755,24,0.3157894736842105,0.3815789473684211,0.3536842105263158,0.2,0.15384615384615385,1,0.3377777777777778
2024-03,2024,3,2024-03-24,albert_park,alonso,Fernando Alonso,aston_martin,Aston Martin,24,2,22,0.7052631578947368,0.6684210526315789,0.7456140350877193,0.07368421052631577,0.18421052631578946,0.18128654970760233,1,1,0.16699155295646526,24,0.6947368421052632,0.5815789473684211,0.6578947368421052,0.21052631578947367,0.13725490196078433,1,0.6812865497076023
2024-03,2024,3,2024-03-24,albert_park,bottas,Valtteri Bottas,sauber,Sauber,24,2,21,0.13684210526315793,0.3,0.30663615560640733,-0.1263157894736842,-0.005263157894736836,-0.015037593984962395,1,1,-0.025062656641603998,2,0.1973684210526316,0.1973684210526316,0.1973684210526316,0.0,0.0,0,0.1973684210526316
2024-03,2024,3,2024-03-24,albert_park,gasly,Pierre Gasly,alpine,Alpine F1 Team,24,2,22,0.42105263157894746,0.4789473684210527,0.4782608695652174,-0.0736842105263158,-0.026315789473684202,-0.040935672514619874,1,1,-0.03053931124106561,24,0.43157894736842106,0.5236842105263159,0.48421052631578954,0.15,0.17307692307692307,1,0.468421052631579
2024-03,2024,3,2024-03-24,albert_park,hamilton,Lewis Hamilton,mercedes,Mercedes,24,2,22,0.631578947368421,0.7263157894736842,0.7675438596491229,-0.06315789473684211,0.11052631578947367,0.055137844611528826,1,1,0.055137844611528826,24,0.6842105263157896,0.718421052631579,0.7489878542510121,0.1,0.07692307692307693,1,0.771030139451192
2024-03,2024,3,2024-03-24,albert_park,hulkenberg,Nico Hülkenberg,haas,Haas F1 Team,24,2,23,0.2947368421052632,0.32105263157894737,0.31157894736842107,4.4408920985006264e-17,0.0052631578947368585,0.007177033492822968,1,1,0.06485911749069644,24,0.3105263157894737,0.3315789473684211,0.3006072874493927,0.1,0.07692307692307693,1,0.31399010346378764
2024-03,2024,3,2024-03-24,albert_park,kevin_magnussen,Kevin Magnussen,haas,Haas F1 Team,24,2,21,0.3052631578947368,0.2947368421052632,0.28604118993135014,-4.4408920985006264e-17,-0.0052631578947368585,-0.007177033492822968,1,1,-0.06485911749069644,24,0.3105263157894737,0.3315789473684211,0.3006072874493927,0.1,0.07692307692307693,1,0.31399010346378764
2024-03,2024,3,2024-03-24,albert_park,leclerc,Charles Leclerc,ferrari,Ferrari,23,2,19,0.9052631578947368,0.8736842105263157,0.8095238095238095,0.25263157894736843,0.12631578947368421,0.07479224376731301,1,0,0.07479224376731301,24,0.7526315789473685,0.8026315789473685,0.7682186234817814,0.0,0.08,1,0.7296446243814665
2024-03,2024,3,2024-03-24,albert_park,max_verstappen,Max Verstappen,red_bull,Red Bull,24,2,24,1.0,0.9789473684210526,0.9878542510121459,0.10526315789473684,0.1526315789473684,0.14912280701754385,1,1,0.15594541910331383,24,0.9473684210526315,0.9131578947368422,0.9190283400809717,0.1,0.038461538461538464,1,0.9163292847503374
2024-03,2024,3,2024-03-24,albert_park,norris,Lando Norris,mclaren,McLaren,24,2,23,0.7789473684210526,0.8263157894736842,0.6652631578947369,0.14736842105263162,0.13157894736842107,0.0933014354066986,1,1,0.0946305156831473,24,0.6684210526315789,0.7657894736842106,0.6204453441295547,0.1,0.07692307692307693,1,0.6275303643724697
2024-03,2024,3,2024-03-24,albert_park,ocon,Esteban Ocon,alpine,Alpine F1 Team,24,2,18,0.4631578947368421,0.5263157894736843,0.5026315789473684,0.0736842105263158,0.026315789473684202,0.040935672514619874,1,1,0.03053931124106561,24,0.43157894736842106,0.5236842105263159,0.48421052631578954,0.15,0.17307692307692307,1,0.468421052631579
2024-03,2024,3,2024-03-24,albert_park,perez,Sergio Pérez,red_bull,Red Bull,24,2,22,0.8947368421052632,0.8263157894736842,0.837719298245614,-0.10526315789473684,-0.1526315789473684,-0.14912280701754385,1,1,-0.15594541910331383,24,0.9473684210526315,0.9131578947368422,0.9190283400809717,0.1,0.038461538461538464,1,0.9163292847503374
2024-03,2024,3,2024-03-24,albert_park,piastri,Oscar Piastri,mclaren,McLaren,24,2,21,0.6105263157894737,0.6631578947368422,0.5789473684210527,-0.14736842105263162,-0.13157894736842107,-0.0933014354066986,1,1,-0.0946305156831473,24,0.6684210526315789,0.7657894736842106,0.6204453441295547,0.1,0.07692307692307693,1,0.6275303643724697
2024-03,2024,3,2024-03-24,albert_park,ricciardo,Daniel Ricciardo,rb,RB F1 Team,9,2,9,0.3473684210526316,0.3625730994152047,0.3492822966507177,-0.03157894736842104,-0.05263157894736841,-0.043062200956937795,0,0,-0.043062200956937795,2,0.2894736842105263,0.2894736842105263,0.2894736842105263,0.0,0.0,0,0.2894736842105263
2024-03,2024,3,2024-03-24,albert_park,russell,George Russell,mercedes,Mercedes,24,2,21,0.7578947368421053,0.7105263157894737,0.7139588100686499,0.06315789473684211,-0.11052631578947367,-0.055137844611528826,1,0,-0.055137844611528826,24,0.6842105263157896,0.718421052631579,0.7489878542510121,0.1,0.07692307692307693,1,0.771030139451192
2024-03,2024,3,2024-03-24,albert_park,sainz,Carlos Sainz,ferrari,Ferrari,22,2,21,0.6631578947368422,0.7631578947368421,0.7368421052631579,-0.23157894736842105,-0.12631578947368421,-0.05882352941176469,1,1,-0.05882352941176469,24,0.7526315789473685,0.8026315789473685,0.7682186234817814,0.0,0.08,1,0.7296446243814665
2024-03,2024,3,2024-03-24,albert_park,stroll,Lance Stroll,aston_martin,Aston Martin,23,2,19,0.5578947368421053,0.5210526315789474,0.5578947368421053,-0.07368421052631577,-0.18421052631578946,-0.18128654970760233,1,1,-0.16699155295646526,24,0.6947368421052632,0.5815789473684211,0.6578947368421052,0.21052631578947367,0.13725490196078433,1,0.6812865497076023
2024-03,2024,3,2024-03-24,albert_park,tsunoda,Yuki Tsunoda,rb,RB F1 Team,23,2,22,0.37894736842105264,0.3894736842105263,0.375,0.03157894736842104,0.021052631578947344,0.06407322654462243,1,1,0.08619374523264683,2,0.2894736842105263,0.2894736842105263,0.2894736842105263,0.0,0.0,0,0.2894736842105263
2024-03,2024,3,2024-03-24,albert_park,zhou,Guanyu Zhou,sauber,Sauber,24,2,21,0.26315789473684215,0.33684210526315794,0.33638443935926776,0.1263157894736842,0.005263157894736836,0.015037593984962395,1,1,0.025062656641603998,2,0.1973684210526316,0.1973684210526316,0.1973684210526316,0.0,0.0,0,0.1973684210526316
2024-04,2024,4,2024-04-07,suzuka,albon,Alexander Albon,williams,Williams,25,2,21,0.38362573099415204,0.460233918128655,0.44931773879142306,0.2210526315789474,0.21578947368421053,0.20498614958448755,1,0,0.20498614958448755,25,0.3099415204678363,0.37339181286549705,0.36040719081654754,0.21052631578947367,0.14814814814814814,1,0.36040719081654754
2024-04,2024,4,2024-04-07,suzuka,alonso,Fernando Alonso,aston_martin,Aston Martin,25,2,23,0.6485380116959065,0.6347953216374269,0.7352676563202879,-0.0011695906432748649,0.13625730994152047,0.15204678362573099,1,1,0.15204678362573099,25,0.6596491228070176,0.6219298245614036,0.6585213032581454,0.2,0.12727272727272726,1,0.6555277081592872
2024-04,2024,4,2024-04-07,suzuka,bottas,Valtteri Bottas,sauber,Sauber,25,2,22,0.13976608187134507,0.2856725146198831,0.304327485380117,-0.1046783625730994,-0.020760233918128645,-0.008899059242308658,1,0,-0.008899059242308658,3,0.21491228070175442,0.21491228070175442,0.21491228070175442,0.0,0.0,0,0.21491228070175442
2024-04,2024,4,2024-04-07,suzuka,gasly,Pierre Gasly,alpine,Alpine F1 Team,25,2,23,0.3929824561403509,0.4859649122807018,0.46666666666666673,-0.029824561403508754,-0.030701754385964907,-0.020175438596491214,1,1,-0.02378167641325534,25,0.3605263157894737,0.475,0.46686159844054587,0.1,0.16071428571428573,1,0.47639159627463723
2024-04,2024,4,2024-04-07,suzuka,hamilton,Lewis Hamilton,mercedes,Mercedes,25,2,22,0.631578947368421,0.7263157894736842,0.7675438596491229,-0.06315789473684211,0.11052631578947367,0.055137844611528826,1,1,0.06070732386521861,25,0.5801169590643276,0.6742690058479532,0.7034252297410193,0.15,0.10714285714285714,1,0.7071382159101458
2024-04,2024,4,2024-04-07,suzuka,hulkenberg,Nico Hülkenberg,haas,Haas F1 Team,25,2,24,0.32163742690058483,0.33976608187134505,0.3296512887156162,-0.020467836257309902,-0.010233918128654951,0.011208576998050687,1,1,0.015811132770197096,25,0.33187134502923976,0.3396198830409357,0.31683375104427736,0.1,0.07142857142857142,1,0.31379374361830503
2024-04,2024,4,2024-04-07,suzuka,kevin_magnussen,Kevin Magnussen,haas,Haas F1 Team,25,2,22,0.34210526315789475,0.3236842105263158,0.3031578947368421,0.020467836257309902,0.010233918128654951,-0.011208576998050687,1,1,-0.015811132770197096,25,0.33187134502923976,0.3396198830409357,0.31683375104427736,0.1,0.07142857142857142,1,0.31379374361830503
2024-04,2024,4,2024-04-07,suzuka,leclerc,Charles Leclerc,ferrari,Ferrari,24,2,20,0.9152046783625731,0.8786549707602338,0.821256038647343,0.2309941520467836,0.1154970760233918,0.06237816764132552,1,1,0.06714316655837121,25,0.7997076023391813,0.807748538011696,0.7827903091060986,0.0,0.07407407407407407,1,0.7835329063399239
2024-04,2024,4,2024-04-07,suzuka,max_verstappen,Max Verstappen,red_bull,Red Bull,25,2,24,1.0,0.9789473684210526,0.9878542510121459,0.10526315789473684,0.1526315789473684,0.14912280701754385,1,1,0.14912280701754385,25,0.9187134502923977,0.9198830409356725,0.9089390142021722,0.15,0.07142857142857142,1,0.9190569015130419
2024-04,2024,4,2024-04-07,suzuka,norris,Lando Norris,mclaren,McLaren,25,2,24,0.7988304093567251,0.852046783625731,0.6818280268572666,0.12690058479532165,0.12660818713450292,0.09015594541910332,1,1,0.08598657136668834,25,0.714327485380117,0.7703216374269006,0.6376357560568087,0.1,0.07142857142857142,1,0.6691265200037129
2024-04,2024,4,2024-04-07,suzuka,ocon,Esteban Ocon,alpine,Alpine F1 Team,25,2,19,0.3912280701754386,0.4798245614035088,0.4720893141945774,0.029824561403508754,0.030701754385964907,0.020175438596491214,1,1,0.02378167641325534,25,0.3605263157894737,0.475,0.46686159844054587,0.1,0.16071428571428573,1,0.47639159627463723
2024-04,2024,4,2024-04-07,suzuka,perez,Sergio Pérez,red_bull,Red Bull,25,2,23,0.8818713450292398,0.8198830409356725,0.8331084120557806,-0.10526315789473684,-0.1526315789473684,-0.14912280701754385,1,0,-0.14912280701754385,25,0.9187134502923977,0.9198830409356725,0.9089390142021722,0.15,0.07142857142857142,1,0.9190569015130419
2024-04,2024,4,2024-04-07,suzuka,piastri,Oscar Piastri,mclaren,McLaren,25,2,22,0.7140350877192982,0.7043859649122808,0.5992982456140351,-0.12690058479532165,-0.12660818713450292,-0.09015594541910332,1,1,-0.08598657136668834,25,0.714327485380117,0.7703216374269006,0.6376357560568087,0.1,0.07142857142857142,1,0.6691265200037129
2024-04,2024,4,2024-04-07,suzuka,ricciardo,Daniel Ricciardo,rb,RB F1 Team,10,2,10,0.3514619883040936,0.3652046783625731,0.35537561853351324,-0.045029239766081884,-0.07514619883040936,-0.0791722896986055,0,0,-0.0791722896986055,3,0.3689083820662768,0.3689083820662768,0.3689083820662768,0.0,0.0,0,0.3689083820662768
2024-04,2024,4,2024-04-07,suzuka,russell,George Russell,mercedes,Mercedes,25,2,22,0.632748538011696,0.6426900584795321,0.6657309941520468,0.06315789473684211,-0.11052631578947367,-0.055137844611528826,1,1,-0.06070732386521861,25,0.5801169590643276,0.6742690058479532,0.7034252297410193,0.15,0.10714285714285714,1,0.7071382159101458
2024-04,2024,4,2024-04-07,suzuka,sainz,Carlos Sainz,ferrari,Ferrari,23,2,22,0.6947368421052632,0.7842105263157895,0.7587719298245613,-0.19941520467836257,-0.09970760233918127,-0.046783625730994136,1,1,-0.05328135152696553,25,0.7997076023391813,0.807748538011696,0.7827903091060986,0.0,0.07407407407407407,1,0.7835329063399239
2024-04,2024,4,2024-04-07,suzuka,sargeant,Logan Sargeant,williams,Williams,24,2,20,0.24210526315789474,0.27894736842105267,0.23684210526315788,-0.2210526315789474,-0.21578947368421053,-0.20498614958448755,1,0,-0.20498614958448755,25,0.3099415204678363,0.37339181286549705,0.36040719081654754,0.21052631578947367,0.14814814814814814,1,0.36040719081654754
2024-04,2024,4,2024-04-07,suzuka,stroll,Lance Stroll,aston_martin,Aston Martin,24,2,20,0.6707602339181287,0.5353801169590644,0.5728335991493887,0.0011695906432748649,-0.13625730994152047,-0.15204678362573099,1,0,-0.15204678362573099,25,0.6596491228070176,0.6219298245614036,0.6585213032581454,0.2,0.12727272727272726,1,0.6555277081592872
2024-04,2024,4,2024-04-07,suzuka,tsunoda,Yuki Tsunoda,rb,RB F1 Team,24,2,23,0.39649122807017545,0.4298245614035087,0.39743589743589747,0.045029239766081884,0.059356725146198816,0.08116959064327486,1,1,0.06630279402209227,3,0.3689083820662768,0.3689083820662768,0.3689083820662768,0.0,0.0,0,0.3689083820662768
2024-04,2024,4,2024-04-07,suzuka,zhou,Guanyu Zhou,sauber,Sauber,25,2,22,0.24444444444444446,0.3274853801169591,0.32725146198830407,0.1046783625730994,0.020760233918128645,0.008899059242308658,1,1,0.008899059242308658,3,0.21491228070175442,0.21491228070175442,0.21491228070175442,0.0,0.0,0,0.21491228070175442
2024-05,2024,5,2024-04-21,shanghai,albon,Alexander Albon,williams,Williams,26,2,21,0.38362573099415204,0.460233918128655,0.44931773879142306,0.2210526315789474,0.21578947368421053,0.20498614958448755,0,0,0.20498614958448755,26,0.2783625730994152,0.3497076023391813,0.34644081468037907,0.15789473684210525,0.1724137931034483,0,0.34644081468037907
2024-05,2024,5,2024-04-21,shanghai,alonso,Fernando Alonso,aston_martin,Aston Martin,26,2,24,0.6801169590643276,0.6505847953216375,0.7353801169590642,0.040935672514619895,0.16257309941520467,0.1669324827219564,0,0,0.1669324827219564,26,0.6385964912280702,0.6166666666666667,0.6532163742690058,0.15,0.11864406779661017,0,0.6532163742690058
2024-05,2024,5,2024-04-21,shanghai,bottas,Valtteri Bottas,sauber,Sauber,26,2,23,0.1713450292397661,0.2856725146198831,0.30517652155079056,-0.1046783625730994,-0.020760233918128645,-0.008899059242308658,0,0,-0.008899059242308658,4,0.24013157894736842,0.24013157894736842,0.24013157894736842,0.125,0.125,0,0.24013157894736842
2024-05,2024,5,2024-04-21,shanghai,gasly,Pierre Gasly,alpine,Alpine F1 Team,26,2,24,0.29824561403508776,0.4333333333333334,0.4476933073424302,-0.07192982456140348,-0.020175438596491235,-0.023125996810207328,0,0,-0.023125996810207328,26,0.27631578947368424,0.44342105263157894,0.45099818511796735,0.1,0.15,0,0.45099818511796735
2024-05,2024,5,2024-04-21,shanghai,hamilton,Lewis Hamilton,mercedes,Mercedes,26,2,23,0.6210526315789474,0.7105263157894737,0.7530364372469637,-0.12631578947368421,0.08947368421052633,0.041189931350114416,0,0,0.041189931350114416,26,0.5748538011695906,0.6637426900584795,0.6986354775828459,0.15,0.1,0,0.6986354775828459
2024-05,2024,5,2024-04-21,shanghai,hulkenberg,Nico Hülkenberg,haas,Haas F1 Team,26,2,25,0.40584795321637424,0.35555555555555557,0.33958459366807825,0.06374269005847957,-0.004970760233918114,0.018443544759334237,0,0,0.018443544759334237,26,0.3739766081871345,0.35277777777777775,0.3237816764132554,0.1,0.06666666666666667,0,0.3237816764132554
2024-05,2024,5,2024-04-21,shanghai,kevin_magnussen,Kevin Magnussen,haas,Haas F1 Team,26,2,23,0.34210526315789475,0.35,0.3079922027290448,-0.06374269005847957,0.004970760233918114,-0.018443544759334237,0,0,-0.018443544759334237,26,0.3739766081871345,0.35277777777777775,0.3237816764132554,0.1,0.06666666666666667,0,0.3237816764132554
2024-05,2024,5,2024-04-21,shanghai,leclerc,Charles Leclerc,ferrari,Ferrari,25,2,21,0.8941520467836257,0.8786549707602338,0.8229239766081871,0.1783625730994152,0.10497076023391809,0.05237732011187387,0,0,0.05237732011187387,26,0.8049707602339181,0.8156432748538013,0.7884990253411306,0.0,0.06896551724137931,0,0.7884990253411306
2024-05,2024,5,2024-04-21,shanghai,max_verstappen,Max Verstappen,red_bull,Red Bull,26,2,25,1.0,1.0,0.9887218045112782,0.08421052631578944,0.14210526315789473,0.14170040485829957,0,0,0.14170040485829957,26,0.9239766081871345,0.9172514619883041,0.9132553606237817,0.1,0.06666666666666667,0,0.9132553606237817
2024-05,2024,5,2024-04-21,shanghai,norris,Lando Norris,mclaren,McLaren,26,2,25,0.7672514619883041,0.8362573099415205,0.6892518652954225,0.032163742690058485,0.12134502923976612,0.09536662168241117,0,0,0.09536662168241117,26,0.7511695906432749,0.7492690058479532,0.642495126705653,0.1,0.06666666666666667,0,0.642495126705653
2024-05,2024,5,2024-04-21,shanghai,ocon,Esteban Ocon,alpine,Alpine F1 Team,26,2,20,0.2754385964912281,0.4535087719298246,0.45467836257309946,0.07192982456140348,0.020175438596491235,0.023125996810207328,0,0,0.023125996810207328,26,0.27631578947368424,0.44342105263157894,0.45099818511796735,0.1,0.15,0,0.45099818511796735
2024-05,2024,5,2024-04-21,shanghai,perez,Sergio Pérez,red_bull,Red Bull,26,2,24,0.8923976608187134,0.8198830409356725,0.8412698412698413,-0.08421052631578944,-0.14210526315789473,-0.14170040485829957,0,0,-0.14170040485829957,26,0.9239766081871345,0.9172514619883041,0.9132553606237817,0.1,0.06666666666666667,0,0.9132553606237817
2024-05,2024,5,2024-04-21,shanghai,piastri,Oscar Piastri,mclaren,McLaren,26,2,23,0.7350877192982457,0.6991228070175438,0.6016894087069525,-0.032163742690058485,-0.12134502923976612,-0.09536662168241117,0,0,-0.09536662168241117,26,0.7511695906432749,0.7492690058479532,0.642495126705653,0.1,0.06666666666666667,0,0.642495126705653
2024-05,2024,5,2024-04-21,shanghai,ricciardo,Daniel Ricciardo,rb,RB F1 Team,11,2,10,0.3514619883040936,0.3652046783625731,0.35537561853351324,-0.045029239766081884,-0.07514619883040936,-0.0791722896986055,0,0,-0.0791722896986055,4,0.4082602339181287,0.4082602339181287,0.4082602339181287,0.125,0.125,0,0.4082602339181287
2024-05,2024,5,2024-04-21,shanghai,russell,George Russell,mercedes,Mercedes,26,2,23,0.6432748538011696,0.6900584795321637,0.6670998483863981,0.12631578947368421,-0.08947368421052633,-0.041189931350114416,0,0,-0.041189931350114416,26,0.5748538011695906,0.6637426900584795,0.6986354775828459,0.15,0.1,0,0.6986354775828459
2024-05,2024,5,2024-04-21,shanghai,sainz,Carlos Sainz,ferrari,Ferrari,24,2,23,0.7263157894736842,0.7842105263157895,0.7692307692307693,-0.1783625730994152,-0.08918128654970758,-0.03731551099972151,0,0,-0.03731551099972151,26,0.8049707602339181,0.8156432748538013,0.7884990253411306,0.0,0.06896551724137931,0,0.7884990253411306
2024-05,2024,5,2024-04-21,shanghai,sargeant,Logan Sargeant,williams,Williams,25,2,21,0.17894736842105263,0.27894736842105267,0.23026315789473684,-0.2210526315789474,-0.21578947368421053,-0.20498614958448755,0,0,-0.20498614958448755,26,0.2783625730994152,0.3497076023391813,0.34644081468037907,0.15789473684210525,0.1724137931034483,0,0.34644081468037907
2024-05,2024,5,2024-04-21,shanghai,stroll,Lance Stroll,aston_martin,Aston Martin,25,2,21,0.5970760233918129,0.5301169590643275,0.5601851851851852,-0.040935672514619895,-0.16257309941520467,-0.1669324827219564,0,0,-0.1669324827219564,26,0.6385964912280702,0.6166666666666667,0.6532163742690058,0.15,0.11864406779661017,0,0.6532163742690058
2024-05,2024,5,2024-04-21,shanghai,tsunoda,Yuki Tsunoda,rb,RB F1 Team,25,2,24,0.4807017543859649,0.44035087719298244,0.4066416040100251,0.045029239766081884,0.059356725146198816,0.08116959064327486,0,0,0.08116959064327486,4,0.4082602339181287,0.4082602339181287,0.4082602339181287,0.125,0.125,0,0.4082602339181287
2024-05,2024,5,2024-04-21,shanghai,zhou,Guanyu Zhou,sauber,Sauber,26,2,22,0.24444444444444446,0.3274853801169591,0.32725146198830407,0.1046783625730994,0.020760233918128645,0.008899059242308658,0,0,0.008899059242308658,4,0.24013157894736842,0.24013157894736842,0.24013157894736842,0.125,0.125,0,0.24013157894736842
2024-06,2024,6,2024-05-05,miami,albon,Alexander Albon,williams,Williams,27,2,22,0.38362573099415204,0.43391812865497076,0.4471434997750787,0.2,0.20526315789473681,0.21052631578947367,1,1,0.2222222222222222,27,0.28362573099415206,0.34181286549707607,0.3427655159403886,0.10526315789473684,0.16129032258064516,1,0.32222431826280157
2024-06,2024,6,2024-05-05,miami,alonso,Fernando Alonso,aston_martin,Aston Martin,27,2,25,0.6801169590643276,0.6926900584795322,0.7319688109161794,0.1672514619883041,0.18362573099415208,0.18810916179337234,1,1,0.2198397227636994,27,0.612280701754386,0.6035087719298246,0.6419956140350878,0.15,0.1111111111111111,1,0.6437621832358675
2024-06,2024,6,2024-05-05,miami,bottas,Valtteri Bottas,sauber,Sauber,27,2,23,0.1713450292397661,0.2856725146198831,0.30517652155079056,-0.1046783625730994,-0.020760233918128645,-0.008899059242308658,1,1,0.009633584767070671,5,0.25526315789473686,0.25526315789473686,0.25526315789473686,0.2,0.2,0,0.25526315789473686
2024-06,2024,6,2024-05-05,miami,gasly,Pierre Gasly,alpine,Alpine F1 Team,27,2,25,0.2771929824561404,0.4175438596491229,0.4422262552934059,-0.019298245614035082,-0.06754385964912281,-0.02997076023391812,1,1,-0.02079272254710851,27,0.28157894736842104,0.4302631578947369,0.44906621392190155,0.1,0.140625,1,0.46642142991888325
2024-06,2024,6,2024-05-05,miami,hamilton,Lewis Hamilton,mercedes,Mercedes,27,2,24,0.6,0.6947368421052632,0.7406015037593985,-0.16842105263157897,0.01578947368421053,0.02526315789473684,1,1,0.010760233918128668,27,0.5590643274853802,0.6453216374269006,0.6960891812865497,0.1,0.09375,1,0.7064652371669916
2024-06,2024,6,2024-05-05,miami,hulkenberg,Nico Hülkenberg,haas,Haas F1 Team,27,2,26,0.45847953216374276,0.38713450292397666,0.3516317675910206,0.07426900584795326,0.042397660818713476,0.039682539682539694,1,1,0.006033602524830601,27,0.4213450292397661,0.36330409356725146,0.3265716374269006,0.1,0.0625,1,0.3341455490578298
2024-06,2024,6,2024-05-05,miami,kevin_magnussen,Kevin Magnussen,haas,Haas F1 Team,27,2,24,0.38421052631578945,0.31842105263157894,0.3012704174228675,-0.07426900584795326,-0.042397660818713476,-0.039682539682539694,1,1,-0.006033602524830601,27,0.4213450292397661,0.36330409356725146,0.3265716374269006,0.1,0.0625,1,0.3341455490578298
2024-06,2024,6,2024-05-05,miami,leclerc,Charles Leclerc,ferrari,Ferrari,26,2,22,0.8730994152046783,0.8786549707602338,0.8243448126489062,0.020467836257309902,0.11549707602339179,0.05239766081871343,1,1,0.03487979207277451,27,0.8628654970760234,0.8182748538011696,0.7902046783625731,0.0,0.06451612903225806,1,0.7842755035737492
2024-06,2024,6,2024-05-05,miami,max_verstappen,Max Verstappen,red_bull,Red Bull,27,2,26,1.0,1.0,0.9894736842105264,0.08421052631578944,0.14736842105263157,0.13909774436090225,1,1,0.12949039264828738,27,0.9292397660818714,0.935672514619883,0.9153874269005848,0.1,0.0625,1,0.9218648473034438
2024-06,2024,6,2024-05-05,miami,norris,Lando Norris,mclaren,McLaren,27,2,26,0.7988304093567251,0.8362573099415205,0.7059045463120166,0.08479532163742694,0.12660818713450295,0.11111111111111113,1,1,0.11046133853151399,27,0.7564327485380117,0.7361111111111112,0.6516812865497076,0.1,0.0625,1,0.5909681611435997
2024-06,2024,6,2024-05-05,miami,ocon,Esteban Ocon,alpine,Alpine F1 Team,27,2,21,0.2859649122807018,0.44298245614035087,0.45614035087719296,0.019298245614035082,0.06754385964912281,0.02997076023391812,1,1,0.02079272254710851,27,0.28157894736842104,0.4302631578947369,0.44906621392190155,0.1,0.140625,1,0.46642142991888325
2024-06,2024,6,2024-05-05,miami,perez,Sergio Pérez,red_bull,Red Bull,27,2,25,0.9029239766081872,0.8461988304093568,0.8448343079922027,-0.08421052631578944,-0.14736842105263157,-0.13909774436090225,1,1,-0.12949039264828738,27,0.9292397660818714,0.935672514619883,0.9153874269005848,0.1,0.0625,1,0.9218648473034438
2024-06,2024,6,2024-05-05,miami,piastri,Oscar Piastri,mclaren,McLaren,27,2,24,0.7140350877192982,0.6728070175438596,0.603750756200847,-0.08479532163742694,-0.12660818713450295,-0.11111111111111113,1,1,-0.11046133853151399,27,0.7564327485380117,0.7361111111111112,0.6516812865497076,0.1,0.0625,1,0.5909681611435997
2024-06,2024,6,2024-05-05,miami,ricciardo,Daniel Ricciardo,rb,RB F1 Team,12,2,10,0.3514619883040936,0.3652046783625731,0.35537561853351324,-0.045029239766081884,-0.07514619883040936,-0.0791722896986055,0,0,-0.0791722896986055,5,0.4082602339181287,0.4082602339181287,0.4082602339181287,0.3,0.3,0,0.4082602339181287
2024-06,2024,6,2024-05-05,miami,russell,George Russell,mercedes,Mercedes,27,2,24,0.6116959064327486,0.6953216374269007,0.671909659205485,0.16842105263157897,-0.01578947368421053,-0.02526315789473684,1,1,-0.010760233918128668,27,0.5590643274853802,0.6453216374269006,0.6960891812865497,0.1,0.09375,1,0.7064652371669916
2024-06,2024,6,2024-05-05,miami,sainz,Carlos Sainz,ferrari,Ferrari,25,2,24,0.7368421052631579,0.7631578947368421,0.7706766917293233,-0.14678362573099413,-0.08918128654970757,-0.03864734299516906,1,1,-0.02265728734073507,27,0.8628654970760234,0.8182748538011696,0.7902046783625731,0.0,0.06451612903225806,1,0.7842755035737492
2024-06,2024,6,2024-05-05,miami,sargeant,Logan Sargeant,williams,Williams,26,2,22,0.16842105263157897,0.2578947368421053,0.22469635627530365,-0.2,-0.20526315789473681,-0.21052631578947367,1,1,-0.2222222222222222,27,0.28362573099415206,0.34181286549707607,0.3427655159403886,0.10526315789473684,0.16129032258064516,1,0.32222431826280157
2024-06,2024,6,2024-05-05,miami,stroll,Lance Stroll,aston_martin,Aston Martin,26,2,22,0.49181286549707603,0.5353801169590644,0.5373369320737742,-0.1672514619883041,-0.18362573099415208,-0.18810916179337234,1,1,-0.2198397227636994,27,0.612280701754386,0.6035087719298246,0.6419956140350878,0.15,0.1111111111111111,1,0.6437621832358675
2024-06,2024,6,2024-05-05,miami,tsunoda,Yuki Tsunoda,rb,RB F1 Team,26,2,24,0.4807017543859649,0.44035087719298244,0.4066416040100251,0.045029239766081884,0.059356725146198816,0.08116959064327486,1,1,0.11308641975308643,5,0.4082602339181287,0.4082602339181287,0.4082602339181287,0.3,0.3,0,0.4082602339181287
2024-06,2024,6,2024-05-05,miami,zhou,Guanyu Zhou,sauber,Sauber,27,2,23,0.2549707602339181,0.31695906432748544,0.3264024258176305,0.1046783625730994,0.020760233918128645,0.008899059242308658,1,1,-0.009633584767070671,5,0.25526315789473686,0.25526315789473686,0.25526315789473686,0.2,0.2,0,0.25526315789473686
2024-07,2024,7,2024-05-19,imola,albon,Alexander Albon,williams,Williams,28,2,23,0.34152046783625734,0.39707602339181286,0.42272347535505433,0.2,0.20526315789473681,0.21052631578947367,0,0,0.21052631578947367,28,0.2783625730994152,0.2970760233918129,0.32837143363459154,0.15789473684210525,0.18181818181818182,0,0.32837143363459154
2024-07,2024,7,2024-05-19,imola,alonso,Fernando Alonso,aston_martin,Aston Martin,28,2,26,0.6801169590643276,0.6874269005847953,0.7224049707602339,0.21988304093567254,0.17836257309941522,0.20602789023841656,0,0,0.20602789023841656,28,0.5754385964912281,0.5719298245614035,0.6259029927760578,0.1,0.1044776119402985,0,0.6259029927760578
2024-07,2024,7,2024-05-19,imola,bottas,Valtteri Bottas,sauber,Sauber,28,2,24,0.20292397660818712,0.25409356725146204,0.29864892115345837,-0.1046783625730994,-0.036549707602339165,-0.016608187134502912,0,0,-0.016608187134502912,6,0.2552631578947368,0.2565789473684211,0.2565789473684211,0.16666666666666666,0.16666666666666666,0,0.2565789473684211
2024-07,2024,7,2024-05-19,imola,gasly,Pierre Gasly,alpine,Alpine F1 Team,28,2,26,0.28771929824561404,0.4175438596491229,0.4408602150537635,-0.0298245614035088,-0.07280701754385967,-0.03576248313090418,0,0,-0.03576248313090418,28,0.35,0.40394736842105267,0.45055821371610844,0.05,0.1323529411764706,0,0.45055821371610844
2024-07,2024,7,2024-05-19,imola,hamilton,Lewis Hamilton,mercedes,Mercedes,28,2,25,0.631578947368421,0.6789473684210526,0.7403508771929824,-0.08421052631578947,0.03157894736842106,0.031189083820662773,0,0,0.031189083820662773,28,0.5485380116959064,0.6347953216374269,0.695390436876505,0.1,0.08823529411764706,0,0.695390436876505
2024-07,2024,7,2024-05-19,imola,hulkenberg,Nico Hülkenberg,haas,Haas F1 Team,28,2,27,0.5111111111111112,0.38713450292397666,0.35902888534467486,0.20058479532163745,0.07923976608187137,0.06510721247563353,0,0,0.06510721247563353,28,0.4108187134502924,0.35014619883040937,0.3228414172686619,0.1,0.058823529411764705,0,0.3228414172686619
2024-07,2024,7,2024-05-19,imola,kevin_magnussen,Kevin Magnussen,haas,Haas F1 Team,28,2,25,0.3105263157894737,0.2973684210526316,0.28522920203735147,-0.20058479532163745,-0.07923976608187137,-0.06510721247563353,0,0,-0.06510721247563353,28,0.4108187134502924,0.35014619883040937,0.3228414172686619,0.1,0.058823529411764705,0,0.3228414172686619
2024-07,2024,7,2024-05-19,imola,leclerc,Charles Leclerc,ferrari,Ferrari,27,2,23,0.883625730994152,0.8839181286549709,0.8291994353700344,0.052046783625730966,0.141812865497076,0.056313623565085534,0,0,0.056313623565085534,28,0.8576023391812866,0.8130116959064327,0.7932576539387685,0.0,0.06060606060606061,0,0.7932576539387685
2024-07,2024,7,2024-05-19,imola,max_verstappen,Max Verstappen,red_bull,Red Bull,28,2,27,0.9894736842105264,0.9947368421052631,0.9868421052631579,0.07368421052631577,0.14210526315789473,0.13684210526315788,0,0,0.13684210526315788,28,0.9134502923976608,0.9330409356725147,0.9141726866185071,0.1,0.058823529411764705,0,0.9141726866185071
2024-07,2024,7,2024-05-19,imola,norris,Lando Norris,mclaren,McLaren,28,2,27,0.8514619883040936,0.8467836257309942,0.7237285132021974,0.19005847953216376,0.1845029239766082,0.14580896686159847,0,0,0.14580896686159847,28,0.7564327485380117,0.7097953216374269,0.6535947712418301,0.05,0.058823529411764705,0,0.6535947712418301
2024-07,2024,7,2024-05-19,imola,ocon,Esteban Ocon,alpine,Alpine F1 Team,28,2,22,0.35964912280701755,0.4271929824561404,0.4611528822055138,0.0298245614035088,0.07280701754385967,0.03576248313090418,0,0,0.03576248313090418,28,0.35,0.40394736842105267,0.45055821371610844,0.05,0.1323529411764706,0,0.45055821371610844
2024-07,2024,7,2024-05-19,imola,perez,Sergio Pérez,red_bull,Red Bull,28,2,26,0.8818713450292398,0.8777777777777779,0.8446637426900585,-0.07368421052631577,-0.14210526315789473,-0.13684210526315788,0,0,-0.13684210526315788,28,0.9134502923976608,0.9330409356725147,0.9141726866185071,0.1,0.058823529411764705,0,0.9141726866185071
2024-07,2024,7,2024-05-19,imola,piastri,Oscar Piastri,mclaren,McLaren,28,2,25,0.6614035087719298,0.6149122807017544,0.588568194680249,-0.19005847953216376,-0.1845029239766082,-0.14580896686159847,0,0,-0.14580896686159847,28,0.7564327485380117,0.7097953216374269,0.6535947712418301,0.05,0.058823529411764705,0,0.6535947712418301
2024-07,2024,7,2024-05-19,imola,ricciardo,Daniel Ricciardo,rb,RB F1 Team,13,2,11,0.34093567251461987,0.3546783625730994,0.3430799220272905,-0.17134502923976608,-0.12777777777777777,-0.12475633528265108,0,0,-0.12475633528265108,6,0.42134502923976613,0.42134502923976613,0.42134502923976613,0.25,0.25,0,0.42134502923976613
2024-07,2024,7,2024-05-19,imola,russell,George Russell,mercedes,Mercedes,28,2,25,0.5801169590643276,0.6742690058479532,0.6693076777966421,0.08421052631578947,-0.03157894736842106,-0.031189083820662773,0,0,-0.031189083820662773,28,0.5485380116959064,0.6347953216374269,0.695390436876505,0.1,0.08823529411764706,0,0.695390436876505
2024-07,2024,7,2024-05-19,imola,sainz,Carlos Sainz,ferrari,Ferrari,26,2,25,0.8736842105263157,0.7684210526315789,0.7719298245614036,0.0005847953216374657,-0.10497076023391809,-0.04397660818713448,0,0,-0.04397660818713448,28,0.8576023391812866,0.8130116959064327,0.7932576539387685,0.0,0.06060606060606061,0,0.7932576539387685
2024-07,2024,7,2024-05-19,imola,sargeant,Logan Sargeant,williams,Williams,27,2,22,0.16842105263157897,0.2578947368421053,0.22469635627530365,-0.2,-0.20526315789473681,-0.21052631578947367,0,0,-0.21052631578947367,28,0.2783625730994152,0.2970760233918129,0.32837143363459154,0.15789473684210525,0.18181818181818182,0,0.32837143363459154
2024-07,2024,7,2024-05-19,imola,stroll,Lance Stroll,aston_martin,Aston Martin,27,2,23,0.41812865497076024,0.5038011695906432,0.510233918128655,-0.21988304093567254,-0.17836257309941522,-0.20602789023841656,0,0,-0.20602789023841656,28,0.5754385964912281,0.5719298245614035,0.6259029927760578,0.1,0.1044776119402985,0,0.6259029927760578
2024-07,2024,7,2024-05-19,imola,tsunoda,Yuki Tsunoda,rb,RB F1 Team,27,2,25,0.4912280701754386,0.48245614035087725,0.4251461988304094,0.17134502923976608,0.1067251461988304,0.10634611219406542,0,0,0.10634611219406542,6,0.42134502923976613,0.42134502923976613,0.42134502923976613,0.25,0.25,0,0.42134502923976613
2024-07,2024,7,2024-05-19,imola,zhou,Guanyu Zhou,sauber,Sauber,28,2,24,0.28654970760233917,0.3116959064327486,0.3256704980842912,0.1046783625730994,0.036549707602339165,0.016608187134502912,0,0,0.016608187134502912,6,0.2552631578947368,0.2565789473684211,0.2565789473684211,0.16666666666666666,0.16666666666666666,0,0.2565789473684211
2024-08,2024,8,2024-05-26,monaco,albon,Alexander Albon,williams,Williams,29,2,23,0.34152046783625734,0.39707602339181286,0.42272347535505433,0.2,0.20526315789473681,0.21052631578947367,1,1,0.21052631578947367,29,0.2309941520467836,0.2733918128654971,0.3186299081035923,0.21052631578947367,0.2,1,0.30661839784646805
2024-08,2024,8,2024-05-26,monaco,alonso,Fernando Alonso,aston_martin,Aston Martin,29,2,27,0.532748538011696,0.6190058479532163,0.6830065359477124,0.10409356725146202,0.08888888888888889,0.15371762740183792,1,1,0.15371762740183792,29,0.48070175438596496,0.5877192982456141,0.6086744639376218,0.05,0.09859154929577464,1,0.6463071258392896
2024-08,2024,8,2024-05-26,monaco,bottas,Valtteri Bottas,sauber,Sauber,29,2,25,0.21345029239766083,0.20146198830409362,0.28617242029805695,-0.11520467836257309,-0.07339181286549708,-0.0270738574832142,1,1,-0.012369744663441864,7,0.2657894736842105,0.24624060150375943,0.24624060150375943,0.14285714285714285,0.14285714285714285,0,0.24624060150375943
2024-08,2024,8,2024-05-26,monaco,gasly,Pierre Gasly,alpine,Alpine F1 Team,29,2,27,0.30877192982456136,0.3649122807017544,0.42690058479532167,-0.04035087719298247,-0.057017543859649134,-0.040726817042606514,1,1,-0.05959342801448064,29,0.32894736842105265,0.38026315789473686,0.4398496240601504,0.05,0.125,1,0.4786967418546366
2024-08,2024,8,2024-05-26,monaco,hamilton,Lewis Hamilton,mercedes,Mercedes,29,2,26,0.6421052631578947,0.6736842105263159,0.7401315789473685,-0.052631578947368404,-0.03157894736842104,0.03266787658802179,1,1,0.0348860657390603,29,0.5590643274853802,0.6216374269005848,0.6962313190383367,0.1,0.08333333333333333,1,0.7095155584434338
2024-08,2024,8,2024-05-26,monaco,hulkenberg,Nico Hülkenberg,haas,Haas F1 Team,29,2,28,0.5005847953216375,0.3976608187134503,0.3655806182121972,0.19005847953216376,0.09502923976608191,0.06432748538011697,1,1,0.06887589343729696,29,0.40555555555555556,0.3580409356725146,0.32975958414554907,0.05,0.05555555555555555,1,0.3048155367843477
2024-08,2024,8,2024-05-26,monaco,kevin_magnussen,Kevin Magnussen,haas,Haas F1 Team,29,2,26,0.3105263157894737,0.3078947368421053,0.2934609250398724,-0.19005847953216376,-0.09502923976608191,-0.06432748538011697,1,1,-0.06887589343729696,29,0.40555555555555556,0.3580409356725146,0.32975958414554907,0.05,0.05555555555555555,1,0.3048155367843477
2024-08,2024,8,2024-05-26,monaco,leclerc,Charles Leclerc,ferrari,Ferrari,28,2,24,0.883625730994152,0.8944444444444445,0.8334276551594039,0.030994152046783595,0.141812865497076,0.05968945351885459,1,1,0.06475319844950818,29,0.8681286549707602,0.8103801169590643,0.7959714100064977,0.0,0.05714285714285714,1,0.7835535340408635
2024-08,2024,8,2024-05-26,monaco,max_verstappen,Max Verstappen,red_bull,Red Bull,29,2,28,0.9894736842105264,0.9947368421052631,0.9876160990712075,0.1368421052631579,0.13157894736842107,0.1513157894736842,1,1,0.2222222222222222,29,0.8818713450292398,0.9146198830409358,0.9087069525666016,0.05,0.05555555555555555,1,0.8749909753808389
2024-08,2024,8,2024-05-26,monaco,norris,Lando Norris,mclaren,McLaren,29,2,28,0.9146198830409358,0.8467836257309942,0.7365079365079366,0.25321637426900584,0.20029239766081872,0.1432748538011696,1,1,0.13320337881741393,29,0.7880116959064327,0.7282163742690059,0.6669915529564653,0.05,0.05555555555555555,1,0.6542848891776767
2024-08,2024,8,2024-05-26,monaco,ocon,Esteban Ocon,alpine,Alpine F1 Team,29,2,23,0.3491228070175439,0.40614035087719297,0.4514619883040936,0.04035087719298247,0.057017543859649134,0.040726817042606514,1,1,0.05959342801448064,29,0.32894736842105265,0.38026315789473686,0.4398496240601504,0.05,0.125,1,0.4786967418546366
2024-08,2024,8,2024-05-26,monaco,perez,Sergio Pérez,red_bull,Red Bull,29,2,27,0.8187134502923976,0.8567251461988304,0.8321293429652563,-0.1368421052631579,-0.13157894736842107,-0.1513157894736842,1,1,-0.2222222222222222,29,0.8818713450292398,0.9146198830409358,0.9087069525666016,0.05,0.05555555555555555,1,0.8749909753808389
2024-08,2024,8,2024-05-26,monaco,piastri,Oscar Piastri,mclaren,McLaren,29,2,26,0.6614035087719298,0.6359649122807017,0.6039340776182882,-0.25321637426900584,-0.20029239766081872,-0.1432748538011696,1,1,-0.13320337881741393,29,0.7880116959064327,0.7282163742690059,0.6669915529564653,0.05,0.05555555555555555,1,0.6542848891776767
2024-08,2024,8,2024-05-26,monaco,ricciardo,Daniel Ricciardo,rb,RB F1 Team,14,2,12,0.31988304093567255,0.37046783625730995,0.34606123151014795,-0.1713450292397661,-0.11198830409356723,-0.1286549707602339,0,0,-0.1286549707602339,7,0.4423976608187135,0.42568226120857705,0.42568226120857705,0.21428571428571427,0.21428571428571427,0,0.42568226120857705
2024-08,2024,8,2024-05-26,monaco,russell,George Russell,mercedes,Mercedes,29,2,26,0.5695906432748539,0.6637426900584795,0.6702108807371965,0.052631578947368404,0.03157894736842104,-0.03266787658802179,1,1,-0.0348860657390603,29,0.5590643274853802,0.6216374269005848,0.6962313190383367,0.1,0.08333333333333333,1,0.7095155584434338
2024-08,2024,8,2024-05-26,monaco,sainz,Carlos Sainz,ferrari,Ferrari,27,2,26,0.8526315789473685,0.7578947368421053,0.7730263157894737,-0.030994152046783595,-0.1312865497076023,-0.04851635260991984,1,1,-0.054821553197121745,29,0.8681286549707602,0.8103801169590643,0.7959714100064977,0.0,0.05714285714285714,1,0.7835535340408635
2024-08,2024,8,2024-05-26,monaco,sargeant,Logan Sargeant,williams,Williams,28,2,23,0.15789473684210528,0.24210526315789477,0.2199248120300752,-0.2,-0.20526315789473681,-0.21052631578947367,1,1,-0.21052631578947367,29,0.2309941520467836,0.2733918128654971,0.3186299081035923,0.21052631578947367,0.2,1,0.30661839784646805
2024-08,2024,8,2024-05-26,monaco,stroll,Lance Stroll,aston_martin,Aston Martin,28,2,24,0.42865497076023396,0.4932748538011696,0.5148148148148148,-0.10409356725146202,-0.08888888888888889,-0.15371762740183792,1,0,-0.15371762740183792,29,0.48070175438596496,0.5877192982456141,0.6086744639376218,0.05,0.09859154929577464,1,0.6463071258392896
2024-08,2024,8,2024-05-26,monaco,tsunoda,Yuki Tsunoda,rb,RB F1 Team,28,2,26,0.5333333333333334,0.47192982456140353,0.4314692982456141,0.1713450292397661,0.11198830409356723,0.1099011897559992,1,1,0.08014608680065427,7,0.4423976608187135,0.42568226120857705,0.42568226120857705,0.21428571428571427,0.21428571428571427,0,0.42568226120857705
2024-08,2024,8,2024-05-26,monaco,zhou,Guanyu Zhou,sauber,Sauber,29,2,25,0.24444444444444446,0.2801169590643275,0.32163742690058483,0.11520467836257309,0.07339181286549708,0.0270738574832142,1,1,0.012369744663441864,7,0.2657894736842105,0.24624060150375943,0.24624060150375943,0.14285714285714285,0.14285714285714285,0,0.24624060150375943
2024-09,2024,9,2024-06-09,villeneuve,albon,Alexander Albon,williams,Williams,30,2,24,0.40467836257309936,0.41812865497076024,0.4331384015594542,0.22105263157894733,0.22105263157894733,0.21967963386727687,1,1,0.21967963386727687,30,0.22631578947368425,0.26812865497076027,0.3241662715346926,0.15789473684210525,0.1891891891891892,1,0.36417118873259224
2024-09,2024,9,2024-06-09,villeneuve,alonso,Fernando Alonso,aston_martin,Aston Martin,30,2,28,0.5052631578947369,0.5769005847953217,0.671377517868746,0.15789473684210528,0.07836257309941522,0.1539961013645224,1,1,0.17782109594975093,30,0.42631578947368426,0.5429824561403509,0.5974145891043399,0.05,0.09333333333333334,1,0.6158305119523957
2024-09,2024,9,2024-06-09,villeneuve,bottas,Valtteri Bottas,sauber,Sauber,30,2,26,0.25555555555555554,0.19619883040935676,0.29115718589402806,0.0005847953216374435,-0.06286549707602337,-0.014317402702157683,1,1,0.022361139118549908,8,0.2736842105263158,0.25164473684210525,0.25164473684210525,0.125,0.125,0,0.25164473684210525
2024-09,2024,9,2024-06-09,villeneuve,gasly,Pierre Gasly,alpine,Alpine F1 Team,30,2,28,0.3473684210526316,0.37017543859649127,0.43258145363408523,-0.04035087719298247,-0.057017543859649134,-0.040726817042606514,1,1,-0.05959342801448064,30,0.3842105263157895,0.37236842105263157,0.44452347083926036,0.1,0.14473684210526316,1,0.4536115062430852
2024-09,2024,9,2024-06-09,villeneuve,hamilton,Lewis Hamilton,mercedes,Mercedes,30,2,27,0.6631578947368422,0.6473684210526316,0.736842105263158,-0.042105263157894715,-0.052631578947368404,0.023769100169779296,1,1,0.023769100169779296,30,0.6842105263157895,0.6321637426900585,0.698368728839643,0.05,0.07894736842105263,1,0.7201874080913785
2024-09,2024,9,2024-06-09,villeneuve,hulkenberg,Nico Hülkenberg,haas,Haas F1 Team,30,2,28,0.5005847953216375,0.3976608187134503,0.3655806182121972,0.19005847953216376,0.09502923976608191,0.06432748538011697,1,1,0.06887589343729696,30,0.40555555555555556,0.3580409356725146,0.32975958414554907,0.1,0.10526315789473684,1,0.3165114432170963
2024-09,2024,9,2024-06-09,villeneuve,kevin_magnussen,Kevin Magnussen,haas,Haas F1 Team,30,2,26,0.3105263157894737,0.3078947368421053,0.2934609250398724,-0.19005847953216376,-0.09502923976608191,-0.06432748538011697,1,1,-0.06887589343729696,30,0.40555555555555556,0.3580409356725146,0.32975958414554907,0.1,0.10526315789473684,1,0.3165114432170963
2024-09,2024,9,2024-06-09,villeneuve,leclerc,Charles Leclerc,ferrari,Ferrari,29,2,25,0.8947368421052632,0.9049707602339181,0.8435229487861067,0.06315789473684208,0.14707602339181286,0.06262969251084699,1,1,0.06151879100379381,30,0.8631578947368421,0.8314327485380117,0.8039396737457679,0.0,0.05405405405405406,1,0.8052563181833726
2024-09,2024,9,2024-06-09,villeneuve,max_verstappen,Max Verstappen,red_bull,Red Bull,30,2,29,0.9368421052631579,0.968421052631579,0.9736842105263158,0.1368421052631579,0.13157894736842107,0.1513157894736842,1,1,0.16374269005847952,30,0.8736842105263157,0.8961988304093568,0.899661434287473,0.1,0.07894736842105263,1,0.8961902807701515
2024-09,2024,9,2024-06-09,villeneuve,norris,Lando Norris,mclaren,McLaren,30,2,29,0.9052631578947368,0.852046783625731,0.742215900110637,0.2210526315789474,0.1739766081871345,0.12865497076023394,1,1,0.1026640675763483,30,0.7947368421052632,0.75453216374269,0.6789781471221915,0.05,0.05263157894736842,1,0.6503197565062755
2024-09,2024,9,2024-06-09,villeneuve,ocon,Esteban Ocon,alpine,Alpine F1 Team,30,2,23,0.3491228070175439,0.40614035087719297,0.4514619883040936,0.04035087719298247,0.057017543859649134,0.040726817042606514,1,1,0.05959342801448064,30,0.3842105263157895,0.37236842105263157,0.44452347083926036,0.1,0.14473684210526316,1,0.4536115062430852
2024-09,2024,9,2024-06-09,villeneuve,perez,Sergio Pérez,red_bull,Red Bull,30,2,27,0.8187134502923976,0.8567251461988304,0.8321293429652563,-0.1368421052631579,-0.13157894736842107,-0.1513157894736842,1,1,-0.16374269005847952,30,0.8736842105263157,0.8961988304093568,0.899661434287473,0.1,0.07894736842105263,1,0.8961902807701515
2024-09,2024,9,2024-06-09,villeneuve,piastri,Oscar Piastri,mclaren,McLaren,30,2,27,0.6842105263157895,0.6991228070175438,0.6235588972431078,-0.2210526315789474,-0.1739766081871345,-0.12865497076023394,1,1,-0.1026640675763483,30,0.7947368421052632,0.75453216374269,0.6789781471221915,0.05,0.05263157894736842,1,0.6503197565062755
2024-09,2024,9,2024-06-09,villeneuve,ricciardo,Daniel Ricciardo,rb,RB F1 Team,15,2,13,0.33040935672514615,0.38625730994152047,0.35395506309633734,-0.22397660818713455,-0.09619883040935673,-0.13727300707910128,0,0,-0.13727300707910128,8,0.5002923976608187,0.44005847953216376,0.44005847953216376,0.1875,0.1875,0,0.44005847953216376
2024-09,2024,9,2024-06-09,villeneuve,russell,George Russell,mercedes,Mercedes,30,2,27,0.7052631578947368,0.6690058479532164,0.6770258980785298,0.042105263157894715,0.052631578947368404,-0.023769100169779296,1,0,-0.023769100169779296,30,0.6842105263157895,0.6321637426900585,0.698368728839643,0.05,0.07894736842105263,1,0.7201874080913785
2024-09,2024,9,2024-06-09,villeneuve,sainz,Carlos Sainz,ferrari,Ferrari,28,2,27,0.8315789473684211,0.7631578947368421,0.7801857585139319,-0.06315789473684208,-0.13128654970760234,-0.052429925388183085,1,1,-0.05245233133920367,30,0.8631578947368421,0.8314327485380117,0.8039396737457679,0.0,0.05405405405405406,1,0.8052563181833726
2024-09,2024,9,2024-06-09,villeneuve,sargeant,Logan Sargeant,williams,Williams,29,2,24,0.21052631578947373,0.21578947368421053,0.22280701754385968,-0.22105263157894733,-0.22105263157894733,-0.21967963386727687,1,0,-0.21967963386727687,30,0.22631578947368425,0.26812865497076027,0.3241662715346926,0.15789473684210525,0.1891891891891892,1,0.36417118873259224
2024-09,2024,9,2024-06-09,villeneuve,stroll,Lance Stroll,aston_martin,Aston Martin,29,2,25,0.3473684210526316,0.5090643274853801,0.5023757309941521,-0.15789473684210528,-0.07836257309941522,-0.1539961013645224,1,1,-0.17782109594975093,30,0.42631578947368426,0.5429824561403509,0.5974145891043399,0.05,0.09333333333333334,1,0.6158305119523957
2024-09,2024,9,2024-06-09,villeneuve,tsunoda,Yuki Tsunoda,rb,RB F1 Team,29,2,27,0.6070175438596491,0.49298245614035086,0.4432404540763674,0.22397660818713455,0.09619883040935673,0.11639313337106208,1,1,0.1268523758619967,8,0.5002923976608187,0.44005847953216376,0.44005847953216376,0.1875,0.1875,0,0.44005847953216376
2024-09,2024,9,2024-06-09,villeneuve,zhou,Guanyu Zhou,sauber,Sauber,30,2,26,0.2654970760233918,0.26432748538011697,0.3149034201665781,-0.0005847953216374435,0.06286549707602337,0.014317402702157683,1,1,-0.022361139118549908,8,0.2736842105263158,0.25164473684210525,0.25164473684210525,0.125,0.125,0,0.25164473684210525
2024-10,2024,10,2024-06-23,catalunya,albon,Alexander Albon,williams,Williams,31,2,24,0.40467836257309936,0.41812865497076024,0.4331384015594542,0.22105263157894733,0.22105263157894733,0.21967963386727687,1,1,0.21866259852529873,31,0.22631578947368425,0.26812865497076027,0.3241662715346926,0.2631578947368421,0.23076923076923078,1,0.29984370335247523
2024-10,2024,10,2024-06-23,catalunya,alonso,Fernando Alonso,aston_martin,Aston Martin,31,2,29,0.5052631578947369,0.5926900584795323,0.6748230224684518,0.10526315789473686,0.07309941520467837,0.1476608187134503,1,1,0.12540610786224823,31,0.4526315789473684,0.5456140350877193,0.6030701754385965,0.05,0.08860759493670886,1,0.615009746588694
2024-10,2024,10,2024-06-23,catalunya,bottas,Valtteri Bottas,sauber,Sauber,31,2,27,0.2736842105263158,0.20672514619883042,0.29557226399331665,0.011111111111111117,-0.05760233918128653,-0.006602527824938681,1,1,-0.06434844578591041,9,0.2736842105263158,0.25877192982456143,0.25877192982456143,0.1111111111111111,0.1111111111111111,0,0.25877192982456143
2024-10,2024,10,2024-06-23,catalunya,gasly,Pierre Gasly,alpine,Alpine F1 Team,31,2,29,0.42105263157894746,0.35964912280701755,0.44049312470365104,-0.06315789473684215,-0.04649122807017545,-0.03450292397660819,1,1,-0.04236517218973358,31,0.4473684210526316,0.3618421052631579,0.4500674763832659,0.1,0.1375,1,0.4643874643874644
2024-10,2024,10,2024-06-23,catalunya,hamilton,Lewis Hamilton,mercedes,Mercedes,31,2,28,0.7157894736842105,0.6684210526315789,0.7426900584795322,-0.03157894736842104,-0.07894736842105263,0.01913875598086125,1,1,0.02286018075491761,31,0.7315789473684211,0.6532163742690058,0.7068713450292398,0.05,0.075,1,0.7306692657569851
2024-10,2024,10,2024-06-23,catalunya,hulkenberg,Nico Hülkenberg,haas,Haas F1 Team,31,2,29,0.48421052631578954,0.40292397660818724,0.371424055634582,0.18947368421052635,0.08450292397660822,0.06363949088407293,1,1,0.07411229599052098,31,0.3894736842105263,0.3606725146198831,0.33594952293013236,0.1,0.1,1,0.3190896344174276
2024-10,2024,10,2024-06-23,catalunya,kevin_magnussen,Kevin Magnussen,haas,Haas F1 Team,31,2,27,0.2947368421052632,0.31842105263157894,0.30075187969924816,-0.18947368421052635,-0.08450292397660822,-0.06363949088407293,1,1,-0.07411229599052098,31,0.3894736842105263,0.3606725146198831,0.33594952293013236,0.1,0.1,1,0.3190896344174276
2024-10,2024,10,2024-06-23,catalunya,leclerc,Charles Leclerc,ferrari,Ferrari,30,2,25,0.8947368421052632,0.9049707602339181,0.8435229487861067,0.06315789473684208,0.14707602339181286,0.06262969251084699,1,1,0.020583118489173935,31,0.8631578947368421,0.8314327485380117,0.8039396737457679,0.1,0.10256410256410256,1,0.7847884819260628
2024-10,2024,10,2024-06-23,catalunya,max_verstappen,Max Verstappen,red_bull,Red Bull,31,2,30,0.9368421052631579,0.968421052631579,0.9750692520775623,0.1368421052631579,0.13157894736842107,0.1513157894736842,1,1,0.15204678362573099,31,0.8789473684210527,0.9014619883040936,0.9046783625730994,0.15,0.1,1,0.9064977257959713
2024-10,2024,10,2024-06-23,catalunya,norris,Lando Norris,mclaren,McLaren,31,2,30,0.9368421052631579,0.852046783625731,0.7527365422102265,0.2210526315789474,0.12660818713450292,0.1302794022092268,1,1,0.09241210020937118,31,0.8263157894736842,0.7887426900584795,0.6884502923976609,0.0,0.05,1,0.6411955815464588
2024-10,2024,10,2024-06-23,catalunya,ocon,Esteban Ocon,alpine,Alpine F1 Team,31,2,24,0.42105263157894746,0.40614035087719297,0.456140350877193,0.06315789473684215,0.04649122807017545,0.03450292397660819,1,1,0.04236517218973358,31,0.4473684210526316,0.3618421052631579,0.4500674763832659,0.1,0.1375,1,0.4643874643874644
2024-10,2024,10,2024-06-23,catalunya,perez,Sergio Pérez,red_bull,Red Bull,31,2,27,0.8187134502923976,0.8567251461988304,0.8321293429652563,-0.1368421052631579,-0.13157894736842107,-0.1513157894736842,1,1,-0.15204678362573099,31,0.8789473684210527,0.9014619883040936,0.9046783625730994,0.15,0.1,1,0.9064977257959713
2024-10,2024,10,2024-06-23,catalunya,piastri,Oscar Piastri,mclaren,McLaren,31,2,28,0.7157894736842105,0.7254385964912281,0.6325272641062115,-0.2210526315789474,-0.12660818713450292,-0.1302794022092268,1,1,-0.09241210020937118,31,0.8263157894736842,0.7887426900584795,0.6884502923976609,0.0,0.05,1,0.6411955815464588
2024-10,2024,10,2024-06-23,catalunya,ricciardo,Daniel Ricciardo,rb,RB F1 Team,16,2,14,0.41461988304093567,0.3809941520467836,0.38039543302701195,-0.15029239766081876,-0.0909356725146199,-0.09412419938735729,0,0,-0.09412419938735729,9,0.4894736842105264,0.4442616959064328,0.4442616959064328,0.16666666666666666,0.16666666666666666,0,0.4442616959064328
2024-10,2024,10,2024-06-23,catalunya,russell,George Russell,mercedes,Mercedes,31,2,28,0.7473684210526316,0.6953216374269007,0.6887940572151099,0.03157894736842104,0.07894736842105263,-0.01913875598086125,1,1,-0.02286018075491761,31,0.7315789473684211,0.6532163742690058,0.7068713450292398,0.05,0.075,1,0.7306692657569851
2024-10,2024,10,2024-06-23,catalunya,sainz,Carlos Sainz,ferrari,Ferrari,29,2,27,0.8315789473684211,0.7631578947368421,0.7801857585139319,-0.06315789473684208,-0.13128654970760234,-0.052429925388183085,1,1,-0.011516658824583796,31,0.8631578947368421,0.8314327485380117,0.8039396737457679,0.1,0.10256410256410256,1,0.7847884819260628
2024-10,2024,10,2024-06-23,catalunya,sargeant,Logan Sargeant,williams,Williams,30,2,24,0.21052631578947373,0.21578947368421053,0.22280701754385968,-0.22105263157894733,-0.22105263157894733,-0.21967963386727687,1,1,-0.21866259852529873,31,0.22631578947368425,0.26812865497076027,0.3241662715346926,0.2631578947368421,0.23076923076923078,1,0.29984370335247523
2024-10,2024,10,2024-06-23,catalunya,stroll,Lance Stroll,aston_martin,Aston Martin,30,2,26,0.4,0.4985380116959065,0.5130718954248367,-0.10526315789473686,-0.07309941520467837,-0.1476608187134503,1,1,-0.12540610786224823,31,0.4526315789473684,0.5456140350877193,0.6030701754385965,0.05,0.08860759493670886,1,0.615009746588694
2024-10,2024,10,2024-06-23,catalunya,tsunoda,Yuki Tsunoda,rb,RB F1 Team,30,2,28,0.5368421052631579,0.4666666666666667,0.4361598440545809,0.15029239766081876,0.0909356725146199,0.09020024809498495,1,1,0.09187390473940182,9,0.4894736842105264,0.4442616959064328,0.4442616959064328,0.16666666666666666,0.16666666666666666,0,0.4442616959064328
2024-10,2024,10,2024-06-23,catalunya,zhou,Guanyu Zhou,sauber,Sauber,31,2,27,0.2736842105263158,0.2590643274853801,0.31194653299916464,-0.011111111111111117,0.05760233918128653,0.006602527824938681,1,1,0.06434844578591041,9,0.2736842105263158,0.25877192982456143,0.25877192982456143,0.1111111111111111,0.1111111111111111,0,0.25877192982456143
2024-11,2024,11,2024-06-30,red_bull_ring,albon,Alexander Albon,williams,Williams,32,2,25,0.3309941520467836,0.3707602339181287,0.41264619883040937,0.22105263157894733,0.2,0.2105263157894737,1,1,0.19883040935672516,32,0.20526315789473687,0.24181286549707606,0.3102414155045734,0.2631578947368421,0.21951219512195122,1,0.3225537728461705
2024-11,2024,11,2024-06-30,red_bull_ring,alonso,Fernando Alonso,aston_martin,Aston Martin,32,2,30,0.4526315789473685,0.566374269005848,0.6621345029239766,0.04210526315789476,0.10467836257309941,0.14516683866529068,1,1,0.15242900279019989,32,0.43157894736842106,0.5219298245614035,0.5918964076858814,0.05,0.08433734939759036,1,0.6021535319780934
2024-11,2024,11,2024-06-30,red_bull_ring,bottas,Valtteri Bottas,sauber,Sauber,32,2,28,0.25263157894736843,0.21198830409356728,0.29097518571202785,-0.03157894736842106,-0.06812865497076023,-0.01577175261385787,1,1,-0.03156319530588535,10,0.26842105263157895,0.26184210526315793,0.26184210526315793,0.1,0.1,0,0.26184210526315793
2024-11,2024,11,2024-06-30,red_bull_ring,gasly,Pierre Gasly,alpine,Alpine F1 Team,32,2,30,0.4631578947368421,0.37017543859649127,0.4475933423301845,-0.04210526315789478,-0.057017543859649134,-0.029057017543859656,1,1,-0.002436647173489274,32,0.4736842105263158,0.37763157894736843,0.45507060333761234,0.1,0.13095238095238096,1,0.45129082869776066
2024-11,2024,11,2024-06-30,red_bull_ring,hamilton,Lewis Hamilton,mercedes,Mercedes,32,2,29,0.7789473684210526,0.6894736842105263,0.7506925207756233,0.010526315789473717,-0.07894736842105263,0.02105263157894738,1,1,0.012865497076023394,32,0.7736842105263159,0.666374269005848,0.7145641882483987,0.05,0.07142857142857142,1,0.7082675825365884
2024-11,2024,11,2024-06-30,red_bull_ring,hulkenberg,Nico Hülkenberg,haas,Haas F1 Team,32,2,30,0.48421052631578954,0.4450292397660819,0.3766681661418504,0.23157894736842105,0.14766081871345033,0.07764782326185836,1,0,0.07764782326185836,32,0.368421052631579,0.37119883040935675,0.33494152046783626,0.1,0.09523809523809523,1,0.30942170240415856
2024-11,2024,11,2024-06-30,red_bull_ring,kevin_magnussen,Kevin Magnussen,haas,Haas F1 Team,32,2,28,0.25263157894736843,0.2973684210526316,0.2930298719772404,-0.23157894736842105,-0.14766081871345033,-0.07764782326185836,1,1,-0.07764782326185836,32,0.368421052631579,0.37119883040935675,0.33494152046783626,0.1,0.09523809523809523,1,0.30942170240415856
2024-11,2024,11,2024-06-30,red_bull_ring,leclerc,Charles Leclerc,ferrari,Ferrari,31,2,26,0.8842105263157893,0.8891812865497076,0.8404344193817879,0.08421052631578944,0.1312865497076023,0.062023746234272537,1,1,0.078524031740406,32,0.8421052631578947,0.8235380116959063,0.8019005847953217,0.1,0.0975609756097561,1,0.806367771280052
2024-11,2024,11,2024-06-30,red_bull_ring,max_verstappen,Max Verstappen,red_bull,Red Bull,32,2,31,0.9368421052631579,0.968421052631579,0.9763157894736842,0.2,0.15263157894736842,0.16408668730650153,1,1,0.15755073959408325,32,0.8526315789473685,0.89093567251462,0.9004455583402953,0.15,0.09523809523809523,1,0.9056592097527771
2024-11,2024,11,2024-06-30,red_bull_ring,norris,Lando Norris,mclaren,McLaren,32,2,31,0.9368421052631579,0.8678362573099415,0.7622307802025389,0.21052631578947373,0.14766081871345033,0.13727300707910128,1,1,0.19219588933347015,32,0.8315789473684211,0.7940058479532164,0.6945140629351156,0.0,0.047619047619047616,1,0.6758253658838455
2024-11,2024,11,2024-06-30,red_bull_ring,ocon,Esteban Ocon,alpine,Alpine F1 Team,32,2,25,0.4736842105263158,0.374561403508772,0.4602683178534572,0.04210526315789478,0.057017543859649134,0.029057017543859656,1,1,0.002436647173489274,32,0.4736842105263158,0.37763157894736843,0.45507060333761234,0.1,0.13095238095238096,1,0.45129082869776066
2024-11,2024,11,2024-06-30,red_bull_ring,perez,Sergio Pérez,red_bull,Red Bull,32,2,28,0.7894736842105263,0.835672514619883,0.8209876543209877,-0.2,-0.15263157894736842,-0.16408668730650153,1,1,-0.15755073959408325,32,0.8526315789473685,0.89093567251462,0.9004455583402953,0.15,0.09523809523809523,1,0.9056592097527771
2024-11,2024,11,2024-06-30,red_bull_ring,piastri,Oscar Piastri,mclaren,McLaren,32,2,29,0.7263157894736842,0.7201754385964912,0.6351776878092668,-0.21052631578947373,-0.14766081871345033,-0.13727300707910128,1,1,-0.19219588933347015,32,0.8315789473684211,0.7940058479532164,0.6945140629351156,0.0,0.047619047619047616,1,0.6758253658838455
2024-11,2024,11,2024-06-30,red_bull_ring,ricciardo,Daniel Ricciardo,rb,RB F1 Team,17,2,15,0.3894736842105263,0.37046783625730995,0.3702008644800407,-0.05263157894736843,-0.048830409356725155,-0.0676328502415459,0,0,-0.0676328502415459,10,0.41578947368421054,0.4124431448992853,0.4124431448992853,0.15,0.15,0,0.4124431448992853
2024-11,2024,11,2024-06-30,red_bull_ring,russell,George Russell,mercedes,Mercedes,32,2,29,0.7684210526315789,0.6900584795321637,0.6966561703403809,-0.010526315789473717,0.07894736842105263,-0.02105263157894738,1,1,-0.012865497076023394,32,0.7736842105263159,0.666374269005848,0.7145641882483987,0.05,0.07142857142857142,1,0.7082675825365884
2024-11,2024,11,2024-06-30,red_bull_ring,sainz,Carlos Sainz,ferrari,Ferrari,30,2,28,0.8,0.7631578947368421,0.7777777777777778,-0.08421052631578944,-0.1312865497076023,-0.0524429352952273,1,1,-0.07000775535014356,32,0.8421052631578947,0.8235380116959063,0.8019005847953217,0.1,0.0975609756097561,1,0.806367771280052
2024-11,2024,11,2024-06-30,red_bull_ring,sargeant,Logan Sargeant,williams,Williams,31,2,25,0.14736842105263162,0.19473684210526318,0.20888157894736845,-0.22105263157894733,-0.2,-0.2105263157894737,1,1,-0.19883040935672516,32,0.20526315789473687,0.24181286549707606,0.3102414155045734,0.2631578947368421,0.21951219512195122,1,0.3225537728461705
2024-11,2024,11,2024-06-30,red_bull_ring,stroll,Lance Stroll,aston_martin,Aston Martin,31,2,27,0.41052631578947374,0.4511695906432749,0.5021117608836908,-0.04210526315789476,-0.10467836257309941,-0.14516683866529068,1,1,-0.15242900279019989,32,0.43157894736842106,0.5219298245614035,0.5918964076858814,0.05,0.08433734939759036,1,0.6021535319780934
2024-11,2024,11,2024-06-30,red_bull_ring,tsunoda,Yuki Tsunoda,rb,RB F1 Team,31,2,29,0.4421052631578948,0.46140350877192987,0.4159741458910434,0.05263157894736843,0.048830409356725155,0.07301587301587302,1,1,0.05320709180358304,10,0.41578947368421054,0.4124431448992853,0.4124431448992853,0.15,0.15,0,0.4124431448992853
2024-11,2024,11,2024-06-30,red_bull_ring,zhou,Guanyu Zhou,sauber,Sauber,32,2,28,0.28421052631578947,0.2695906432748538,0.3149992097360519,0.03157894736842106,0.06812865497076023,0.01577175261385787,1,1,0.03156319530588535,10,0.26842105263157895,0.26184210526315793,0.26184210526315793,0.1,0.1,0,0.26184210526315793
2024-12,2024,12,2024-07-07,silverstone,albon,Alexander Albon,williams,Williams,33,2,26,0.2947368421052632,0.3391812865497076,0.40385276917784657,0.21052631578947367,0.20526315789473681,0.21052631578947367,1,1,0.2046783625730994,33,0.17894736842105266,0.23128654970760235,0.3028098702039652,0.2631578947368421,0.20930232558139536,1,0.33056783784212107
2024-12,2024,12,2024-07-07,silverstone,alonso,Fernando Alonso,aston_martin,Aston Martin,33,2,31,0.3578947368421053,0.5190058479532164,0.6356168198273462,-0.09473684210526315,0.0625730994152047,0.12248213125406109,1,1,0.14980867807378528,33,0.4052631578947368,0.4903508771929824,0.5757575757575758,0.05,0.08045977011494253,1,0.5673400673400674
2024-12,2024,12,2024-07-07,silverstone,bottas,Valtteri Bottas,sauber,Sauber,33,2,29,0.25263157894736843,0.22777777777777777,0.28684960263907633,-2.2204460492503132e-17,-0.052339181286549706,-0.01186299081035923,1,1,0.006998978928803485,11,0.25263157894736843,0.25394736842105264,0.25478468899521534,0.1,0.09090909090909091,0,0.25478468899521534
2024-12,2024,12,2024-07-07,silverstone,gasly,Pierre Gasly,alpine,Alpine F1 Team,33,2,31,0.48421052631578954,0.3859649122807018,0.4514334617030381,-2.2204460492503132e-17,-0.009649122807017551,-0.021155830753353973,1,1,-0.021155830753353973,33,0.4736842105263158,0.41184210526315795,0.4559363525091799,0.1,0.125,1,0.41697266421868623
2024-12,2024,12,2024-07-07,silverstone,hamilton,Lewis Hamilton,mercedes,Mercedes,33,2,30,0.8,0.7157894736842105,0.7552631578947369,-0.042105263157894736,-0.06315789473684211,0.01137980085348507,1,1,0.02181128496917971,33,0.8210526315789475,0.684795321637427,0.7239500265816056,0.05,0.06818181818181818,1,0.7370783862011933
2024-12,2024,12,2024-07-07,silverstone,hulkenberg,Nico Hülkenberg,haas,Haas F1 Team,33,2,31,0.5263157894736843,0.4923976608187135,0.39423762658679223,0.18947368421052635,0.1318713450292398,0.07910126192674671,1,1,0.07910126192674671,33,0.43157894736842106,0.4264619883040936,0.35157337788916737,0.1,0.09090909090909091,1,0.35344534174943537
2024-12,2024,12,2024-07-07,silverstone,kevin_magnussen,Kevin Magnussen,haas,Haas F1 Team,33,2,29,0.3368421052631579,0.3605263157894737,0.310391363022942,-0.18947368421052635,-0.1318713450292398,-0.07910126192674671,1,0,-0.07910126192674671,33,0.43157894736842106,0.4264619883040936,0.35157337788916737,0.1,0.09090909090909091,1,0.35344534174943537
2024-12,2024,12,2024-07-07,silverstone,leclerc,Charles Leclerc,ferrari,Ferrari,32,2,27,0.8105263157894737,0.841812865497076,0.8206100837679785,-0.010526315789473694,0.004970760233918103,0.03441938178780282,1,1,0.03644295924997677,33,0.8157894736842106,0.839327485380117,0.7962962962962963,0.1,0.09302325581395349,1,0.769222438813082
2024-12,2024,12,2024-07-07,silverstone,max_verstappen,Max Verstappen,red_bull,Red Bull,33,2,32,0.9052631578947368,0.9473684210526315,0.9674185463659148,0.21052631578947373,0.1473684210526316,0.16081871345029242,1,1,0.17218973359324238,33,0.8210526315789475,0.867251461988304,0.8930090377458799,0.15,0.09090909090909091,1,0.8902770393998465
2024-12,2024,12,2024-07-07,silverstone,norris,Lando Norris,mclaren,McLaren,33,2,32,0.7368421052631579,0.7941520467836257,0.7267781857745138,-0.10526315789473684,0.042397660818713455,0.08304093567251464,1,1,0.08551007147498378,33,0.7894736842105263,0.7729532163742691,0.6844763423710792,0.0,0.045454545454545456,1,0.7078386201193219
2024-12,2024,12,2024-07-07,silverstone,ocon,Esteban Ocon,alpine,Alpine F1 Team,33,2,26,0.4631578947368421,0.374561403508772,0.4580896686159844,2.2204460492503132e-17,0.009649122807017551,0.021155830753353973,1,0,0.021155830753353973,33,0.4736842105263158,0.41184210526315795,0.4559363525091799,0.1,0.125,1,0.41697266421868623
2024-12,2024,12,2024-07-07,silverstone,perez,Sergio Pérez,red_bull,Red Bull,33,2,29,0.7368421052631579,0.8146198830409357,0.8137888581101878,-0.21052631578947373,-0.1473684210526316,-0.16081871345029242,1,1,-0.17218973359324238,33,0.8210526315789475,0.867251461988304,0.8930090377458799,0.15,0.09090909090909091,1,0.8902770393998465
2024-12,2024,12,2024-07-07,silverstone,piastri,Oscar Piastri,mclaren,McLaren,33,2,30,0.8421052631578947,0.7517543859649123,0.6504065040650406,0.10526315789473684,-0.042397660818713455,-0.08304093567251464,1,1,-0.08551007147498378,33,0.7894736842105263,0.7729532163742691,0.6844763423710792,0.0,0.045454545454545456,1,0.7078386201193219
2024-12,2024,12,2024-07-07,silverstone,ricciardo,Daniel Ricciardo,rb,RB F1 Team,18,2,16,0.4526315789473684,0.3967836257309941,0.38690058479532163,0.08421052631578947,-0.04356725146198831,-0.04116959064327486,0,0,-0.04116959064327486,11,0.41052631578947374,0.4159356725146199,0.4159356725146199,0.15,0.13636363636363635,0,0.4159356725146199
2024-12,2024,12,2024-07-07,silverstone,russell,George Russell,mercedes,Mercedes,33,2,30,0.8421052631578947,0.7111111111111111,0.711453430323777,0.042105263157894736,0.06315789473684211,-0.01137980085348507,1,1,-0.02181128496917971,33,0.8210526315789475,0.684795321637427,0.7239500265816056,0.05,0.06818181818181818,1,0.7370783862011933
2024-12,2024,12,2024-07-07,silverstone,sainz,Carlos Sainz,ferrari,Ferrari,31,2,29,0.8210526315789475,0.7789473684210526,0.7839335180055402,0.010526315789473694,-0.06812865497076022,-0.023746234272550043,1,1,-0.026955717014196523,33,0.8157894736842106,0.839327485380117,0.7962962962962963,0.1,0.09302325581395349,1,0.769222438813082
2024-12,2024,12,2024-07-07,silverstone,sargeant,Logan Sargeant,williams,Williams,32,2,26,0.12631578947368424,0.15263157894736845,0.1996904024767802,-0.21052631578947367,-0.20526315789473681,-0.21052631578947367,1,1,-0.2046783625730994,33,0.17894736842105266,0.23128654970760235,0.3028098702039652,0.2631578947368421,0.20930232558139536,1,0.33056783784212107
2024-12,2024,12,2024-07-07,silverstone,stroll,Lance Stroll,aston_martin,Aston Martin,32,2,28,0.4526315789473684,0.43538011695906437,0.49507540781779014,0.09473684210526315,-0.0625730994152047,-0.12248213125406109,1,1,-0.14980867807378528,33,0.4052631578947368,0.4903508771929824,0.5757575757575758,0.05,0.08045977011494253,1,0.5673400673400674
2024-12,2024,12,2024-07-07,silverstone,tsunoda,Yuki Tsunoda,rb,RB F1 Team,32,2,30,0.3684210526315789,0.42982456140350883,0.4109649122807018,-0.08421052631578947,0.04356725146198831,0.05484431800221275,1,1,0.05459845810723004,11,0.41052631578947374,0.4159356725146199,0.4159356725146199,0.15,0.13636363636363635,0,0.4159356725146199
2024-12,2024,12,2024-07-07,silverstone,zhou,Guanyu Zhou,sauber,Sauber,33,2,29,0.25263157894736843,0.2695906432748538,0.3069425701004649,2.2204460492503132e-17,0.052339181286549706,0.01186299081035923,1,1,-0.006998978928803485,11,0.25263157894736843,0.25394736842105264,0.25478468899521534,0.1,0.09090909090909091,0,0.25478468899521534
2024-13,2024,13,2024-07-21,hungaroring,albon,Alexander Albon,williams,Williams,34,2,27,0.3263157894736842,0.35497076023391816,0.41358024691358025,0.19999999999999998,0.21052631578947367,0.20326678765880216,1,1,0.22161726154466624,34,0.26315789473684215,0.27076023391812865,0.31320549435604517,0.2631578947368421,0.2,1,0.31056862656209866
2024-13,2024,13,2024-07-21,hungaroring,alonso,Fernando Alonso,aston_martin,Aston Martin,34,2,32,0.47368421052631576,0.5032163742690059,0.6354332801701223,0.0,0.05204678362573101,0.11326562019082793,1,1,0.10652850449711021,34,0.47368421052631576,0.4771929824561404,0.5793287566742944,0.0,0.07692307692307693,1,0.5763624035935249
2024-13,2024,13,2024-07-21,hungaroring,bottas,Valtteri Bottas,sauber,Sauber,34,2,30,0.28421052631578947,0.24883040935672515,0.2856939095706747,0.06315789473684211,-0.026023391812865494,-0.0026868974237395245,1,1,0.02100345959995083,12,0.25263157894736843,0.25921052631578945,0.24890350877192982,0.1,0.08333333333333333,0,0.24890350877192982
2024-13,2024,13,2024-07-21,hungaroring,gasly,Pierre Gasly,alpine,Alpine F1 Team,33,2,31,0.48421052631578954,0.3859649122807018,0.4514334617030381,-2.2204460492503132e-17,-0.009649122807017551,-0.021155830753353973,1,0,-0.021155830753353973,34,0.4631578947368421,0.3960526315789474,0.4450292397660819,0.05263157894736842,0.12222222222222222,1,0.4450292397660819
2024-13,2024,13,2024-07-21,hungaroring,hamilton,Lewis Hamilton,mercedes,Mercedes,34,2,31,0.8526315789473685,0.7473684210526316,0.7669172932330827,-0.042105263157894736,-0.06315789473684211,0.01137980085348507,1,1,0.0218112849691797,34,0.8789473684210527,0.7190058479532164,0.7359521993389271,0.1,0.08695652173913043,1,0.741899030991327
2024-13,2024,13,2024-07-21,hungaroring,hulkenberg,Nico Hülkenberg,haas,Haas F1 Team,34,2,32,0.5789473684210527,0.5450292397660819,0.41017271861825105,0.168421052631579,0.18450292397660822,0.0909356725146199,1,1,0.09837556855100715,34,0.4947368421052632,0.4527777777777778,0.36190855927698035,0.1,0.08695652173913043,1,0.34801228660877787
2024-13,2024,13,2024-07-21,hungaroring,kevin_magnussen,Kevin Magnussen,haas,Haas F1 Team,34,2,30,0.41052631578947363,0.3605263157894737,0.3157894736842105,-0.168421052631579,-0.18450292397660822,-0.0909356725146199,1,1,-0.09837556855100715,34,0.4947368421052632,0.4527777777777778,0.36190855927698035,0.1,0.08695652173913043,1,0.34801228660877787
2024-13,2024,13,2024-07-21,hungaroring,leclerc,Charles Leclerc,ferrari,Ferrari,33,2,28,0.6947368421052632,0.7891812865497075,0.7947218473534263,-0.12631578947368421,-0.03713450292397663,0.00695432274379641,1,1,0.012029573433082193,34,0.7578947368421053,0.807748538011696,0.7852206273258905,0.1,0.08888888888888889,1,0.7710733061610254
2024-13,2024,13,2024-07-21,hungaroring,max_verstappen,Max Verstappen,red_bull,Red Bull,34,2,33,0.8947368421052632,0.9421052631578947,0.9665071770334929,0.3473684210526316,0.21578947368421053,0.19390581717451524,1,1,0.18405663281009543,34,0.7684210526315789,0.8251461988304094,0.8782100177981186,0.15,0.08695652173913043,1,0.8858942848263979
2024-13,2024,13,2024-07-21,hungaroring,norris,Lando Norris,mclaren,McLaren,34,2,33,0.7263157894736842,0.82046783625731,0.7342430149447694,-0.11578947368421053,0.06871345029239767,0.08159287106655529,1,1,0.09007085615272752,34,0.7842105263157896,0.7861111111111112,0.6924739384693618,0.0,0.043478260869565216,1,0.7120236178207192
2024-13,2024,13,2024-07-21,hungaroring,ocon,Esteban Ocon,alpine,Alpine F1 Team,34,2,27,0.4,0.37982456140350884,0.4450600184672207,2.2204460492503132e-17,0.009649122807017551,0.021155830753353973,1,0,0.021155830753353973,34,0.4631578947368421,0.3960526315789474,0.4450292397660819,0.05263157894736842,0.12222222222222222,1,0.4450292397660819
2024-13,2024,13,2024-07-21,hungaroring,perez,Sergio Pérez,red_bull,Red Bull,34,2,30,0.5894736842105263,0.7461988304093568,0.7809941520467836,-0.3473684210526316,-0.21578947368421053,-0.19390581717451524,1,1,-0.18405663281009543,34,0.7684210526315789,0.8251461988304094,0.8782100177981186,0.15,0.08695652173913043,1,0.8858942848263979
2024-13,2024,13,2024-07-21,hungaroring,piastri,Oscar Piastri,mclaren,McLaren,34,2,31,0.8421052631578947,0.7517543859649123,0.6593227254181966,0.11578947368421053,-0.06871345029239767,-0.08159287106655529,1,1,-0.09007085615272752,34,0.7842105263157896,0.7861111111111112,0.6924739384693618,0.0,0.043478260869565216,1,0.7120236178207192
2024-13,2024,13,2024-07-21,hungaroring,ricciardo,Daniel Ricciardo,rb,RB F1 Team,19,2,17,0.4526315789473684,0.38625730994152047,0.38553173056097034,0.08421052631578947,-0.043567251461988324,-0.04981589776911415,1,1,-0.03258489158424182,12,0.41052631578947374,0.4264619883040936,0.4187931951089846,0.15,0.125,0,0.4187931951089846
2024-13,2024,13,2024-07-21,hungaroring,russell,George Russell,mercedes,Mercedes,34,2,30,0.8421052631578947,0.7111111111111111,0.711453430323777,0.042105263157894736,0.06315789473684211,-0.01137980085348507,1,1,-0.0218112849691797,34,0.8789473684210527,0.7190058479532164,0.7359521993389271,0.1,0.08695652173913043,1,0.741899030991327
2024-13,2024,13,2024-07-21,hungaroring,sainz,Carlos Sainz,ferrari,Ferrari,32,2,30,0.8210526315789475,0.8473684210526315,0.7842105263157895,0.12631578947368421,0.06345029239766084,0.004678362573099434,1,1,-0.0016894087069525554,34,0.7578947368421053,0.807748538011696,0.7852206273258905,0.1,0.08888888888888889,1,0.7710733061610254
2024-13,2024,13,2024-07-21,hungaroring,sargeant,Logan Sargeant,williams,Williams,33,2,27,0.18947368421052635,0.17894736842105266,0.2149122807017544,-0.19999999999999998,-0.21052631578947367,-0.20326678765880216,1,1,-0.22161726154466624,34,0.26315789473684215,0.27076023391812865,0.31320549435604517,0.2631578947368421,0.2,1,0.31056862656209866
2024-13,2024,13,2024-07-21,hungaroring,stroll,Lance Stroll,aston_martin,Aston Martin,33,2,29,0.47368421052631576,0.4511695906432749,0.50453216374269,0.0,-0.05204678362573101,-0.11326562019082793,1,1,-0.10652850449711021,34,0.47368421052631576,0.4771929824561404,0.5793287566742944,0.0,0.07692307692307693,1,0.5763624035935249
2024-13,2024,13,2024-07-21,hungaroring,tsunoda,Yuki Tsunoda,rb,RB F1 Team,33,2,31,0.3684210526315789,0.45087719298245615,0.4164578111946533,-0.08421052631578947,0.043567251461988324,0.06012895486579698,1,1,0.04175205344795989,12,0.41052631578947374,0.4264619883040936,0.4187931951089846,0.15,0.125,0,0.4187931951089846
2024-13,2024,13,2024-07-21,hungaroring,zhou,Guanyu Zhou,sauber,Sauber,34,2,30,0.2210526315789474,0.2327485380116959,0.29710454999286834,-0.06315789473684211,0.026023391812865494,0.0026868974237395245,1,1,-0.02100345959995083,12,0.25263157894736843,0.25921052631578945,0.24890350877192982,0.1,0.08333333333333333,0,0.24890350877192982
2024-14,2024,14,2024-07-28,spa,albon,Alexander Albon,williams,Williams,35,2,28,0.3684210526315789,0.35497076023391816,0.4084333641120345,0.1789473684210526,0.1894736842105263,0.200339558573854,1,1,0.19562346727032637,35,0.27894736842105267,0.2549707602339181,0.30981156595191683,0.25,0.19148936170212766,1,0.3017038480976103
2024-14,2024,14,2024-07-28,spa,alonso,Fernando Alonso,aston_martin,Aston Martin,35,2,33,0.47368421052631576,0.4894736842105264,0.6284007119247395,-0.04210526315789476,0.05789473684210526,0.10497076023391813,1,1,0.11669915529564652,35,0.4947368421052632,0.46052631578947373,0.5760233918128655,0.0,0.07368421052631578,1,0.5880441845354126
2024-14,2024,14,2024-07-28,spa,bottas,Valtteri Bottas,sauber,Sauber,35,2,31,0.25263157894736843,0.25409356725146204,0.28219774241806067,0.06315789473684208,0.03187134502923976,0.005548058179637128,1,1,0.010779560487162821,13,0.2210526315789474,0.2473684210526316,0.23987854251012147,0.1,0.07692307692307693,0,0.23987854251012147
2024-14,2024,14,2024-07-28,spa,gasly,Pierre Gasly,alpine,Alpine F1 Team,34,2,31,0.48421052631578954,0.3859649122807018,0.4514334617030381,-2.2204460492503132e-17,-0.009649122807017551,-0.021155830753353973,1,1,-0.036349042540993,35,0.37894736842105264,0.3815789473684211,0.4305711086226204,0.10526315789473684,0.13829787234042554,1,0.4441333831031479
2024-14,2024,14,2024-07-28,spa,hamilton,Lewis Hamilton,mercedes,Mercedes,35,2,32,0.8947368421052632,0.7789473684210526,0.7727272727272727,0.0,-0.026315789473684202,0.02429149797570851,1,1,0.03328834907782276,35,0.8842105263157893,0.7842105263157895,0.7370857699805069,0.05,0.08333333333333333,1,0.742906649339398
2024-14,2024,14,2024-07-28,spa,hulkenberg,Nico Hülkenberg,haas,Haas F1 Team,35,2,33,0.5578947368421053,0.5292397660818714,0.4083170890188434,0.1789473684210527,0.18450292397660822,0.0916179337231969,1,1,0.06389430366038555,35,0.46842105263157896,0.43698830409356726,0.3599033816425121,0.1,0.08333333333333333,1,0.34038195327287624
2024-14,2024,14,2024-07-28,spa,kevin_magnussen,Kevin Magnussen,haas,Haas F1 Team,35,2,31,0.37894736842105264,0.3447368421052632,0.3133414932680539,-0.1789473684210527,-0.18450292397660822,-0.0916179337231969,1,1,-0.06389430366038555,35,0.46842105263157896,0.43698830409356726,0.3599033816425121,0.1,0.08333333333333333,1,0.34038195327287624
2024-14,2024,14,2024-07-28,spa,leclerc,Charles Leclerc,ferrari,Ferrari,34,2,29,0.6842105263157895,0.7839181286549708,0.7970332334902296,-0.12631578947368424,-0.04766081871345033,0.011995801469485657,1,1,0.011995801469485657,35,0.7473684210526316,0.807748538011696,0.7854055428426139,0.1,0.0851063829787234,1,0.7975534649829082
2024-14,2024,14,2024-07-28,spa,max_verstappen,Max Verstappen,red_bull,Red Bull,35,2,34,0.9052631578947368,0.9210526315789475,0.9588100686498856,0.3473684210526316,0.21052631578947367,0.1894736842105263,1,1,0.17426900584795318,35,0.7684210526315789,0.8210526315789475,0.8723196881091618,0.1,0.08333333333333333,1,0.883582412822179
2024-14,2024,14,2024-07-28,spa,norris,Lando Norris,mclaren,McLaren,35,2,34,0.7473684210526316,0.8263157894736842,0.7433121811621252,-0.10526315789473681,0.05789473684210529,0.07549175970228604,1,1,0.07549175970228604,35,0.8,0.7973684210526316,0.7041910331384016,0.0,0.041666666666666664,1,0.701970976824778
2024-14,2024,14,2024-07-28,spa,ocon,Esteban Ocon,alpine,Alpine F1 Team,35,2,28,0.3578947368421053,0.35350877192982455,0.4280701754385965,2.2204460492503132e-17,0.009649122807017551,0.021155830753353973,1,1,0.036349042540993,35,0.37894736842105264,0.3815789473684211,0.4305711086226204,0.10526315789473684,0.13829787234042554,1,0.4441333831031479
2024-14,2024,14,2024-07-28,spa,perez,Sergio Pérez,red_bull,Red Bull,35,2,31,0.5578947368421053,0.7198830409356726,0.7763854079643554,-0.3473684210526316,-0.21052631578947367,-0.1894736842105263,1,1,-0.17426900584795318,35,0.7684210526315789,0.8210526315789475,0.8723196881091618,0.1,0.08333333333333333,1,0.883582412822179
2024-14,2024,14,2024-07-28,spa,piastri,Oscar Piastri,mclaren,McLaren,35,2,32,0.8526315789473685,0.7684210526315789,0.6744639376218323,0.10526315789473681,-0.05789473684210529,-0.07549175970228604,1,0,-0.07549175970228604,35,0.8,0.7973684210526316,0.7041910331384016,0.0,0.041666666666666664,1,0.701970976824778
2024-14,2024,14,2024-07-28,spa,ricciardo,Daniel Ricciardo,rb,RB F1 Team,20,2,18,0.4526315789473684,0.3915204678362573,0.38798144787255495,0.09473684210526315,-0.0646198830409357,-0.057269610808630786,1,1,-0.08599404001702854,13,0.4052631578947368,0.4527777777777778,0.4255604288499026,0.15,0.11538461538461539,0,0.4255604288499026
2024-14,2024,14,2024-07-28,spa,russell,George Russell,mercedes,Mercedes,35,2,31,0.8315789473684211,0.7005847953216374,0.7077383380932953,0.0,0.026315789473684202,-0.02429149797570851,1,1,-0.03328834907782276,35,0.8842105263157893,0.7842105263157895,0.7370857699805069,0.05,0.08333333333333333,1,0.742906649339398
2024-14,2024,14,2024-07-28,spa,sainz,Carlos Sainz,ferrari,Ferrari,33,2,31,0.8105263157894737,0.8315789473684211,0.7819548872180452,0.12631578947368424,0.04766081871345033,-0.001264422317053872,1,0,-0.001264422317053872,35,0.7473684210526316,0.807748538011696,0.7854055428426139,0.1,0.0851063829787234,1,0.7975534649829082
2024-14,2024,14,2024-07-28,spa,sargeant,Logan Sargeant,williams,Williams,34,2,28,0.18947368421052635,0.17368421052631583,0.21191135734072025,-0.1789473684210526,-0.1894736842105263,-0.200339558573854,1,1,-0.19562346727032637,35,0.27894736842105267,0.2549707602339181,0.30981156595191683,0.25,0.19148936170212766,1,0.3017038480976103
2024-14,2024,14,2024-07-28,spa,stroll,Lance Stroll,aston_martin,Aston Martin,34,2,30,0.5157894736842106,0.43157894736842106,0.5055694792536898,0.04210526315789476,-0.05789473684210526,-0.10497076023391813,1,1,-0.11669915529564652,35,0.4947368421052632,0.46052631578947373,0.5760233918128655,0.0,0.07368421052631578,1,0.5880441845354126
2024-14,2024,14,2024-07-28,spa,tsunoda,Yuki Tsunoda,rb,RB F1 Team,34,2,32,0.3578947368421053,0.48245614035087725,0.42384370015948963,-0.09473684210526315,0.0646198830409357,0.06489801740122665,1,1,0.09277484587711377,13,0.4052631578947368,0.4527777777777778,0.4255604288499026,0.15,0.11538461538461539,0,0.4255604288499026
2024-14,2024,14,2024-07-28,spa,zhou,Guanyu Zhou,sauber,Sauber,35,2,31,0.18947368421052635,0.2274853801169591,0.285733714130287,-0.06315789473684208,-0.03187134502923976,-0.005548058179637128,1,1,-0.010779560487162821,13,0.2210526315789474,0.2473684210526316,0.23987854251012147,0.1,0.07692307692307693,0,0.23987854251012147
2024-15,2024,15,2024-08-25,zandvoort,albon,Alexander Albon,williams,Williams,36,2,29,0.3368421052631579,0.3707602339181287,0.40906432748538013,0.16842105263157892,0.19473684210526315,0.20414673046251994,1,1,0.20414673046251994,36,0.25263157894736843,0.23947368421052634,0.30894612417568745,0.2,0.1836734693877551,1,0.3447942156415468
2024-15,2024,15,2024-08-25,zandvoort,alonso,Fernando Alonso,aston_martin,Aston Martin,36,2,34,0.4526315789473684,0.4789473684210527,0.6285331384015594,-0.021052631578947413,0.04210526315789472,0.10749094959621275,1,1,0.14817908969955754,36,0.4631578947368421,0.4578947368421053,0.5750877192982456,0.0,0.0707070707070707,1,0.5901364522417154
2024-15,2024,15,2024-08-25,zandvoort,bottas,Valtteri Bottas,sauber,Sauber,36,2,32,0.23157894736842105,0.25263157894736843,0.2813515269655621,0.06315789473684208,0.03187134502923976,0.005548058179637128,1,1,0.005548058179637128,14,0.21052631578947373,0.24210526315789474,0.24154135338345867,0.1,0.10714285714285714,0,0.24154135338345867
2024-15,2024,15,2024-08-25,zandvoort,gasly,Pierre Gasly,alpine,Alpine F1 Team,35,2,32,0.5157894736842106,0.41228070175438597,0.44757241942064463,-0.021052631578947368,-0.025438596491228083,-0.03167641325536062,1,1,0.0127788607320771,36,0.3631578947368421,0.4052631578947369,0.43233082706766923,0.10526315789473684,0.1326530612244898,1,0.46324143692564745
2024-15,2024,15,2024-08-25,zandvoort,hamilton,Lewis Hamilton,mercedes,Mercedes,36,2,33,0.9263157894736842,0.8210526315789475,0.782608695652174,0.0,-0.026315789473684202,0.02429149797570851,1,1,0.08591992802519119,36,0.9105263157894736,0.8210526315789475,0.7476023391812866,0.05,0.08,1,0.7142430149447694
2024-15,2024,15,2024-08-25,zandvoort,hulkenberg,Nico Hülkenberg,haas,Haas F1 Team,36,2,34,0.48421052631578954,0.48421052631578954,0.3954211770561155,0.12631578947368424,0.1578947368421053,0.07788410419989368,1,1,0.09262212770984701,36,0.42105263157894746,0.4052631578947369,0.3536793372319688,0.1,0.08,1,0.349469352393329
2024-15,2024,15,2024-08-25,zandvoort,kevin_magnussen,Kevin Magnussen,haas,Haas F1 Team,36,2,32,0.35789473684210527,0.3263157894736842,0.31345029239766087,-0.12631578947368424,-0.1578947368421053,-0.07788410419989368,1,1,-0.09262212770984701,36,0.42105263157894746,0.4052631578947369,0.3536793372319688,0.1,0.08,1,0.349469352393329
2024-15,2024,15,2024-08-25,zandvoort,leclerc,Charles Leclerc,ferrari,Ferrari,35,2,30,0.6631578947368422,0.7789473684210526,0.801577587379301,-0.11578947368421058,-0.026315789473684247,0.019112822707174414,1,0,0.019112822707174414,36,0.7210526315789474,0.7921052631578948,0.7866715399610137,0.1,0.08163265306122448,1,0.7869828893220707
2024-15,2024,15,2024-08-25,zandvoort,max_verstappen,Max Verstappen,red_bull,Red Bull,36,2,35,0.8736842105263157,0.9052631578947368,0.9539473684210527,0.3052631578947368,0.22105263157894733,0.18796992481203006,1,1,0.1846282372598162,36,0.7210526315789474,0.8,0.8679532163742691,0.1,0.08,1,0.8738531513970111
2024-15,2024,15,2024-08-25,zandvoort,norris,Lando Norris,mclaren,McLaren,36,2,35,0.7157894736842105,0.8263157894736842,0.7451963241436925,-0.16842105263157894,0.026315789473684226,0.06534452072209511,1,1,0.06977992485238864,36,0.8,0.8131578947368421,0.7107602339181287,0.0,0.04,1,0.7019623131903834
2024-15,2024,15,2024-08-25,zandvoort,ocon,Esteban Ocon,alpine,Alpine F1 Team,36,2,29,0.3684210526315789,0.39473684210526316,0.43525480367585634,0.021052631578947368,0.025438596491228083,0.03167641325536062,1,1,-0.0127788607320771,36,0.3631578947368421,0.4052631578947369,0.43233082706766923,0.10526315789473684,0.1326530612244898,1,0.46324143692564745
2024-15,2024,15,2024-08-25,zandvoort,perez,Sergio Pérez,red_bull,Red Bull,36,2,32,0.5684210526315789,0.6935672514619883,0.7721956406166932,-0.3052631578947368,-0.22105263157894733,-0.18796992481203006,1,1,-0.1846282372598162,36,0.7210526315789474,0.8,0.8679532163742691,0.1,0.08,1,0.8738531513970111
2024-15,2024,15,2024-08-25,zandvoort,piastri,Oscar Piastri,mclaren,McLaren,36,2,33,0.8842105263157896,0.8,0.6860768943635684,0.16842105263157894,-0.026315789473684226,-0.06534452072209511,1,1,-0.06977992485238864,36,0.8,0.8131578947368421,0.7107602339181287,0.0,0.04,1,0.7019623131903834
2024-15,2024,15,2024-08-25,zandvoort,ricciardo,Daniel Ricciardo,rb,RB F1 Team,21,2,19,0.43157894736842106,0.4230994152046784,0.39690624410488584,0.09473684210526316,-0.02777777777777779,-0.03320128277683457,0,0,-0.03320128277683457,14,0.3842105263157895,0.43684210526315786,0.4211650922177238,0.1,0.10714285714285714,0,0.4211650922177238
2024-15,2024,15,2024-08-25,zandvoort,russell,George Russell,mercedes,Mercedes,36,2,31,0.8315789473684211,0.7005847953216374,0.7077383380932953,0.0,0.026315789473684202,-0.02429149797570851,1,1,-0.08591992802519119,36,0.9105263157894736,0.8210526315789475,0.7476023391812866,0.05,0.08,1,0.7142430149447694
2024-15,2024,15,2024-08-25,zandvoort,sainz,Carlos Sainz,ferrari,Ferrari,34,2,32,0.7789473684210526,0.8052631578947368,0.7799043062200958,0.11578947368421058,0.026315789473684247,-0.009296746138851376,1,1,-0.009296746138851376,36,0.7210526315789474,0.7921052631578948,0.7866715399610137,0.1,0.08163265306122448,1,0.7869828893220707
2024-15,2024,15,2024-08-25,zandvoort,sargeant,Logan Sargeant,williams,Williams,35,2,29,0.16842105263157897,0.18947368421052635,0.2092105263157895,-0.16842105263157892,-0.19473684210526315,-0.20414673046251994,1,0,-0.20414673046251994,36,0.25263157894736843,0.23947368421052634,0.30894612417568745,0.2,0.1836734693877551,1,0.3447942156415468
2024-15,2024,15,2024-08-25,zandvoort,stroll,Lance Stroll,aston_martin,Aston Martin,35,2,31,0.4736842105263158,0.43684210526315786,0.504120148856991,0.021052631578947413,-0.04210526315789472,-0.10749094959621275,1,1,-0.14817908969955754,36,0.4631578947368421,0.4578947368421053,0.5750877192982456,0.0,0.0707070707070707,1,0.5901364522417154
2024-15,2024,15,2024-08-25,zandvoort,tsunoda,Yuki Tsunoda,rb,RB F1 Team,35,2,33,0.33684210526315794,0.43684210526315786,0.4145690312738368,-0.09473684210526316,0.02777777777777779,0.04719162246702027,1,1,0.03025220242682504,14,0.3842105263157895,0.43684210526315786,0.4211650922177238,0.1,0.10714285714285714,0,0.4211650922177238
2024-15,2024,15,2024-08-25,zandvoort,zhou,Guanyu Zhou,sauber,Sauber,36,2,31,0.18947368421052635,0.2274853801169591,0.285733714130287,-0.06315789473684208,-0.03187134502923976,-0.005548058179637128,1,0,-0.005548058179637128,14,0.21052631578947373,0.24210526315789474,0.24154135338345867,0.1,0.10714285714285714,0,0.24154135338345867
2024-16,2024,16,2024-09-01,monza,albon,Alexander Albon,williams,Williams,37,2,30,0.37894736842105264,0.35497076023391816,0.4046226677805625,0.16842105263157892,0.19473684210526315,0.19849624060150375,1,1,0.21152882205513782,37,0.2947368421052632,0.25,0.30707721685165296,0.2,0.17647058823529413,1,0.3314370582541009
2024-16,2024,16,2024-09-01,monza,alonso,Fernando Alonso,aston_martin,Aston Martin,37,2,35,0.47368421052631576,0.4631578947368421,0.6244444444444445,-0.010526315789473717,0.01578947368421052,0.10978203083466241,1,1,0.13851969992320867,37,0.4789473684210527,0.4552631578947368,0.5701754385964912,0.0,0.06796116504854369,1,0.550682261208577
2024-16,2024,16,2024-09-01,monza,bottas,Valtteri Bottas,sauber,Sauber,37,2,33,0.2,0.22631578947368425,0.27161876322010703,0.052631578947368404,0.03187134502923976,0.00784481529025817,1,1,0.030364982012393238,15,0.15789473684210528,0.21315789473684213,0.22719298245614036,0.05,0.1,0,0.22719298245614036
2024-16,2024,16,2024-09-01,monza,colapinto,Franco Colapinto,williams,Williams,0,0,0,0.551910537817059,0.551910537817059,0.551910537817059,0.0,0.0,0.0,0,0,0.0,37,0.2947368421052632,0.25,0.30707721685165296,0.2,0.17647058823529413,1,0.3314370582541009
2024-16,2024,16,2024-09-01,monza,gasly,Pierre Gasly,alpine,Alpine F1 Team,36,2,33,0.5263157894736843,0.43684210526315786,0.453411306042885,0.06315789473684211,0.011403508771929815,-0.013388734995383195,1,1,-0.013388734995383195,37,0.33684210526315794,0.4052631578947369,0.43188854489164086,0.10526315789473684,0.12745098039215685,1,0.413140694874441
2024-16,2024,16,2024-09-01,monza,hamilton,Lewis Hamilton,mercedes,Mercedes,37,2,34,0.8736842105263157,0.8263157894736842,0.7763157894736842,0.010526315789473672,-0.01578947368421052,0.020539152759948658,1,1,0.012409071459135656,37,0.868421052631579,0.8210526315789475,0.7441520467836257,0.05,0.07692307692307693,1,0.7462638076673165
2024-16,2024,16,2024-09-01,monza,hulkenberg,Nico Hülkenberg,haas,Haas F1 Team,37,2,35,0.48421052631578954,0.48421052631578954,0.39861558658551144,0.13684210526315793,0.18421052631578952,0.09051614543605392,1,1,0.08630674915953332,37,0.41578947368421054,0.3921052631578948,0.35111111111111115,0.1,0.07692307692307693,1,0.3267186484730345
2024-16,2024,16,2024-09-01,monza,kevin_magnussen,Kevin Magnussen,haas,Haas F1 Team,37,2,33,0.3473684210526316,0.3,0.3045912653975364,-0.13684210526315793,-0.18421052631578952,-0.09051614543605392,1,1,-0.08630674915953332,37,0.41578947368421054,0.3921052631578948,0.35111111111111115,0.1,0.07692307692307693,1,0.3267186484730345
2024-16,2024,16,2024-09-01,monza,leclerc,Charles Leclerc,ferrari,Ferrari,36,2,31,0.6842105263157895,0.7842105263157895,0.8057179987004548,-0.10526315789473688,-0.010526315789473717,0.023119815041479645,1,1,0.014702993487163188,37,0.7368421052631579,0.7894736842105263,0.7888888888888889,0.1,0.0784313725490196,1,0.7977257959714099
2024-16,2024,16,2024-09-01,monza,max_verstappen,Max Verstappen,red_bull,Red Bull,37,2,36,0.8631578947368421,0.9,0.9536842105263158,0.27368421052631575,0.23684210526315788,0.1889952153110048,1,1,0.17384370015948963,37,0.7263157894736842,0.7894736842105263,0.8669590643274854,0.1,0.07692307692307693,1,0.8788174139051332
2024-16,2024,16,2024-09-01,monza,norris,Lando Norris,mclaren,McLaren,37,2,36,0.7263157894736842,0.8315789473684211,0.7551886251576654,-0.1894736842105263,0.010526315789473694,0.06920077972709553,1,1,0.08490361706735977,37,0.8210526315789475,0.8263157894736842,0.7188484030589295,0.0,0.038461538461538464,1,0.6974558904383467
2024-16,2024,16,2024-09-01,monza,ocon,Esteban Ocon,alpine,Alpine F1 Team,37,2,30,0.3157894736842105,0.39473684210526316,0.42743221690590116,-0.06315789473684211,-0.011403508771929815,0.013388734995383195,1,0,0.013388734995383195,37,0.33684210526315794,0.4052631578947369,0.43188854489164086,0.10526315789473684,0.12745098039215685,1,0.413140694874441
2024-16,2024,16,2024-09-01,monza,perez,Sergio Pérez,red_bull,Red Bull,37,2,33,0.5894736842105264,0.6894736842105263,0.7706585303839308,-0.27368421052631575,-0.23684210526315788,-0.1889952153110048,1,1,-0.17384370015948963,37,0.7263157894736842,0.7894736842105263,0.8669590643274854,0.1,0.07692307692307693,1,0.8788174139051332
2024-16,2024,16,2024-09-01,monza,piastri,Oscar Piastri,mclaren,McLaren,37,2,34,0.9157894736842106,0.8210526315789475,0.6924453992123165,0.1894736842105263,-0.010526315789473694,-0.06920077972709553,1,1,-0.08490361706735977,37,0.8210526315789475,0.8263157894736842,0.7188484030589295,0.0,0.038461538461538464,1,0.6974558904383467
2024-16,2024,16,2024-09-01,monza,ricciardo,Daniel Ricciardo,rb,RB F1 Team,22,2,20,0.4631578947368421,0.42631578947368426,0.39836966152755626,0.10526315789473684,0.026315789473684202,-0.015240120503278408,0,0,-0.015240120503278408,15,0.41052631578947374,0.4131578947368421,0.4117585630743526,0.0,0.1,0,0.4117585630743526
2024-16,2024,16,2024-09-01,monza,russell,George Russell,mercedes,Mercedes,37,2,32,0.8105263157894737,0.7578947368421053,0.7066926575698506,-0.010526315789473672,0.01578947368421052,-0.020539152759948658,1,1,-0.012409071459135656,37,0.868421052631579,0.8210526315789475,0.7441520467836257,0.05,0.07692307692307693,1,0.7462638076673165
2024-16,2024,16,2024-09-01,monza,sainz,Carlos Sainz,ferrari,Ferrari,35,2,33,0.7894736842105263,0.7947368421052632,0.7803203661327232,0.10526315789473688,0.010526315789473717,-0.013978034517187252,1,1,-0.006576966354458837,37,0.7368421052631579,0.7894736842105263,0.7888888888888889,0.1,0.0784313725490196,1,0.7977257959714099
2024-16,2024,16,2024-09-01,monza,stroll,Lance Stroll,aston_martin,Aston Martin,36,2,32,0.48421052631578954,0.4473684210526316,0.4982201881515383,0.010526315789473717,-0.01578947368421052,-0.10978203083466241,1,1,-0.13851969992320867,37,0.4789473684210527,0.4552631578947368,0.5701754385964912,0.0,0.06796116504854369,1,0.550682261208577
2024-16,2024,16,2024-09-01,monza,tsunoda,Yuki Tsunoda,rb,RB F1 Team,36,2,34,0.3578947368421053,0.4,0.40387426900584794,-0.10526315789473684,-0.026315789473684202,0.03339831059129306,0,0,0.03339831059129306,15,0.41052631578947374,0.4131578947368421,0.4117585630743526,0.0,0.1,0,0.4117585630743526
2024-16,2024,16,2024-09-01,monza,zhou,Guanyu Zhou,sauber,Sauber,37,2,32,0.13684210526315793,0.20526315789473687,0.27303443794671867,-0.052631578947368404,-0.03187134502923976,-0.00784481529025817,1,1,-0.030364982012393238,15,0.15789473684210528,0.21315789473684213,0.22719298245614036,0.05,0.1,0,0.22719298245614036
2024-17,2024,17,2024-09-15,baku,albon,Alexander Albon,williams,Williams,38,2,31,0.44210526315789467,0.3684210526315789,0.4125465178096757,0.15789473684210525,0.18421052631578946,0.19630156472261734,1,1,0.19788209261893472,38,0.3631578947368421,0.2710526315789474,0.3146428161908038,0.15,0.16981132075471697,1,0.31477022257896015
2024-17,2024,17,2024-09-15,baku,alonso,Fernando Alonso,aston_martin,Aston Martin,38,2,36,0.5473684210526316,0.4526315789473684,0.6186459739091318,0.1263157894736842,0.01578947368421052,0.12331553521484871,1,1,0.12715766872898832,38,0.4842105263157895,0.4447368421052632,0.5588044184535413,0.0,0.06542056074766354,1,0.5815103602627969
2024-17,2024,17,2024-09-15,baku,bearman,Oliver Bearman,haas,Haas F1 Team,1,1,1,0.6842105263157895,0.6842105263157895,0.6842105263157895,-0.21052631578947367,-0.21052631578947367,-0.21052631578947367,0,0,-0.21052631578947367,38,0.3473684210526316,0.3894736842105263,0.3507647323436797,0.1,0.07407407407407407,1,0.3410306392762533
2024-17,2024,17,2024-09-15,baku,bottas,Valtteri Bottas,sauber,Sauber,38,2,34,0.2,0.22631578947368425,0.269125193937224,0.10526315789473684,0.036842105263157884,0.01237590099279206,1,1,0.01237590099279206,16,0.15263157894736845,0.20263157894736844,0.22286184210526316,0.05,0.09375,0,0.22286184210526316
2024-17,2024,17,2024-09-15,baku,colapinto,Franco Colapinto,williams,Williams,1,1,1,0.42105263157894735,0.42105263157894735,0.42105263157894735,-0.1578947368421053,-0.1578947368421053,-0.1578947368421053,0,0,-0.1578947368421053,38,0.3631578947368421,0.2710526315789474,0.3146428161908038,0.15,0.16981132075471697,1,0.31477022257896015
2024-17,2024,17,2024-09-15,baku,gasly,Pierre Gasly,alpine,Alpine F1 Team,37,2,34,0.4631578947368421,0.4421052631578948,0.4453154162000747,0.04210526315789476,-0.010526315789473694,-0.015350877192982454,1,1,-0.007797270955165696,38,0.3,0.38684210526315793,0.42651439920556106,0.10526315789473684,0.12264150943396226,1,0.4112876530950016
2024-17,2024,17,2024-09-15,baku,hamilton,Lewis Hamilton,mercedes,Mercedes,38,2,35,0.8631578947368421,0.8315789473684211,0.776842105263158,0.042105263157894736,0.005263157894736847,0.024479804161566712,1,1,0.033455732354141184,38,0.8315789473684211,0.8263157894736842,0.7438813082087935,0.05,0.07407407407407407,1,0.737251221331793
2024-17,2024,17,2024-09-15,baku,hulkenberg,Nico Hülkenberg,haas,Haas F1 Team,38,2,36,0.368421052631579,0.4473684210526316,0.3891755532622406,0.04210526315789476,0.11578947368421055,0.07139376218323588,1,1,0.040069309075157045,38,0.3473684210526316,0.3894736842105263,0.3507647323436797,0.1,0.07407407407407407,1,0.3410306392762533
2024-17,2024,17,2024-09-15,baku,leclerc,Charles Leclerc,ferrari,Ferrari,37,2,32,0.7894736842105263,0.8,0.8139853179046909,0.010526315789473651,-2.2204460492503132e-17,0.029109811565951896,1,1,0.03757129449137245,38,0.7842105263157895,0.8,0.7939721097615835,0.1,0.07547169811320754,1,0.7993202379167292
2024-17,2024,17,2024-09-15,baku,max_verstappen,Max Verstappen,red_bull,Red Bull,38,2,37,0.8526315789473685,0.8789473684210527,0.9453441295546559,0.2736842105263158,0.24210526315789477,0.1853546910755149,1,1,0.15891177218408342,38,0.7157894736842105,0.7684210526315789,0.8601905999566818,0.1,0.07407407407407407,1,0.8728010011310856
2024-17,2024,17,2024-09-15,baku,norris,Lando Norris,mclaren,McLaren,38,2,37,0.9052631578947368,0.8210526315789475,0.7604545956085181,-0.010526315789473672,-0.057894736842105256,0.06432748538011697,1,1,0.06887589343729696,38,0.9105263157894736,0.85,0.7263374485596708,0.0,0.037037037037037035,1,0.7041128197723389
2024-17,2024,17,2024-09-15,baku,ocon,Esteban Ocon,alpine,Alpine F1 Team,38,2,31,0.2947368421052632,0.37894736842105264,0.4225781845919146,-0.04210526315789476,0.010526315789473694,0.015350877192982454,1,1,0.007797270955165696,38,0.3,0.38684210526315793,0.42651439920556106,0.10526315789473684,0.12264150943396226,1,0.4112876530950016
2024-17,2024,17,2024-09-15,baku,perez,Sergio Pérez,red_bull,Red Bull,38,2,34,0.5789473684210527,0.6578947368421053,0.7648635477582846,-0.2736842105263158,-0.24210526315789477,-0.1853546910755149,1,1,-0.15891177218408342,38,0.7157894736842105,0.7684210526315789,0.8601905999566818,0.1,0.07407407407407407,1,0.8728010011310856
2024-17,2024,17,2024-09-15,baku,piastri,Oscar Piastri,mclaren,McLaren,38,2,35,0.9157894736842106,0.8789473684210526,0.7024423804609563,0.010526315789473672,0.057894736842105256,-0.06432748538011697,1,1,-0.06887589343729696,38,0.9105263157894736,0.85,0.7263374485596708,0.0,0.037037037037037035,1,0.7041128197723389
2024-17,2024,17,2024-09-15,baku,ricciardo,Daniel Ricciardo,rb,RB F1 Team,23,2,21,0.42105263157894746,0.43684210526315786,0.39665831244778615,0.10526315789473684,0.026315789473684202,-0.015240120503278408,0,0,-0.015240120503278408,16,0.39473684210526316,0.4026315789473684,0.408869395711501,0.05,0.125,0,0.408869395711501
2024-17,2024,17,2024-09-15,baku,russell,George Russell,mercedes,Mercedes,38,2,33,0.7684210526315789,0.7578947368421053,0.7057359711335075,-0.042105263157894736,-0.005263157894736847,-0.024479804161566712,1,1,-0.033455732354141184,38,0.8315789473684211,0.8263157894736842,0.7438813082087935,0.05,0.07407407407407407,1,0.737251221331793
2024-17,2024,17,2024-09-15,baku,sainz,Carlos Sainz,ferrari,Ferrari,36,2,34,0.7789473684210526,0.8,0.7828947368421053,-0.010526315789473651,2.2204460492503132e-17,-0.020671834625322974,1,1,-0.030070870544146738,38,0.7842105263157895,0.8,0.7939721097615835,0.1,0.07547169811320754,1,0.7993202379167292
2024-17,2024,17,2024-09-15,baku,stroll,Lance Stroll,aston_martin,Aston Martin,37,2,33,0.42105263157894746,0.43684210526315786,0.47965399610136455,-0.1263157894736842,-0.01578947368421052,-0.12331553521484871,1,1,-0.12715766872898832,38,0.4842105263157895,0.4447368421052632,0.5588044184535413,0.0,0.06542056074766354,1,0.5815103602627969
2024-17,2024,17,2024-09-15,baku,tsunoda,Yuki Tsunoda,rb,RB F1 Team,37,2,34,0.3578947368421053,0.4,0.40387426900584794,-0.10526315789473684,-0.026315789473684202,0.03339831059129306,1,1,0.03339831059129306,16,0.39473684210526316,0.4026315789473684,0.408869395711501,0.05,0.125,0,0.408869395711501
2024-17,2024,17,2024-09-15,baku,zhou,Guanyu Zhou,sauber,Sauber,38,2,33,0.08421052631578949,0.1842105263157895,0.2658952345402513,-0.10526315789473684,-0.036842105263157884,-0.01237590099279206,1,0,-0.01237590099279206,16,0.15263157894736845,0.20263157894736844,0.22286184210526316,0.05,0.09375,0,0.22286184210526316
2024-18,2024,18,2024-09-22,marina_bay,albon,Alexander Albon,williams,Williams,39,2,32,0.4631578947368421,0.39473684210526316,0.4243579964403763,0.14736842105263157,0.17368421052631577,0.18893387314439947,1,1,0.18548508022192234,39,0.3894736842105263,0.3263157894736842,0.32759571885689065,0.1,0.16363636363636364,1,0.3350558436622654
2024-18,2024,18,2024-09-22,marina_bay,alonso,Fernando Alonso,aston_martin,Aston Martin,39,2,37,0.5684210526315789,0.5210526315789474,0.6230236084037254,0.27368421052631575,0.13684210526315788,0.1466861598440546,1,1,0.1466861598440546,39,0.43157894736842106,0.4526315789473684,0.5529448621553885,0.0,0.06306306306306306,1,0.5207463102199945
2024-18,2024,18,2024-09-22,marina_bay,bottas,Valtteri Bottas,sauber,Sauber,39,2,35,0.18947368421052632,0.2368421052631579,0.2668271987157436,0.0736842105263158,0.036842105263157884,0.007147498375568554,1,0,0.007147498375568554,17,0.16842105263157897,0.21052631578947373,0.22523219814241485,0.05,0.08823529411764706,0,0.22523219814241485
2024-18,2024,18,2024-09-22,marina_bay,colapinto,Franco Colapinto,williams,Williams,2,1,2,0.5263157894736842,0.5263157894736842,0.5263157894736842,-0.10526315789473689,-0.10526315789473689,-0.10526315789473689,0,0,-0.10526315789473689,39,0.3894736842105263,0.3263157894736842,0.32759571885689065,0.1,0.16363636363636364,1,0.3350558436622654
2024-18,2024,18,2024-09-22,marina_bay,gasly,Pierre Gasly,alpine,Alpine F1 Team,38,2,35,0.43157894736842106,0.4473684210526316,0.44432509846043683,0.06315789473684212,0.010526315789473672,-0.007101086048454471,1,1,-0.007101086048454471,39,0.3263157894736842,0.39473684210526316,0.42344497607655507,0.10526315789473684,0.11818181818181818,1,0.4582668793195109
2024-18,2024,18,2024-09-22,marina_bay,hamilton,Lewis Hamilton,mercedes,Mercedes,39,2,36,0.7789473684210526,0.8157894736842104,0.7692307692307693,-0.03157894736842106,-0.010526315789473672,0.009356725146198834,1,1,0.0843404808317089,39,0.7789473684210526,0.8289473684210528,0.7436299081035924,0.05,0.07142857142857142,1,0.7224078715306786
2024-18,2024,18,2024-09-22,marina_bay,hulkenberg,Nico Hülkenberg,haas,Haas F1 Team,39,2,37,0.3157894736842105,0.4473684210526316,0.392364559196734,-0.03157894736842106,0.06842105263157897,0.0664327485380117,1,1,0.04150747238466537,39,0.3315789473684211,0.4131578947368421,0.356291964479099,0.1,0.07142857142857142,1,0.36641157076504705
2024-18,2024,18,2024-09-22,marina_bay,kevin_magnussen,Kevin Magnussen,haas,Haas F1 Team,38,2,34,0.3263157894736842,0.3315789473684211,0.31364124597207305,-0.04210526315789476,-0.11578947368421055,-0.07139376218323588,1,1,-0.045917262291531306,39,0.3315789473684211,0.4131578947368421,0.356291964479099,0.1,0.07142857142857142,1,0.36641157076504705
2024-18,2024,18,2024-09-22,marina_bay,leclerc,Charles Leclerc,ferrari,Ferrari,38,2,33,0.9157894736842106,0.8052631578947368,0.8194295261964434,0.27368421052631575,0.07368421052631577,0.06370536269752393,1,1,0.0390831294153429,39,0.7789473684210526,0.7684210526315789,0.7840589127138835,0.1,0.07272727272727272,1,0.7992804370322238
2024-18,2024,18,2024-09-22,marina_bay,max_verstappen,Max Verstappen,red_bull,Red Bull,39,2,38,0.8210526315789475,0.8578947368421053,0.9395711500974658,0.24210526315789474,0.2947368421052632,0.20394736842105263,1,1,0.19883040935672514,39,0.7,0.7342105263157894,0.8463868003341688,0.1,0.07142857142857142,1,0.8312911909403138
2024-18,2024,18,2024-09-22,marina_bay,norris,Lando Norris,mclaren,McLaren,39,2,38,0.8947368421052632,0.8105263157894737,0.7634237107921319,-0.05263157894736843,-0.08421052631578949,0.055780476833108425,1,1,0.07882241215574551,39,0.9210526315789475,0.8526315789473685,0.7332915622389307,0.0,0.03571428571428571,1,0.7424579968439617
2024-18,2024,18,2024-09-22,marina_bay,ocon,Esteban Ocon,alpine,Alpine F1 Team,39,2,32,0.30526315789473685,0.35263157894736846,0.41593567251461994,-0.06315789473684212,-0.010526315789473672,0.007101086048454471,1,0,0.007101086048454471,39,0.3263157894736842,0.39473684210526316,0.42344497607655507,0.10526315789473684,0.11818181818181818,1,0.4582668793195109
2024-18,2024,18,2024-09-22,marina_bay,perez,Sergio Pérez,red_bull,Red Bull,39,2,35,0.5789473684210527,0.5842105263157895,0.7405847953216375,-0.24210526315789474,-0.2947368421052632,-0.20394736842105263,1,1,-0.19883040935672514,39,0.7,0.7342105263157894,0.8463868003341688,0.1,0.07142857142857142,1,0.8312911909403138
2024-18,2024,18,2024-09-22,marina_bay,piastri,Oscar Piastri,mclaren,McLaren,39,2,36,0.9473684210526315,0.8947368421052632,0.713670969877524,0.05263157894736843,0.08421052631578949,-0.055780476833108425,1,1,-0.07882241215574551,39,0.9210526315789475,0.8526315789473685,0.7332915622389307,0.0,0.03571428571428571,1,0.7424579968439617
2024-18,2024,18,2024-09-22,marina_bay,ricciardo,Daniel Ricciardo,rb,RB F1 Team,24,2,22,0.42105263157894746,0.43684210526315786,0.3951319740793425,0.10526315789473684,0.026315789473684202,-0.015240120503278408,0,0,-0.015240120503278408,17,0.37894736842105264,0.39473684210526316,0.40634137426900585,0.1,0.14705882352941177,0,0.40634137426900585
2024-18,2024,18,2024-09-22,marina_bay,russell,George Russell,mercedes,Mercedes,39,2,34,0.7789473684210526,0.7736842105263158,0.7134502923976608,0.03157894736842106,0.010526315789473672,-0.009356725146198834,1,1,-0.0843404808317089,39,0.7789473684210526,0.8289473684210528,0.7436299081035924,0.05,0.07142857142857142,1,0.7224078715306786
2024-18,2024,18,2024-09-22,marina_bay,sainz,Carlos Sainz,ferrari,Ferrari,37,2,35,0.6421052631578947,0.7315789473684211,0.7557894736842106,-0.27368421052631575,-0.07368421052631577,-0.0571799870045484,1,1,-0.03328279546603132,39,0.7789473684210526,0.7684210526315789,0.7840589127138835,0.1,0.07272727272727272,1,0.7992804370322238
2024-18,2024,18,2024-09-22,marina_bay,stroll,Lance Stroll,aston_martin,Aston Martin,38,2,34,0.2947368421052632,0.3842105263157895,0.4625730994152047,-0.27368421052631575,-0.13684210526315788,-0.1466861598440546,0,0,-0.1466861598440546,39,0.43157894736842106,0.4526315789473684,0.5529448621553885,0.0,0.06306306306306306,1,0.5207463102199945
2024-18,2024,18,2024-09-22,marina_bay,tsunoda,Yuki Tsunoda,rb,RB F1 Team,38,2,34,0.3578947368421053,0.4,0.40387426900584794,-0.10526315789473684,-0.026315789473684202,0.03339831059129306,1,0,0.03339831059129306,17,0.37894736842105264,0.39473684210526316,0.40634137426900585,0.1,0.14705882352941177,0,0.40634137426900585
2024-18,2024,18,2024-09-22,marina_bay,zhou,Guanyu Zhou,sauber,Sauber,39,2,34,0.11578947368421053,0.1842105263157895,0.26793173409714766,-0.0736842105263158,-0.036842105263157884,-0.007147498375568554,1,1,-0.007147498375568554,17,0.16842105263157897,0.21052631578947373,0.22523219814241485,0.05,0.08823529411764706,0,0.22523219814241485
2024-19,2024,19,2024-10-20,americas,albon,Alexander Albon,williams,Williams,40,2,32,0.4631578947368421,0.39473684210526316,0.4243579964403763,0.14736842105263157,0.17368421052631577,0.18893387314439947,1,1,0.1737891737891738,40,0.43684210526315786,0.3578947368421053,0.33290802764486976,0.15,0.17543859649122806,1,0.3573217555673696
2024-19,2024,19,2024-10-20,americas,alonso,Fernando Alonso,aston_martin,Aston Martin,40,2,38,0.6,0.5368421052631579,0.6233291562238932,0.3473684210526316,0.1526315789473684,0.1534502923976608,1,0,0.1534502923976608,40,0.42631578947368426,0.46052631578947373,0.5502117362371446,0.0,0.06086956521739131,1,0.5651004906903273
2024-19,2024,19,2024-10-20,americas,bottas,Valtteri Bottas,sauber,Sauber,40,2,36,0.18947368421052632,0.2210526315789474,0.2647026370958844,0.03157894736842104,0.047368421052631574,0.004603707851188256,1,1,0.009940137972986046,18,0.18947368421052632,0.20526315789473687,0.22587719298245615,0.05,0.08333333333333333,0,0.22587719298245615
2024-19,2024,19,2024-10-20,americas,colapinto,Franco Colapinto,williams,Williams,3,1,3,0.5087719298245613,0.5087719298245613,0.5087719298245613,-0.10526315789473689,-0.10526315789473689,-0.10526315789473689,0,0,-0.10526315789473689,40,0.43684210526315786,0.3578947368421053,0.33290802764486976,0.15,0.17543859649122806,1,0.3573217555673696
2024-19,2024,19,2024-10-20,americas,gasly,Pierre Gasly,alpine,Alpine F1 Team,39,2,36,0.3578947368421053,0.42105263157894746,0.43309253525971797,0.0,-1.1102230246251566e-17,-0.01634768740031898,1,1,-0.01634768740031898,40,0.3578947368421053,0.368421052631579,0.4178208679593721,0.05263157894736842,0.11403508771929824,1,0.45326767210423724
2024-19,2024,19,2024-10-20,americas,hamilton,Lewis Hamilton,mercedes,Mercedes,40,2,37,0.7473684210526316,0.8210526315789475,0.7680311890838206,-0.021052631578947344,-0.03157894736842104,0.004479283314669662,1,0,0.004479283314669662,40,0.7842105263157896,0.8342105263157895,0.7452107279693486,0.05,0.06896551724137931,1,0.7501288342183684
2024-19,2024,19,2024-10-20,americas,hulkenberg,Nico Hülkenberg,haas,Haas F1 Team,40,2,38,0.3578947368421053,0.4578947368421053,0.39914938862307286,0.052631578947368404,0.11578947368421053,0.08412055780476835,1,1,0.0923176888089169,40,0.3315789473684211,0.4,0.35484544695071013,0.0,0.06896551724137931,1,0.3592778241901049
2024-19,2024,19,2024-10-20,americas,kevin_magnussen,Kevin Magnussen,haas,Haas F1 Team,39,2,35,0.25263157894736843,0.3315789473684211,0.30340557275541796,-0.08421052631578947,-0.12631578947368424,-0.08959064327485383,1,1,-0.09717998700454844,40,0.3315789473684211,0.4,0.35484544695071013,0.0,0.06896551724137931,1,0.3592778241901049
2024-19,2024,19,2024-10-20,americas,lawson,Liam Lawson,rb,RB F1 Team,5,1,5,0.41052631578947374,0.41052631578947374,0.41052631578947374,0.017543859649122823,0.017543859649122823,0.017543859649122823,0,0,0.017543859649122823,18,0.3315789473684211,0.368421052631579,0.3979188166494668,0.1,0.1388888888888889,0,0.3979188166494668
2024-19,2024,19,2024-10-20,americas,leclerc,Charles Leclerc,ferrari,Ferrari,39,2,34,0.9052631578947368,0.7947368421052632,0.818254787295035,0.2736842105263158,0.07368421052631577,0.06540159923618569,1,0,0.06540159923618569,40,0.7684210526315789,0.7578947368421053,0.7823725981620718,0.1,0.07017543859649122,1,0.7948575141557597
2024-19,2024,19,2024-10-20,americas,max_verstappen,Max Verstappen,red_bull,Red Bull,40,2,39,0.8526315789473685,0.8789473684210527,0.9398496240601505,0.3052631578947368,0.3263157894736842,0.21263157894736842,1,1,0.20654970760233918,40,0.7,0.7342105263157894,0.8426093970558581,0.05,0.06896551724137931,1,0.851325312002868
2024-19,2024,19,2024-10-20,americas,norris,Lando Norris,mclaren,McLaren,40,2,39,0.9052631578947368,0.8263157894736842,0.7717246332204781,-0.02105263157894739,-0.06315789473684211,0.057613168724279844,1,1,0.057613168724279844,40,0.9157894736842106,0.8578947368421053,0.740673522887679,0.0,0.034482758620689655,1,0.7636396226837848
2024-19,2024,19,2024-10-20,americas,ocon,Esteban Ocon,alpine,Alpine F1 Team,40,2,33,0.3578947368421053,0.3578947368421053,0.4140350877192983,0.0,1.1102230246251566e-17,0.01634768740031898,1,0,0.01634768740031898,40,0.3578947368421053,0.368421052631579,0.4178208679593721,0.05263157894736842,0.11403508771929824,1,0.45326767210423724
2024-19,2024,19,2024-10-20,americas,perez,Sergio Pérez,red_bull,Red Bull,40,2,36,0.5473684210526316,0.5526315789473684,0.7323436797121008,-0.3052631578947368,-0.3263157894736842,-0.21263157894736842,1,1,-0.20654970760233918,40,0.7,0.7342105263157894,0.8426093970558581,0.05,0.06896551724137931,1,0.851325312002868
2024-19,2024,19,2024-10-20,americas,piastri,Oscar Piastri,mclaren,McLaren,40,2,37,0.9263157894736842,0.8894736842105264,0.7202551834130783,0.02105263157894739,0.06315789473684211,-0.057613168724279844,1,0,-0.057613168724279844,40,0.9157894736842106,0.8578947368421053,0.740673522887679,0.0,0.034482758620689655,1,0.7636396226837848
2024-19,2024,19,2024-10-20,americas,russell,George Russell,mercedes,Mercedes,40,2,35,0.7473684210526316,0.7947368421052632,0.7184955853686503,0.021052631578947344,0.03157894736842104,-0.004479283314669662,1,1,-0.004479283314669662,40,0.7842105263157896,0.8342105263157895,0.7452107279693486,0.05,0.06896551724137931,1,0.7501288342183684
2024-19,2024,19,2024-10-20,americas,sainz,Carlos Sainz,ferrari,Ferrari,38,2,36,0.631578947368421,0.7210526315789474,0.7530364372469636,-0.2736842105263158,-0.07368421052631577,-0.059226079382854284,1,1,-0.059226079382854284,40,0.7684210526315789,0.7578947368421053,0.7823725981620718,0.1,0.07017543859649122,1,0.7948575141557597
2024-19,2024,19,2024-10-20,americas,stroll,Lance Stroll,aston_martin,Aston Martin,39,2,35,0.25263157894736843,0.3842105263157895,0.456927575348628,-0.3473684210526316,-0.1526315789473684,-0.1534502923976608,1,1,-0.1534502923976608,40,0.42631578947368426,0.46052631578947373,0.5502117362371446,0.0,0.06086956521739131,1,0.5651004906903273
2024-19,2024,19,2024-10-20,americas,tsunoda,Yuki Tsunoda,rb,RB F1 Team,39,2,35,0.37894736842105264,0.3736842105263158,0.4045614035087719,0.010526315789473694,-0.036842105263157884,0.04541495582928954,1,1,0.08130452214065503,18,0.3315789473684211,0.368421052631579,0.3979188166494668,0.1,0.1388888888888889,0,0.3979188166494668
2024-19,2024,19,2024-10-20,americas,zhou,Guanyu Zhou,sauber,Sauber,40,2,35,0.1473684210526316,0.1842105263157895,0.267744524710469,-0.03157894736842104,-0.047368421052631574,-0.004603707851188256,1,1,-0.009940137972986046,18,0.18947368421052632,0.20526315789473687,0.22587719298245615,0.05,0.08333333333333333,0,0.22587719298245615
2024-20,2024,20,2024-10-27,rodriguez,albon,Alexander Albon,williams,Williams,41,2,33,0.44210526315789467,0.4052631578947368,0.41544834307992207,0.052631578947368404,0.11578947368421051,0.1643132220795892,1,1,0.18699186991869918,41,0.4526315789473684,0.35263157894736846,0.334154098697035,0.05,0.1694915254237288,1,0.3408855146312826
2024-20,2024,20,2024-10-27,rodriguez,alonso,Fernando Alonso,aston_martin,Aston Martin,41,2,39,0.5473684210526316,0.5,0.6145392216172616,0.3368421052631579,0.15789473684210525,0.1515969410706253,1,0,0.1515969410706253,41,0.37894736842105264,0.42105263157894735,0.5423976608187134,0.0,0.058823529411764705,1,0.4996751137102014
2024-20,2024,20,2024-10-27,rodriguez,bottas,Valtteri Bottas,sauber,Sauber,41,2,37,0.16842105263157897,0.2,0.2608187134502924,0.021052631578947368,0.04210526315789472,0.008712256832557585,1,1,0.00189627507923248,19,0.15789473684210525,0.1842105263157895,0.2195290858725762,0.05,0.07894736842105263,0,0.2195290858725762
2024-20,2024,20,2024-10-27,rodriguez,colapinto,Franco Colapinto,williams,Williams,4,1,4,0.5131578947368421,0.5131578947368421,0.5131578947368421,0.03508771929824561,0.03508771929824561,0.03508771929824561,0,0,0.03508771929824561,41,0.4526315789473684,0.35263157894736846,0.334154098697035,0.05,0.1694915254237288,1,0.3408855146312826
2024-20,2024,20,2024-10-27,rodriguez,gasly,Pierre Gasly,alpine,Alpine F1 Team,40,2,37,0.3684210526315789,0.4421052631578948,0.43263819927176433,0.10526315789473684,0.042105263157894736,-0.0019069412662090018,1,1,-0.007543012119671165,41,0.3157894736842105,0.3394736842105263,0.412578055307761,0.05263157894736842,0.11016949152542373,1,0.42229160471800975
2024-20,2024,20,2024-10-27,rodriguez,hamilton,Lewis Hamilton,mercedes,Mercedes,41,2,37,0.7473684210526316,0.8210526315789475,0.7680311890838206,-0.021052631578947344,-0.03157894736842104,0.004479283314669662,1,1,0.02737339803409233,41,0.7315789473684211,0.8210526315789475,0.7449317738791422,0.1,0.08333333333333333,1,0.755728828243448
2024-20,2024,20,2024-10-27,rodriguez,hulkenberg,Nico Hülkenberg,haas,Haas F1 Team,41,2,39,0.4631578947368421,0.4736842105263158,0.40730481173694477,0.1263157894736842,0.12631578947368421,0.08685293480615118,1,1,0.08685293480615118,41,0.4,0.41052631578947374,0.3616656583988707,0.0,0.06666666666666667,1,0.3624162577580605
2024-20,2024,20,2024-10-27,rodriguez,kevin_magnussen,Kevin Magnussen,haas,Haas F1 Team,40,2,36,0.2947368421052632,0.33684210526315794,0.3098311817279047,-0.09473684210526315,-0.13684210526315793,-0.09221772379667117,1,0,-0.09221772379667117,41,0.4,0.41052631578947374,0.3616656583988707,0.0,0.06666666666666667,1,0.3624162577580605
2024-20,2024,20,2024-10-27,rodriguez,lawson,Liam Lawson,rb,RB F1 Team,6,2,6,0.4526315789473685,0.4385964912280702,0.4586466165413534,0.07894736842105265,0.07894736842105265,0.11578947368421055,0,0,0.11578947368421055,19,0.3473684210526316,0.36578947368421055,0.4006660168940871,0.1,0.13157894736842105,0,0.4006660168940871
2024-20,2024,20,2024-10-27,rodriguez,leclerc,Charles Leclerc,ferrari,Ferrari,40,2,35,0.9263157894736842,0.7947368421052632,0.8251130972084298,0.25263157894736843,0.06842105263157892,0.0649008141268203,1,1,0.06353756577354788,41,0.8,0.7605263157894737,0.788969550312563,0.0,0.06779661016949153,1,0.7977974950146759
2024-20,2024,20,2024-10-27,rodriguez,max_verstappen,Max Verstappen,red_bull,Red Bull,41,2,40,0.8631578947368421,0.868421052631579,0.9382940108892922,0.3157894736842105,0.31052631578947365,0.2125506072874494,1,1,0.2125506072874494,41,0.7052631578947369,0.7131578947368421,0.8408382066276803,0.0,0.06666666666666667,1,0.8585228503357158
2024-20,2024,20,2024-10-27,rodriguez,norris,Lando Norris,mclaren,McLaren,41,2,40,0.9157894736842105,0.8157894736842106,0.7741104172861532,0.021052631578947344,-0.0736842105263158,0.05743525480367586,1,1,0.06859741947461247,41,0.9052631578947368,0.8526315789473685,0.74317738791423,0.0,0.03333333333333333,1,0.7395494910114793
2024-20,2024,20,2024-10-27,rodriguez,ocon,Esteban Ocon,alpine,Alpine F1 Team,41,2,34,0.26315789473684215,0.3157894736842105,0.40215924426450744,-0.10526315789473684,-0.042105263157894736,0.0019069412662090018,1,1,0.007543012119671165,41,0.3157894736842105,0.3394736842105263,0.412578055307761,0.05263157894736842,0.11016949152542373,1,0.42229160471800975
2024-20,2024,20,2024-10-27,rodriguez,perez,Sergio Pérez,red_bull,Red Bull,41,2,37,0.5473684210526316,0.5578947368421053,0.7305609703270521,-0.3157894736842105,-0.31052631578947365,-0.2125506072874494,1,0,-0.2125506072874494,41,0.7052631578947369,0.7131578947368421,0.8408382066276803,0.0,0.06666666666666667,1,0.8585228503357158
2024-20,2024,20,2024-10-27,rodriguez,piastri,Oscar Piastri,mclaren,McLaren,41,2,38,0.8947368421052632,0.8894736842105264,0.7226839027393044,-0.021052631578947344,0.0736842105263158,-0.05743525480367586,1,1,-0.06859741947461247,41,0.9052631578947368,0.8526315789473685,0.74317738791423,0.0,0.03333333333333333,1,0.7395494910114793
2024-20,2024,20,2024-10-27,rodriguez,russell,George Russell,mercedes,Mercedes,41,2,36,0.7684210526315789,0.8,0.7191879068741036,0.021052631578947344,0.03157894736842104,-0.004479283314669662,1,1,-0.02737339803409233,41,0.7315789473684211,0.8210526315789475,0.7449317738791422,0.1,0.08333333333333333,1,0.755728828243448
2024-20,2024,20,2024-10-27,rodriguez,sainz,Carlos Sainz,ferrari,Ferrari,39,2,37,0.6736842105263158,0.7263157894736842,0.760233918128655,-0.25263157894736843,-0.06842105263157892,-0.05895691609977322,1,1,-0.05825410086061714,41,0.8,0.7605263157894737,0.788969550312563,0.0,0.06779661016949153,1,0.7977974950146759
2024-20,2024,20,2024-10-27,rodriguez,stroll,Lance Stroll,aston_martin,Aston Martin,40,2,36,0.21052631578947373,0.3421052631578948,0.44975092051115445,-0.3368421052631579,-0.15789473684210525,-0.1515969410706253,1,1,-0.1515969410706253,41,0.37894736842105264,0.42105263157894735,0.5423976608187134,0.0,0.058823529411764705,1,0.4996751137102014
2024-20,2024,20,2024-10-27,rodriguez,tsunoda,Yuki Tsunoda,rb,RB F1 Team,40,2,36,0.3368421052631579,0.3526315789473684,0.40114709851551955,-0.0736842105263158,-0.07894736842105263,0.032820145602100496,1,1,-6.630332444868609e-05,19,0.3473684210526316,0.36578947368421055,0.4006660168940871,0.1,0.13157894736842105,0,0.4006660168940871
2024-20,2024,20,2024-10-27,rodriguez,zhou,Guanyu Zhou,sauber,Sauber,41,2,36,0.1473684210526316,0.16842105263157897,0.2596270550590312,-0.021052631578947368,-0.04210526315789472,-0.008712256832557585,1,1,-0.00189627507923248,19,0.15789473684210525,0.1842105263157895,0.2195290858725762,0.05,0.07894736842105263,0,0.2195290858725762
2024-21,2024,21,2024-11-03,interlagos,albon,Alexander Albon,williams,Williams,42,2,33,0.44210526315789467,0.4052631578947368,0.41544834307992207,0.052631578947368404,0.11578947368421051,0.1643132220795892,1,0,0.1643132220795892,42,0.4842105263157895,0.3894736842105263,0.3370998116760829,0.1,0.18032786885245902,1,0.35227585599277544
2024-21,2024,21,2024-11-03,interlagos,alonso,Fernando Alonso,aston_martin,Aston Martin,42,2,39,0.5473684210526316,0.5,0.6145392216172616,0.3368421052631579,0.15789473684210525,0.1515969410706253,1,1,0.14644874293997104,42,0.3842105263157895,0.43157894736842106,0.5401810979060555,0.05,0.07317073170731707,1,0.5737282273784821
2024-21,2024,21,2024-11-03,interlagos,bearman,Oliver Bearman,haas,Haas F1 Team,2,1,2,0.605263157894737,0.605263157894737,0.605263157894737,-0.0789473684210526,-0.0789473684210526,-0.0789473684210526,0,0,-0.0789473684210526,42,0.46842105263157896,0.4421052631578948,0.3706627680311891,0.0,0.06451612903225806,1,0.3762616417587178
2024-21,2024,21,2024-11-03,interlagos,bottas,Valtteri Bottas,sauber,Sauber,42,2,38,0.22105263157894733,0.21052631578947373,0.2627475120549913,0.021052631578947344,0.03684210526315788,0.010434583190001146,1,0,0.010434583190001146,20,0.21052631578947373,0.1842105263157895,0.2230263157894737,0.05,0.075,0,0.2230263157894737
2024-21,2024,21,2024-11-03,interlagos,colapinto,Franco Colapinto,williams,Williams,5,1,5,0.4947368421052632,0.4947368421052632,0.4947368421052632,0.03508771929824561,0.03508771929824561,0.03508771929824561,0,0,0.03508771929824561,42,0.4842105263157895,0.3894736842105263,0.3370998116760829,0.1,0.18032786885245902,1,0.35227585599277544
2024-21,2024,21,2024-11-03,interlagos,gasly,Pierre Gasly,alpine,Alpine F1 Team,41,2,38,0.3578947368421053,0.4421052631578948,0.43604465709728873,0.0736842105263158,0.06842105263157895,0.004751461988304094,1,1,0.021767381416504215,42,0.32105263157894737,0.32894736842105265,0.41371872303710094,0.05263157894736842,0.10655737704918032,1,0.4350014380212827
2024-21,2024,21,2024-11-03,interlagos,hamilton,Lewis Hamilton,mercedes,Mercedes,42,2,38,0.7157894736842105,0.8210526315789475,0.7706766917293233,-0.06315789473684211,-0.031578947368421054,0.006444683136412466,1,1,0.006444683136412466,42,0.7631578947368421,0.8157894736842106,0.7472175061309188,0.1,0.08064516129032258,1,0.7343687773795301
2024-21,2024,21,2024-11-03,interlagos,hulkenberg,Nico Hülkenberg,haas,Haas F1 Team,42,2,40,0.4842105263157895,0.4842105263157895,0.4131232034889484,0.03157894736842102,0.08421052631578949,0.07999164578111947,1,1,0.07999164578111947,42,0.46842105263157896,0.4421052631578948,0.3706627680311891,0.0,0.06451612903225806,1,0.3762616417587178
2024-21,2024,21,2024-11-03,interlagos,lawson,Liam Lawson,rb,RB F1 Team,7,2,7,0.4,0.40601503759398494,0.4035087719298246,0.07894736842105265,0.07894736842105265,0.11578947368421055,0,0,0.11578947368421055,20,0.3315789473684211,0.3710526315789474,0.3906586642043706,0.15,0.15,0,0.3906586642043706
2024-21,2024,21,2024-11-03,interlagos,leclerc,Charles Leclerc,ferrari,Ferrari,41,2,36,0.9263157894736842,0.8052631578947368,0.827644869750133,0.21052631578947373,0.052631578947368404,0.05847953216374267,0,0,0.05847953216374267,42,0.8210526315789475,0.7789473684210526,0.7942495126705654,0.0,0.06557377049180328,1,0.7878709118475202
2024-21,2024,21,2024-11-03,interlagos,max_verstappen,Max Verstappen,red_bull,Red Bull,42,2,41,0.8210526315789475,0.8421052631578947,0.9315789473684212,0.3894736842105263,0.3315789473684211,0.22612085769980508,1,1,0.21854017760450511,42,0.6263157894736843,0.6763157894736842,0.828145632899453,0.0,0.06451612903225806,1,0.8384686327527301
2024-21,2024,21,2024-11-03,interlagos,norris,Lando Norris,mclaren,McLaren,42,2,41,0.9052631578947368,0.8157894736842106,0.7797910075735788,0.052631578947368404,-0.06842105263157895,0.06634402097197016,1,1,0.12914790168268694,42,0.8789473684210526,0.85,0.7446708168270137,0.0,0.03225806451612903,1,0.7321050535538368
2024-21,2024,21,2024-11-03,interlagos,ocon,Esteban Ocon,alpine,Alpine F1 Team,42,2,35,0.28421052631578947,0.3,0.40090968161143603,-0.0736842105263158,-0.06842105263157895,-0.004751461988304094,1,1,-0.021767381416504215,42,0.32105263157894737,0.32894736842105265,0.41371872303710094,0.05263157894736842,0.10655737704918032,1,0.4350014380212827
2024-21,2024,21,2024-11-03,interlagos,perez,Sergio Pérez,red_bull,Red Bull,42,2,38,0.43157894736842106,0.5105263157894737,0.7101086048454469,-0.3894736842105263,-0.3315789473684211,-0.22612085769980508,1,1,-0.21854017760450511,42,0.6263157894736843,0.6763157894736842,0.828145632899453,0.0,0.06451612903225806,1,0.8384686327527301
2024-21,2024,21,2024-11-03,interlagos,piastri,Oscar Piastri,mclaren,McLaren,42,2,39,0.8526315789473685,0.8842105263157896,0.71959559916741,-0.052631578947368404,0.06842105263157895,-0.06634402097197016,1,1,-0.12914790168268694,42,0.8789473684210526,0.85,0.7446708168270137,0.0,0.03225806451612903,1,0.7321050535538368
2024-21,2024,21,2024-11-03,interlagos,russell,George Russell,mercedes,Mercedes,42,2,37,0.7894736842105263,0.8,0.7217437533227007,0.06315789473684211,0.031578947368421054,-0.006444683136412466,1,0,-0.006444683136412466,42,0.7631578947368421,0.8157894736842106,0.7472175061309188,0.1,0.08064516129032258,1,0.7343687773795301
2024-21,2024,21,2024-11-03,interlagos,sainz,Carlos Sainz,ferrari,Ferrari,40,2,38,0.7157894736842105,0.7526315789473684,0.768796992481203,-0.21052631578947373,-0.052631578947368404,-0.052516913198027725,1,1,-0.052516913198027725,42,0.8210526315789475,0.7789473684210526,0.7942495126705654,0.0,0.06557377049180328,1,0.7878709118475202
2024-21,2024,21,2024-11-03,interlagos,stroll,Lance Stroll,aston_martin,Aston Martin,41,2,37,0.23157894736842105,0.3578947368421053,0.45060568086883884,-0.3368421052631579,-0.15789473684210525,-0.1515969410706253,1,1,-0.14644874293997104,42,0.3842105263157895,0.43157894736842106,0.5401810979060555,0.05,0.07317073170731707,1,0.5737282273784821
2024-21,2024,21,2024-11-03,interlagos,tsunoda,Yuki Tsunoda,rb,RB F1 Team,41,2,36,0.3368421052631579,0.3526315789473684,0.40114709851551955,-0.0736842105263158,-0.07894736842105263,0.032820145602100496,1,1,0.05256527562291974,20,0.3315789473684211,0.3710526315789474,0.3906586642043706,0.15,0.15,0,0.3906586642043706
2024-21,2024,21,2024-11-03,interlagos,zhou,Guanyu Zhou,sauber,Sauber,42,2,37,0.2,0.16842105263157897,0.25975544922913346,-0.021052631578947344,-0.03684210526315788,-0.010434583190001146,1,0,-0.010434583190001146,20,0.21052631578947373,0.1842105263157895,0.2230263157894737,0.05,0.075,0,0.2230263157894737
2024-22,2024,22,2024-11-23,vegas,albon,Alexander Albon,williams,Williams,42,2,33,0.44210526315789467,0.4052631578947368,0.41544834307992207,0.052631578947368404,0.11578947368421051,0.1643132220795892,1,1,0.16944801026957637,43,0.4842105263157895,0.3894736842105263,0.3370998116760829,0.15789473684210525,0.1935483870967742,1,0.33473199634365264
2024-22,2024,22,2024-11-23,vegas,alonso,Fernando Alonso,aston_martin,Aston Martin,43,2,40,0.5052631578947369,0.4894736842105264,0.6045808966861599,0.3368421052631579,0.15789473684210525,0.1515969410706253,1,1,0.11136102364172541,43,0.39473684210526316,0.43947368421052635,0.5331688596491229,0.05263157894736842,0.072,1,0.5499512670565303
2024-22,2024,22,2024-11-23,vegas,bottas,Valtteri Bottas,sauber,Sauber,43,2,39,0.25263157894736843,0.22631578947368425,0.26632966597284174,0.021052631578947344,0.0631578947368421,0.014013019971311927,1,1,0.0007601113195287307,21,0.24210526315789477,0.19736842105263158,0.22744360902255642,0.05,0.07142857142857142,0,0.22744360902255642
2024-22,2024,22,2024-11-23,vegas,colapinto,Franco Colapinto,williams,Williams,6,1,5,0.4947368421052632,0.4947368421052632,0.4947368421052632,0.03508771929824561,0.03508771929824561,0.03508771929824561,0,0,0.03508771929824561,43,0.4842105263157895,0.3894736842105263,0.3370998116760829,0.15789473684210525,0.1935483870967742,1,0.33473199634365264
2024-22,2024,22,2024-11-23,vegas,gasly,Pierre Gasly,alpine,Alpine F1 Team,42,2,39,0.4842105263157895,0.4736842105263158,0.45213911972914744,0.07368421052631577,0.05789473684210526,0.0024561403508771918,1,1,-0.03875243664717348,43,0.4473684210526316,0.3736842105263158,0.42982456140350883,0.05263157894736842,0.10317460317460317,1,0.4551656920077974
2024-22,2024,22,2024-11-23,vegas,hamilton,Lewis Hamilton,mercedes,Mercedes,43,2,39,0.6947368421052632,0.7842105263157895,0.7622504537205081,-0.11578947368421048,-0.052631578947368404,-0.006191950464396274,1,1,0.00034399724802203137,43,0.7526315789473685,0.7921052631578948,0.7452485380116959,0.1,0.078125,1,0.7355425601039636
2024-22,2024,22,2024-11-23,vegas,hulkenberg,Nico Hülkenberg,haas,Haas F1 Team,43,2,40,0.4842105263157895,0.4842105263157895,0.4131232034889484,0.03157894736842102,0.08421052631578949,0.07999164578111947,1,1,0.036015965840527256,43,0.4842105263157895,0.41578947368421054,0.3722882475004716,0.0,0.0625,1,0.354314699532583
2024-22,2024,22,2024-11-23,vegas,kevin_magnussen,Kevin Magnussen,haas,Haas F1 Team,41,2,37,0.368421052631579,0.3631578947368421,0.32344497607655504,-0.11578947368421051,-0.12105263157894738,-0.08490361706735977,1,1,-0.04038216253940752,43,0.4842105263157895,0.41578947368421054,0.3722882475004716,0.0,0.0625,1,0.354314699532583
2024-22,2024,22,2024-11-23,vegas,lawson,Liam Lawson,rb,RB F1 Team,8,2,8,0.4,0.4276315789473685,0.4354066985645933,0.04210526315789476,0.04210526315789476,0.05263157894736844,0,0,0.05263157894736844,21,0.38421052631578945,0.3894736842105263,0.40270467836257307,0.15,0.14285714285714285,0,0.40270467836257307
2024-22,2024,22,2024-11-23,vegas,leclerc,Charles Leclerc,ferrari,Ferrari,42,2,37,0.8842105263157896,0.8368421052631578,0.826305529906638,0.21052631578947373,0.052631578947368404,0.05847953216374267,1,1,0.07537361923326834,43,0.7947368421052632,0.7894736842105263,0.7940954536879834,0.05,0.07936507936507936,1,0.799429876962418
2024-22,2024,22,2024-11-23,vegas,max_verstappen,Max Verstappen,red_bull,Red Bull,43,2,42,0.8736842105263157,0.8631578947368421,0.933786078098472,0.47368421052631576,0.3736842105263158,0.2368421052631579,1,1,0.2222222222222222,43,0.636842105263158,0.6763157894736842,0.8252923976608187,0.0,0.0625,1,0.838856400259909
2024-22,2024,22,2024-11-23,vegas,norris,Lando Norris,mclaren,McLaren,43,2,42,0.8736842105263157,0.8894736842105264,0.778427550357375,0.08421052631578949,0.03684210526315791,0.06764132553606239,1,0,0.06764132553606239,43,0.8315789473684211,0.8710526315789474,0.742781432748538,0.0,0.03125,1,0.7187296946068876
2024-22,2024,22,2024-11-23,vegas,ocon,Esteban Ocon,alpine,Alpine F1 Team,43,2,36,0.41052631578947374,0.35263157894736846,0.4204260651629073,-0.07368421052631577,-0.05789473684210526,-0.0024561403508771918,1,1,0.03875243664717348,43,0.4473684210526316,0.3736842105263158,0.42982456140350883,0.05263157894736842,0.10317460317460317,1,0.4551656920077974
2024-22,2024,22,2024-11-23,vegas,perez,Sergio Pérez,red_bull,Red Bull,43,2,39,0.4,0.4894736842105264,0.7019560395240976,-0.47368421052631576,-0.3736842105263158,-0.2368421052631579,1,1,-0.2222222222222222,43,0.636842105263158,0.6763157894736842,0.8252923976608187,0.0,0.0625,1,0.838856400259909
2024-22,2024,22,2024-11-23,vegas,piastri,Oscar Piastri,mclaren,McLaren,43,2,40,0.7894736842105263,0.8526315789473685,0.7167098073051481,-0.08421052631578949,-0.03684210526315791,-0.06764132553606239,1,1,-0.06764132553606239,43,0.8315789473684211,0.8710526315789474,0.742781432748538,0.0,0.03125,1,0.7187296946068876
2024-22,2024,22,2024-11-23,vegas,russell,George Russell,mercedes,Mercedes,43,2,38,0.8210526315789475,0.7947368421052632,0.7259669641941111,0.11578947368421048,0.052631578947368404,0.006191950464396274,1,1,-0.00034399724802203137,43,0.7526315789473685,0.7921052631578948,0.7452485380116959,0.1,0.078125,1,0.7355425601039636
2024-22,2024,22,2024-11-23,vegas,sainz,Carlos Sainz,ferrari,Ferrari,41,2,38,0.7157894736842105,0.7526315789473684,0.768796992481203,-0.21052631578947373,-0.052631578947368404,-0.052516913198027725,1,1,-0.07007351348596617,43,0.7947368421052632,0.7894736842105263,0.7940954536879834,0.05,0.07936507936507936,1,0.799429876962418
2024-22,2024,22,2024-11-23,vegas,stroll,Lance Stroll,aston_martin,Aston Martin,41,2,37,0.23157894736842105,0.3578947368421053,0.45060568086883884,-0.3368421052631579,-0.15789473684210525,-0.1515969410706253,1,1,-0.11136102364172541,43,0.39473684210526316,0.43947368421052635,0.5331688596491229,0.05263157894736842,0.072,1,0.5499512670565303
2024-22,2024,22,2024-11-23,vegas,tsunoda,Yuki Tsunoda,rb,RB F1 Team,42,2,37,0.35789473684210527,0.35789473684210527,0.41163092917478883,-0.08421052631578949,-0.08947368421052632,0.035661048044948976,1,1,0.008306896507790904,21,0.38421052631578945,0.3894736842105263,0.40270467836257307,0.15,0.14285714285714285,0,0.40270467836257307
2024-22,2024,22,2024-11-23,vegas,zhou,Guanyu Zhou,sauber,Sauber,43,2,38,0.23157894736842105,0.15789473684210528,0.25987483328203553,-0.021052631578947344,-0.0631578947368421,-0.014013019971311927,1,1,-0.0007601113195287307,21,0.24210526315789477,0.19736842105263158,0.22744360902255642,0.05,0.07142857142857142,0,0.22744360902255642
2024-23,2024,23,2024-12-01,losail,albon,Alexander Albon,williams,Williams,43,2,33,0.44210526315789467,0.4052631578947368,0.41544834307992207,0.052631578947368404,0.11578947368421051,0.1643132220795892,1,1,0.1643132220795892,44,0.4473684210526316,0.4052631578947368,0.33640111206979195,0.21052631578947367,0.203125,1,0.3399588832433238
2024-23,2024,23,2024-12-01,losail,alonso,Fernando Alonso,aston_martin,Aston Martin,44,2,41,0.5052631578947369,0.5263157894736843,0.600358422939068,0.3473684210526316,0.16842105263157894,0.15377951050465669,1,1,0.16593266430823286,44,0.3894736842105263,0.41052631578947374,0.5281765018607124,0.05263157894736842,0.06976744186046512,1,0.5367416858644929
2024-23,2024,23,2024-12-01,losail,bottas,Valtteri Bottas,sauber,Sauber,44,2,40,0.23157894736842105,0.21052631578947373,0.26104879685552684,-0.010526315789473717,0.03157894736842104,0.003934077618288141,1,1,0.009344911099297054,22,0.2368421052631579,0.20263157894736844,0.2278708133971292,0.05,0.06818181818181818,0,0.2278708133971292
2024-23,2024,23,2024-12-01,losail,colapinto,Franco Colapinto,williams,Williams,7,1,6,0.47368421052631576,0.46491228070175444,0.46491228070175444,0.03508771929824561,0.03508771929824561,0.03508771929824561,0,0,0.03508771929824561,44,0.4473684210526316,0.4052631578947368,0.33640111206979195,0.21052631578947367,0.203125,1,0.3399588832433238
2024-23,2024,23,2024-12-01,losail,gasly,Pierre Gasly,alpine,Alpine F1 Team,43,2,39,0.4842105263157895,0.4736842105263158,0.45213911972914744,0.07368421052631577,0.05789473684210526,0.0024561403508771918,1,1,-0.02705653021442496,44,0.41052631578947374,0.368421052631579,0.42145748987854253,0.1,0.11538461538461539,1,0.43603238866396765
2024-23,2024,23,2024-12-01,losail,hamilton,Lewis Hamilton,mercedes,Mercedes,44,2,40,0.7263157894736842,0.7947368421052632,0.768421052631579,-0.14736842105263154,-0.0526315789473684,-0.007944389275074466,1,0,-0.007944389275074466,44,0.8,0.7894736842105263,0.7521708311181996,0.05,0.07575757575757576,1,0.7621635457892768
2024-23,2024,23,2024-12-01,losail,hulkenberg,Nico Hülkenberg,haas,Haas F1 Team,44,2,41,0.5789473684210527,0.4736842105263158,0.4202856868948327,0.14736842105263154,0.09473684210526315,0.08449284129864894,1,1,0.06340884138827274,44,0.4894736842105263,0.41052631578947374,0.3771016081871345,0.0,0.06060606060606061,1,0.3644411955815465
2024-23,2024,23,2024-12-01,losail,kevin_magnussen,Kevin Magnussen,haas,Haas F1 Team,42,2,38,0.43157894736842106,0.3894736842105263,0.3268698060941828,-0.08421052631578944,-0.1105263157894737,-0.08939014202172098,1,1,-0.067761997586559,44,0.4894736842105263,0.41052631578947374,0.3771016081871345,0.0,0.06060606060606061,1,0.3644411955815465
2024-23,2024,23,2024-12-01,losail,lawson,Liam Lawson,rb,RB F1 Team,9,2,9,0.3473684210526316,0.4035087719298246,0.40080971659919035,-0.052631578947368404,-0.0263157894736842,-0.040935672514619874,1,1,-0.048083170890188424,22,0.3894736842105263,0.38421052631578945,0.4023252575884155,0.15,0.13636363636363635,0,0.4023252575884155
2024-23,2024,23,2024-12-01,losail,leclerc,Charles Leclerc,ferrari,Ferrari,43,2,38,0.8631578947368421,0.8894736842105264,0.8268411140846467,0.16842105263157894,0.08947368421052629,0.05443912812333863,1,1,0.05443912812333863,44,0.8631578947368421,0.8210526315789475,0.7964181286549707,0.05,0.07692307692307693,1,0.7956465237166992
2024-23,2024,23,2024-12-01,losail,max_verstappen,Max Verstappen,red_bull,Red Bull,44,2,43,0.8736842105263157,0.8473684210526317,0.9292763157894737,0.4,0.32105263157894737,0.23774954627949182,1,1,0.26396450897358337,44,0.6736842105263159,0.6868421052631579,0.820219741272373,0.0,0.06060606060606061,1,0.8138795361017584
2024-23,2024,23,2024-12-01,losail,norris,Lando Norris,mclaren,McLaren,44,2,43,0.8526315789473685,0.8736842105263157,0.7771479982006297,0.12631578947368424,0.03684210526315791,0.06715714016223356,1,1,0.053847282483388895,44,0.7894736842105263,0.8552631578947368,0.7418040049618997,0.0,0.030303030303030304,1,0.7617205190304605
2024-23,2024,23,2024-12-01,losail,ocon,Esteban Ocon,alpine,Alpine F1 Team,44,2,37,0.38947368421052636,0.3473684210526316,0.411373260738052,-0.07368421052631577,-0.05789473684210526,-0.0024561403508771918,1,1,0.02705653021442496,44,0.41052631578947374,0.368421052631579,0.42145748987854253,0.1,0.11538461538461539,1,0.43603238866396765
2024-23,2024,23,2024-12-01,losail,perez,Sergio Pérez,red_bull,Red Bull,44,2,40,0.4736842105263158,0.5263157894736843,0.6961013645224171,-0.4,-0.32105263157894737,-0.23774954627949182,1,1,-0.26396450897358337,44,0.6736842105263159,0.6868421052631579,0.820219741272373,0.0,0.06060606060606061,1,0.8138795361017584
2024-23,2024,23,2024-12-01,losail,piastri,Oscar Piastri,mclaren,McLaren,44,2,41,0.7263157894736842,0.8368421052631578,0.7156780840991368,-0.12631578947368424,-0.03684210526315791,-0.06715714016223356,1,1,-0.053847282483388895,44,0.7894736842105263,0.8552631578947368,0.7418040049618997,0.0,0.030303030303030304,1,0.7617205190304605
2024-23,2024,23,2024-12-01,losail,russell,George Russell,mercedes,Mercedes,44,2,39,0.8421052631578947,0.8105263157894737,0.7352562196451582,0.14736842105263154,0.0526315789473684,0.007944389275074466,1,1,0.007944389275074466,44,0.8,0.7894736842105263,0.7521708311181996,0.05,0.07575757575757576,1,0.7621635457892768
2024-23,2024,23,2024-12-01,losail,sainz,Carlos Sainz,ferrari,Ferrari,42,2,39,0.7263157894736842,0.7526315789473684,0.7731397459165155,-0.16842105263157894,-0.08947368421052629,-0.04854904556989957,0,0,-0.04854904556989957,44,0.8631578947368421,0.8210526315789475,0.7964181286549707,0.05,0.07692307692307693,1,0.7956465237166992
2024-23,2024,23,2024-12-01,losail,stroll,Lance Stroll,aston_martin,Aston Martin,42,2,38,0.27368421052631586,0.3473684210526316,0.4441419641056665,-0.3473684210526316,-0.16842105263157894,-0.15377951050465669,1,1,-0.16593266430823286,44,0.3894736842105263,0.41052631578947374,0.5281765018607124,0.05263157894736842,0.06976744186046512,1,0.5367416858644929
2024-23,2024,23,2024-12-01,losail,tsunoda,Yuki Tsunoda,rb,RB F1 Team,43,2,38,0.43157894736842106,0.38421052631578945,0.4176065162907268,0.05263157894736843,-0.021052631578947368,0.04821802935010483,1,1,0.05455637696617505,22,0.3894736842105263,0.38421052631578945,0.4023252575884155,0.15,0.13636363636363635,0,0.4023252575884155
2024-23,2024,23,2024-12-01,losail,zhou,Guanyu Zhou,sauber,Sauber,44,2,39,0.24210526315789477,0.17894736842105266,0.2635543661413421,0.010526315789473717,-0.03157894736842104,-0.003934077618288141,1,1,-0.009344911099297054,22,0.2368421052631579,0.20263157894736844,0.2278708133971292,0.05,0.06818181818181818,0,0.2278708133971292
2024-24,2024,24,2024-12-08,yas_marina,albon,Alexander Albon,williams,Williams,44,2,34,0.41052631578947374,0.3736842105263158,0.4093567251461988,0.052631578947368404,0.11578947368421051,0.1643132220795892,1,1,0.1577521038368278,45,0.3684210526315789,0.37894736842105264,0.3340759305671587,0.2631578947368421,0.21212121212121213,1,0.3261961488082346
2024-24,2024,24,2024-12-08,yas_marina,alonso,Fernando Alonso,aston_martin,Aston Martin,45,2,42,0.4947368421052632,0.531578947368421,0.6029788011695907,0.3473684210526316,0.16842105263157894,0.15377951050465669,1,1,0.1542367578754843,45,0.43157894736842106,0.42894736842105263,0.532765737874097,0.10526315789473684,0.08270676691729323,1,0.5408210067652792
2024-24,2024,24,2024-12-08,yas_marina,bottas,Valtteri Bottas,sauber,Sauber,45,2,41,0.28421052631578947,0.2368421052631579,0.26779912744825024,-0.03157894736842106,-1.1102230246251566e-17,-0.001744126397866011,1,1,-0.013246241008629436,23,0.3,0.2447368421052632,0.2419908466819222,0.05,0.06521739130434782,0,0.2419908466819222
2024-24,2024,24,2024-12-08,yas_marina,colapinto,Franco Colapinto,williams,Williams,8,1,6,0.47368421052631576,0.46491228070175444,0.46491228070175444,0.03508771929824561,0.03508771929824561,0.03508771929824561,0,0,0.03508771929824561,45,0.3684210526315789,0.37894736842105264,0.3340759305671587,0.2631578947368421,0.21212121212121213,1,0.3261961488082346
2024-24,2024,24,2024-12-08,yas_marina,doohan,Jack Doohan,alpine,Alpine F1 Team,0,0,0,0.5530544982572808,0.5530544982572808,0.5530544982572808,0.0,0.0,0.0,0,0,0.0,45,0.5157894736842106,0.43684210526315786,0.43244304791830324,0.1,0.12686567164179105,1,0.4282534694946321
2024-24,2024,24,2024-12-08,yas_marina,gasly,Pierre Gasly,alpine,Alpine F1 Team,44,2,40,0.5578947368421053,0.4947368421052632,0.4635741897115671,0.07368421052631577,0.05789473684210526,0.0024561403508771918,1,1,-0.0036647173489278697,45,0.5157894736842106,0.43684210526315786,0.43244304791830324,0.1,0.12686567164179105,1,0.4282534694946321
2024-24,2024,24,2024-12-08,yas_marina,hamilton,Lewis Hamilton,mercedes,Mercedes,45,2,41,0.6947368421052632,0.7368421052631579,0.7572156196943972,-0.1684210526315789,-0.09999999999999998,-0.02296650717703348,1,1,-0.055502392344497595,45,0.7684210526315789,0.7763157894736843,0.748624011007912,0.05,0.07352941176470588,1,0.7473149103696061
2024-24,2024,24,2024-12-08,yas_marina,hulkenberg,Nico Hülkenberg,haas,Haas F1 Team,45,2,41,0.5789473684210527,0.4736842105263158,0.4202856868948327,0.14736842105263154,0.09473684210526315,0.08449284129864894,1,1,0.10434451390289262,45,0.5421052631578946,0.43684210526315786,0.3832181463760411,0.05,0.07352941176470588,1,0.35525823537519446
2024-24,2024,24,2024-12-08,yas_marina,kevin_magnussen,Kevin Magnussen,haas,Haas F1 Team,43,2,39,0.4421052631578948,0.38421052631578945,0.33541480820695807,-0.08421052631578944,-0.1105263157894737,-0.08939014202172098,1,1,-0.10869767010117888,45,0.5421052631578946,0.43684210526315786,0.3832181463760411,0.05,0.07352941176470588,1,0.35525823537519446
2024-24,2024,24,2024-12-08,yas_marina,lawson,Liam Lawson,rb,RB F1 Team,10,2,10,0.37894736842105264,0.39473684210526316,0.3894736842105263,-0.0736842105263158,-0.03007518796992481,-0.0430622009569378,0,0,-0.0430622009569378,23,0.4052631578947368,0.3684210526315789,0.39958798511430094,0.15,0.13043478260869565,0,0.39958798511430094
2024-24,2024,24,2024-12-08,yas_marina,leclerc,Charles Leclerc,ferrari,Ferrari,44,2,39,0.8947368421052632,0.9,0.8307928290672035,0.042105263157894715,0.15789473684210525,0.05991587155022056,1,1,0.14682580395107325,45,0.8842105263157896,0.8263157894736842,0.7978025872762715,0.05,0.07462686567164178,1,0.7676373875204284
2024-24,2024,24,2024-12-08,yas_marina,max_verstappen,Max Verstappen,red_bull,Red Bull,45,2,44,0.8842105263157896,0.868421052631579,0.9314194577352471,0.4,0.32105263157894737,0.23774954627949182,1,1,0.22887678967533778,45,0.7263157894736842,0.7131578947368421,0.8255073959408326,0.05,0.07352941176470588,1,0.8361235332339564
2024-24,2024,24,2024-12-08,yas_marina,norris,Lando Norris,mclaren,McLaren,45,2,44,0.7578947368421053,0.8315789473684211,0.769660469581915,0.03157894736842111,0.0052631578947368585,0.05354532163742692,1,1,0.05344379467186486,45,0.7421052631578947,0.8289473684210525,0.7408840729274166,0.0,0.029411764705882353,1,0.7433589420173529
2024-24,2024,24,2024-12-08,yas_marina,perez,Sergio Pérez,red_bull,Red Bull,45,2,40,0.4736842105263158,0.5263157894736843,0.6961013645224171,-0.4,-0.32105263157894737,-0.23774954627949182,1,1,-0.22887678967533778,45,0.7263157894736842,0.7131578947368421,0.8255073959408326,0.05,0.07352941176470588,1,0.8361235332339564
2024-24,2024,24,2024-12-08,yas_marina,piastri,Oscar Piastri,mclaren,McLaren,45,2,42,0.7263157894736842,0.8263157894736842,0.7211875843454791,-0.03157894736842111,-0.0052631578947368585,-0.05354532163742692,1,1,-0.05344379467186486,45,0.7421052631578947,0.8289473684210525,0.7408840729274166,0.0,0.029411764705882353,1,0.7433589420173529
2024-24,2024,24,2024-12-08,yas_marina,russell,George Russell,mercedes,Mercedes,45,2,40,0.8421052631578947,0.7947368421052632,0.7387594669734445,0.1684210526315789,0.09999999999999998,0.02296650717703348,1,1,0.055502392344497595,45,0.7684210526315789,0.7763157894736843,0.748624011007912,0.05,0.07352941176470588,1,0.7473149103696061
2024-24,2024,24,2024-12-08,yas_marina,sainz,Carlos Sainz,ferrari,Ferrari,43,2,40,0.8526315789473685,0.7473684210526316,0.7719298245614036,-0.042105263157894715,-0.15789473684210525,-0.05443912812333863,1,1,-0.14195758757162266,45,0.8842105263157896,0.8263157894736842,0.7978025872762715,0.05,0.07462686567164178,1,0.7676373875204284
2024-24,2024,24,2024-12-08,yas_marina,stroll,Lance Stroll,aston_martin,Aston Martin,43,2,38,0.27368421052631586,0.3473684210526316,0.4441419641056665,-0.3473684210526316,-0.16842105263157894,-0.15377951050465669,1,1,-0.1542367578754843,45,0.43157894736842106,0.42894736842105263,0.532765737874097,0.10526315789473684,0.08270676691729323,1,0.5408210067652792
2024-24,2024,24,2024-12-08,yas_marina,tsunoda,Yuki Tsunoda,rb,RB F1 Team,44,2,39,0.47368421052631576,0.41578947368421054,0.41591046581972174,0.11578947368421053,0.005263157894736847,0.0483785220627326,1,1,0.06054699037155177,23,0.4052631578947368,0.3684210526315789,0.39958798511430094,0.15,0.13043478260869565,0,0.39958798511430094
2024-24,2024,24,2024-12-08,yas_marina,zhou,Guanyu Zhou,sauber,Sauber,45,2,40,0.3157894736842105,0.23157894736842105,0.27562074585370533,0.03157894736842106,1.1102230246251566e-17,0.001744126397866011,1,1,0.013246241008629436,23,0.3,0.2447368421052632,0.2419908466819222,0.05,0.06521739130434782,0,0.2419908466819222
2025-01,2025,1,2025-03-16,albert_park,albon,Alexander Albon,williams,Williams,45,2,35,0.4421052631578948,0.41052631578947374,0.41183085919928025,0.052631578947368404,0.11578947368421051,0.1643132220795892,2,1,0.1643132220795892,46,0.3684210526315789,0.4026315789473684,0.3383715699505173,0.3157894736842105,0.22058823529411764,2,0.34603525129840923
2025-01,2025,1,2025-03-16,albert_park,alonso,Fernando Alonso,aston_martin,Aston Martin,46,2,43,0.4842105263157895,0.5421052631578948,0.6022505759347865,0.3157894736842105,0.22105263157894733,0.1576858813700919,2,2,0.09926330978962561,46,0.4578947368421053,0.4184210526315789,0.5303258145363409,0.10526315789473684,0.08029197080291971,2,0.5858509911141491
2025-01,2025,1,2025-03-16,albert_park,antonelli,Andrea Kimi Antonelli,mercedes,Mercedes,0,0,0,0.5535919571007291,0.5535919571007291,0.5535919571007291,0.0,0.0,0.0,0,0,0.0,46,0.7842105263157895,0.7578947368421053,0.7505430242272347,0.05,0.07142857142857142,2,0.6521758942811574
2025-01,2025,1,2025-03-16,albert_park,bearman,Oliver Bearman,haas,Haas F1 Team,3,1,3,0.543859649122807,0.543859649122807,0.543859649122807,-0.0789473684210526,-0.0789473684210526,-0.0789473684210526,0,0,-0.0789473684210526,46,0.5157894736842106,0.45789473684210524,0.38433092535259716,0.05,0.07142857142857142,2,0.4137505081777528
2025-01,2025,1,2025-03-16,albert_park,bortoleto,Gabriel Bortoleto,sauber,Sauber,0,0,0,0.5535919571007291,0.5535919571007291,0.5535919571007291,0.0,0.0,0.0,0,0,0.0,24,0.3526315789473684,0.25526315789473686,0.24725877192982457,0.05,0.08333333333333333,1,0.24780701754385967
2025-01,2025,1,2025-03-16,albert_park,doohan,Jack Doohan,alpine,Alpine F1 Team,1,1,1,0.26315789473684215,0.26315789473684215,0.26315789473684215,-0.42105263157894735,-0.42105263157894735,-0.42105263157894735,0,0,-0.42105263157894735,46,0.5578947368421053,0.43684210526315786,0.43363844393592677,0.1,0.12318840579710146,2,0.39192843769502805
2025-01,2025,1,2025-03-16,albert_park,gasly,Pierre Gasly,alpine,Alpine F1 Team,45,2,41,0.6631578947368422,0.5105263157894737,0.47080816796088587,0.12631578947368421,0.09473684210526316,0.01855600539811066,2,2,0.04858299595141702,46,0.5578947368421053,0.43684210526315786,0.43363844393592677,0.1,0.12318840579710146,2,0.39192843769502805
2025-01,2025,1,2025-03-16,albert_park,hadjar,Isack Hadjar,rb,RB F1 Team,0,0,0,0.5535919571007291,0.5535919571007291,0.5535919571007291,0.0,0.0,0.0,0,0,0.0,24,0.3736842105263158,0.3605263157894737,0.3948004068141368,0.15,0.125,1,0.42139588100686504
2025-01,2025,1,2025-03-16,albert_park,hamilton,Lewis Hamilton,ferrari,Ferrari,46,2,42,0.7157894736842105,0.7315789473684211,0.7598684210526316,-0.13684210526315788,-0.07894736842105261,-0.02031394275161587,2,1,-0.02031394275161587,46,0.8736842105263157,0.8368421052631578,0.8014275885792914,0.05,0.07246376811594203,2,0.7979016167870657
2025-01,2025,1,2025-03-16,albert_park,hulkenberg,Nico Hülkenberg,sauber,Sauber,46,2,42,0.6105263157894736,0.4631578947368421,0.42699340944954983,0.24210526315789468,0.10526315789473681,0.09571150097465889,2,2,0.12755626439836967,24,0.3526315789473684,0.25526315789473686,0.24725877192982457,0.05,0.08333333333333333,1,0.24780701754385967
2025-01,2025,1,2025-03-16,albert_park,lawson,Liam Lawson,red_bull,Red Bull,11,2,11,0.2947368421052632,0.3736842105263158,0.3622291021671827,-0.10526315789473684,-0.05921052631578946,-0.07692307692307691,0,0,-0.07692307692307691,46,0.7157894736842106,0.7105263157894737,0.8229741019214704,0.1,0.08571428571428572,2,0.8212804739120528
2025-01,2025,1,2025-03-16,albert_park,leclerc,Charles Leclerc,ferrari,Ferrari,45,2,40,0.8736842105263157,0.9,0.8328227977350784,0.010526315789473651,0.14210526315789473,0.056100703736742974,2,1,0.033769451878283265,46,0.8736842105263157,0.8368421052631578,0.8014275885792914,0.05,0.07246376811594203,2,0.7979016167870657
2025-01,2025,1,2025-03-16,albert_park,max_verstappen,Max Verstappen,red_bull,Red Bull,46,2,45,0.8526315789473685,0.8578947368421053,0.9256965944272446,0.4,0.32105263157894737,0.23774954627949182,2,1,0.23472474289171202,46,0.7157894736842106,0.7105263157894737,0.8229741019214704,0.1,0.08571428571428572,2,0.8212804739120528
2025-01,2025,1,2025-03-16,albert_park,norris,Lando Norris,mclaren,McLaren,46,2,45,0.7894736842105263,0.8526315789473685,0.7763369777099755,0.11578947368421058,0.06842105263157897,0.06627680311890839,2,2,0.06787169945064682,46,0.7315789473684211,0.8184210526315789,0.7415204678362574,0.0,0.02857142857142857,2,0.7580542264752791
2025-01,2025,1,2025-03-16,albert_park,ocon,Esteban Ocon,haas,Haas F1 Team,45,2,37,0.38947368421052636,0.3473684210526316,0.411373260738052,-0.07368421052631577,-0.05789473684210526,-0.0024561403508771918,2,2,-0.03687400318979268,46,0.5157894736842106,0.45789473684210524,0.38433092535259716,0.05,0.07142857142857142,2,0.4137505081777528
2025-01,2025,1,2025-03-16,albert_park,piastri,Oscar Piastri,mclaren,McLaren,46,2,43,0.6736842105263158,0.7842105263157895,0.7153705158418434,-0.11578947368421058,-0.06842105263157897,-0.06627680311890839,2,2,-0.06787169945064682,46,0.7315789473684211,0.8184210526315789,0.7415204678362574,0.0,0.02857142857142857,2,0.7580542264752791
2025-01,2025,1,2025-03-16,albert_park,russell,George Russell,mercedes,Mercedes,46,2,41,0.8526315789473685,0.8105263157894737,0.740369442123828,0.13684210526315788,0.07894736842105261,0.02031394275161587,2,1,0.02031394275161587,46,0.7842105263157895,0.7578947368421053,0.7505430242272347,0.05,0.07142857142857142,2,0.6521758942811574
2025-01,2025,1,2025-03-16,albert_park,sainz,Carlos Sainz,williams,Williams,44,2,41,0.9052631578947368,0.7684210526315789,0.7775891341256367,-0.010526315789473651,-0.14210526315789473,-0.050682261208576974,2,2,-0.029434697855750463,46,0.3684210526315789,0.4026315789473684,0.3383715699505173,0.3157894736842105,0.22058823529411764,2,0.34603525129840923
2025-01,2025,1,2025-03-16,albert_park,stroll,Lance Stroll,aston_martin,Aston Martin,44,2,39,0.3263157894736842,0.3105263157894737,0.4398635477582846,-0.3157894736842105,-0.22105263157894733,-0.1576858813700919,2,2,-0.09926330978962561,46,0.4578947368421053,0.4184210526315789,0.5303258145363409,0.10526315789473684,0.08029197080291971,2,0.5858509911141491
2025-01,2025,1,2025-03-16,albert_park,tsunoda,Yuki Tsunoda,rb,RB F1 Team,45,2,40,0.47368421052631576,0.42631578947368426,0.4160818713450293,0.10526315789473684,0.05789473684210526,0.05591464040217504,2,2,0.11509368850089076,24,0.3736842105263158,0.3605263157894737,0.3948004068141368,0.15,0.125,1,0.42139588100686504
2025-02,2025,2,2025-03-23,shanghai,albon,Alexander Albon,williams,Williams,46,3,36,0.4842105263157895,0.4631578947368421,0.4324295587453482,0.052631578947368404,0.11578947368421051,0.1643132220795892,1,1,0.18408215661103977,47,0.4526315789473684,0.4526315789473684,0.3582731338149295,0.3684210526315789,0.2323943661971831,1,0.34451324389404886
2025-02,2025,2,2025-03-23,shanghai,alonso,Fernando Alonso,aston_martin,Aston Martin,47,3,43,0.4842105263157895,0.5421052631578948,0.6022505759347865,0.3157894736842105,0.22105263157894733,0.1576858813700919,1,1,0.21035923141186297,47,0.5105263157894737,0.4473684210526316,0.5388127853881279,0.15789473684210525,0.0979020979020979,1,0.5257870704157656
2025-02,2025,2,2025-03-23,shanghai,antonelli,Andrea Kimi Antonelli,mercedes,Mercedes,1,1,1,0.8421052631578947,0.8421052631578947,0.8421052631578947,-0.052631578947368474,-0.052631578947368474,-0.052631578947368474,0,0,-0.052631578947368474,47,0.7947368421052632,0.7789473684210526,0.7553873267643997,0.05,0.0684931506849315,1,0.7358888087799408
2025-02,2025,2,2025-03-23,shanghai,bearman,Oliver Bearman,haas,Haas F1 Team,4,2,4,0.4868421052631579,0.4868421052631579,0.4678362573099415,-0.07017543859649122,-0.07017543859649122,-0.06766917293233084,0,0,-0.06766917293233084,47,0.45789473684210524,0.4631578947368421,0.3825467424429619,0.05,0.0684931506849315,1,0.3797216044806853
2025-02,2025,2,2025-03-23,shanghai,bortoleto,Gabriel Bortoleto,sauber,Sauber,1,1,0,0.5553449449955421,0.5553449449955421,0.5553449449955421,0.0,0.0,0.0,0,0,0.0,25,0.43157894736842106,0.32105263157894737,0.27296181630546956,0.1,0.10784313725490197,1,0.2815273477812178
2025-02,2025,2,2025-03-23,shanghai,doohan,Jack Doohan,alpine,Alpine F1 Team,2,2,1,0.26315789473684215,0.26315789473684215,0.26315789473684215,-0.42105263157894735,-0.42105263157894735,-0.42105263157894735,0,0,-0.42105263157894735,47,0.5631578947368421,0.4421052631578948,0.4353070175438597,0.15,0.1388888888888889,1,0.4324561403508772
2025-02,2025,2,2025-03-23,shanghai,gasly,Pierre Gasly,alpine,Alpine F1 Team,46,3,42,0.6736842105263159,0.5210526315789474,0.47094298245614036,0.12631578947368421,0.09473684210526316,0.01855600539811066,1,1,-0.006207827260458839,47,0.5631578947368421,0.4421052631578948,0.4353070175438597,0.15,0.1388888888888889,1,0.4324561403508772
2025-02,2025,2,2025-03-23,shanghai,hadjar,Isack Hadjar,rb,RB F1 Team,0,0,0,0.5553449449955421,0.5553449449955421,0.5553449449955421,0.0,0.0,0.0,0,0,0.0,25,0.41578947368421054,0.3736842105263158,0.3964076858813701,0.15789473684210525,0.12121212121212122,1,0.3964076858813701
2025-02,2025,2,2025-03-23,shanghai,hamilton,Lewis Hamilton,ferrari,Ferrari,47,3,43,0.6526315789473685,0.6842105263157895,0.7494108405341713,-0.1684210526315789,-0.11578947368421048,-0.024561403508771913,1,1,-0.05122807017543859,47,0.8,0.8105263157894737,0.7920270158965489,0.05,0.06944444444444445,1,0.7967795074540812
2025-02,2025,2,2025-03-23,shanghai,hulkenberg,Nico Hülkenberg,sauber,Sauber,47,3,43,0.631578947368421,0.4947368421052632,0.43868509657983346,0.24210526315789468,0.10526315789473681,0.09571150097465889,1,1,0.13972709551656923,25,0.43157894736842106,0.32105263157894737,0.27296181630546956,0.1,0.10784313725490197,1,0.2815273477812178
2025-02,2025,2,2025-03-23,shanghai,lawson,Liam Lawson,red_bull,Red Bull,12,3,11,0.2947368421052632,0.3736842105263158,0.3622291021671827,-0.10526315789473684,-0.05921052631578946,-0.07692307692307691,0,0,-0.07692307692307691,47,0.8157894736842106,0.7210526315789474,0.8280861972282304,0.15,0.10273972602739725,1,0.8519426419931106
2025-02,2025,2,2025-03-23,shanghai,leclerc,Charles Leclerc,ferrari,Ferrari,46,3,41,0.8210526315789475,0.8736842105263157,0.8236753499911396,0.021052631578947323,0.13684210526315788,0.05847953216374266,1,1,0.0573099415204678,47,0.8,0.8105263157894737,0.7920270158965489,0.05,0.06944444444444445,1,0.7967795074540812
2025-02,2025,2,2025-03-23,shanghai,max_verstappen,Max Verstappen,red_bull,Red Bull,47,3,46,0.8947368421052632,0.8578947368421053,0.9266123054114158,0.4,0.32105263157894737,0.23774954627949182,1,1,0.21125226860254082,47,0.8157894736842106,0.7210526315789474,0.8280861972282304,0.15,0.10273972602739725,1,0.8519426419931106
2025-02,2025,2,2025-03-23,shanghai,norris,Lando Norris,mclaren,McLaren,47,3,46,0.8,0.8526315789473685,0.7856562703053931,0.13684210526315793,0.09473684210526316,0.08170183913891009,1,1,0.1285193660479702,47,0.7315789473684211,0.8052631578947368,0.7434911479612273,0.0,0.0273972602739726,1,0.752687655211087
2025-02,2025,2,2025-03-23,shanghai,ocon,Esteban Ocon,haas,Haas F1 Team,46,3,38,0.38947368421052636,0.37368421052631584,0.40926085706068455,-0.03157894736842104,-0.04736842105263158,0.000662032439589544,1,1,0.021582257530619004,47,0.45789473684210524,0.4631578947368421,0.3825467424429619,0.05,0.0684931506849315,1,0.3797216044806853
2025-02,2025,2,2025-03-23,shanghai,piastri,Oscar Piastri,mclaren,McLaren,47,3,44,0.6631578947368422,0.7578947368421053,0.7095238095238094,-0.13684210526315793,-0.09473684210526316,-0.08170183913891009,1,1,-0.1285193660479702,47,0.7315789473684211,0.8052631578947368,0.7434911479612273,0.0,0.0273972602739726,1,0.752687655211087
2025-02,2025,2,2025-03-23,shanghai,russell,George Russell,mercedes,Mercedes,47,3,42,0.8736842105263157,0.8315789473684211,0.7473861421229843,0.15789473684210525,0.11052631578947367,0.021929824561403504,1,1,0.04912280701754387,47,0.7947368421052632,0.7789473684210526,0.7553873267643997,0.05,0.0684931506849315,1,0.7358888087799408
2025-02,2025,2,2025-03-23,shanghai,sainz,Carlos Sainz,williams,Williams,45,3,41,0.9052631578947368,0.7684210526315789,0.7775891341256367,-0.010526315789473651,-0.14210526315789473,-0.050682261208576974,1,1,-0.05107212475633525,47,0.4526315789473684,0.4526315789473684,0.3582731338149295,0.3684210526315789,0.2323943661971831,1,0.34451324389404886
2025-02,2025,2,2025-03-23,shanghai,stroll,Lance Stroll,aston_martin,Aston Martin,45,3,40,0.41052631578947374,0.3315789473684211,0.45400538382994526,-0.3157894736842105,-0.22105263157894733,-0.1576858813700919,1,1,-0.21035923141186297,47,0.5105263157894737,0.4473684210526316,0.5388127853881279,0.15789473684210525,0.0979020979020979,1,0.5257870704157656
2025-02,2025,2,2025-03-23,shanghai,tsunoda,Yuki Tsunoda,rb,RB F1 Team,46,3,41,0.4947368421052632,0.41578947368421054,0.41631857421331103,0.10526315789473684,0.05789473684210526,0.05591464040217504,1,0,0.05591464040217504,25,0.41578947368421054,0.3736842105263158,0.3964076858813701,0.15789473684210525,0.12121212121212122,1,0.3964076858813701
2025-03,2025,3,2025-04-06,suzuka,albon,Alexander Albon,williams,Williams,47,3,37,0.4842105263157895,0.47368421052631576,0.44545271224037103,0.03157894736842104,0.09999999999999998,0.1638755980861244,2,0,0.1638755980861244,48,0.4894736842105264,0.48684210526315785,0.3687093320154847,0.3684210526315789,0.22297297297297297,2,0.32654641298080883
2025-03,2025,3,2025-04-06,suzuka,alonso,Fernando Alonso,aston_martin,Aston Martin,48,3,43,0.4842105263157895,0.5421052631578948,0.6022505759347865,0.3157894736842105,0.22105263157894733,0.1576858813700919,2,2,0.18930659983291565,48,0.5631578947368421,0.4789473684210527,0.5403970452446907,0.21052631578947367,0.11409395973154363,2,0.5556954587425502
2025-03,2025,3,2025-04-06,suzuka,antonelli,Andrea Kimi Antonelli,mercedes,Mercedes,2,1,2,0.7894736842105263,0.7894736842105263,0.7894736842105262,-0.10526315789473684,-0.10526315789473684,-0.10526315789473684,0,0,-0.10526315789473684,48,0.8210526315789475,0.7868421052631579,0.75777162203755,0.05,0.06578947368421052,2,0.732924816027309
2025-03,2025,3,2025-04-06,suzuka,bearman,Oliver Bearman,haas,Haas F1 Team,5,2,5,0.5157894736842106,0.5157894736842106,0.5087719298245614,-0.09210526315789475,-0.09210526315789475,-0.09473684210526317,0,0,-0.09473684210526317,48,0.5157894736842106,0.5,0.3958432116326853,0.05,0.06578947368421052,2,0.39075678549362763
2025-03,2025,3,2025-04-06,suzuka,bortoleto,Gabriel Bortoleto,sauber,Sauber,2,1,1,0.3157894736842105,0.3157894736842105,0.3157894736842105,0.05263157894736836,0.05263157894736836,0.05263157894736836,0,0,0.05263157894736836,26,0.42631578947368426,0.33421052631578946,0.27387914230019494,0.1,0.10185185185185185,1,0.2822612085769981
2025-03,2025,3,2025-04-06,suzuka,doohan,Jack Doohan,alpine,Alpine F1 Team,3,2,2,0.31578947368421056,0.31578947368421056,0.3263157894736842,-0.42105263157894735,-0.42105263157894735,-0.42105263157894735,0,0,-0.42105263157894735,48,0.4526315789473685,0.45,0.4326315789473684,0.15,0.13333333333333333,2,0.40794258373205744
2025-03,2025,3,2025-04-06,suzuka,gasly,Pierre Gasly,alpine,Alpine F1 Team,47,3,42,0.6736842105263159,0.5210526315789474,0.47094298245614036,0.12631578947368421,0.09473684210526316,0.01855600539811066,2,2,-0.0008587903324745486,48,0.4526315789473685,0.45,0.4326315789473684,0.15,0.13333333333333333,2,0.40794258373205744
2025-03,2025,3,2025-04-06,suzuka,hadjar,Isack Hadjar,rb,RB F1 Team,1,1,1,0.4736842105263158,0.4736842105263158,0.47368421052631576,0.26315789473684215,0.26315789473684215,0.26315789473684215,0,0,0.26315789473684215,26,0.35789473684210527,0.37105263157894736,0.3932748538011696,0.10526315789473684,0.11428571428571428,1,0.4198830409356725
2025-03,2025,3,2025-04-06,suzuka,hamilton,Lewis Hamilton,ferrari,Ferrari,48,3,43,0.6526315789473685,0.6842105263157895,0.7494108405341713,-0.1684210526315789,-0.11578947368421048,-0.024561403508771913,2,2,-0.0274322169059011,48,0.8,0.8105263157894737,0.7920270158965489,0.05,0.06666666666666667,2,0.8056847196950977
2025-03,2025,3,2025-04-06,suzuka,hulkenberg,Nico Hülkenberg,sauber,Sauber,48,3,44,0.5578947368421053,0.5105263157894737,0.4310534791083991,0.12631578947368421,0.0894736842105263,0.08864754478789567,2,2,0.08839438664000067,26,0.42631578947368426,0.33421052631578946,0.27387914230019494,0.1,0.10185185185185185,1,0.2822612085769981
2025-03,2025,3,2025-04-06,suzuka,lawson,Liam Lawson,rb,RB F1 Team,13,3,12,0.3368421052631579,0.3684210526315789,0.3710526315789474,-0.24210526315789474,-0.09941520467836257,-0.14144736842105263,1,1,-0.11988304093567252,26,0.35789473684210527,0.37105263157894736,0.3932748538011696,0.10526315789473684,0.11428571428571428,1,0.4198830409356725
2025-03,2025,3,2025-04-06,suzuka,leclerc,Charles Leclerc,ferrari,Ferrari,47,3,41,0.8210526315789475,0.8736842105263157,0.8236753499911396,0.021052631578947323,0.13684210526315788,0.05847953216374266,2,2,0.04253056884635828,48,0.8,0.8105263157894737,0.7920270158965489,0.05,0.06666666666666667,2,0.8056847196950977
2025-03,2025,3,2025-04-06,suzuka,max_verstappen,Max Verstappen,red_bull,Red Bull,48,3,47,0.8631578947368421,0.868421052631579,0.9231863442389757,0.4,0.3526315789473684,0.24676445211389128,2,2,0.20793787748058667,48,0.7947368421052632,0.7157894736842105,0.8203293321021853,0.15,0.09868421052631579,2,0.8645457343518285
2025-03,2025,3,2025-04-06,suzuka,norris,Lando Norris,mclaren,McLaren,48,3,47,0.8421052631578949,0.8578947368421053,0.7921247563352827,0.10526315789473686,0.09473684210526317,0.07610461338531516,2,2,0.08884163270128186,48,0.7894736842105263,0.8105263157894737,0.7525777162203755,0.0,0.02631578947368421,2,0.7602479084473543
2025-03,2025,3,2025-04-06,suzuka,ocon,Esteban Ocon,haas,Haas F1 Team,47,3,39,0.5263157894736843,0.39473684210526316,0.42708333333333337,-0.042105263157894715,-0.021052631578947358,0.00908521303258146,2,2,0.02096149464570518,48,0.5157894736842106,0.5,0.3958432116326853,0.05,0.06578947368421052,2,0.39075678549362763
2025-03,2025,3,2025-04-06,suzuka,piastri,Oscar Piastri,mclaren,McLaren,48,3,45,0.7368421052631579,0.7631578947368421,0.7214611872146118,-0.10526315789473686,-0.09473684210526317,-0.07610461338531516,2,2,-0.08884163270128186,48,0.7894736842105263,0.8105263157894737,0.7525777162203755,0.0,0.02631578947368421,2,0.7602479084473543
2025-03,2025,3,2025-04-06,suzuka,russell,George Russell,mercedes,Mercedes,48,3,43,0.8842105263157893,0.8526315789473685,0.7537926942961268,0.12631578947368421,0.12105263157894734,0.028404344193817866,2,2,0.030227082858661793,48,0.8210526315789475,0.7868421052631579,0.75777162203755,0.05,0.06578947368421052,2,0.732924816027309
2025-03,2025,3,2025-04-06,suzuka,sainz,Carlos Sainz,williams,Williams,46,3,42,0.8210526315789475,0.7473684210526316,0.7659919028340081,-0.03157894736842102,-0.14210526315789473,-0.05604288499025339,2,2,-0.040758461811093355,48,0.4894736842105264,0.48684210526315785,0.3687093320154847,0.3684210526315789,0.22297297297297297,2,0.32654641298080883
2025-03,2025,3,2025-04-06,suzuka,stroll,Lance Stroll,aston_martin,Aston Martin,46,3,41,0.4736842105263158,0.3421052631578948,0.45968456494772286,-0.3157894736842105,-0.22105263157894733,-0.1576858813700919,2,1,-0.18930659983291565,48,0.5631578947368421,0.4789473684210527,0.5403970452446907,0.21052631578947367,0.11409395973154363,2,0.5556954587425502
2025-03,2025,3,2025-04-06,suzuka,tsunoda,Yuki Tsunoda,red_bull,Red Bull,47,3,42,0.4,0.37894736842105264,0.4069643806485912,0.10526315789473684,0.01578947368421052,0.039961013645224176,2,2,0.029672947801602772,48,0.7947368421052632,0.7157894736842105,0.8203293321021853,0.15,0.09868421052631579,2,0.8645457343518285
2025-04,2025,4,2025-04-13,bahrain,albon,Alexander Albon,williams,Williams,48,3,38,0.5578947368421053,0.5,0.4520180232000767,0.06315789473684211,0.11578947368421051,0.1702127659574468,2,2,0.1812073704570905,49,0.5157894736842106,0.48157894736842105,0.37189821400347717,0.3684210526315789,0.21428571428571427,2,0.3374570742991796
2025-04,2025,4,2025-04-13,bahrain,alonso,Fernando Alonso,aston_martin,Aston Martin,49,3,44,0.5052631578947369,0.5263157894736843,0.5966607339605052,0.2736842105263158,0.2736842105263158,0.17375359302210328,2,2,0.1502896944466971,49,0.5368421052631579,0.4631578947368421,0.5288696424605819,0.21052631578947367,0.10967741935483871,2,0.5592736155694185
2025-04,2025,4,2025-04-13,bahrain,antonelli,Andrea Kimi Antonelli,mercedes,Mercedes,3,1,3,0.7719298245614036,0.7719298245614036,0.7719298245614036,-0.08771929824561402,-0.08771929824561402,-0.08771929824561402,0,0,-0.08771929824561402,49,0.7789473684210526,0.7894736842105263,0.757976164038789,0.05,0.06329113924050633,2,0.7522123298272533
2025-04,2025,4,2025-04-13,bahrain,bearman,Oliver Bearman,haas,Haas F1 Team,6,2,6,0.4842105263157895,0.5175438596491229,0.512280701754386,0.010526315789473694,0.010526315789473694,0.024291497975708516,0,0,0.024291497975708516,49,0.47368421052631576,0.48157894736842105,0.392724234829498,0.05,0.06329113924050633,2,0.37174202724441957
2025-04,2025,4,2025-04-13,bahrain,bortoleto,Gabriel Bortoleto,sauber,Sauber,3,1,2,0.1842105263157895,0.1842105263157895,0.1842105263157895,-0.05263157894736842,-0.05263157894736842,-0.05263157894736842,0,0,-0.05263157894736842,27,0.4052631578947368,0.32105263157894737,0.26638965835641737,0.1,0.09649122807017543,1,0.2657433056325023
2025-04,2025,4,2025-04-13,bahrain,doohan,Jack Doohan,alpine,Alpine F1 Team,4,2,3,0.29824561403508776,0.29824561403508776,0.3026315789473685,-0.2631578947368421,-0.2631578947368421,-0.23157894736842105,0,0,-0.23157894736842105,49,0.4842105263157895,0.4473684210526316,0.4281376518218624,0.15,0.1282051282051282,2,0.3879278616120722
2025-04,2025,4,2025-04-13,bahrain,gasly,Pierre Gasly,alpine,Alpine F1 Team,48,3,43,0.6421052631578947,0.5,0.4663524482848913,0.1894736842105263,0.09473684210526315,0.02328548644338118,2,2,0.00810207336523125,49,0.4842105263157895,0.4473684210526316,0.4281376518218624,0.15,0.1282051282051282,2,0.3879278616120722
2025-04,2025,4,2025-04-13,bahrain,hadjar,Isack Hadjar,rb,RB F1 Team,2,1,2,0.5526315789473684,0.5526315789473684,0.5526315789473685,0.3684210526315789,0.3684210526315789,0.3684210526315789,0,0,0.3684210526315789,27,0.35789473684210527,0.3736842105263158,0.3933545986177565,0.05263157894736842,0.10810810810810811,1,0.38310473152578417
2025-04,2025,4,2025-04-13,bahrain,hamilton,Lewis Hamilton,ferrari,Ferrari,49,3,44,0.6842105263157895,0.6894736842105263,0.7466165413533835,-0.13684210526315785,-0.12631578947368416,-0.030910609857978263,2,2,-0.032049821523505724,49,0.7947368421052632,0.7947368421052632,0.790856646119804,0.05,0.0641025641025641,2,0.8096182306708622
2025-04,2025,4,2025-04-13,bahrain,hulkenberg,Nico Hülkenberg,sauber,Sauber,49,3,45,0.4842105263157895,0.4842105263157895,0.42186484730344387,0.12631578947368421,0.12631578947368421,0.09179514442672339,2,2,0.0189132150854639,27,0.4052631578947368,0.32105263157894737,0.26638965835641737,0.1,0.09649122807017543,1,0.2657433056325023
2025-04,2025,4,2025-04-13,bahrain,lawson,Liam Lawson,rb,RB F1 Team,14,3,13,0.25263157894736843,0.3263157894736842,0.34324942791762014,-0.3157894736842105,-0.13684210526315788,-0.19390581717451522,0,0,-0.19390581717451522,27,0.35789473684210527,0.3736842105263158,0.3933545986177565,0.05263157894736842,0.10810810810810811,1,0.38310473152578417
2025-04,2025,4,2025-04-13,bahrain,leclerc,Charles Leclerc,ferrari,Ferrari,48,3,42,0.8315789473684211,0.8578947368421053,0.8244766505636071,0.07368421052631573,0.1421052631578947,0.06306792622582094,2,1,0.03992802519118306,49,0.7947368421052632,0.7947368421052632,0.790856646119804,0.05,0.0641025641025641,2,0.8096182306708622
2025-04,2025,4,2025-04-13,bahrain,max_verstappen,Max Verstappen,red_bull,Red Bull,49,3,48,0.9052631578947368,0.8894736842105264,0.9261790840738209,0.47368421052631576,0.39473684210526316,0.2623355263157895,2,2,0.2051435406698565,49,0.8052631578947368,0.7394736842105264,0.8161595973055,0.15,0.0949367088607595,2,0.8591208554566315
2025-04,2025,4,2025-04-13,bahrain,norris,Lando Norris,mclaren,McLaren,49,3,48,0.8842105263157896,0.868421052631579,0.7980956665167191,0.10526315789473686,0.11578947368421055,0.07516569200779728,2,2,0.08118518518518522,49,0.8315789473684211,0.8105263157894737,0.7589754978162706,0.0,0.02531645569620253,2,0.690738161091259
2025-04,2025,4,2025-04-13,bahrain,ocon,Esteban Ocon,haas,Haas F1 Team,48,3,40,0.4736842105263158,0.37894736842105264,0.41267347473160515,-0.06315789473684211,-0.08421052631578947,-0.012786202795123401,2,1,0.0002973535533749738,49,0.47368421052631576,0.48157894736842105,0.392724234829498,0.05,0.06329113924050633,2,0.37174202724441957
2025-04,2025,4,2025-04-13,bahrain,piastri,Oscar Piastri,mclaren,McLaren,49,3,46,0.7789473684210526,0.7526315789473684,0.7283010156971376,-0.10526315789473686,-0.11578947368421055,-0.07516569200779728,2,1,-0.08118518518518522,49,0.8315789473684211,0.8105263157894737,0.7589754978162706,0.0,0.02531645569620253,2,0.690738161091259
2025-04,2025,4,2025-04-13,bahrain,russell,George Russell,mercedes,Mercedes,49,3,44,0.8421052631578947,0.8421052631578947,0.7552794022092267,0.12631578947368421,0.13684210526315788,0.029505582137161073,2,2,0.031027983181093222,49,0.7789473684210526,0.7894736842105263,0.757976164038789,0.05,0.06329113924050633,2,0.7522123298272533
2025-04,2025,4,2025-04-13,bahrain,sainz,Carlos Sainz,williams,Williams,47,3,43,0.6842105263157896,0.7,0.7461300309597523,-0.10526315789473681,-0.15789473684210525,-0.06590550450199571,2,2,-0.04219808781212288,49,0.5157894736842106,0.48157894736842105,0.37189821400347717,0.3684210526315789,0.21428571428571427,2,0.3374570742991796
2025-04,2025,4,2025-04-13,bahrain,stroll,Lance Stroll,aston_martin,Aston Martin,47,3,42,0.37894736842105264,0.30526315789473685,0.4396982795152132,-0.2736842105263158,-0.2736842105263158,-0.17375359302210328,2,2,-0.1502896944466971,49,0.5368421052631579,0.4631578947368421,0.5288696424605819,0.21052631578947367,0.10967741935483871,2,0.5592736155694185
2025-04,2025,4,2025-04-13,bahrain,tsunoda,Yuki Tsunoda,red_bull,Red Bull,48,3,43,0.3684210526315789,0.4,0.4075769132977371,-0.03157894736842106,-0.05789473684210528,0.010489185927782422,2,2,0.01241318785178434,49,0.8052631578947368,0.7394736842105264,0.8161595973055,0.15,0.0949367088607595,2,0.8591208554566315
2025-05,2025,5,2025-04-20,jeddah,albon,Alexander Albon,williams,Williams,49,3,39,0.5894736842105264,0.5,0.45056652046783624,0.06315789473684211,0.11578947368421051,0.1702127659574468,2,1,0.16774916013437852,50,0.5473684210526316,0.4578947368421053,0.37381332118174226,0.3684210526315789,0.225,2,0.36277332449581257
2025-05,2025,5,2025-04-20,jeddah,alonso,Fernando Alonso,aston_martin,Aston Martin,50,3,45,0.4947368421052632,0.5,0.5827647823261858,0.23157894736842105,0.2894736842105263,0.17043953970948877,2,2,0.17043953970948877,50,0.4421052631578948,0.43684210526315786,0.5172229353872486,0.21052631578947367,0.10559006211180125,2,0.6010425176022095
2025-05,2025,5,2025-04-20,jeddah,antonelli,Andrea Kimi Antonelli,mercedes,Mercedes,4,1,4,0.6973684210526316,0.6973684210526316,0.6973684210526315,-0.18421052631578946,-0.18421052631578946,-0.18421052631578946,0,0,-0.18421052631578946,50,0.7947368421052632,0.781578947368421,0.7562401939808872,0.05,0.06097560975609756,2,0.7437727726559562
2025-05,2025,5,2025-04-20,jeddah,bearman,Oliver Bearman,haas,Haas F1 Team,7,2,7,0.4842105263157895,0.518796992481203,0.5146198830409356,0.03157894736842108,-0.008771929824561375,3.469446951953614e-17,1,1,-0.04210526315789471,50,0.47368421052631576,0.5078947368421052,0.39970760233918134,0.05,0.06097560975609756,2,0.4198830409356726
2025-05,2025,5,2025-04-20,jeddah,bortoleto,Gabriel Bortoleto,sauber,Sauber,4,1,3,0.15789473684210528,0.15789473684210528,0.15789473684210525,-0.05263157894736842,-0.05263157894736842,-0.05263157894736842,0,0,-0.05263157894736842,28,0.3157894736842105,0.3078947368421053,0.25833333333333336,0.1,0.09166666666666666,1,0.2329824561403509
2025-05,2025,5,2025-04-20,jeddah,doohan,Jack Doohan,alpine,Alpine F1 Team,5,2,4,0.3026315789473685,0.3026315789473685,0.30622009569377995,-0.2982456140350877,-0.2982456140350877,-0.28289473684210525,0,0,-0.28289473684210525,50,0.42631578947368426,0.47105263157894744,0.4307992202729045,0.15,0.12345679012345678,2,0.43531809321283005
2025-05,2025,5,2025-04-20,jeddah,gasly,Pierre Gasly,alpine,Alpine F1 Team,49,3,44,0.6,0.5421052631578948,0.4756892230576441,0.2,0.1526315789473684,0.0411373260738052,2,1,0.03071855884923036,50,0.42631578947368426,0.47105263157894744,0.4307992202729045,0.15,0.12345679012345678,2,0.43531809321283005
2025-05,2025,5,2025-04-20,jeddah,hadjar,Isack Hadjar,rb,RB F1 Team,3,1,3,0.4912280701754386,0.4912280701754386,0.49122807017543857,0.2982456140350877,0.2982456140350877,0.2982456140350877,0,0,0.2982456140350877,28,0.3473684210526316,0.3763157894736842,0.38798144787255495,0.05263157894736842,0.10256410256410256,1,0.35775357935067553
2025-05,2025,5,2025-04-20,jeddah,hamilton,Lewis Hamilton,ferrari,Ferrari,50,3,45,0.6526315789473685,0.6894736842105263,0.7483777937995675,-0.13684210526315785,-0.14210526315789468,-0.03189792663476872,2,2,-0.05669131506452079,50,0.7842105263157895,0.8236842105263158,0.7918280549859497,0.05,0.06172839506172839,2,0.7840089203725568
2025-05,2025,5,2025-04-20,jeddah,hulkenberg,Nico Hülkenberg,sauber,Sauber,50,3,45,0.4842105263157895,0.4842105263157895,0.42186484730344387,0.12631578947368421,0.12631578947368421,0.09179514442672339,2,2,0.07632948302804764,28,0.3157894736842105,0.3078947368421053,0.25833333333333336,0.1,0.09166666666666666,1,0.2329824561403509
2025-05,2025,5,2025-04-20,jeddah,lawson,Liam Lawson,rb,RB F1 Team,15,3,14,0.25263157894736843,0.3,0.3279352226720648,-0.27368421052631575,-0.16315789473684209,-0.1889952153110048,0,0,-0.1889952153110048,28,0.3473684210526316,0.3763157894736842,0.38798144787255495,0.05263157894736842,0.10256410256410256,1,0.35775357935067553
2025-05,2025,5,2025-04-20,jeddah,leclerc,Charles Leclerc,ferrari,Ferrari,49,3,43,0.8315789473684211,0.8473684210526315,0.825211176088369,0.09473684210526309,0.13157894736842102,0.06260749914000685,2,2,0.07902554961378488,50,0.7842105263157895,0.8236842105263158,0.7918280549859497,0.05,0.06172839506172839,2,0.7840089203725568
2025-05,2025,5,2025-04-20,jeddah,max_verstappen,Max Verstappen,red_bull,Red Bull,50,3,49,0.8526315789473685,0.868421052631579,0.9190789473684211,0.3894736842105263,0.3894736842105263,0.2576590730557738,2,2,0.1921731057630508,50,0.7368421052631579,0.7315789473684211,0.8103694194836685,0.15,0.09146341463414634,2,0.8549098170407542
2025-05,2025,5,2025-04-20,jeddah,norris,Lando Norris,mclaren,McLaren,50,3,49,0.9578947368421054,0.8578947368421053,0.8016749693162948,0.15789473684210525,0.09473684210526319,0.06822612085769982,2,2,0.00177210703526494,50,0.8789473684210527,0.8105263157894737,0.7658679218371132,0.0,0.024390243902439025,2,0.7101049000920632
2025-05,2025,5,2025-04-20,jeddah,ocon,Esteban Ocon,haas,Haas F1 Team,49,3,41,0.41052631578947374,0.41052631578947374,0.42205513784461157,-0.010526315789473694,-0.04210526315789474,-0.0070741369552914605,2,2,-0.0004401685216625913,50,0.47368421052631576,0.5078947368421052,0.39970760233918134,0.05,0.06097560975609756,2,0.4198830409356726
2025-05,2025,5,2025-04-20,jeddah,piastri,Oscar Piastri,mclaren,McLaren,50,3,47,0.8,0.7631578947368421,0.7386186986453476,-0.15789473684210525,-0.09473684210526319,-0.06822612085769982,2,2,-0.00177210703526494,50,0.8789473684210527,0.8105263157894737,0.7658679218371132,0.0,0.024390243902439025,2,0.7101049000920632
2025-05,2025,5,2025-04-20,jeddah,russell,George Russell,mercedes,Mercedes,50,3,45,0.8631578947368421,0.8526315789473685,0.762962962962963,0.1368421052631579,0.1526315789473684,0.0488176964149504,2,2,0.0689966021773802,50,0.7947368421052632,0.781578947368421,0.7562401939808872,0.05,0.06097560975609756,2,0.7437727726559562
2025-05,2025,5,2025-04-20,jeddah,sainz,Carlos Sainz,williams,Williams,48,3,43,0.6842105263157896,0.7,0.7461300309597523,-0.10526315789473681,-0.15789473684210525,-0.06590550450199571,1,1,-0.05273471745206636,50,0.5473684210526316,0.4578947368421053,0.37381332118174226,0.3684210526315789,0.225,2,0.36277332449581257
2025-05,2025,5,2025-04-20,jeddah,stroll,Lance Stroll,aston_martin,Aston Martin,48,3,43,0.3578947368421053,0.3157894736842105,0.427956465237167,-0.23157894736842105,-0.2894736842105263,-0.17043953970948877,2,0,-0.17043953970948877,50,0.4421052631578948,0.43684210526315786,0.5172229353872486,0.21052631578947367,0.10559006211180125,2,0.6010425176022095
2025-05,2025,5,2025-04-20,jeddah,tsunoda,Yuki Tsunoda,red_bull,Red Bull,49,3,44,0.41052631578947363,0.44210526315789467,0.41471734892787526,-0.13684210526315793,-0.04210526315789474,0.002835371256423888,2,2,0.025985533162566667,50,0.7368421052631579,0.7315789473684211,0.8103694194836685,0.15,0.09146341463414634,2,0.8549098170407542
2025-06,2025,6,2025-05-04,miami,albon,Alexander Albon,williams,Williams,50,3,40,0.6105263157894737,0.5263157894736843,0.45631491664484597,0.021052631578947368,0.0894736842105263,0.1568421052631579,2,2,0.1745029239766082,51,0.5736842105263158,0.47105263157894733,0.3824926900584796,0.3684210526315789,0.21686746987951808,2,0.3116693248272196
2025-06,2025,6,2025-05-04,miami,alonso,Fernando Alonso,aston_martin,Aston Martin,51,3,46,0.4947368421052632,0.5,0.578401559454191,0.26315789473684215,0.3,0.17471884840305893,2,2,0.24668547826442566,51,0.42105263157894746,0.43947368421052635,0.5110423116615068,0.21052631578947367,0.10179640718562874,2,0.49846139412702895
2025-06,2025,6,2025-05-04,miami,antonelli,Andrea Kimi Antonelli,mercedes,Mercedes,5,1,5,0.7052631578947369,0.7052631578947369,0.7052631578947369,-0.15789473684210525,-0.15789473684210525,-0.15789473684210525,0,0,-0.15789473684210525,51,0.7842105263157896,0.7842105263157895,0.7564843481252151,0.0,0.058823529411764705,2,0.7463426838039843
2025-06,2025,6,2025-05-04,miami,bearman,Oliver Bearman,haas,Haas F1 Team,8,2,8,0.4736842105263158,0.5,0.49373433583959897,0.03157894736842108,3.172065784643304e-17,0.008310249307479261,0,0,0.008310249307479261,51,0.4578947368421053,0.48684210526315785,0.39762559007961673,0.05,0.058823529411764705,2,0.37291430474689835
2025-06,2025,6,2025-05-04,miami,bortoleto,Gabriel Bortoleto,sauber,Sauber,5,1,4,0.14473684210526316,0.14473684210526316,0.14473684210526316,-0.08771929824561404,-0.08771929824561404,-0.08771929824561404,0,0,-0.08771929824561404,29,0.27894736842105267,0.3157894736842105,0.2548036758563075,0.1,0.0873015873015873,1,0.2564745196324144
2025-06,2025,6,2025-05-04,miami,doohan,Jack Doohan,alpine,Alpine F1 Team,6,2,5,0.27368421052631586,0.27368421052631586,0.2744360902255639,-0.2982456140350877,-0.2982456140350877,-0.28289473684210525,0,0,-0.28289473684210525,51,0.3631578947368421,0.46052631578947373,0.4210526315789474,0.2,0.13690476190476192,2,0.44736842105263164
2025-06,2025,6,2025-05-04,miami,gasly,Pierre Gasly,alpine,Alpine F1 Team,50,3,44,0.6,0.5421052631578948,0.4756892230576441,0.2,0.1526315789473684,0.0411373260738052,2,2,0.015563988340757824,51,0.3631578947368421,0.46052631578947373,0.4210526315789474,0.2,0.13690476190476192,2,0.44736842105263164
2025-06,2025,6,2025-05-04,miami,hadjar,Isack Hadjar,rb,RB F1 Team,4,1,4,0.5,0.5,0.5,0.25,0.25,0.25000000000000006,0,0,0.25000000000000006,29,0.38421052631578945,0.37894736842105264,0.3921963378391334,0.05263157894736842,0.0975609756097561,1,0.40849391237656985
2025-06,2025,6,2025-05-04,miami,hamilton,Lewis Hamilton,ferrari,Ferrari,51,3,46,0.7052631578947368,0.7,0.7458448753462603,-0.09473684210526312,-0.13157894736842102,-0.0396643783371472,2,2,-0.019277442618403674,51,0.7736842105263158,0.8289473684210525,0.7917397660818714,0.05,0.05952380952380952,2,0.795906432748538
2025-06,2025,6,2025-05-04,miami,hulkenberg,Nico Hülkenberg,sauber,Sauber,51,3,46,0.41052631578947374,0.4947368421052632,0.41551656920077973,0.17894736842105263,0.10526315789473681,0.0946690397491313,2,2,0.12148178967400934,29,0.27894736842105267,0.3157894736842105,0.2548036758563075,0.1,0.0873015873015873,1,0.2564745196324144
2025-06,2025,6,2025-05-04,miami,lawson,Liam Lawson,rb,RB F1 Team,16,3,15,0.2736842105263158,0.3263157894736842,0.3375680580762251,-0.28421052631578947,-0.17894736842105263,-0.17894736842105263,0,0,-0.17894736842105263,29,0.38421052631578945,0.37894736842105264,0.3921963378391334,0.05263157894736842,0.0975609756097561,1,0.40849391237656985
2025-06,2025,6,2025-05-04,miami,leclerc,Charles Leclerc,ferrari,Ferrari,50,3,44,0.8210526315789473,0.8578947368421053,0.8279922027290448,0.09473684210526309,0.06842105263157891,0.06885758998435051,2,2,0.05964762525177645,51,0.7736842105263158,0.8289473684210525,0.7917397660818714,0.05,0.05952380952380952,2,0.795906432748538
2025-06,2025,6,2025-05-04,miami,max_verstappen,Max Verstappen,red_bull,Red Bull,51,3,50,0.8947368421052632,0.8736842105263157,0.9201014584654407,0.3894736842105263,0.3894736842105263,0.2576590730557738,2,2,0.21131186174391203,51,0.7789473684210526,0.7473684210526316,0.8152046783625732,0.2,0.10588235294117647,2,0.8440723019670388
2025-06,2025,6,2025-05-04,miami,norris,Lando Norris,mclaren,McLaren,51,3,50,0.9263157894736842,0.8578947368421053,0.8031189083820662,0.03157894736842106,0.07368421052631582,0.05985127427622555,2,2,0.16793011334921665,51,0.9105263157894736,0.8210526315789475,0.7713450292397661,0.0,0.023529411764705882,2,0.694949494949495
2025-06,2025,6,2025-05-04,miami,ocon,Esteban Ocon,haas,Haas F1 Team,50,3,42,0.44210526315789467,0.41578947368421054,0.4176880557558279,-0.03157894736842108,-0.05263157894736843,-0.009176788124156553,2,2,0.007680039258986646,51,0.4578947368421053,0.48684210526315785,0.39762559007961673,0.05,0.058823529411764705,2,0.37291430474689835
2025-06,2025,6,2025-05-04,miami,piastri,Oscar Piastri,mclaren,McLaren,51,3,48,0.8947368421052632,0.7842105263157895,0.7481814291827129,-0.03157894736842106,-0.07368421052631582,-0.05985127427622555,2,2,-0.16793011334921665,51,0.9105263157894736,0.8210526315789475,0.7713450292397661,0.0,0.023529411764705882,2,0.694949494949495
2025-06,2025,6,2025-05-04,miami,russell,George Russell,mercedes,Mercedes,51,3,46,0.8631578947368421,0.8578947368421053,0.7639826060878693,0.15789473684210525,0.14736842105263154,0.048976608187134486,2,2,0.02604997341839443,51,0.7842105263157896,0.7842105263157895,0.7564843481252151,0.0,0.058823529411764705,2,0.7463426838039843
2025-06,2025,6,2025-05-04,miami,sainz,Carlos Sainz,williams,Williams,49,3,44,0.631578947368421,0.6789473684210526,0.7412898443291327,-0.10526315789473684,-0.13684210526315788,-0.060517455254297345,2,2,-0.05358207272082869,51,0.5736842105263158,0.47105263157894733,0.3824926900584796,0.3684210526315789,0.21686746987951808,2,0.3116693248272196
2025-06,2025,6,2025-05-04,miami,stroll,Lance Stroll,aston_martin,Aston Martin,49,3,44,0.33684210526315794,0.3315789473684211,0.4192592592592593,-0.26315789473684215,-0.3,-0.17471884840305893,2,2,-0.24668547826442566,51,0.42105263157894746,0.43947368421052635,0.5110423116615068,0.21052631578947367,0.10179640718562874,2,0.49846139412702895
2025-06,2025,6,2025-05-04,miami,tsunoda,Yuki Tsunoda,red_bull,Red Bull,50,3,44,0.41052631578947363,0.44210526315789467,0.41471734892787526,-0.13684210526315793,-0.04210526315789474,0.002835371256423888,2,2,0.11210993507644225,51,0.7789473684210526,0.7473684210526316,0.8152046783625732,0.2,0.10588235294117647,2,0.8440723019670388
2025-07,2025,7,2025-05-18,imola,albon,Alexander Albon,williams,Williams,51,3,41,0.6105263157894737,0.5473684210526316,0.47059314954051795,0.052631578947368404,0.09999999999999999,0.15988083416087387,1,0,0.15988083416087387,52,0.5526315789473684,0.5026315789473684,0.39339815401958717,0.3157894736842105,0.20930232558139536,1,0.34629747058409077
2025-07,2025,7,2025-05-18,imola,alonso,Fernando Alonso,aston_martin,Aston Martin,52,3,47,0.41052631578947374,0.4526315789473684,0.5662768031189085,0.23157894736842105,0.2894736842105263,0.1693326453388373,1,1,0.030202958376333,52,0.32105263157894737,0.41578947368421054,0.5016945773524721,0.15789473684210525,0.09826589595375723,1,0.4645135566188198
2025-07,2025,7,2025-05-18,imola,antonelli,Andrea Kimi Antonelli,mercedes,Mercedes,6,1,6,0.6842105263157896,0.7105263157894738,0.7105263157894738,-0.17894736842105258,-0.15789473684210523,-0.15789473684210523,0,0,-0.15789473684210523,52,0.7736842105263159,0.7842105263157895,0.7585061137692718,0.0,0.056818181818181816,1,0.7489101541733122
2025-07,2025,7,2025-05-18,imola,bearman,Oliver Bearman,haas,Haas F1 Team,9,2,8,0.4736842105263158,0.5,0.49373433583959897,0.03157894736842108,3.172065784643304e-17,0.008310249307479261,0,0,0.008310249307479261,52,0.47368421052631576,0.46578947368421053,0.39844281245750035,0.1,0.07386363636363637,1,0.4082279341765266
2025-07,2025,7,2025-05-18,imola,bortoleto,Gabriel Bortoleto,sauber,Sauber,6,1,4,0.14473684210526316,0.14473684210526316,0.14473684210526316,-0.08771929824561404,-0.08771929824561404,-0.08771929824561404,0,0,-0.08771929824561404,30,0.20526315789473687,0.31842105263157894,0.25757575757575757,0.15,0.10606060606060606,1,0.24290271132376393
2025-07,2025,7,2025-05-18,imola,colapinto,Franco Colapinto,alpine,Alpine F1 Team,9,1,6,0.47368421052631576,0.46491228070175444,0.46491228070175444,0.03508771929824561,0.03508771929824561,0.03508771929824561,0,0,0.03508771929824561,52,0.3421052631578948,0.4526315789473684,0.41923774954627946,0.25,0.14942528735632185,1,0.38802177858439196
2025-07,2025,7,2025-05-18,imola,gasly,Pierre Gasly,alpine,Alpine F1 Team,51,3,45,0.5157894736842106,0.5368421052631579,0.47128094208123056,0.2,0.1526315789473684,0.0411373260738052,1,1,0.011857229280096793,52,0.3421052631578948,0.4526315789473684,0.41923774954627946,0.25,0.14942528735632185,1,0.38802177858439196
2025-07,2025,7,2025-05-18,imola,hadjar,Isack Hadjar,rb,RB F1 Team,5,1,5,0.4947368421052632,0.4947368421052632,0.4947368421052632,0.25,0.25,0.25000000000000006,0,0,0.25000000000000006,30,0.39473684210526316,0.4052631578947368,0.396016081871345,0.05263157894736842,0.11627906976744186,1,0.40628654970760236
2025-07,2025,7,2025-05-18,imola,hamilton,Lewis Hamilton,ferrari,Ferrari,52,3,47,0.6631578947368422,0.6894736842105263,0.7415056628914057,-0.11578947368421048,-0.1263157894736842,-0.04020467836257308,1,1,-0.02163742690058477,52,0.7210526315789474,0.7973684210526316,0.786901993940675,0.05,0.05747126436781609,1,0.7979426477841189
2025-07,2025,7,2025-05-18,imola,hulkenberg,Nico Hülkenberg,sauber,Sauber,52,3,47,0.3473684210526316,0.4789473684210527,0.4116809116809117,0.17894736842105263,0.10526315789473681,0.0946690397491313,1,1,0.08626154758877873,30,0.20526315789473687,0.31842105263157894,0.25757575757575757,0.15,0.10606060606060606,1,0.24290271132376393
2025-07,2025,7,2025-05-18,imola,lawson,Liam Lawson,rb,RB F1 Team,17,3,15,0.2736842105263158,0.3263157894736842,0.3375680580762251,-0.28421052631578947,-0.17894736842105263,-0.17894736842105263,0,0,-0.17894736842105263,30,0.39473684210526316,0.4052631578947368,0.396016081871345,0.05263157894736842,0.11627906976744186,1,0.40628654970760236
2025-07,2025,7,2025-05-18,imola,leclerc,Charles Leclerc,ferrari,Ferrari,51,3,45,0.7789473684210526,0.8263157894736842,0.822462138251612,0.11578947368421048,0.06315789473684207,0.06819977872609448,1,1,0.07561245455982295,52,0.7210526315789474,0.7973684210526316,0.786901993940675,0.05,0.05747126436781609,1,0.7979426477841189
2025-07,2025,7,2025-05-18,imola,max_verstappen,Max Verstappen,red_bull,Red Bull,52,3,51,0.8736842105263157,0.8842105263157896,0.9173806609547124,0.34736842105263155,0.41052631578947363,0.26015037593984963,1,1,0.2818045112781955,52,0.7263157894736842,0.7710526315789474,0.8107389686337054,0.2,0.10227272727272728,1,0.8117490696438064
2025-07,2025,7,2025-05-18,imola,norris,Lando Norris,mclaren,McLaren,52,3,51,0.9157894736842106,0.8578947368421053,0.8080930295086375,-0.06315789473684208,0.03684210526315792,0.055834029518240055,1,1,0.06571985519353943,52,0.9473684210526315,0.8394736842105264,0.7782429558745348,0.0,0.022727272727272728,1,0.8015417331206806
2025-07,2025,7,2025-05-18,imola,ocon,Esteban Ocon,haas,Haas F1 Team,51,3,43,0.4526315789473684,0.42105263157894735,0.4178208679593721,-0.03157894736842108,-0.05263157894736843,-0.009176788124156553,1,1,0.013711201079622126,52,0.47368421052631576,0.46578947368421053,0.39844281245750035,0.1,0.07386363636363637,1,0.4082279341765266
2025-07,2025,7,2025-05-18,imola,piastri,Oscar Piastri,mclaren,McLaren,52,3,49,0.9789473684210526,0.8210526315789475,0.7570691434468524,0.06315789473684208,-0.03684210526315792,-0.055834029518240055,1,1,-0.06571985519353943,52,0.9473684210526315,0.8394736842105264,0.7782429558745348,0.0,0.022727272727272728,1,0.8015417331206806
2025-07,2025,7,2025-05-18,imola,russell,George Russell,mercedes,Mercedes,52,3,47,0.8631578947368421,0.868421052631579,0.768825355569995,0.17894736842105258,0.16842105263157892,0.053333333333333316,1,1,0.032140350877192955,52,0.7736842105263159,0.7842105263157895,0.7585061137692718,0.0,0.056818181818181816,1,0.7489101541733122
2025-07,2025,7,2025-05-18,imola,sainz,Carlos Sainz,williams,Williams,50,3,45,0.6,0.7263157894736842,0.7347083926031295,-0.10526315789473684,-0.07368421052631577,-0.06703957962539198,1,1,-0.07468429527926095,52,0.5526315789473684,0.5026315789473684,0.39339815401958717,0.3157894736842105,0.20930232558139536,1,0.34629747058409077
2025-07,2025,7,2025-05-18,imola,stroll,Lance Stroll,aston_martin,Aston Martin,50,3,45,0.23157894736842105,0.32105263157894737,0.411231069125806,-0.23157894736842105,-0.2894736842105263,-0.1693326453388373,1,1,-0.030202958376333,52,0.32105263157894737,0.41578947368421054,0.5016945773524721,0.15789473684210525,0.09826589595375723,1,0.4645135566188198
2025-07,2025,7,2025-05-18,imola,tsunoda,Yuki Tsunoda,red_bull,Red Bull,51,3,45,0.43157894736842106,0.4526315789473684,0.4191812865497076,-0.21052631578947373,-0.04736842105263158,-0.011017882871429777,1,1,0.022764641071277243,52,0.7263157894736842,0.7710526315789474,0.8107389686337054,0.2,0.10227272727272728,1,0.8117490696438064
2025-08,2025,8,2025-05-25,monaco,albon,Alexander Albon,williams,Williams,52,3,42,0.631578947368421,0.5578947368421053,0.48369782904750463,0.1473684210526316,0.1,0.15977443609022557,2,2,0.19275461380724537,53,0.5736842105263158,0.531578947368421,0.4044607643138855,0.25,0.20224719101123595,2,0.3898470630416775
2025-08,2025,8,2025-05-25,monaco,alonso,Fernando Alonso,aston_martin,Aston Martin,53,3,48,0.38947368421052636,0.43684210526315786,0.5628474478377012,0.2210526315789474,0.26842105263157895,0.17107322296351207,2,2,0.1684375257392307,53,0.27894736842105267,0.42105263157894746,0.4973009446693657,0.15,0.09497206703910614,2,0.5195681511470984
2025-08,2025,8,2025-05-25,monaco,antonelli,Andrea Kimi Antonelli,mercedes,Mercedes,7,1,6,0.6842105263157896,0.7105263157894738,0.7105263157894738,-0.17894736842105258,-0.15789473684210523,-0.15789473684210523,0,0,-0.15789473684210523,53,0.7473684210526316,0.7842105263157895,0.7560568086883878,0.05,0.07142857142857142,2,0.7579934685197844
2025-08,2025,8,2025-05-25,monaco,bearman,Oliver Bearman,haas,Haas F1 Team,10,2,9,0.4421052631578948,0.4619883040935673,0.4517543859649123,0.03157894736842108,3.172065784643304e-17,0.008310249307479261,0,0,0.008310249307479261,53,0.3631578947368421,0.4394736842105263,0.390334450358105,0.15,0.08791208791208792,2,0.3586598623066196
2025-08,2025,8,2025-05-25,monaco,bortoleto,Gabriel Bortoleto,sauber,Sauber,7,1,5,0.1368421052631579,0.1368421052631579,0.1368421052631579,-0.14473684210526316,-0.14473684210526316,-0.14473684210526316,0,0,-0.14473684210526316,31,0.2,0.31315789473684214,0.2578184591914569,0.15,0.10144927536231885,1,0.2641495041952708
2025-08,2025,8,2025-05-25,monaco,colapinto,Franco Colapinto,alpine,Alpine F1 Team,10,2,7,0.3894736842105263,0.42857142857142855,0.41403508771929826,-0.013157894736842118,-0.013157894736842118,-0.02923976608187136,0,0,-0.02923976608187136,53,0.3263157894736842,0.3894736842105263,0.4149122807017544,0.25,0.14444444444444443,2,0.4692185007974482
2025-08,2025,8,2025-05-25,monaco,gasly,Pierre Gasly,alpine,Alpine F1 Team,52,3,46,0.4526315789473685,0.5578947368421053,0.46722068328716526,0.2,0.1368421052631579,0.04687949381650849,2,2,0.01827884830473269,53,0.3263157894736842,0.3894736842105263,0.4149122807017544,0.25,0.14444444444444443,2,0.4692185007974482
2025-08,2025,8,2025-05-25,monaco,hadjar,Isack Hadjar,rb,RB F1 Team,6,1,6,0.5157894736842106,0.5087719298245614,0.5087719298245614,0.25263157894736843,0.25263157894736843,0.25263157894736843,0,0,0.25263157894736843,31,0.41578947368421054,0.38684210526315793,0.39831544034214894,0.05263157894736842,0.1111111111111111,1,0.42391551016845597
2025-08,2025,8,2025-05-25,monaco,hamilton,Lewis Hamilton,ferrari,Ferrari,53,3,48,0.7263157894736842,0.6894736842105263,0.7451861360718871,-0.0736842105263158,-0.12105263157894734,-0.03438596491228069,2,2,-0.039362041467304626,53,0.7631578947368421,0.781578947368421,0.7869917040663675,0.0,0.05555555555555555,2,0.8068073637229084
2025-08,2025,8,2025-05-25,monaco,hulkenberg,Nico Hülkenberg,sauber,Sauber,53,3,48,0.2947368421052632,0.4631578947368421,0.412028012417876,0.2,0.17368421052631577,0.10388239116309292,2,1,0.10403580968883114,31,0.2,0.31315789473684214,0.2578184591914569,0.15,0.10144927536231885,1,0.2641495041952708
2025-08,2025,8,2025-05-25,monaco,lawson,Liam Lawson,rb,RB F1 Team,18,3,16,0.3052631578947368,0.3,0.3355263157894737,-0.28421052631578947,-0.19473684210526315,-0.1879699248120301,0,0,-0.1879699248120301,31,0.41578947368421054,0.38684210526315793,0.39831544034214894,0.05263157894736842,0.1111111111111111,1,0.42391551016845597
2025-08,2025,8,2025-05-25,monaco,leclerc,Charles Leclerc,ferrari,Ferrari,52,3,46,0.8,0.8105263157894737,0.8192910259187062,0.0736842105263158,0.04736842105263156,0.061441482494114054,2,2,0.07339284851246573,53,0.7631578947368421,0.781578947368421,0.7869917040663675,0.0,0.05555555555555555,2,0.8068073637229084
2025-08,2025,8,2025-05-25,monaco,max_verstappen,Max Verstappen,red_bull,Red Bull,53,3,52,0.9052631578947368,0.8842105263157896,0.9201655824955647,0.3894736842105263,0.39473684210526316,0.26892573900504685,2,2,0.32676439958343345,53,0.7526315789473685,0.7736842105263159,0.8091703618019408,0.2,0.0989010989010989,2,0.7774827511669617
2025-08,2025,8,2025-05-25,monaco,norris,Lando Norris,mclaren,McLaren,53,3,52,0.9157894736842106,0.8789473684210527,0.812735542560104,-0.042105263157894715,0.031578947368421074,0.05572360018821,2,2,0.02617218769668859,53,0.9368421052631579,0.8631578947368421,0.7829509671614936,0.0,0.02197802197802198,2,0.7823375454954402
2025-08,2025,8,2025-05-25,monaco,ocon,Esteban Ocon,haas,Haas F1 Team,52,3,43,0.4526315789473684,0.42105263157894735,0.4178208679593721,-0.03157894736842108,-0.05263157894736843,-0.009176788124156553,2,1,0.015234667866246807,53,0.3631578947368421,0.4394736842105263,0.390334450358105,0.15,0.08791208791208792,2,0.3586598623066196
2025-08,2025,8,2025-05-25,monaco,piastri,Oscar Piastri,mclaren,McLaren,53,3,50,0.9578947368421054,0.8473684210526315,0.761762360446571,0.042105263157894715,-0.031578947368421074,-0.05572360018821,2,2,-0.02617218769668859,53,0.9368421052631579,0.8631578947368421,0.7829509671614936,0.0,0.02197802197802198,2,0.7823375454954402
2025-08,2025,8,2025-05-25,monaco,russell,George Russell,mercedes,Mercedes,53,3,48,0.8210526315789475,0.8526315789473685,0.7658033973823447,0.17894736842105258,0.16842105263157892,0.053333333333333316,2,2,0.05314194577352471,53,0.7473684210526316,0.7842105263157895,0.7560568086883878,0.05,0.07142857142857142,2,0.7579934685197844
2025-08,2025,8,2025-05-25,monaco,sainz,Carlos Sainz,williams,Williams,51,3,46,0.5368421052631579,0.7210526315789474,0.7306903622693096,-0.1473684210526316,-0.07894736842105263,-0.07082521117608837,2,2,-0.0802173784629925,53,0.5736842105263158,0.531578947368421,0.4044607643138855,0.25,0.20224719101123595,2,0.3898470630416775
2025-08,2025,8,2025-05-25,monaco,stroll,Lance Stroll,aston_martin,Aston Martin,51,3,46,0.16842105263157897,0.32105263157894737,0.4057468774817703,-0.2210526315789474,-0.26842105263157895,-0.17107322296351207,2,1,-0.1684375257392307,53,0.27894736842105267,0.42105263157894746,0.4973009446693657,0.15,0.09497206703910614,2,0.5195681511470984
2025-08,2025,8,2025-05-25,monaco,tsunoda,Yuki Tsunoda,red_bull,Red Bull,52,3,46,0.4526315789473685,0.4736842105263158,0.42330184435447593,-0.3578947368421052,-0.12631578947368421,-0.03029564652371669,2,2,0.001890247504282602,53,0.7526315789473685,0.7736842105263159,0.8091703618019408,0.2,0.0989010989010989,2,0.7774827511669617
2025-09,2025,9,2025-06-01,catalunya,albon,Alexander Albon,williams,Williams,53,3,43,0.631578947368421,0.5947368421052632,0.48745767928593414,0.12631578947368421,0.07894736842105263,0.1543264942016057,2,2,0.150514962290163,54,0.5947368421052632,0.5552631578947369,0.40945528615546356,0.2,0.1956521739130435,2,0.3169244186393802
2025-09,2025,9,2025-06-01,catalunya,alonso,Fernando Alonso,aston_martin,Aston Martin,54,3,48,0.38947368421052636,0.43684210526315786,0.5628474478377012,0.2210526315789474,0.26842105263157895,0.17107322296351207,2,2,0.13877095641365472,54,0.2842105263157895,0.41052631578947374,0.4898282941396043,0.2,0.10810810810810811,2,0.4878177067426787
2025-09,2025,9,2025-06-01,catalunya,antonelli,Andrea Kimi Antonelli,mercedes,Mercedes,8,1,7,0.5578947368421053,0.6240601503759399,0.6240601503759399,-0.22105263157894733,-0.18796992481203006,-0.18796992481203004,0,0,-0.18796992481203004,54,0.6526315789473685,0.7157894736842105,0.7411658579071794,0.05,0.06914893617021277,2,0.7806565090999581
2025-09,2025,9,2025-06-01,catalunya,bearman,Oliver Bearman,haas,Haas F1 Team,11,2,10,0.4,0.4578947368421053,0.4483430799220273,-0.010526315789473651,-0.03289473684210524,-0.02870813397129184,0,0,-0.02870813397129184,54,0.41052631578947374,0.4421052631578948,0.39562674802949405,0.15,0.0851063829787234,2,0.3618912234472875
2025-09,2025,9,2025-06-01,catalunya,bortoleto,Gabriel Bortoleto,sauber,Sauber,8,1,6,0.1368421052631579,0.16666666666666666,0.16666666666666666,-0.09473684210526316,-0.09473684210526316,-0.09473684210526316,0,0,-0.09473684210526316,32,0.2263157894736842,0.3157894736842105,0.2580409356725146,0.15,0.09722222222222222,1,0.26432748538011697
2025-09,2025,9,2025-06-01,catalunya,colapinto,Franco Colapinto,alpine,Alpine F1 Team,11,2,8,0.3684210526315789,0.42105263157894735,0.4064327485380117,-0.013157894736842118,-0.013157894736842118,-0.02923976608187136,0,0,-0.02923976608187136,54,0.33684210526315794,0.41052631578947374,0.41341256366723256,0.25,0.15591397849462366,2,0.4537737305139682
2025-09,2025,9,2025-06-01,catalunya,gasly,Pierre Gasly,alpine,Alpine F1 Team,53,3,46,0.4526315789473685,0.5578947368421053,0.46722068328716526,0.2,0.1368421052631579,0.04687949381650849,2,2,0.03409417732109708,54,0.33684210526315794,0.41052631578947374,0.41341256366723256,0.25,0.15591397849462366,2,0.4537737305139682
2025-09,2025,9,2025-06-01,catalunya,hadjar,Isack Hadjar,rb,RB F1 Team,7,1,7,0.536842105263158,0.5413533834586467,0.5413533834586466,0.22105263157894744,0.22807017543859653,0.22807017543859656,0,0,0.22807017543859656,32,0.4736842105263158,0.41578947368421054,0.41056808688387636,0.05263157894736842,0.10638297872340426,1,0.36003341687552215
2025-09,2025,9,2025-06-01,catalunya,hamilton,Lewis Hamilton,ferrari,Ferrari,54,3,49,0.7473684210526316,0.7157894736842105,0.746749226006192,-0.07368421052631582,-0.10526315789473684,-0.03913630229419702,2,2,-0.014108698319224611,54,0.7842105263157895,0.7894736842105263,0.7897365135685656,0.0,0.053763440860215055,2,0.7705260768536936
2025-09,2025,9,2025-06-01,catalunya,hulkenberg,Nico Hülkenberg,sauber,Sauber,54,3,49,0.28421052631578947,0.42105263157894735,0.4048315232525759,0.09473684210526316,0.16842105263157894,0.09551656920077974,2,2,0.14123693071061494,32,0.2263157894736842,0.3157894736842105,0.2580409356725146,0.15,0.09722222222222222,1,0.26432748538011697
2025-09,2025,9,2025-06-01,catalunya,lawson,Liam Lawson,rb,RB F1 Team,19,3,17,0.3473684210526316,0.34210526315789475,0.3609022556390977,-0.22105263157894744,-0.23157894736842105,-0.1799660441426146,0,0,-0.1799660441426146,32,0.4736842105263158,0.41578947368421054,0.41056808688387636,0.05263157894736842,0.10638297872340426,1,0.36003341687552215
2025-09,2025,9,2025-06-01,catalunya,leclerc,Charles Leclerc,ferrari,Ferrari,53,3,47,0.8210526315789475,0.8263157894736842,0.8238652186020607,0.07368421052631582,0.07368421052631577,0.06505847953216373,2,2,0.02817650186071237,54,0.7842105263157895,0.7894736842105263,0.7897365135685656,0.0,0.053763440860215055,2,0.7705260768536936
2025-09,2025,9,2025-06-01,catalunya,max_verstappen,Max Verstappen,red_bull,Red Bull,54,3,53,0.8736842105263157,0.8894736842105264,0.9176201372997711,0.44210526315789467,0.42105263157894735,0.2853185595567867,2,2,0.2888441198690506,54,0.7105263157894737,0.7578947368421053,0.7993032225954959,0.2,0.09574468085106383,2,0.8133688508828487
2025-09,2025,9,2025-06-01,catalunya,norris,Lando Norris,mclaren,McLaren,54,3,53,0.9263157894736842,0.9052631578947368,0.818776331509778,-0.03157894736842104,0.03684210526315791,0.05737491877842756,2,2,0.0704353476283301,54,0.9421052631578947,0.8868421052631579,0.7881983327112106,0.0,0.02127659574468085,2,0.7454839548904498
2025-09,2025,9,2025-06-01,catalunya,ocon,Esteban Ocon,haas,Haas F1 Team,53,3,44,0.43157894736842106,0.4789473684210527,0.4279369309349323,0.010526315789473651,-0.010526315789473694,0.0028379772961816246,2,2,0.0020639834881320904,54,0.41052631578947374,0.4421052631578948,0.39562674802949405,0.15,0.0851063829787234,2,0.3618912234472875
2025-09,2025,9,2025-06-01,catalunya,piastri,Oscar Piastri,mclaren,McLaren,54,3,51,0.9578947368421054,0.868421052631579,0.7661461345671873,0.03157894736842104,-0.03684210526315791,-0.05737491877842756,2,2,-0.0704353476283301,54,0.9421052631578947,0.8868421052631579,0.7881983327112106,0.0,0.02127659574468085,2,0.7454839548904498
2025-09,2025,9,2025-06-01,catalunya,russell,George Russell,mercedes,Mercedes,54,3,49,0.7578947368421053,0.8,0.7557303219735161,0.22105263157894733,0.17368421052631577,0.06545209176788122,2,2,0.03324745430008585,54,0.6526315789473685,0.7157894736842105,0.7411658579071794,0.05,0.06914893617021277,2,0.7806565090999581
2025-09,2025,9,2025-06-01,catalunya,sainz,Carlos Sainz,williams,Williams,52,3,47,0.5368421052631579,0.6789473684210526,0.7230263157894737,-0.12631578947368421,-0.07894736842105263,-0.07009746588693955,2,2,-0.03184121920964023,54,0.5947368421052632,0.5552631578947369,0.40945528615546356,0.2,0.1956521739130435,2,0.3169244186393802
2025-09,2025,9,2025-06-01,catalunya,tsunoda,Yuki Tsunoda,red_bull,Red Bull,53,3,47,0.4421052631578948,0.42105263157894746,0.4134719514836474,-0.44210526315789467,-0.16842105263157894,-0.0564522417153996,2,2,-0.06976430976430975,54,0.7105263157894737,0.7578947368421053,0.7993032225954959,0.2,0.09574468085106383,2,0.8133688508828487
2025-10,2025,10,2025-06-15,villeneuve,albon,Alexander Albon,williams,Williams,54,3,43,0.631578947368421,0.5947368421052632,0.48745767928593414,0.12631578947368421,0.07894736842105263,0.1543264942016057,2,1,0.1543264942016057,55,0.5660818713450293,0.5567251461988304,0.405161454360539,0.2,0.20526315789473684,2,0.4361669068000113
2025-10,2025,10,2025-06-15,villeneuve,alonso,Fernando Alonso,aston_martin,Aston Martin,55,3,49,0.40584795321637424,0.45555555555555555,0.5625870231133389,0.2210526315789474,0.26842105263157895,0.17107322296351207,2,2,0.1674790903849466,55,0.3532163742690059,0.3976608187134503,0.49186109603906675,0.15789473684210525,0.10638297872340426,2,0.5562817540571203
2025-10,2025,10,2025-06-15,villeneuve,antonelli,Andrea Kimi Antonelli,mercedes,Mercedes,9,1,7,0.5578947368421053,0.6240601503759399,0.6240601503759399,-0.22105263157894733,-0.18796992481203006,-0.18796992481203004,0,0,-0.18796992481203004,55,0.6771929824561405,0.7359649122807018,0.7440163983842769,0.1,0.08247422680412371,2,0.7803372849493306
2025-10,2025,10,2025-06-15,villeneuve,bearman,Oliver Bearman,haas,Haas F1 Team,12,2,11,0.31695906432748544,0.40058479532163743,0.41461988304093567,0.009941520467836317,-0.035412605588044155,-0.031929824561403475,0,0,-0.031929824561403475,55,0.322514619883041,0.39809941520467834,0.38751923668821175,0.1,0.08247422680412371,2,0.38231064103640283
2025-10,2025,10,2025-06-15,villeneuve,bortoleto,Gabriel Bortoleto,sauber,Sauber,9,1,7,0.20409356725146197,0.1984126984126984,0.19841269841269837,-0.18304093567251462,-0.14376218323586745,-0.14376218323586745,0,0,-0.14376218323586745,33,0.3219298245614035,0.318859649122807,0.2710526315789474,0.15,0.09333333333333334,1,0.28
2025-10,2025,10,2025-06-15,villeneuve,colapinto,Franco Colapinto,alpine,Alpine F1 Team,12,2,9,0.30760233918128654,0.39896036387264455,0.3801169590643275,-0.08830409356725148,-0.08830409356725148,-0.11915204678362577,0,0,-0.11915204678362577,55,0.3201754385964913,0.37324561403508777,0.4135142543859649,0.2,0.15104166666666666,2,0.44906299840510366
2025-10,2025,10,2025-06-15,villeneuve,gasly,Pierre Gasly,alpine,Alpine F1 Team,54,3,47,0.48011695906432755,0.5769005847953217,0.47268487674883414,0.2883040935672515,0.18099415204678362,0.06291118421052633,2,2,0.03618421052631579,55,0.3201754385964913,0.37324561403508777,0.4135142543859649,0.2,0.15104166666666666,2,0.44906299840510366
2025-10,2025,10,2025-06-15,villeneuve,hadjar,Isack Hadjar,rb,RB F1 Team,8,1,8,0.5964912280701755,0.5570175438596492,0.5570175438596491,0.17076023391812872,0.22723475355054307,0.22723475355054307,0,0,0.22723475355054307,33,0.5269005847953216,0.4371345029239766,0.41652647600737003,0.05263157894736842,0.10204081632653061,1,0.4279580229111592
2025-10,2025,10,2025-06-15,villeneuve,hamilton,Lewis Hamilton,ferrari,Ferrari,55,3,50,0.7339181286549707,0.6932748538011696,0.7459130781499203,-0.09649122807017547,-0.11666666666666665,-0.04385964912280701,2,2,-0.0456140350877193,55,0.7821637426900585,0.783187134502924,0.7902523518942283,0.0,0.052083333333333336,2,0.793089809870893
2025-10,2025,10,2025-06-15,villeneuve,hulkenberg,Nico Hülkenberg,sauber,Sauber,55,3,50,0.3976608187134503,0.4409356725146199,0.41769173892585876,0.18304093567251462,0.15467836257309941,0.10680011995801471,2,2,0.09681157049578104,33,0.3219298245614035,0.318859649122807,0.2710526315789474,0.15,0.09333333333333334,1,0.28
2025-10,2025,10,2025-06-15,villeneuve,lawson,Liam Lawson,rb,RB F1 Team,20,3,18,0.40467836257309936,0.3286549707602339,0.36749769159741463,-0.17076023391812872,-0.24327485380116962,-0.18369453044375647,0,0,-0.18369453044375647,33,0.5269005847953216,0.4371345029239766,0.41652647600737003,0.05263157894736842,0.10204081632653061,1,0.4279580229111592
2025-10,2025,10,2025-06-15,villeneuve,leclerc,Charles Leclerc,ferrari,Ferrari,54,3,48,0.8304093567251462,0.8309941520467836,0.8261074141291926,0.09649122807017547,0.09561403508771929,0.06873106460931444,2,1,0.06694223286909821,55,0.7821637426900585,0.783187134502924,0.7902523518942283,0.0,0.052083333333333336,2,0.793089809870893
2025-10,2025,10,2025-06-15,villeneuve,max_verstappen,Max Verstappen,red_bull,Red Bull,55,3,54,0.8263157894736842,0.8394736842105264,0.9044321329639889,0.35964912280701744,0.41666666666666663,0.2808127914723517,2,2,0.2788511362795173,55,0.6622807017543859,0.6995614035087719,0.7874691023090372,0.15,0.09278350515463918,2,0.8334703519185342
2025-10,2025,10,2025-06-15,villeneuve,norris,Lando Norris,mclaren,McLaren,55,3,54,0.9362573099415205,0.947076023391813,0.8227034600389863,-0.02163742690058479,0.06812865497076023,0.053732000251524886,2,2,0.05821657434560663,55,0.9470760233918127,0.9130116959064327,0.7938897932115513,0.0,0.020618556701030927,2,0.7735466438667742
2025-10,2025,10,2025-06-15,villeneuve,ocon,Esteban Ocon,haas,Haas F1 Team,54,3,45,0.443859649122807,0.4587719298245614,0.41837826272999573,-0.009941520467836317,-0.026023391812865514,0.005065480602915731,2,2,0.013253363883460255,55,0.322514619883041,0.39809941520467834,0.38751923668821175,0.1,0.08247422680412371,2,0.38231064103640283
2025-10,2025,10,2025-06-15,villeneuve,piastri,Oscar Piastri,mclaren,McLaren,55,3,52,0.9578947368421054,0.8789473684210526,0.7736095558044047,0.02163742690058479,-0.06812865497076023,-0.053732000251524886,2,2,-0.05821657434560663,55,0.9470760233918127,0.9130116959064327,0.7938897932115513,0.0,0.020618556701030927,2,0.7735466438667742
2025-10,2025,10,2025-06-15,villeneuve,russell,George Russell,mercedes,Mercedes,55,3,50,0.7350877192982457,0.7991228070175438,0.7583170890188433,0.22105263157894733,0.17368421052631577,0.06545209176788122,2,1,0.06288798920377867,55,0.6771929824561405,0.7359649122807018,0.7440163983842769,0.1,0.08247422680412371,2,0.7803372849493306
2025-10,2025,10,2025-06-15,villeneuve,sainz,Carlos Sainz,williams,Williams,53,3,48,0.5292397660818714,0.6067251461988304,0.7069329951384485,-0.12631578947368421,-0.07894736842105263,-0.07009746588693955,2,1,-0.06815681178254275,55,0.5660818713450293,0.5567251461988304,0.405161454360539,0.2,0.20526315789473684,2,0.4361669068000113
2025-10,2025,10,2025-06-15,villeneuve,stroll,Lance Stroll,aston_martin,Aston Martin,52,3,47,0.2210526315789474,0.3,0.4006544138123086,-0.2210526315789474,-0.26842105263157895,-0.17107322296351207,2,2,-0.1674790903849466,55,0.3532163742690059,0.3976608187134503,0.49186109603906675,0.15789473684210525,0.10638297872340426,2,0.5562817540571203
2025-10,2025,10,2025-06-15,villeneuve,tsunoda,Yuki Tsunoda,red_bull,Red Bull,54,3,48,0.42456140350877203,0.39649122807017545,0.41060985797827904,-0.35964912280701744,-0.19561403508771927,-0.06069125805967909,2,2,-0.08241660873239819,55,0.6622807017543859,0.6995614035087719,0.7874691023090372,0.15,0.09278350515463918,2,0.8334703519185342
2025-11,2025,11,2025-06-29,red_bull_ring,albon,Alexander Albon,williams,Williams,55,3,43,0.631578947368421,0.5947368421052632,0.48745767928593414,0.12631578947368421,0.07894736842105263,0.1543264942016057,2,2,0.16008434028059362,56,0.5502923976608187,0.5619883040935673,0.4089873807325331,0.2,0.21428571428571427,2,0.36443101373849296
2025-11,2025,11,2025-06-29,red_bull_ring,alonso,Fernando Alonso,aston_martin,Aston Martin,56,3,50,0.4900584795321638,0.4923976608187135,0.5667809370168717,0.23157894736842105,0.25263157894736843,0.18547494863284336,2,2,0.10618273776168512,56,0.3690058479532164,0.3950292397660819,0.48973684210526314,0.15789473684210525,0.10309278350515463,2,0.4614354066985646
2025-11,2025,11,2025-06-29,red_bull_ring,antonelli,Andrea Kimi Antonelli,mercedes,Mercedes,10,1,8,0.5894736842105264,0.6578947368421053,0.6578947368421053,-0.23157894736842105,-0.17763157894736842,-0.1776315789473684,0,0,-0.1776315789473684,56,0.7140350877192982,0.749122807017544,0.7501169590643275,0.1,0.08,2,0.7728123338649655
2025-11,2025,11,2025-06-29,red_bull_ring,bearman,Oliver Bearman,haas,Haas F1 Team,13,2,12,0.3064327485380117,0.39532163742690063,0.41998936735778847,-0.09532163742690054,-0.04239766081871342,-0.039786967418546336,0,0,-0.039786967418546336,56,0.3593567251461988,0.408625730994152,0.3917681107530732,0.1,0.08,2,0.4188935542319001
2025-11,2025,11,2025-06-29,red_bull_ring,bortoleto,Gabriel Bortoleto,sauber,Sauber,10,1,8,0.2461988304093567,0.21308479532163743,0.2130847953216374,-0.21461988304093568,-0.16833751044277362,-0.16833751044277362,0,0,-0.16833751044277362,34,0.37982456140350873,0.32938596491228067,0.27884615384615385,0.1,0.08974358974358974,1,0.25991902834008096
2025-11,2025,11,2025-06-29,red_bull_ring,colapinto,Franco Colapinto,alpine,Alpine F1 Team,13,2,10,0.2970760233918129,0.39590643274853804,0.37865497076023397,-0.03567251461988306,-0.05604288499025343,-0.07426900584795325,0,0,-0.07426900584795325,56,0.3517543859649123,0.35745614035087725,0.4105528973950027,0.2,0.14646464646464646,2,0.4229858392537819
2025-11,2025,11,2025-06-29,red_bull_ring,gasly,Pierre Gasly,alpine,Alpine F1 Team,55,3,48,0.4590643274853802,0.5505847953216374,0.4650192554557125,0.18304093567251464,0.15467836257309941,0.0553809897879026,2,2,0.0785545954438335,56,0.3517543859649123,0.35745614035087725,0.4105528973950027,0.2,0.14646464646464646,2,0.4229858392537819
2025-11,2025,11,2025-06-29,red_bull_ring,hadjar,Isack Hadjar,rb,RB F1 Team,9,1,9,0.5333333333333334,0.5185185185185186,0.5185185185185185,0.17076023391812872,0.22723475355054307,0.22723475355054307,0,0,0.22723475355054307,34,0.4742690058479532,0.42923976608187137,0.40839489073561097,0.10526315789473684,0.11764705882352941,1,0.41618959679901507
2025-11,2025,11,2025-06-29,red_bull_ring,hamilton,Lewis Hamilton,ferrari,Ferrari,56,3,51,0.7444444444444445,0.7248538011695906,0.7456140350877193,-0.06491228070175441,-0.07982456140350877,-0.04417293233082705,2,2,-0.06561859193438141,56,0.7769005847953216,0.7752923976608187,0.7893967374576794,0.0,0.050505050505050504,2,0.7750636559500826
2025-11,2025,11,2025-06-29,red_bull_ring,hulkenberg,Nico Hülkenberg,sauber,Sauber,56,3,51,0.47134502923976607,0.4409356725146199,0.4248213125406108,0.21461988304093568,0.17046783625730993,0.11454046639231825,2,1,0.11268500469280199,34,0.37982456140350873,0.32938596491228067,0.27884615384615385,0.1,0.08974358974358974,1,0.25991902834008096
2025-11,2025,11,2025-06-29,red_bull_ring,lawson,Liam Lawson,rb,RB F1 Team,21,3,18,0.40467836257309936,0.3286549707602339,0.36749769159741463,-0.17076023391812872,-0.24327485380116962,-0.18369453044375647,0,0,-0.18369453044375647,34,0.4742690058479532,0.42923976608187137,0.40839489073561097,0.10526315789473684,0.11764705882352941,1,0.41618959679901507
2025-11,2025,11,2025-06-29,red_bull_ring,leclerc,Charles Leclerc,ferrari,Ferrari,55,3,49,0.8093567251461989,0.8152046783625732,0.8248862897985704,0.06491228070175441,0.07982456140350876,0.06816945464436283,2,2,-0.007838482746683488,56,0.7769005847953216,0.7752923976608187,0.7893967374576794,0.0,0.050505050505050504,2,0.7750636559500826
2025-11,2025,11,2025-06-29,red_bull_ring,max_verstappen,Max Verstappen,red_bull,Red Bull,56,3,55,0.8263157894736842,0.8605263157894736,0.9057465091299679,0.4333333333333333,0.41140350877192977,0.2897946084724005,2,2,0.2394678492239468,56,0.6096491228070176,0.6942982456140351,0.7843713450292398,0.1,0.09,2,0.7905475810738968
2025-11,2025,11,2025-06-29,red_bull_ring,norris,Lando Norris,mclaren,McLaren,56,3,55,0.788888888888889,0.8576023391812866,0.8009628448224939,-0.1374269005847953,-0.052923976608187116,0.02902655945419105,2,2,-0.09372231082757398,56,0.8576023391812866,0.8840643274853802,0.7842836257309942,0.0,0.02,2,0.7043593833067517
2025-11,2025,11,2025-06-29,red_bull_ring,ocon,Esteban Ocon,haas,Haas F1 Team,55,3,46,0.4333333333333333,0.4219298245614035,0.4240454076367389,0.09532163742690054,0.016081871345029218,0.009127548601232802,2,2,-0.03163929479718957,56,0.3593567251461988,0.408625730994152,0.3917681107530732,0.1,0.08,2,0.4188935542319001
2025-11,2025,11,2025-06-29,red_bull_ring,piastri,Oscar Piastri,mclaren,McLaren,56,3,53,0.9263157894736842,0.9105263157894736,0.7757279797431724,0.1374269005847953,0.052923976608187116,-0.02902655945419105,2,2,0.09372231082757398,56,0.8576023391812866,0.8840643274853802,0.7842836257309942,0.0,0.02,2,0.7043593833067517
2025-11,2025,11,2025-06-29,red_bull_ring,russell,George Russell,mercedes,Mercedes,56,3,51,0.7771929824561404,0.8201754385964912,0.7661133119537193,0.23157894736842105,0.1789473684210526,0.0669265756985055,2,2,0.08216669620178392,56,0.7140350877192982,0.749122807017544,0.7501169590643275,0.1,0.08,2,0.7728123338649655
2025-11,2025,11,2025-06-29,red_bull_ring,sainz,Carlos Sainz,williams,Williams,54,3,49,0.5081871345029241,0.5698830409356725,0.7006323949408405,-0.12631578947368421,-0.07894736842105263,-0.07009746588693955,2,2,0.00643629275208224,56,0.5502923976608187,0.5619883040935673,0.4089873807325331,0.2,0.21428571428571427,2,0.36443101373849296
2025-11,2025,11,2025-06-29,red_bull_ring,stroll,Lance Stroll,aston_martin,Aston Martin,53,3,48,0.2210526315789474,0.2894736842105263,0.39228339046850846,-0.23157894736842105,-0.25263157894736843,-0.18547494863284336,2,2,-0.10618273776168512,56,0.3690058479532164,0.3950292397660819,0.48973684210526314,0.15789473684210525,0.10309278350515463,2,0.4614354066985646
2025-11,2025,11,2025-06-29,red_bull_ring,tsunoda,Yuki Tsunoda,red_bull,Red Bull,55,3,49,0.39298245614035093,0.4017543859649123,0.4109699536196814,-0.4333333333333333,-0.2850877192982456,-0.07793661107501262,2,2,-0.114097439633502,56,0.6096491228070176,0.6942982456140351,0.7843713450292398,0.1,0.09,2,0.7905475810738968
2025-12,2025,12,2025-07-06,silverstone,albon,Alexander Albon,williams,Williams,56,3,43,0.631578947368421,0.5947368421052632,0.48745767928593414,0.12631578947368421,0.07894736842105263,0.1543264942016057,2,2,0.14573027329494767,57,0.5502923976608187,0.5619883040935673,0.4089873807325331,0.21052631578947367,0.22613065326633167,2,0.4433783821595456
2025-12,2025,12,2025-07-06,silverstone,alonso,Fernando Alonso,aston_martin,Aston Martin,57,3,51,0.5321637426900585,0.5134502923976608,0.570695256660169,0.28421052631578947,0.2578947368421053,0.1926027189185084,2,2,0.16399814964408266,57,0.4216374269005848,0.3713450292397661,0.49003576903423607,0.10526315789473684,0.1,2,0.5214614205416453
2025-12,2025,12,2025-07-06,silverstone,antonelli,Andrea Kimi Antonelli,mercedes,Mercedes,11,1,8,0.5894736842105264,0.6578947368421053,0.6578947368421053,-0.23157894736842105,-0.17763157894736842,-0.1776315789473684,0,0,-0.1776315789473684,57,0.7087719298245615,0.7412280701754386,0.7512632714472265,0.15,0.09223300970873786,2,0.8047464940668825
2025-12,2025,12,2025-07-06,silverstone,bearman,Oliver Bearman,haas,Haas F1 Team,14,2,13,0.3274853801169591,0.40058479532163743,0.4244639376218324,-0.0847953216374269,-0.026608187134502904,-0.041029994340690414,0,0,-0.041029994340690414,57,0.37514619883040934,0.4244152046783626,0.3949829193445661,0.1,0.07766990291262135,2,0.4260162858391103
2025-12,2025,12,2025-07-06,silverstone,bortoleto,Gabriel Bortoleto,sauber,Sauber,11,1,9,0.35146198830409353,0.2595841455490578,0.2595841455490578,-0.17251461988304095,-0.14071637426900585,-0.14071637426900588,0,0,-0.14071637426900588,35,0.43771929824561406,0.32149122807017544,0.2909356725146199,0.05,0.08641975308641975,1,0.2695906432748538
2025-12,2025,12,2025-07-06,silverstone,colapinto,Franco Colapinto,alpine,Alpine F1 Team,14,2,11,0.2865497076023392,0.3801169590643275,0.36582196231319036,-0.046198830409356725,-0.06307435254803677,-0.07943469785575051,0,0,-0.07943469785575051,57,0.3412280701754386,0.3416666666666667,0.40776573787409703,0.15,0.14215686274509803,2,0.3444037902242237
2025-12,2025,12,2025-07-06,silverstone,gasly,Pierre Gasly,alpine,Alpine F1 Team,56,3,49,0.3959064327485381,0.49795321637426904,0.461609907120743,0.18304093567251464,0.18625730994152048,0.05751879699248121,1,1,0.05751879699248121,57,0.3412280701754386,0.3416666666666667,0.40776573787409703,0.15,0.14215686274509803,2,0.3444037902242237
2025-12,2025,12,2025-07-06,silverstone,hadjar,Isack Hadjar,rb,RB F1 Team,10,1,10,0.5228070175438597,0.5087719298245614,0.5087719298245614,0.07602339181286555,0.15935672514619886,0.15935672514619886,0,0,0.15935672514619886,35,0.4953216374269006,0.4450292397660819,0.41487156710341255,0.1,0.11320754716981132,1,0.4213709378932563
2025-12,2025,12,2025-07-06,silverstone,hamilton,Lewis Hamilton,ferrari,Ferrari,57,3,52,0.7865497076023391,0.7248538011695906,0.7486935423665546,-0.06491228070175441,-0.09035087719298245,-0.044464609800362966,2,2,-0.0278281911675741,57,0.8190058479532164,0.770029239766082,0.7918158491466761,0.0,0.049019607843137254,2,0.7265837754559559
2025-12,2025,12,2025-07-06,silverstone,hulkenberg,Nico Hülkenberg,sauber,Sauber,57,3,52,0.5239766081871344,0.4356725146198831,0.4297931207948186,0.17251461988304095,0.1757309941520468,0.10857003620161516,2,2,0.15001392369813424,35,0.43771929824561406,0.32149122807017544,0.2909356725146199,0.05,0.08641975308641975,1,0.2695906432748538
2025-12,2025,12,2025-07-06,silverstone,lawson,Liam Lawson,rb,RB F1 Team,22,3,19,0.5099415204678363,0.38128654970760234,0.3945228925973471,-0.07602339181286555,-0.17485380116959065,-0.14319582740635373,0,0,-0.14319582740635373,35,0.4953216374269006,0.4450292397660819,0.41487156710341255,0.1,0.11320754716981132,1,0.4213709378932563
2025-12,2025,12,2025-07-06,silverstone,leclerc,Charles Leclerc,ferrari,Ferrari,56,3,50,0.8514619883040936,0.8152046783625732,0.827139533421367,0.06491228070175441,0.09035087719298245,0.06764570602536302,2,2,-0.032142835809305374,57,0.8190058479532164,0.770029239766082,0.7918158491466761,0.0,0.049019607843137254,2,0.7265837754559559
2025-12,2025,12,2025-07-06,silverstone,max_verstappen,Max Verstappen,red_bull,Red Bull,57,3,55,0.8263157894736842,0.8605263157894736,0.9057465091299679,0.4333333333333333,0.41140350877192977,0.2897946084724005,2,2,0.3782238300851908,57,0.5149122807017543,0.6206140350877194,0.7676574121387613,0.1,0.10194174757281553,2,0.737722137057855
2025-12,2025,12,2025-07-06,silverstone,norris,Lando Norris,mclaren,McLaren,57,3,56,0.7994152046783626,0.8576023391812866,0.8068168787983029,-0.11637426900584795,-0.08976608187134502,0.029741863075196422,2,2,0.04076920185373139,57,0.8576023391812866,0.9024853801169591,0.7898001476182366,0.0,0.019417475728155338,2,0.8136345571194831
2025-12,2025,12,2025-07-06,silverstone,ocon,Esteban Ocon,haas,Haas F1 Team,56,3,47,0.4754385964912281,0.4587719298245614,0.4275318979266348,0.0847953216374269,0.037134502923976596,0.010822510822510815,2,1,0.010822510822510815,57,0.37514619883040934,0.4244152046783626,0.3949829193445661,0.1,0.07766990291262135,2,0.4260162858391103
2025-12,2025,12,2025-07-06,silverstone,piastri,Oscar Piastri,mclaren,McLaren,57,3,54,0.9157894736842106,0.9473684210526315,0.7808771929824562,0.11637426900584795,0.08976608187134502,-0.029741863075196422,2,2,-0.04076920185373139,57,0.8576023391812866,0.9024853801169591,0.7898001476182366,0.0,0.019417475728155338,2,0.8136345571194831
2025-12,2025,12,2025-07-06,silverstone,russell,George Russell,mercedes,Mercedes,57,3,52,0.756140350877193,0.8096491228070176,0.7668433235867447,0.23157894736842105,0.1789473684210526,0.0669265756985055,2,1,0.04779438307703413,57,0.7087719298245615,0.7412280701754386,0.7512632714472265,0.15,0.09223300970873786,2,0.8047464940668825
2025-12,2025,12,2025-07-06,silverstone,sainz,Carlos Sainz,williams,Williams,54,3,49,0.5081871345029241,0.5698830409356725,0.7006323949408405,-0.12631578947368421,-0.07894736842105263,-0.07009746588693955,2,2,0.03035973772815881,57,0.5502923976608187,0.5619883040935673,0.4089873807325331,0.21052631578947367,0.22613065326633167,2,0.4433783821595456
2025-12,2025,12,2025-07-06,silverstone,stroll,Lance Stroll,aston_martin,Aston Martin,54,3,49,0.24210526315789477,0.2894736842105263,0.3897335932423652,-0.28421052631578947,-0.2578947368421053,-0.1926027189185084,2,2,-0.16399814964408266,57,0.4216374269005848,0.3713450292397661,0.49003576903423607,0.10526315789473684,0.1,2,0.5214614205416453
2025-12,2025,12,2025-07-06,silverstone,tsunoda,Yuki Tsunoda,red_bull,Red Bull,56,3,50,0.3298245614035088,0.38070175438596493,0.4042884990253412,-0.4333333333333333,-0.2850877192982456,-0.07793661107501262,2,2,-0.02318834872441109,57,0.5149122807017543,0.6206140350877194,0.7676574121387613,0.1,0.10194174757281553,2,0.737722137057855
2025-13,2025,13,2025-07-27,spa,albon,Alexander Albon,williams,Williams,57,3,44,0.6736842105263158,0.631578947368421,0.49293063883337035,0.11578947368421053,0.08947368421052632,0.15704584040747027,2,2,0.17641611359777742,58,0.5187134502923977,0.5356725146198831,0.41257906671440514,0.21052631578947367,0.21951219512195122,2,0.37422018249085925
2025-13,2025,13,2025-07-27,spa,alonso,Fernando Alonso,aston_martin,Aston Martin,58,3,52,0.5953216374269006,0.5029239766081871,0.5709614538137459,0.21052631578947373,0.2368421052631579,0.1814327485380117,2,2,0.1797979797979798,58,0.4742690058479532,0.37660818713450295,0.4940417080436942,0.05263157894736842,0.0970873786407767,2,0.5219824862327346
2025-13,2025,13,2025-07-27,spa,antonelli,Andrea Kimi Antonelli,mercedes,Mercedes,12,1,8,0.5894736842105264,0.6578947368421053,0.6578947368421053,-0.23157894736842105,-0.17763157894736842,-0.1776315789473684,0,0,-0.1776315789473684,58,0.6771929824561405,0.712280701754386,0.7448968332781639,0.2,0.10377358490566038,2,0.7953316682214399
2025-13,2025,13,2025-07-27,spa,bearman,Oliver Bearman,haas,Haas F1 Team,15,2,14,0.3906432748538012,0.41637426900584795,0.4282501124606388,-0.07426900584795322,-0.021345029239766066,-0.028121775025799774,0,0,-0.028121775025799774,58,0.42777777777777776,0.39546783625730997,0.395734930274404,0.1,0.07547169811320754,2,0.3428311454627244
2025-13,2025,13,2025-07-27,spa,bortoleto,Gabriel Bortoleto,sauber,Sauber,12,1,9,0.35146198830409353,0.2595841455490578,0.2595841455490578,-0.17251461988304095,-0.14071637426900585,-0.14071637426900588,0,0,-0.14071637426900588,36,0.5640350877192982,0.3820175438596491,0.3125,0.1,0.10119047619047619,1,0.3026315789473684
2025-13,2025,13,2025-07-27,spa,colapinto,Franco Colapinto,alpine,Alpine F1 Team,14,2,11,0.2865497076023392,0.3801169590643275,0.36582196231319036,-0.046198830409356725,-0.06307435254803677,-0.07943469785575051,0,0,-0.07943469785575051,58,0.430701754385965,0.3785087719298246,0.41716791979949874,0.15789473684210525,0.14009661835748793,2,0.4397584871269082
2025-13,2025,13,2025-07-27,spa,gasly,Pierre Gasly,alpine,Alpine F1 Team,57,3,50,0.46959064327485384,0.49269005847953223,0.47099282296650724,0.18304093567251464,0.18625730994152048,0.05751879699248121,2,2,-0.010799726589200259,58,0.430701754385965,0.3785087719298246,0.41716791979949874,0.15789473684210525,0.14009661835748793,2,0.4397584871269082
2025-13,2025,13,2025-07-27,spa,hadjar,Isack Hadjar,rb,RB F1 Team,11,1,10,0.5228070175438597,0.5087719298245614,0.5087719298245614,0.07602339181286555,0.15935672514619886,0.15935672514619886,0,0,0.15935672514619886,36,0.4953216374269006,0.4450292397660819,0.41487156710341255,0.2,0.14545454545454545,1,0.4055814642090459
2025-13,2025,13,2025-07-27,spa,hamilton,Lewis Hamilton,ferrari,Ferrari,58,3,53,0.7865497076023391,0.7564327485380117,0.7515825646590704,0.019298245614035082,-0.02719298245614036,-0.025438596491228063,2,2,-0.010916179337231975,58,0.7769005847953216,0.770029239766082,0.7854930229865092,0.0,0.047619047619047616,2,0.8009327248514325
2025-13,2025,13,2025-07-27,spa,hulkenberg,Nico Hülkenberg,sauber,Sauber,58,3,53,0.6187134502923977,0.4567251461988304,0.44432261208577,0.17251461988304095,0.1757309941520468,0.10857003620161516,2,2,0.02632844738107897,36,0.5640350877192982,0.3820175438596491,0.3125,0.1,0.10119047619047619,1,0.3026315789473684
2025-13,2025,13,2025-07-27,spa,lawson,Liam Lawson,rb,RB F1 Team,23,3,19,0.5099415204678363,0.38128654970760234,0.3945228925973471,-0.07602339181286555,-0.17485380116959065,-0.14319582740635373,0,0,-0.14319582740635373,36,0.4953216374269006,0.4450292397660819,0.41487156710341255,0.2,0.14545454545454545,1,0.4055814642090459
2025-13,2025,13,2025-07-27,spa,leclerc,Charles Leclerc,ferrari,Ferrari,57,3,51,0.7672514619883041,0.783625730994152,0.8111598440545809,-0.019298245614035082,0.02719298245614036,0.04827739638952452,2,2,0.07020086448004066,58,0.7769005847953216,0.770029239766082,0.7854930229865092,0.0,0.047619047619047616,2,0.8009327248514325
2025-13,2025,13,2025-07-27,spa,max_verstappen,Max Verstappen,red_bull,Red Bull,58,3,56,0.8157894736842106,0.8447368421052632,0.9022928608650339,0.4754385964912281,0.41140350877192977,0.2981424148606811,2,2,0.2503236701379116,58,0.4675438596491229,0.6100877192982457,0.7608269888557873,0.1,0.09905660377358491,2,0.7806014464405725
2025-13,2025,13,2025-07-27,spa,norris,Lando Norris,mclaren,McLaren,58,3,57,0.8099415204678362,0.8628654970760234,0.8123363965469228,-0.11637426900584798,-0.07923976608187135,0.030415090012613243,2,2,-0.007246875358330468,58,0.8681286549707602,0.9024853801169591,0.7950044135495973,0.0,0.018867924528301886,2,0.798280721815975
2025-13,2025,13,2025-07-27,spa,ocon,Esteban Ocon,haas,Haas F1 Team,57,3,48,0.46491228070175444,0.4587719298245614,0.4255831887410835,0.07426900584795322,0.021345029239766066,0.006469298245614029,2,2,0.0573365231259968,58,0.42777777777777776,0.39546783625730997,0.395734930274404,0.1,0.07547169811320754,2,0.3428311454627244
2025-13,2025,13,2025-07-27,spa,piastri,Oscar Piastri,mclaren,McLaren,58,3,55,0.9263157894736842,0.9421052631578947,0.7857264520524613,0.11637426900584798,0.07923976608187135,-0.030415090012613243,2,1,0.007246875358330468,58,0.8681286549707602,0.9024853801169591,0.7950044135495973,0.0,0.018867924528301886,2,0.798280721815975
2025-13,2025,13,2025-07-27,spa,russell,George Russell,mercedes,Mercedes,58,3,53,0.724561403508772,0.7728070175438597,0.7595546104318035,0.23157894736842105,0.1789473684210526,0.0669265756985055,2,1,0.047794383077034146,58,0.6771929824561405,0.712280701754386,0.7448968332781639,0.2,0.10377358490566038,2,0.7953316682214399
2025-13,2025,13,2025-07-27,spa,sainz,Carlos Sainz,williams,Williams,55,3,50,0.476608187134503,0.5383040935672515,0.6912083579735857,-0.11578947368421053,-0.11052631578947367,-0.07549857549857548,2,1,-0.09197780776728143,58,0.5187134502923977,0.5356725146198831,0.41257906671440514,0.21052631578947367,0.21951219512195122,2,0.37422018249085925
2025-13,2025,13,2025-07-27,spa,stroll,Lance Stroll,aston_martin,Aston Martin,55,3,50,0.33684210526315794,0.28421052631578947,0.39923284914795953,-0.21052631578947373,-0.2368421052631579,-0.1814327485380117,2,2,-0.1797979797979798,58,0.4742690058479532,0.37660818713450295,0.4940417080436942,0.05263157894736842,0.0970873786407767,2,0.5219824862327346
2025-13,2025,13,2025-07-27,spa,tsunoda,Yuki Tsunoda,red_bull,Red Bull,57,3,51,0.2771929824561404,0.3649122807017544,0.3997358988870025,-0.4754385964912281,-0.34298245614035083,-0.09395015316067948,2,2,-0.09703551808814968,58,0.4675438596491229,0.6100877192982457,0.7608269888557873,0.1,0.09905660377358491,2,0.7806014464405725
2025-14,2025,14,2025-08-03,hungaroring,albon,Alexander Albon,williams,Williams,58,3,45,0.7052631578947368,0.6578947368421053,0.5018542290686064,0.25263157894736843,0.1368421052631579,0.17894736842105263,2,2,0.19234449760765548,59,0.46081871345029246,0.5172514619883042,0.4128307567598865,0.21052631578947367,0.2132701421800948,2,0.36961854080144857
2025-14,2025,14,2025-08-03,hungaroring,alonso,Fernando Alonso,aston_martin,Aston Martin,59,3,53,0.5321637426900585,0.46081871345029246,0.558053118908382,0.16842105263157897,0.2,0.16916789966885085,2,2,0.11824651076394893,59,0.46900584795321637,0.37660818713450295,0.48696281989377116,0.05263157894736842,0.09433962264150944,2,0.49530310346341255
2025-14,2025,14,2025-08-03,hungaroring,antonelli,Andrea Kimi Antonelli,mercedes,Mercedes,13,1,9,0.5368421052631579,0.6081871345029239,0.608187134502924,-0.25263157894736843,-0.2222222222222222,-0.2222222222222222,0,0,-0.2222222222222222,59,0.7192982456140351,0.6859649122807018,0.7381565534631687,0.2,0.10091743119266056,2,0.7473674455808691
2025-14,2025,14,2025-08-03,hungaroring,bearman,Oliver Bearman,haas,Haas F1 Team,16,2,15,0.4011695906432749,0.40058479532163743,0.4314954051796157,0.020467836257309947,0.004970760233918148,-0.008771929824561386,0,0,-0.008771929824561386,59,0.3909356725146199,0.4007309941520468,0.3949691206208668,0.1,0.07339449541284404,2,0.36619763796350124
2025-14,2025,14,2025-08-03,hungaroring,bortoleto,Gabriel Bortoleto,sauber,Sauber,13,1,10,0.4461988304093567,0.2915204678362573,0.2915204678362573,-0.07777777777777779,-0.10753736192332684,-0.10753736192332684,0,0,-0.10753736192332684,37,0.6114035087719298,0.41885964912280704,0.31896551724137934,0.1,0.09770114942528736,1,0.2814882032667877
2025-14,2025,14,2025-08-03,hungaroring,colapinto,Franco Colapinto,alpine,Alpine F1 Team,15,2,12,0.2549707602339182,0.32222222222222224,0.33450292397660825,-0.20409356725146202,-0.11440058479532166,-0.1357560568086884,0,0,-0.1357560568086884,59,0.41491228070175445,0.37587719298245614,0.4136208576998051,0.15789473684210525,0.13615023474178403,2,0.35194931773879146
2025-14,2025,14,2025-08-03,hungaroring,gasly,Pierre Gasly,alpine,Alpine F1 Team,58,3,51,0.5011695906432749,0.4769005847953217,0.47281665702718334,0.20409356725146202,0.202046783625731,0.07462148521989907,2,0,0.07462148521989907,59,0.41491228070175445,0.37587719298245614,0.4136208576998051,0.15789473684210525,0.13615023474178403,2,0.35194931773879146
2025-14,2025,14,2025-08-03,hungaroring,hadjar,Isack Hadjar,rb,RB F1 Team,12,1,11,0.40701754385964917,0.46140350877192987,0.4625199362041467,-0.07134502923976604,0.07147498375568555,0.07147498375568555,0,0,0.07147498375568555,37,0.46900584795321637,0.4423976608187135,0.41124661246612465,0.2,0.14035087719298245,1,0.42899728997289976
2025-14,2025,14,2025-08-03,hungaroring,hamilton,Lewis Hamilton,ferrari,Ferrari,59,3,54,0.7654970760233918,0.7564327485380117,0.7495614035087719,0.008771929824561408,-0.032456140350877204,-0.03140916808149405,2,2,0.03457323661058806,59,0.7611111111111112,0.7726608187134503,0.7856078497525866,0.0,0.046296296296296294,2,0.7747004457530774
2025-14,2025,14,2025-08-03,hungaroring,hulkenberg,Nico Hülkenberg,sauber,Sauber,59,3,54,0.6608187134502923,0.47251461988304094,0.44361746116132084,0.07777777777777779,0.1388888888888889,0.0993815957518317,2,2,0.10577034714965748,37,0.6114035087719298,0.41885964912280704,0.31896551724137934,0.1,0.09770114942528736,1,0.2814882032667877
2025-14,2025,14,2025-08-03,hungaroring,lawson,Liam Lawson,rb,RB F1 Team,24,3,20,0.552046783625731,0.4128654970760234,0.4106858054226475,0.07134502923976604,-0.1064327485380117,-0.08508771929824563,0,0,-0.08508771929824563,37,0.46900584795321637,0.4423976608187135,0.41124661246612465,0.2,0.14035087719298245,1,0.42899728997289976
2025-14,2025,14,2025-08-03,hungaroring,leclerc,Charles Leclerc,ferrari,Ferrari,58,3,52,0.7567251461988305,0.788888888888889,0.8136924803591471,-0.008771929824561408,0.032456140350877204,0.0534010464758387,2,2,0.06276056968577741,59,0.7611111111111112,0.7726608187134503,0.7856078497525866,0.0,0.046296296296296294,2,0.7747004457530774
2025-14,2025,14,2025-08-03,hungaroring,max_verstappen,Max Verstappen,red_bull,Red Bull,59,3,57,0.7842105263157895,0.8447368421052632,0.9005566801619433,0.4754385964912281,0.43245614035087715,0.3041267942583732,2,2,0.24989125706829055,59,0.4885964912280702,0.599561403508772,0.756545415526584,0.1,0.0963302752293578,2,0.7703105414356017
2025-14,2025,14,2025-08-03,hungaroring,norris,Lando Norris,mclaren,McLaren,59,3,58,0.7994152046783626,0.8628654970760234,0.8160872861165259,-0.147953216374269,-0.08976608187134502,0.028042328042328056,2,2,0.02517910938963573,59,0.873391812865497,0.907748538011696,0.7999222061269381,0.0,0.01834862385321101,2,0.837742465699974
2025-14,2025,14,2025-08-03,hungaroring,ocon,Esteban Ocon,haas,Haas F1 Team,58,3,49,0.38070175438596493,0.40614035087719297,0.4203994027622247,-0.020467836257309947,-0.004970760233918148,-0.001373916719509623,2,1,-0.001373916719509623,59,0.3909356725146199,0.4007309941520468,0.3949691206208668,0.1,0.07339449541284404,2,0.36619763796350124
2025-14,2025,14,2025-08-03,hungaroring,piastri,Oscar Piastri,mclaren,McLaren,59,3,56,0.9473684210526315,0.9526315789473685,0.7917907977490897,0.147953216374269,0.08976608187134502,-0.028042328042328056,2,2,-0.02517910938963573,59,0.873391812865497,0.907748538011696,0.7999222061269381,0.0,0.01834862385321101,2,0.837742465699974
2025-14,2025,14,2025-08-03,hungaroring,russell,George Russell,mercedes,Mercedes,59,3,54,0.787719298245614,0.7728070175438597,0.7604345831900011,0.25263157894736843,0.19473684210526315,0.08521303258145363,2,2,0.00455684666210982,59,0.7192982456140351,0.6859649122807018,0.7381565534631687,0.2,0.10091743119266056,2,0.7473674455808691
2025-14,2025,14,2025-08-03,hungaroring,sainz,Carlos Sainz,williams,Williams,56,3,51,0.3713450292397661,0.454093567251462,0.6721014492753623,-0.25263157894736843,-0.17894736842105263,-0.0960941448270883,2,2,-0.09381009575941347,59,0.46081871345029246,0.5172514619883042,0.4128307567598865,0.21052631578947367,0.2132701421800948,2,0.36961854080144857
2025-14,2025,14,2025-08-03,hungaroring,stroll,Lance Stroll,aston_martin,Aston Martin,56,3,51,0.3473684210526316,0.2578947368421053,0.39662524366471735,-0.16842105263157897,-0.2,-0.16916789966885085,2,2,-0.11824651076394893,59,0.46900584795321637,0.37660818713450295,0.48696281989377116,0.05263157894736842,0.09433962264150944,2,0.49530310346341255
2025-14,2025,14,2025-08-03,hungaroring,tsunoda,Yuki Tsunoda,red_bull,Red Bull,58,3,52,0.3192982456140351,0.38070175438596493,0.3987573099415205,-0.4754385964912281,-0.41666666666666663,-0.10704443100087381,2,2,-0.058711739292501515,59,0.4885964912280702,0.599561403508772,0.756545415526584,0.1,0.0963302752293578,2,0.7703105414356017
2025-15,2025,15,2025-08-31,zandvoort,albon,Alexander Albon,williams,Williams,59,3,46,0.6,0.6052631578947368,0.4934296525627795,0.2,0.12631578947368421,0.16873065015479874,2,2,0.15603715170278637,60,0.40818713450292404,0.5014619883040936,0.40927237966711655,0.15789473684210525,0.2073732718894009,2,0.40291579765263985
2025-15,2025,15,2025-08-31,zandvoort,alonso,Fernando Alonso,aston_martin,Aston Martin,60,3,54,0.5789473684210527,0.4923976608187135,0.5650658633114775,0.1473684210526316,0.1842105263157895,0.1669386644906841,2,2,0.19318027273963628,60,0.5052631578947369,0.42923976608187137,0.493656015037594,0.05263157894736842,0.09174311926605505,2,0.5049555707450444
2025-15,2025,15,2025-08-31,zandvoort,antonelli,Andrea Kimi Antonelli,mercedes,Mercedes,14,1,10,0.4947368421052632,0.6,0.6,-0.3157894736842105,-0.23684210526315788,-0.23684210526315788,0,0,-0.23684210526315788,60,0.6947368421052632,0.6859649122807018,0.7374164578111947,0.2,0.09821428571428571,2,0.6965899597478545
2025-15,2025,15,2025-08-31,zandvoort,bearman,Oliver Bearman,haas,Haas F1 Team,17,2,15,0.4011695906432749,0.40058479532163743,0.4314954051796157,0.020467836257309947,0.004970760233918148,-0.008771929824561386,0,0,-0.008771929824561386,60,0.4052631578947369,0.3638888888888889,0.3899388623072834,0.15,0.08482142857142858,2,0.3649316127785028
2025-15,2025,15,2025-08-31,zandvoort,bortoleto,Gabriel Bortoleto,sauber,Sauber,14,1,11,0.5304093567251462,0.33362573099415205,0.33200425305688464,-0.02514619883040936,-0.05994152046783626,-0.05994152046783627,0,0,-0.05994152046783627,38,0.6052631578947368,0.46359649122807023,0.3267543859649123,0.1,0.09444444444444444,1,0.2666666666666667
2025-15,2025,15,2025-08-31,zandvoort,colapinto,Franco Colapinto,alpine,Alpine F1 Team,16,2,13,0.20233918128654974,0.28538011695906434,0.31366294524189264,-0.1619883040935673,-0.09584145549057832,-0.11220760233918131,0,0,-0.11220760233918131,60,0.34736842105263166,0.33377192982456144,0.40457562825983884,0.15789473684210525,0.1324200913242009,2,0.43538514591146177
2025-15,2025,15,2025-08-31,zandvoort,gasly,Pierre Gasly,alpine,Alpine F1 Team,59,3,52,0.38947368421052636,0.4347953216374269,0.4594064949608063,0.1619883040935673,0.18099415204678365,0.0695983379501385,2,2,0.14152606396373707,60,0.34736842105263166,0.33377192982456144,0.40457562825983884,0.15789473684210525,0.1324200913242009,2,0.43538514591146177
2025-15,2025,15,2025-08-31,zandvoort,hadjar,Isack Hadjar,rb,RB F1 Team,13,1,12,0.35438596491228075,0.44561403508771935,0.4634502923976609,-0.1555555555555555,0.04853801169590647,0.04853801169590646,0,0,0.04853801169590646,38,0.44269005847953213,0.4581871345029239,0.4162366701066392,0.2,0.13559322033898305,1,0.3908840729274166
2025-15,2025,15,2025-08-31,zandvoort,hamilton,Lewis Hamilton,ferrari,Ferrari,60,3,55,0.7052631578947368,0.7195906432748538,0.7399931868506218,-0.042105263157894736,-0.06929824561403511,-0.04358552631578946,2,2,0.011363636363636364,60,0.7263157894736842,0.7542397660818714,0.7812892823960211,0.0,0.04504504504504504,2,0.7930907699722259
2025-15,2025,15,2025-08-31,zandvoort,hulkenberg,Nico Hülkenberg,sauber,Sauber,60,3,55,0.5789473684210527,0.48830409356725146,0.44140580208691665,0.02514619883040936,0.05994152046783626,0.08378817413905135,2,2,0.14706125583318566,38,0.6052631578947368,0.46359649122807023,0.3267543859649123,0.1,0.09444444444444444,1,0.2666666666666667
2025-15,2025,15,2025-08-31,zandvoort,lawson,Liam Lawson,rb,RB F1 Team,25,3,21,0.6152046783625731,0.460233918128655,0.42478536767450537,0.1555555555555555,-0.06432748538011698,-0.06813545491636068,1,1,-0.04886894238179429,38,0.44269005847953213,0.4581871345029239,0.4162366701066392,0.2,0.13559322033898305,1,0.3908840729274166
2025-15,2025,15,2025-08-31,zandvoort,leclerc,Charles Leclerc,ferrari,Ferrari,59,3,53,0.7473684210526316,0.788888888888889,0.8145281504414632,0.042105263157894736,0.06929824561403511,0.06465568683613795,2,1,0.07277718104785773,60,0.7263157894736842,0.7542397660818714,0.7812892823960211,0.0,0.04504504504504504,2,0.7930907699722259
2025-15,2025,15,2025-08-31,zandvoort,max_verstappen,Max Verstappen,red_bull,Red Bull,60,3,58,0.7315789473684211,0.8026315789473685,0.8915395966551893,0.4228070175438596,0.43245614035087715,0.3079814921920185,2,2,0.2766181187233819,60,0.4789473684210527,0.5706140350877194,0.7461492272347536,0.1,0.09375,2,0.779496088706615
2025-15,2025,15,2025-08-31,zandvoort,norris,Lando Norris,mclaren,McLaren,60,3,59,0.8105263157894737,0.873391812865497,0.8210579000052685,-0.12631578947368421,-0.0739766081871345,0.028725362789690286,2,2,0.05916868489967907,60,0.8736842105263157,0.9103801169590643,0.8045765455304928,0.0,0.017857142857142856,2,0.8100269613427508
2025-15,2025,15,2025-08-31,zandvoort,ocon,Esteban Ocon,haas,Haas F1 Team,59,3,50,0.38947368421052636,0.4166666666666667,0.41390848254657264,-0.020467836257309947,-0.004970760233918148,-0.001373916719509623,2,2,-0.09190830306873427,60,0.4052631578947369,0.3638888888888889,0.3899388623072834,0.15,0.08482142857142858,2,0.3649316127785028
2025-15,2025,15,2025-08-31,zandvoort,piastri,Oscar Piastri,mclaren,McLaren,60,3,57,0.9368421052631579,0.9473684210526315,0.7960727506840495,0.12631578947368421,0.0739766081871345,-0.028725362789690286,2,2,-0.05916868489967907,60,0.8736842105263157,0.9103801169590643,0.8045765455304928,0.0,0.017857142857142856,2,0.8100269613427508
2025-15,2025,15,2025-08-31,zandvoort,russell,George Russell,mercedes,Mercedes,60,3,55,0.8,0.7675438596491229,0.76427179058758,0.3157894736842105,0.23684210526315788,0.09497882637628552,2,2,0.026013309134906223,60,0.6947368421052632,0.6859649122807018,0.7374164578111947,0.2,0.09821428571428571,2,0.6965899597478545
2025-15,2025,15,2025-08-31,zandvoort,sainz,Carlos Sainz,williams,Williams,57,3,52,0.3292397660818714,0.43304093567251467,0.6608494921514312,-0.2,-0.15263157894736842,-0.09078251183514341,2,2,-0.0936786410470621,60,0.40818713450292404,0.5014619883040936,0.40927237966711655,0.15789473684210525,0.2073732718894009,2,0.40291579765263985
2025-15,2025,15,2025-08-31,zandvoort,stroll,Lance Stroll,aston_martin,Aston Martin,57,3,52,0.43157894736842106,0.3263157894736842,0.40533994919959837,-0.1473684210526316,-0.1842105263157895,-0.1669386644906841,2,2,-0.19318027273963628,60,0.5052631578947369,0.42923976608187137,0.493656015037594,0.05263157894736842,0.09174311926605505,2,0.5049555707450444
2025-15,2025,15,2025-08-31,zandvoort,tsunoda,Yuki Tsunoda,red_bull,Red Bull,59,3,53,0.28421052631578947,0.35438596491228075,0.39145844409002306,-0.4228070175438596,-0.43245614035087715,-0.11751137102014293,2,2,-0.1428790832299604,60,0.4789473684210527,0.5706140350877194,0.7461492272347536,0.1,0.09375,2,0.779496088706615
2025-16,2025,16,2025-09-07,monza,albon,Alexander Albon,williams,Williams,60,3,47,0.6,0.6157894736842106,0.503522062732589,0.25263157894736843,0.2,0.1793921423276501,2,2,0.1878832805445111,61,0.46842105263157896,0.5172514619883042,0.41402962234246055,0.15789473684210525,0.20179372197309417,2,0.4398684334739426
2025-16,2025,16,2025-09-07,monza,alonso,Fernando Alonso,aston_martin,Aston Martin,61,3,55,0.5684210526315789,0.5292397660818714,0.5670221304896228,0.03157894736842106,0.13157894736842107,0.15953742032985085,2,2,0.2260750616752982,61,0.5526315789473684,0.46081871345029246,0.4979405034324943,0.05263157894736842,0.08928571428571429,2,0.44587060536717293
2025-16,2025,16,2025-09-07,monza,antonelli,Andrea Kimi Antonelli,mercedes,Mercedes,15,1,11,0.3894736842105263,0.536842105263158,0.5645933014354068,-0.41052631578947363,-0.29473684210526313,-0.2727272727272727,0,0,-0.2727272727272727,61,0.6105263157894737,0.6622807017543859,0.731909483854564,0.2,0.09565217391304348,2,0.7356470887363337
2025-16,2025,16,2025-09-07,monza,bearman,Oliver Bearman,haas,Haas F1 Team,18,2,16,0.5263157894736843,0.42163742690058487,0.4518518518518519,0.07368421052631577,0.041812865497076045,0.007675438596491243,0,0,0.007675438596491243,61,0.42631578947368426,0.39283625730994154,0.3963540858044817,0.15,0.08260869565217391,2,0.3624201963745513
2025-16,2025,16,2025-09-07,monza,bortoleto,Gabriel Bortoleto,sauber,Sauber,15,1,12,0.5052631578947369,0.3546783625730994,0.3262670565302144,0.04210526315789476,-0.07046783625730993,-0.059276980329611914,0,0,-0.059276980329611914,39,0.5684210526315789,0.47412280701754383,0.3255517826825127,0.1,0.0913978494623656,1,0.2920203735144312
2025-16,2025,16,2025-09-07,monza,colapinto,Franco Colapinto,alpine,Alpine F1 Team,17,2,14,0.25263157894736843,0.2801169590643275,0.32699805068226123,-0.02105263157894739,-0.05467836257309944,-0.06465237166991555,1,1,-0.0833008447043535,61,0.34736842105263166,0.34956140350877196,0.4022391505078486,0.10526315789473684,0.1288888888888889,2,0.36909258792915306
2025-16,2025,16,2025-09-07,monza,gasly,Pierre Gasly,alpine,Alpine F1 Team,60,3,53,0.36842105263157904,0.4137426900584796,0.45008138903960937,0.02105263157894739,0.15467836257309944,0.054963357761492346,2,2,0.033444370419720204,61,0.34736842105263166,0.34956140350877196,0.4022391505078486,0.10526315789473684,0.1288888888888889,2,0.36909258792915306
2025-16,2025,16,2025-09-07,monza,hadjar,Isack Hadjar,rb,RB F1 Team,14,1,13,0.4,0.49824561403508777,0.4966261808367071,-0.08187134502923973,0.06959064327485384,0.08718766613503459,0,0,0.08718766613503459,39,0.4631578947368421,0.49502923976608193,0.4244750132908028,0.2,0.13114754098360656,1,0.413264221158958
2025-16,2025,16,2025-09-07,monza,hamilton,Lewis Hamilton,ferrari,Ferrari,61,3,55,0.7052631578947368,0.7195906432748538,0.7399931868506218,-0.042105263157894736,-0.06929824561403511,-0.04358552631578946,2,2,-0.017344497607655492,61,0.7263157894736842,0.7542397660818714,0.7812892823960211,0.1,0.07017543859649122,2,0.8146218704506949
2025-16,2025,16,2025-09-07,monza,hulkenberg,Nico Hülkenberg,sauber,Sauber,61,3,56,0.5157894736842106,0.4935672514619883,0.4378167641325536,-0.04210526315789476,0.07046783625730993,0.08278312268125511,2,2,-0.001995049533249875,39,0.5684210526315789,0.47412280701754383,0.3255517826825127,0.1,0.0913978494623656,1,0.2920203735144312
2025-16,2025,16,2025-09-07,monza,lawson,Liam Lawson,rb,RB F1 Team,26,3,22,0.5730994152046783,0.460233918128655,0.4245614035087719,0.08187134502923973,-0.06959064327485384,-0.09458428680396647,1,1,-0.09458428680396647,39,0.4631578947368421,0.49502923976608193,0.4244750132908028,0.2,0.13114754098360656,1,0.413264221158958
2025-16,2025,16,2025-09-07,monza,leclerc,Charles Leclerc,ferrari,Ferrari,60,3,53,0.7473684210526316,0.788888888888889,0.8145281504414632,0.042105263157894736,0.06929824561403511,0.06465568683613795,2,2,0.07094576267508598,61,0.7263157894736842,0.7542397660818714,0.7812892823960211,0.1,0.07017543859649122,2,0.8146218704506949
2025-16,2025,16,2025-09-07,monza,max_verstappen,Max Verstappen,red_bull,Red Bull,61,3,59,0.8210526315789475,0.8236842105263158,0.8930622009569379,0.4631578947368421,0.41140350877192977,0.3099104143337066,2,2,0.2493128372187723,61,0.4947368421052632,0.5521929824561405,0.7465929316043732,0.05,0.09130434782608696,2,0.7558953378175346
2025-16,2025,16,2025-09-07,monza,norris,Lando Norris,mclaren,McLaren,61,3,60,0.8105263157894737,0.7997076023391813,0.8022211962655176,-0.15789473684210528,-0.1476608187134503,0.0037669248195564106,2,2,0.012308959677380727,61,0.8894736842105264,0.8735380116959064,0.7980040681413679,0.0,0.017391304347826087,2,0.7956775997965928
2025-16,2025,16,2025-09-07,monza,ocon,Esteban Ocon,haas,Haas F1 Team,60,3,51,0.37894736842105264,0.40614035087719297,0.417280701754386,-0.07368421052631577,-0.041812865497076045,-0.008669930640554881,2,1,0.003590371277029768,61,0.42631578947368426,0.39283625730994154,0.3963540858044817,0.15,0.08260869565217391,2,0.3624201963745513
2025-16,2025,16,2025-09-07,monza,piastri,Oscar Piastri,mclaren,McLaren,61,3,58,0.968421052631579,0.9473684210526315,0.8015350877192982,0.15789473684210528,0.1476608187134503,-0.0037669248195564106,2,2,-0.012308959677380727,61,0.8894736842105264,0.8735380116959064,0.7980040681413679,0.0,0.017391304347826087,2,0.7956775997965928
2025-16,2025,16,2025-09-07,monza,russell,George Russell,mercedes,Mercedes,61,3,56,0.7684210526315789,0.7728070175438597,0.7664338314923109,0.41052631578947363,0.29473684210526313,0.11286549707602338,2,2,0.06772993088782561,61,0.6105263157894737,0.6622807017543859,0.731909483854564,0.2,0.09565217391304348,2,0.7356470887363337
2025-16,2025,16,2025-09-07,monza,sainz,Carlos Sainz,williams,Williams,58,3,53,0.3473684210526316,0.4383040935672515,0.6518976011457215,-0.25263157894736843,-0.2,-0.10217113665389525,2,2,-0.09822972617890947,61,0.46842105263157896,0.5172514619883042,0.41402962234246055,0.15789473684210525,0.20179372197309417,2,0.4398684334739426
2025-16,2025,16,2025-09-07,monza,stroll,Lance Stroll,aston_martin,Aston Martin,58,3,53,0.5368421052631579,0.37894736842105264,0.4135420249971334,-0.03157894736842106,-0.13157894736842107,-0.15953742032985085,2,2,-0.2260750616752982,61,0.5526315789473684,0.46081871345029246,0.4979405034324943,0.05263157894736842,0.08928571428571429,2,0.44587060536717293
2025-16,2025,16,2025-09-07,monza,tsunoda,Yuki Tsunoda,red_bull,Red Bull,60,3,54,0.3157894736842105,0.35438596491228075,0.39697282421740626,-0.4631578947368421,-0.41140350877192977,-0.12560523171728605,1,0,-0.12560523171728605,61,0.4947368421052632,0.5521929824561405,0.7465929316043732,0.05,0.09130434782608696,2,0.7558953378175346
2025-17,2025,17,2025-09-21,baku,albon,Alexander Albon,williams,Williams,61,3,48,0.6210526315789474,0.6263157894736843,0.509478825268299,0.28421052631578947,0.20526315789473687,0.1806543385490754,2,2,0.16009310746152852,62,0.4789473684210527,0.5146198830409358,0.41852737905369486,0.15789473684210525,0.1965065502183406,2,0.4527089072543618
2025-17,2025,17,2025-09-21,baku,alonso,Fernando Alonso,aston_martin,Aston Martin,62,3,55,0.5684210526315789,0.5292397660818714,0.5670221304896228,0.03157894736842106,0.13157894736842107,0.15953742032985085,2,2,0.2547831956465901,62,0.4736842105263158,0.4476608187134503,0.48795718108831404,0.10526315789473684,0.1,2,0.4960262752412619
2025-17,2025,17,2025-09-21,baku,antonelli,Andrea Kimi Antonelli,mercedes,Mercedes,16,1,12,0.4842105263157895,0.5210526315789474,0.5657894736842105,-0.3789473684210526,-0.3,-0.2675438596491228,0,0,-0.2675438596491228,62,0.5894736842105264,0.6491228070175439,0.7306967984934087,0.2,0.09322033898305085,2,0.7275881022535796
2025-17,2025,17,2025-09-21,baku,bearman,Oliver Bearman,haas,Haas F1 Team,19,2,17,0.5157894736842106,0.41111111111111115,0.4499269005847953,0.1263157894736842,0.01549707602339182,0.018155854753161983,1,1,0.02505099959200328,62,0.39473684210526316,0.38494152046783625,0.39495109901189757,0.1,0.08050847457627118,2,0.40206969880291116
2025-17,2025,17,2025-09-21,baku,bortoleto,Gabriel Bortoleto,sauber,Sauber,16,1,13,0.5684210526315789,0.40730994152046784,0.3497525865946919,0.04210526315789476,-0.07046783625730993,-0.059276980329611914,0,0,-0.059276980329611914,40,0.5736842105263158,0.5057017543859649,0.33511513157894735,0.05263157894736842,0.08994708994708994,1,0.32072368421052627
2025-17,2025,17,2025-09-21,baku,colapinto,Franco Colapinto,alpine,Alpine F1 Team,18,2,15,0.21052631578947373,0.2538011695906433,0.3139901034637877,-0.05263157894736843,-0.04415204678362574,-0.06345029239766083,1,1,-0.061286549707602354,62,0.3210526315789474,0.331140350877193,0.3966486729644625,0.05263157894736842,0.12554112554112554,2,0.37698850856745597
2025-17,2025,17,2025-09-21,baku,gasly,Pierre Gasly,alpine,Alpine F1 Team,61,3,54,0.33684210526315794,0.36637426900584796,0.4428947368421053,0.05263157894736843,0.11783625730994154,0.054878048780487805,2,2,0.07340413117049828,62,0.3210526315789474,0.331140350877193,0.3966486729644625,0.05263157894736842,0.12554112554112554,2,0.37698850856745597
2025-17,2025,17,2025-09-21,baku,hadjar,Isack Hadjar,rb,RB F1 Team,15,1,14,0.4631578947368421,0.49824561403508777,0.4987468671679198,-0.08421052631578944,0.043274853801169647,0.09746588693957119,0,0,0.09746588693957119,40,0.5052631578947369,0.489766081871345,0.4243621875200823,0.15,0.12698412698412698,1,0.41317396054238165
2025-17,2025,17,2025-09-21,baku,hamilton,Lewis Hamilton,ferrari,Ferrari,62,3,56,0.7052631578947368,0.7248538011695906,0.7399040052962595,-0.052631578947368404,-0.058771929824561406,-0.045454545454545435,2,2,-0.0809047411918225,62,0.7315789473684211,0.7542397660818714,0.7815124933545987,0.1,0.06837606837606838,2,0.7406215262674594
2025-17,2025,17,2025-09-21,baku,hulkenberg,Nico Hülkenberg,sauber,Sauber,61,3,56,0.5157894736842106,0.4935672514619883,0.4378167641325536,-0.04210526315789476,0.07046783625730993,0.08278312268125511,2,2,0.0314977734332573,40,0.5736842105263158,0.5057017543859649,0.33511513157894735,0.05263157894736842,0.08994708994708994,1,0.32072368421052627
2025-17,2025,17,2025-09-21,baku,lawson,Liam Lawson,rb,RB F1 Team,27,3,23,0.5473684210526316,0.4760233918128655,0.41840450182058925,0.08421052631578944,-0.043274853801169647,-0.10168277837450772,0,0,-0.10168277837450772,40,0.5052631578947369,0.489766081871345,0.4243621875200823,0.15,0.12698412698412698,1,0.41317396054238165
2025-17,2025,17,2025-09-21,baku,leclerc,Charles Leclerc,ferrari,Ferrari,61,3,54,0.7578947368421052,0.783625730994152,0.8153160679476469,0.052631578947368404,0.058771929824561406,0.065861849342829,2,2,0.21057895263210533,62,0.7315789473684211,0.7542397660818714,0.7815124933545987,0.1,0.06837606837606838,2,0.7406215262674594
2025-17,2025,17,2025-09-21,baku,max_verstappen,Max Verstappen,red_bull,Red Bull,62,3,60,0.8315789473684211,0.8289473684210525,0.8959012575687005,0.4842105263157895,0.4587719298245614,0.3198589256646771,2,2,0.3426725201006264,62,0.5894736842105264,0.5521929824561405,0.7450069382495788,0.05,0.08898305084745763,2,0.7164643761432342
2025-17,2025,17,2025-09-21,baku,norris,Lando Norris,mclaren,McLaren,62,3,61,0.8,0.7997076023391813,0.8059429199780076,-0.15789473684210525,-0.1371345029239766,0.005052836770288307,2,2,-0.015463965602469758,62,0.8789473684210526,0.8682748538011695,0.8011324214491029,0.0,0.01694915254237288,2,0.797952765838582
2025-17,2025,17,2025-09-21,baku,ocon,Esteban Ocon,haas,Haas F1 Team,61,3,52,0.3263157894736842,0.40087719298245617,0.4127916879577585,-0.1263157894736842,-0.01549707602339182,-0.01369998028779815,2,2,-0.04345644499399672,62,0.39473684210526316,0.38494152046783625,0.39495109901189757,0.1,0.08050847457627118,2,0.40206969880291116
2025-17,2025,17,2025-09-21,baku,piastri,Oscar Piastri,mclaren,McLaren,62,3,59,0.9578947368421054,0.9368421052631579,0.8039664378337147,0.15789473684210525,0.1371345029239766,-0.005052836770288307,2,2,0.015463965602469758,62,0.8789473684210526,0.8682748538011695,0.8011324214491029,0.0,0.01694915254237288,2,0.797952765838582
2025-17,2025,17,2025-09-21,baku,russell,George Russell,mercedes,Mercedes,62,3,57,0.7684210526315789,0.762280701754386,0.767056530214425,0.3789473684210526,0.3,0.11601584606677985,2,2,0.13222205072799298,62,0.5894736842105264,0.6491228070175439,0.7306967984934087,0.2,0.09322033898305085,2,0.7275881022535796
2025-17,2025,17,2025-09-21,baku,sainz,Carlos Sainz,williams,Williams,59,3,54,0.3368421052631579,0.42251461988304095,0.6466041340976204,-0.28421052631578947,-0.20526315789473687,-0.10578297595841454,2,2,-0.2396124992616221,62,0.4789473684210527,0.5146198830409358,0.41852737905369486,0.15789473684210525,0.1965065502183406,2,0.4527089072543618
2025-17,2025,17,2025-09-21,baku,stroll,Lance Stroll,aston_martin,Aston Martin,59,3,54,0.4947368421052632,0.3684210526315789,0.40473405736563633,-0.03157894736842106,-0.13157894736842107,-0.15953742032985085,2,2,-0.2547831956465901,62,0.4736842105263158,0.4476608187134503,0.48795718108831404,0.10526315789473684,0.1,2,0.4960262752412619
2025-17,2025,17,2025-09-21,baku,tsunoda,Yuki Tsunoda,red_bull,Red Bull,61,3,55,0.3473684210526316,0.33859649122807023,0.3961570593149541,-0.4842105263157895,-0.4587719298245614,-0.141416910331384,2,1,-0.141416910331384,62,0.5894736842105264,0.5521929824561405,0.7450069382495788,0.05,0.08898305084745763,2,0.7164643761432342
2025-18,2025,18,2025-10-05,marina_bay,albon,Alexander Albon,williams,Williams,62,3,49,0.5684210526315789,0.6210526315789474,0.5049769814607441,0.13684210526315793,0.12631578947368421,0.15311004784688995,2,1,0.15364167995746944,63,0.5,0.5093567251461988,0.42418361538063454,0.15789473684210525,0.19148936170212766,2,0.4305067442002701
2025-18,2025,18,2025-10-05,marina_bay,alonso,Fernando Alonso,aston_martin,Aston Martin,63,3,56,0.4842105263157895,0.5081871345029241,0.5583402951824005,-0.021052631578947368,0.13157894736842107,0.157767607424358,2,2,0.1893719806763285,63,0.38947368421052636,0.4318713450292398,0.4810787298825577,0.10526315789473684,0.09745762711864407,2,0.4599232868045396
2025-18,2025,18,2025-10-05,marina_bay,antonelli,Andrea Kimi Antonelli,mercedes,Mercedes,17,1,13,0.47368421052631576,0.531578947368421,0.5870445344129555,-0.37894736842105264,-0.3052631578947368,-0.2550607287449393,0,0,-0.2550607287449393,63,0.6631578947368422,0.6701754385964913,0.7347639070127108,0.15,0.09090909090909091,2,0.7281536548609189
2025-18,2025,18,2025-10-05,marina_bay,bearman,Oliver Bearman,haas,Haas F1 Team,20,2,18,0.5052631578947369,0.41637426900584795,0.4482284141726866,0.15789473684210525,0.03654970760233918,0.02383676582761252,0,0,0.02383676582761252,63,0.38421052631578945,0.40599415204678363,0.3942822743132341,0.05,0.07851239669421488,2,0.38483686935699324
2025-18,2025,18,2025-10-05,marina_bay,bortoleto,Gabriel Bortoleto,sauber,Sauber,17,1,14,0.5368421052631579,0.44415204678362574,0.3586048454469507,0.15789473684210528,-0.0283625730994152,-0.032407407407407406,0,0,-0.032407407407407406,41,0.4631578947368421,0.5135964912280702,0.33532695374800636,0.05263157894736842,0.08717948717948718,1,0.3156299840510367
2025-18,2025,18,2025-10-05,marina_bay,colapinto,Franco Colapinto,alpine,Alpine F1 Team,19,2,16,0.16842105263157897,0.2274853801169591,0.2953216374269006,-0.042105263157894736,-0.044152046783625734,-0.062466772993088795,1,1,-0.062466772993088795,63,0.18947368421052635,0.31008771929824563,0.38870614035087725,0.05263157894736842,0.12236286919831224,2,0.3975279106858055
2025-18,2025,18,2025-10-05,marina_bay,gasly,Pierre Gasly,alpine,Alpine F1 Team,62,3,55,0.21052631578947373,0.3400584795321638,0.43306080735820135,0.042105263157894736,0.11257309941520469,0.05479876160990712,2,2,0.0017337461300309608,63,0.18947368421052635,0.31008771929824563,0.38870614035087725,0.05263157894736842,0.12236286919831224,2,0.3975279106858055
2025-18,2025,18,2025-10-05,marina_bay,hadjar,Isack Hadjar,rb,RB F1 Team,16,1,15,0.48421052631578954,0.5035087719298246,0.5005847953216375,-0.07368421052631573,0.0011695906432749093,0.06972559604138556,0,0,0.06972559604138556,41,0.5210526315789473,0.5081871345029241,0.4318153539878064,0.15,0.12307692307692308,1,0.39808386213761354
2025-18,2025,18,2025-10-05,marina_bay,hamilton,Lewis Hamilton,ferrari,Ferrari,63,3,57,0.6631578947368422,0.7248538011695906,0.7369225816835667,-0.03157894736842104,-0.048245614035087724,-0.04256965944272445,2,2,0.012102448634956403,63,0.6789473684210526,0.7489766081871345,0.7768333074574342,0.1,0.06666666666666667,2,0.7826730274331578
2025-18,2025,18,2025-10-05,marina_bay,hulkenberg,Nico Hülkenberg,sauber,Sauber,62,3,57,0.44210526315789467,0.4830409356725146,0.4315031405674681,-0.15789473684210528,0.0283625730994152,0.07197246588693958,2,2,0.13368332447279815,41,0.4631578947368421,0.5135964912280702,0.33532695374800636,0.05263157894736842,0.08717948717948718,1,0.3156299840510367
2025-18,2025,18,2025-10-05,marina_bay,lawson,Liam Lawson,rb,RB F1 Team,28,3,24,0.5578947368421052,0.5339181286549708,0.43828320802005016,0.07368421052631573,-0.0011695906432749093,-0.08063427800269908,1,1,-0.08063427800269908,41,0.5210526315789473,0.5081871345029241,0.4318153539878064,0.15,0.12307692307692308,1,0.39808386213761354
2025-18,2025,18,2025-10-05,marina_bay,leclerc,Charles Leclerc,ferrari,Ferrari,62,3,55,0.6947368421052632,0.7730994152046784,0.8087502707385748,0.03157894736842104,0.048245614035087724,0.062443769680611765,2,2,0.05019833967202387,63,0.6789473684210526,0.7489766081871345,0.7768333074574342,0.1,0.06666666666666667,2,0.7826730274331578
2025-18,2025,18,2025-10-05,marina_bay,max_verstappen,Max Verstappen,red_bull,Red Bull,63,3,61,0.8736842105263157,0.8447368421052632,0.8985934664246824,0.43157894736842106,0.4535087719298245,0.3181578947368421,2,2,0.32229665071770336,63,0.6578947368421053,0.5627192982456141,0.7480667923251656,0.05,0.08677685950413223,2,0.7426131695379194
2025-18,2025,18,2025-10-05,marina_bay,norris,Lando Norris,mclaren,McLaren,63,3,62,0.7368421052631579,0.7733918128654971,0.8028996101364522,-0.15789473684210525,-0.1371345029239766,0.005052836770288307,2,2,0.0467369913353293,63,0.8210526315789475,0.8445906432748538,0.79823353148712,0.05,0.028925619834710745,2,0.8269449606987667
2025-18,2025,18,2025-10-05,marina_bay,ocon,Esteban Ocon,haas,Haas F1 Team,62,3,53,0.3157894736842105,0.3903508771929825,0.41004634227077125,-0.15789473684210525,-0.03654970760233918,-0.01668573607932876,2,1,0.02875667429443173,63,0.38421052631578945,0.40599415204678363,0.3942822743132341,0.05,0.07851239669421488,2,0.38483686935699324
2025-18,2025,18,2025-10-05,marina_bay,piastri,Oscar Piastri,mclaren,McLaren,63,3,59,0.9578947368421054,0.9368421052631579,0.8039664378337147,0.15789473684210525,0.1371345029239766,-0.005052836770288307,2,2,-0.0467369913353293,63,0.8210526315789475,0.8445906432748538,0.79823353148712,0.05,0.028925619834710745,2,0.8269449606987667
2025-18,2025,18,2025-10-05,marina_bay,russell,George Russell,mercedes,Mercedes,63,3,58,0.8526315789473685,0.7885964912280702,0.7718015799733251,0.37894736842105264,0.3052631578947368,0.11567982456140351,2,2,0.04106858054226473,63,0.6631578947368422,0.6701754385964913,0.7347639070127108,0.15,0.09090909090909091,2,0.7281536548609189
2025-18,2025,18,2025-10-05,marina_bay,sainz,Carlos Sainz,williams,Williams,60,3,55,0.43157894736842106,0.454093567251462,0.6537618083670715,-0.13684210526315793,-0.12631578947368421,-0.08539269320254039,2,2,-0.06688846586979014,63,0.5,0.5093567251461988,0.42418361538063454,0.15789473684210525,0.19148936170212766,2,0.4305067442002701
2025-18,2025,18,2025-10-05,marina_bay,stroll,Lance Stroll,aston_martin,Aston Martin,60,3,55,0.3894736842105263,0.3631578947368421,0.397877409573316,0.021052631578947368,-0.13157894736842107,-0.157767607424358,1,1,-0.1893719806763285,63,0.38947368421052636,0.4318713450292398,0.4810787298825577,0.10526315789473684,0.09745762711864407,2,0.4599232868045396
2025-18,2025,18,2025-10-05,marina_bay,tsunoda,Yuki Tsunoda,red_bull,Red Bull,62,3,56,0.4421052631578948,0.35964912280701755,0.4056205328135153,-0.43157894736842106,-0.4535087719298245,-0.14510603107094333,2,1,-0.05292693011991256,63,0.6578947368421053,0.5627192982456141,0.7480667923251656,0.05,0.08677685950413223,2,0.7426131695379194
2025-19,2025,19,2025-10-19,americas,albon,Alexander Albon,williams,Williams,63,3,50,0.4842105263157895,0.5947368421052632,0.49912582142641826,-0.03157894736842106,0.11052631578947367,0.1394736842105263,2,2,0.04880382775119614,64,0.5,0.4804093567251462,0.42410264166162537,0.15789473684210525,0.18672199170124482,2,0.42566316522759357
2025-19,2025,19,2025-10-19,americas,alonso,Fernando Alonso,aston_martin,Aston Martin,64,3,57,0.5052631578947369,0.5502923976608187,0.5618366904916613,0.06315789473684211,0.1368421052631579,0.16275777162203756,2,1,0.15125884887657742,64,0.4473684210526316,0.45818713450292403,0.48217317487266553,0.05263157894736842,0.09504132231404959,2,0.4702886247877759
2025-19,2025,19,2025-10-19,americas,antonelli,Andrea Kimi Antonelli,mercedes,Mercedes,18,1,14,0.5894736842105264,0.5631578947368421,0.6015037593984962,-0.3052631578947368,-0.2789473684210526,-0.25187969924812026,0,0,-0.25187969924812026,64,0.7421052631578947,0.7307017543859649,0.7386342199584984,0.15,0.08870967741935484,2,0.742930150400439
2025-19,2025,19,2025-10-19,americas,bearman,Oliver Bearman,haas,Haas F1 Team,21,2,19,0.5263157894736843,0.45847953216374276,0.4554905782975958,0.23157894736842105,0.07865497076023391,0.05137844611528823,0,0,0.05137844611528823,64,0.37894736842105264,0.38494152046783625,0.39299923305531587,0.05,0.07661290322580645,2,0.42218126040386605
2025-19,2025,19,2025-10-19,americas,bortoleto,Gabriel Bortoleto,sauber,Sauber,18,1,15,0.4526315789473685,0.44941520467836255,0.34522417153996104,0.1789473684210527,0.0032163742690058616,-0.017768780926675658,0,0,-0.017768780926675658,42,0.37894736842105264,0.49517543859649127,0.3277863777089783,0.05263157894736842,0.0845771144278607,1,0.28328173374613
2025-19,2025,19,2025-10-19,americas,colapinto,Franco Colapinto,alpine,Alpine F1 Team,20,2,17,0.2,0.2274853801169591,0.28966861598440546,0.08421052631578947,-0.059941520467836275,-0.04410331384015596,1,1,0.02787524366471736,64,0.15789473684210528,0.2864035087719299,0.3824347454000856,0.0,0.11934156378600823,2,0.39296689617613884
2025-19,2025,19,2025-10-19,americas,gasly,Pierre Gasly,alpine,Alpine F1 Team,63,3,56,0.11578947368421055,0.30847953216374274,0.42229394240317775,-0.08421052631578947,0.059941520467836275,0.047547846889952165,2,2,0.10119617224880384,64,0.15789473684210528,0.2864035087719299,0.3824347454000856,0.0,0.11934156378600823,2,0.39296689617613884
2025-19,2025,19,2025-10-19,americas,hadjar,Isack Hadjar,rb,RB F1 Team,17,1,16,0.5789473684210527,0.49298245614035097,0.49890350877192985,0.0947368421052632,0.011695906432748582,0.07978279030910614,0,0,0.07978279030910614,42,0.531578947368421,0.5002923976608187,0.42985470549225296,0.15,0.11940298507462686,1,0.4333574486043287
2025-19,2025,19,2025-10-19,americas,hamilton,Lewis Hamilton,ferrari,Ferrari,64,3,58,0.6210526315789473,0.7038011695906433,0.7341008771929826,-0.15789473684210525,-0.0692982456140351,-0.04436090225563909,2,0,-0.04436090225563909,64,0.7,0.7384502923976608,0.7744378907037709,0.1,0.06504065040650407,2,0.8216007626170966
2025-19,2025,19,2025-10-19,americas,hulkenberg,Nico Hülkenberg,sauber,Sauber,63,3,58,0.26315789473684215,0.4409356725146199,0.41984089352510406,-0.1789473684210527,-0.0032163742690058616,0.06500679307696851,2,2,0.09033986864927852,42,0.37894736842105264,0.49517543859649127,0.3277863777089783,0.05263157894736842,0.0845771144278607,1,0.28328173374613
2025-19,2025,19,2025-10-19,americas,lawson,Liam Lawson,rb,RB F1 Team,29,3,25,0.4842105263157895,0.5181286549707602,0.4293785310734463,-0.0947368421052632,-0.011695906432748582,-0.08771929824561406,1,1,-0.017543859649122816,42,0.531578947368421,0.5002923976608187,0.42985470549225296,0.15,0.11940298507462686,1,0.4333574486043287
2025-19,2025,19,2025-10-19,americas,leclerc,Charles Leclerc,ferrari,Ferrari,63,3,56,0.7789473684210526,0.7730994152046784,0.8068068068068068,0.15789473684210525,0.0692982456140351,0.06364431327540032,2,1,0.06144176640979393,64,0.7,0.7384502923976608,0.7744378907037709,0.1,0.06504065040650407,2,0.8216007626170966
2025-19,2025,19,2025-10-19,americas,max_verstappen,Max Verstappen,red_bull,Red Bull,64,3,62,0.8947368421052632,0.8394736842105264,0.8998230871295887,0.44210526315789467,0.4587719298245614,0.3242207460398569,2,2,0.28842848515817343,64,0.6736842105263159,0.581140350877193,0.7465218826636485,0.05,0.0846774193548387,2,0.7701977328462898
2025-19,2025,19,2025-10-19,americas,norris,Lando Norris,mclaren,McLaren,64,3,63,0.7263157894736842,0.7628654970760234,0.8051395426234964,-0.15789473684210525,-0.1371345029239766,0.0062728045184185675,2,2,0.015544559404208527,64,0.8,0.8366959064327485,0.7999316166760988,0.05,0.028225806451612902,2,0.8162182092572585
2025-19,2025,19,2025-10-19,americas,ocon,Esteban Ocon,haas,Haas F1 Team,63,3,54,0.28421052631578947,0.3324561403508772,0.4016578142604217,-0.23157894736842105,-0.07865497076023391,-0.031117266851338875,2,1,-0.08805170821791321,64,0.37894736842105264,0.38494152046783625,0.39299923305531587,0.05,0.07661290322580645,2,0.42218126040386605
2025-19,2025,19,2025-10-19,americas,piastri,Oscar Piastri,mclaren,McLaren,64,3,60,0.9368421052631579,0.9315789473684211,0.8049360689860244,0.15789473684210525,0.1371345029239766,-0.0062728045184185675,2,1,-0.015544559404208527,64,0.8,0.8366959064327485,0.7999316166760988,0.05,0.028225806451612902,2,0.8162182092572585
2025-19,2025,19,2025-10-19,americas,russell,George Russell,mercedes,Mercedes,64,3,59,0.8947368421052632,0.8412280701754387,0.7776528215124706,0.3052631578947368,0.2789473684210526,0.11855396065922381,2,2,0.11855396065922381,64,0.7421052631578947,0.7307017543859649,0.7386342199584984,0.15,0.08870967741935484,2,0.742930150400439
2025-19,2025,19,2025-10-19,americas,sainz,Carlos Sainz,williams,Williams,61,3,56,0.5157894736842106,0.4435672514619883,0.6501885555009018,0.03157894736842106,-0.11052631578947367,-0.07614522417153995,2,2,-0.07144249512670563,64,0.5,0.4804093567251462,0.42410264166162537,0.15789473684210525,0.18672199170124482,2,0.42566316522759357
2025-19,2025,19,2025-10-19,americas,stroll,Lance Stroll,aston_martin,Aston Martin,61,3,56,0.4,0.3736842105263158,0.39708129181813395,-0.06315789473684211,-0.1368421052631579,-0.16275777162203756,2,2,-0.15125884887657742,64,0.4473684210526316,0.45818713450292403,0.48217317487266553,0.05263157894736842,0.09504132231404959,2,0.4702886247877759
2025-19,2025,19,2025-10-19,americas,tsunoda,Yuki Tsunoda,red_bull,Red Bull,63,3,57,0.4526315789473685,0.3859649122807018,0.4060376165639324,-0.44210526315789467,-0.4587719298245614,-0.15631808278867101,2,2,-0.1280399453774067,64,0.6736842105263159,0.581140350877193,0.7465218826636485,0.05,0.0846774193548387,2,0.7701977328462898
2025-20,2025,20,2025-10-26,rodriguez,albon,Alexander Albon,williams,Williams,64,3,51,0.4947368421052632,0.5473684210526316,0.4936257309941521,-0.03157894736842106,0.11052631578947367,0.1394736842105263,2,1,0.16491228070175437,65,0.5052631578947369,0.4567251461988304,0.4213720575949678,0.15789473684210525,0.19433198380566802,2,0.41889259691117275
2025-20,2025,20,2025-10-26,rodriguez,alonso,Fernando Alonso,aston_martin,Aston Martin,65,3,58,0.5789473684210527,0.5555555555555556,0.560876666139824,0.11578947368421053,0.14210526315789473,0.16099773242630386,2,0,0.16099773242630386,65,0.39473684210526316,0.45,0.4819726481558227,0.05,0.09274193548387097,2,0.4510040311946653
2025-20,2025,20,2025-10-26,rodriguez,antonelli,Andrea Kimi Antonelli,mercedes,Mercedes,19,1,15,0.5578947368421053,0.5263157894736843,0.5859649122807018,-0.30526315789473685,-0.31052631578947365,-0.2596491228070175,0,0,-0.2596491228070175,65,0.7105263157894737,0.7026315789473684,0.7342404567850072,0.1,0.08661417322834646,2,0.7588734422551249
2025-20,2025,20,2025-10-26,rodriguez,bearman,Oliver Bearman,haas,Haas F1 Team,22,2,20,0.5473684210526316,0.4742690058479532,0.4619883040935673,0.25263157894736843,0.13654970760233917,0.06663292847503374,0,0,0.06663292847503374,65,0.42105263157894746,0.4131578947368421,0.393672514619883,0.05,0.07480314960629922,2,0.43463264221158954
2025-20,2025,20,2025-10-26,rodriguez,bortoleto,Gabriel Bortoleto,sauber,Sauber,19,1,16,0.3263157894736842,0.4283625730994152,0.3302266081871345,0.04210526315789478,-0.017836257309941504,-0.054093567251461985,0,0,-0.054093567251461985,43,0.34210526315789475,0.47368421052631576,0.32894736842105265,0.05263157894736842,0.0821256038647343,1,0.32105263157894737
2025-20,2025,20,2025-10-26,rodriguez,colapinto,Franco Colapinto,alpine,Alpine F1 Team,21,2,18,0.21052631578947373,0.2064327485380117,0.2814327485380117,0.09473684210526316,-0.03362573099415206,-0.03261358524516421,1,1,-0.03261358524516421,65,0.1631578947368421,0.2552631578947369,0.37583542188805347,0.0,0.11646586345381527,2,0.40012911065542645
2025-20,2025,20,2025-10-26,rodriguez,gasly,Pierre Gasly,alpine,Alpine F1 Team,64,3,57,0.11578947368421055,0.25263157894736843,0.4121197489135684,-0.09473684210526316,0.03362573099415206,0.042510121457489884,2,2,0.05483989694516011,65,0.1631578947368421,0.2552631578947369,0.37583542188805347,0.0,0.11646586345381527,2,0.40012911065542645
2025-20,2025,20,2025-10-26,rodriguez,hadjar,Isack Hadjar,rb,RB F1 Team,18,1,17,0.5263157894736843,0.44035087719298244,0.4819401444788442,0.07368421052631582,-0.040935672514619846,0.05692007797270958,0,0,0.05692007797270958,43,0.4894736842105264,0.46608187134502926,0.4272222222222222,0.15,0.11594202898550725,1,0.3838830409356725
2025-20,2025,20,2025-10-26,rodriguez,hamilton,Lewis Hamilton,ferrari,Ferrari,65,3,59,0.6526315789473685,0.7090643274853801,0.7369183829138063,-0.12631578947368421,-0.058771929824561406,-0.04459064327485379,2,2,-0.0037214247740563577,65,0.7157894736842105,0.7384502923976608,0.7768072141137157,0.1,0.06349206349206349,2,0.8161468734224152
2025-20,2025,20,2025-10-26,rodriguez,hulkenberg,Nico Hülkenberg,sauber,Sauber,64,3,59,0.3052631578947368,0.4830409356725146,0.42541294757361237,-0.04210526315789478,0.017836257309941504,0.07857470473569546,2,2,0.041807132209609,43,0.34210526315789475,0.47368421052631576,0.32894736842105265,0.05263157894736842,0.0821256038647343,1,0.32105263157894737
2025-20,2025,20,2025-10-26,rodriguez,lawson,Liam Lawson,rb,RB F1 Team,30,3,26,0.4526315789473684,0.5339181286549708,0.43152235427277874,-0.07368421052631582,0.040935672514619846,-0.06957047791893528,1,1,-0.06957047791893528,43,0.4894736842105264,0.46608187134502926,0.4272222222222222,0.15,0.11594202898550725,1,0.3838830409356725
2025-20,2025,20,2025-10-26,rodriguez,leclerc,Charles Leclerc,ferrari,Ferrari,64,3,57,0.7789473684210526,0.7678362573099415,0.8091207551041345,0.12631578947368421,0.058771929824561406,0.06334396597554491,2,2,0.03171427190565946,65,0.7157894736842105,0.7384502923976608,0.7768072141137157,0.1,0.06349206349206349,2,0.8161468734224152
2025-20,2025,20,2025-10-26,rodriguez,max_verstappen,Max Verstappen,red_bull,Red Bull,65,3,63,0.9789473684210528,0.8552631578947368,0.9022864538395169,0.42105263157894735,0.4219298245614035,0.32398212512413105,2,2,0.37497517378351536,65,0.7684210526315789,0.6236842105263158,0.7487797577934338,0.05,0.08267716535433071,2,0.7168159004047939
2025-20,2025,20,2025-10-26,rodriguez,norris,Lando Norris,mclaren,McLaren,65,3,64,0.7157894736842105,0.7631578947368421,0.8085259444908568,-0.11578947368421051,-0.13187134502923975,0.010063352826510738,2,2,0.07908913698387386,65,0.7789473684210526,0.8263157894736842,0.8015494773679606,0.05,0.027559055118110236,2,0.7910790457412918
2025-20,2025,20,2025-10-26,rodriguez,ocon,Esteban Ocon,haas,Haas F1 Team,64,3,55,0.2947368421052632,0.3421052631578948,0.3979479949874687,-0.25263157894736843,-0.13654970760233917,-0.03983172216254923,2,2,-0.052891970185203266,65,0.42105263157894746,0.4131578947368421,0.393672514619883,0.05,0.07480314960629922,2,0.43463264221158954
2025-20,2025,20,2025-10-26,rodriguez,piastri,Oscar Piastri,mclaren,McLaren,65,3,61,0.8947368421052632,0.9210526315789475,0.8045527040742352,0.11578947368421051,0.13187134502923975,-0.010063352826510738,2,2,-0.07908913698387386,65,0.7789473684210526,0.8263157894736842,0.8015494773679606,0.05,0.027559055118110236,2,0.7910790457412918
2025-20,2025,20,2025-10-26,rodriguez,russell,George Russell,mercedes,Mercedes,65,3,60,0.8631578947368421,0.8315789473684211,0.7766325536062378,0.30526315789473685,0.31052631578947365,0.1259029927760578,2,2,0.06285767895675018,65,0.7105263157894737,0.7026315789473684,0.7342404567850072,0.1,0.08661417322834646,2,0.7588734422551249
2025-20,2025,20,2025-10-26,rodriguez,sainz,Carlos Sainz,williams,Williams,62,3,56,0.5157894736842106,0.4435672514619883,0.6501885555009018,0.03157894736842106,-0.11052631578947367,-0.07614522417153995,2,2,-0.04102427786638312,65,0.5052631578947369,0.4567251461988304,0.4213720575949678,0.15789473684210525,0.19433198380566802,2,0.41889259691117275
2025-20,2025,20,2025-10-26,rodriguez,stroll,Lance Stroll,aston_martin,Aston Martin,62,3,57,0.3473684210526316,0.3894736842105263,0.39771211654868166,-0.11578947368421053,-0.14210526315789473,-0.16099773242630386,2,2,-0.16099773242630386,65,0.39473684210526316,0.45,0.4819726481558227,0.05,0.09274193548387097,2,0.4510040311946653
2025-20,2025,20,2025-10-26,rodriguez,tsunoda,Yuki Tsunoda,red_bull,Red Bull,64,3,58,0.5578947368421053,0.42105263157894746,0.41335795629424443,-0.42105263157894735,-0.4219298245614035,-0.1608744082428293,2,1,-0.1722392400754974,65,0.7684210526315789,0.6236842105263158,0.7487797577934338,0.05,0.08267716535433071,2,0.7168159004047939
2025-21,2025,21,2025-11-09,interlagos,albon,Alexander Albon,williams,Williams,65,3,52,0.42105263157894735,0.5105263157894737,0.49151195139953446,0.03157894736842102,0.11578947368421053,0.14394419784400758,1,0,0.14394419784400758,66,0.4473684210526316,0.4578947368421053,0.41812865497076024,0.10526315789473684,0.18972332015810275,2,0.4243014944769331
2025-21,2025,21,2025-11-09,interlagos,alonso,Fernando Alonso,aston_martin,Aston Martin,66,3,58,0.5789473684210527,0.5555555555555556,0.560876666139824,0.11578947368421053,0.14210526315789473,0.16099773242630386,2,2,0.15480500192279642,66,0.3263157894736842,0.43947368421052635,0.4781376518218624,0.1,0.10236220472440945,2,0.4817077659182923
2025-21,2025,21,2025-11-09,interlagos,antonelli,Andrea Kimi Antonelli,mercedes,Mercedes,20,1,16,0.6631578947368422,0.5263157894736843,0.5953947368421053,-0.16842105263157897,-0.2894736842105263,-0.2401315789473684,0,0,-0.2401315789473684,66,0.7473684210526316,0.6789473684210526,0.7336932073774178,0.1,0.08461538461538462,2,0.7154132417290312
2025-21,2025,21,2025-11-09,interlagos,bearman,Oliver Bearman,haas,Haas F1 Team,23,2,21,0.5684210526315789,0.5473684210526316,0.48099415204678364,0.2631578947368421,0.16842105263157894,0.0773524720893142,1,1,0.0773524720893142,66,0.43684210526315786,0.43157894736842106,0.40109877558479534,0.05,0.07307692307692308,2,0.4065407363104731
2025-21,2025,21,2025-11-09,interlagos,bortoleto,Gabriel Bortoleto,sauber,Sauber,20,1,17,0.37894736842105264,0.4421052631578948,0.34176126590987277,0.04210526315789478,-0.017836257309941504,-0.054093567251461985,0,0,-0.054093567251461985,44,0.3894736842105263,0.4789473684210527,0.3344298245614035,0.10526315789473684,0.09389671361502347,1,0.33070175438596494
2025-21,2025,21,2025-11-09,interlagos,colapinto,Franco Colapinto,alpine,Alpine F1 Team,22,2,19,0.15789473684210528,0.20526315789473687,0.27726178190574474,0.021052631578947368,-1.1102230246251566e-17,-0.0340434419381788,1,0,-0.0340434419381788,66,0.1473684210526316,0.2473684210526316,0.3726030191758466,0.0,0.11372549019607843,2,0.49347205222358226
2025-21,2025,21,2025-11-09,interlagos,gasly,Pierre Gasly,alpine,Alpine F1 Team,65,3,58,0.13684210526315793,0.25263157894736843,0.40812969924812037,-0.021052631578947368,1.1102230246251566e-17,0.042833146696528566,2,2,0.035936068410872435,66,0.1473684210526316,0.2473684210526316,0.3726030191758466,0.0,0.11372549019607843,2,0.49347205222358226
2025-21,2025,21,2025-11-09,interlagos,hadjar,Isack Hadjar,rb,RB F1 Team,19,1,18,0.42105263157894746,0.41052631578947374,0.47563352826510724,0.07368421052631582,-0.040935672514619846,0.05692007797270958,0,0,0.05692007797270958,44,0.43157894736842106,0.4473684210526316,0.42550956679725205,0.15,0.1267605633802817,1,0.4667234429114858
2025-21,2025,21,2025-11-09,interlagos,hamilton,Lewis Hamilton,ferrari,Ferrari,66,3,60,0.6947368421052632,0.7,0.734240261671127,-0.10526315789473688,-0.07368421052631581,-0.0519203413940256,2,2,-0.10469416785206256,66,0.7473684210526316,0.7368421052631579,0.7771186846898668,0.1,0.06201550387596899,2,0.7757035410184677
2025-21,2025,21,2025-11-09,interlagos,hulkenberg,Nico Hülkenberg,sauber,Sauber,65,3,59,0.3052631578947368,0.4830409356725146,0.42541294757361237,-0.04210526315789478,0.017836257309941504,0.07857470473569546,2,1,0.07857470473569546,44,0.3894736842105263,0.4789473684210527,0.3344298245614035,0.10526315789473684,0.09389671361502347,1,0.33070175438596494
2025-21,2025,21,2025-11-09,interlagos,lawson,Liam Lawson,rb,RB F1 Team,31,3,26,0.4526315789473684,0.5339181286549708,0.43152235427277874,-0.07368421052631582,0.040935672514619846,-0.06957047791893528,1,1,-0.0767090139140956,44,0.43157894736842106,0.4473684210526316,0.42550956679725205,0.15,0.1267605633802817,1,0.4667234429114858
2025-21,2025,21,2025-11-09,interlagos,leclerc,Charles Leclerc,ferrari,Ferrari,65,3,58,0.8,0.7736842105263158,0.812665567051532,0.10526315789473688,0.07368421052631581,0.07004605910055374,1,1,0.07004605910055374,66,0.7473684210526316,0.7368421052631579,0.7771186846898668,0.1,0.06201550387596899,2,0.7757035410184677
2025-21,2025,21,2025-11-09,interlagos,max_verstappen,Max Verstappen,red_bull,Red Bull,66,3,64,0.968421052631579,0.8947368421052632,0.9021052631578947,0.43157894736842106,0.4473684210526316,0.32665379043940124,2,2,0.3476142399367894,66,0.7526315789473684,0.6236842105263158,0.7472896986054881,0.05,0.08076923076923077,2,0.7611867664499243
2025-21,2025,21,2025-11-09,interlagos,norris,Lando Norris,mclaren,McLaren,66,3,65,0.8947368421052632,0.8526315789473685,0.8129788295026973,-0.08421052631578944,-0.10526315789473684,0.014952693386583001,2,2,0.08742971002277809,66,0.8473684210526315,0.868421052631579,0.8036999550157445,0.05,0.026923076923076925,2,0.7663272400114507
2025-21,2025,21,2025-11-09,interlagos,ocon,Esteban Ocon,haas,Haas F1 Team,65,3,56,0.30526315789473685,0.3421052631578948,0.4026697177726926,-0.2631578947368421,-0.16842105263157894,-0.04646517283307278,2,2,-0.038577541964722774,66,0.43684210526315786,0.43157894736842106,0.40109877558479534,0.05,0.07307692307692308,2,0.4065407363104731
2025-21,2025,21,2025-11-09,interlagos,piastri,Oscar Piastri,mclaren,McLaren,66,3,62,0.8631578947368421,0.9,0.8041878890775326,0.08421052631578944,0.10526315789473684,-0.014952693386583001,2,2,-0.08742971002277809,66,0.8473684210526315,0.868421052631579,0.8036999550157445,0.05,0.026923076923076925,2,0.7663272400114507
2025-21,2025,21,2025-11-09,interlagos,russell,George Russell,mercedes,Mercedes,66,3,61,0.8315789473684211,0.8,0.7743783578186658,0.16842105263157897,0.2894736842105263,0.12080200501253131,2,1,0.1597994987468671,66,0.7473684210526316,0.6789473684210526,0.7336932073774178,0.1,0.08461538461538462,2,0.7154132417290312
2025-21,2025,21,2025-11-09,interlagos,sainz,Carlos Sainz,williams,Williams,63,3,57,0.48421052631578954,0.40672514619883043,0.636762360446571,-0.03157894736842102,-0.11578947368421053,-0.08181227479473092,2,1,-0.08181227479473092,66,0.4473684210526316,0.4578947368421053,0.41812865497076024,0.10526315789473684,0.18972332015810275,2,0.4243014944769331
2025-21,2025,21,2025-11-09,interlagos,stroll,Lance Stroll,aston_martin,Aston Martin,63,3,58,0.2736842105263158,0.4052631578947368,0.39561153596241316,-0.11578947368421053,-0.14210526315789473,-0.16099773242630386,1,1,-0.15480500192279642,66,0.3263157894736842,0.43947368421052635,0.4781376518218624,0.1,0.10236220472440945,2,0.4817077659182923
2025-21,2025,21,2025-11-09,interlagos,tsunoda,Yuki Tsunoda,red_bull,Red Bull,65,3,59,0.5368421052631579,0.42631578947368426,0.41490478332583597,-0.43157894736842106,-0.4473684210526316,-0.168101581113277,2,2,-0.08397818339338806,66,0.7526315789473684,0.6236842105263158,0.7472896986054881,0.05,0.08076923076923077,2,0.7611867664499243
2025-22,2025,22,2025-11-23,vegas,albon,Alexander Albon,williams,Williams,66,3,53,0.37894736842105264,0.5,0.4910073926955754,-0.03157894736842108,0.11052631578947367,0.14259485924112605,2,1,0.15014279885760912,67,0.41578947368421054,0.4473684210526316,0.41819883040935674,0.05,0.18532818532818532,2,0.3902690058479532
2025-22,2025,22,2025-11-23,vegas,alonso,Fernando Alonso,aston_martin,Aston Martin,67,3,59,0.4842105263157895,0.531578947368421,0.5544270031804658,0.11578947368421053,0.13157894736842107,0.15934225001447513,2,2,0.13502402871866134,67,0.3578947368421053,0.41578947368421054,0.4732884843688168,0.1,0.1,2,0.47339640968449836
2025-22,2025,22,2025-11-23,vegas,antonelli,Andrea Kimi Antonelli,mercedes,Mercedes,21,1,17,0.7368421052631579,0.6105263157894737,0.6160990712074303,-0.10526315789473684,-0.24210526315789474,-0.2198142414860681,0,0,-0.2198142414860681,67,0.7894736842105263,0.6894736842105263,0.7373257705667678,0.05,0.08270676691729323,2,0.7730790293117163
2025-22,2025,22,2025-11-23,vegas,bearman,Oliver Bearman,haas,Haas F1 Team,24,2,22,0.631578947368421,0.5736842105263158,0.49317738791423005,0.2947368421052632,0.21052631578947367,0.0896854204476709,0,0,0.0896854204476709,67,0.4842105263157895,0.43947368421052635,0.40517164412303025,0.05,0.07142857142857142,2,0.40950282252009856
2025-22,2025,22,2025-11-23,vegas,bortoleto,Gabriel Bortoleto,sauber,Sauber,21,1,17,0.37894736842105264,0.4421052631578948,0.34176126590987277,0.04210526315789478,-0.017836257309941504,-0.054093567251461985,0,0,-0.054093567251461985,45,0.37894736842105264,0.47631578947368425,0.34103840682788056,0.15789473684210525,0.1050228310502283,1,0.32019914651493603
2025-22,2025,22,2025-11-23,vegas,colapinto,Franco Colapinto,alpine,Alpine F1 Team,23,2,20,0.17894736842105266,0.19473684210526318,0.2764782326185835,-0.02105263157894739,-0.03684210526315791,-0.049317738791423024,1,1,-0.049317738791423024,67,0.18947368421052635,0.2552631578947369,0.3731060606060606,0.0,0.1111111111111111,2,0.35986660867043646
2025-22,2025,22,2025-11-23,vegas,gasly,Pierre Gasly,alpine,Alpine F1 Team,66,3,59,0.20000000000000004,0.268421052631579,0.41121281464530895,0.02105263157894739,0.03684210526315791,0.0496473141616929,2,1,0.0031952734068849253,67,0.18947368421052635,0.2552631578947369,0.3731060606060606,0.0,0.1111111111111111,2,0.35986660867043646
2025-22,2025,22,2025-11-23,vegas,hadjar,Isack Hadjar,rb,RB F1 Team,20,1,19,0.4421052631578948,0.4526315789473684,0.4838411819021238,-0.03157894736842104,-0.05672514619883039,0.05007309941520471,0,0,0.05007309941520471,45,0.4789473684210527,0.49210526315789477,0.43208650557210637,0.15,0.1232876712328767,1,0.4246165728787378
2025-22,2025,22,2025-11-23,vegas,hamilton,Lewis Hamilton,ferrari,Ferrari,67,3,60,0.6947368421052632,0.7,0.734240261671127,-0.10526315789473688,-0.07368421052631581,-0.0519203413940256,2,2,-0.04254493728177937,67,0.7473684210526316,0.7368421052631579,0.7771186846898668,0.2,0.08333333333333333,2,0.7996269859945443
2025-22,2025,22,2025-11-23,vegas,hulkenberg,Nico Hülkenberg,sauber,Sauber,66,3,60,0.3473684210526316,0.4631578947368421,0.4293497275953416,-0.04210526315789478,0.017836257309941504,0.07857470473569546,2,2,0.06671461779820914,45,0.37894736842105264,0.47631578947368425,0.34103840682788056,0.15789473684210525,0.1050228310502283,1,0.32019914651493603
2025-22,2025,22,2025-11-23,vegas,lawson,Liam Lawson,rb,RB F1 Team,32,3,27,0.5052631578947369,0.5391812865497077,0.4431848852901485,0.03157894736842104,0.05672514619883039,-0.06356054069600231,1,1,-0.12453264308311765,45,0.4789473684210527,0.49210526315789477,0.43208650557210637,0.15,0.1232876712328767,1,0.4246165728787378
2025-22,2025,22,2025-11-23,vegas,leclerc,Charles Leclerc,ferrari,Ferrari,66,3,58,0.8,0.7736842105263158,0.812665567051532,0.10526315789473688,0.07368421052631581,0.07004605910055374,2,2,0.060511966427196966,67,0.7473684210526316,0.7368421052631579,0.7771186846898668,0.2,0.08333333333333333,2,0.7996269859945443
2025-22,2025,22,2025-11-23,vegas,max_verstappen,Max Verstappen,red_bull,Red Bull,67,3,65,0.9473684210526315,0.8894736842105264,0.9019325657894737,0.4526315789473684,0.46842105263157896,0.33764097744360905,2,2,0.3029733424470267,67,0.7210526315789474,0.6552631578947369,0.742305324715297,0.0,0.07894736842105263,2,0.7456000447690198
2025-22,2025,22,2025-11-23,vegas,norris,Lando Norris,mclaren,McLaren,67,3,66,0.9052631578947368,0.8526315789473685,0.8172293106503633,0.13684210526315793,-0.010526315789473684,0.01960920820569945,2,1,0.026213682354033253,67,0.8421052631578947,0.8605263157894736,0.805753418634305,0.05,0.02631578947368421,2,0.763035979102461
2025-22,2025,22,2025-11-23,vegas,ocon,Esteban Ocon,haas,Haas F1 Team,66,3,57,0.3368421052631579,0.3315789473684211,0.4031370799881059,-0.2947368421052632,-0.21052631578947367,-0.05423414304993253,2,2,-0.007272454640875707,67,0.4842105263157895,0.43947368421052635,0.40517164412303025,0.05,0.07142857142857142,2,0.40950282252009856
2025-22,2025,22,2025-11-23,vegas,piastri,Oscar Piastri,mclaren,McLaren,67,3,63,0.8210526315789475,0.8947368421052632,0.8038403094350048,-0.13684210526315793,0.010526315789473684,-0.01960920820569945,2,2,-0.026213682354033253,67,0.8421052631578947,0.8605263157894736,0.805753418634305,0.05,0.02631578947368421,2,0.763035979102461
2025-22,2025,22,2025-11-23,vegas,russell,George Russell,mercedes,Mercedes,67,3,62,0.8421052631578947,0.8052631578947368,0.7759909031838856,0.10526315789473684,0.24210526315789474,0.11452241715399608,2,2,0.08807371965266698,67,0.7894736842105263,0.6894736842105263,0.7373257705667678,0.05,0.08270676691729323,2,0.7730790293117163
2025-22,2025,22,2025-11-23,vegas,sainz,Carlos Sainz,williams,Williams,64,3,58,0.48421052631578954,0.41578947368421054,0.6296382549293589,0.03157894736842108,-0.11052631578947367,-0.08250200665061344,2,2,-0.06957083737269493,67,0.41578947368421054,0.4473684210526316,0.41819883040935674,0.05,0.18532818532818532,2,0.3902690058479532
2025-22,2025,22,2025-11-23,vegas,stroll,Lance Stroll,aston_martin,Aston Martin,64,3,59,0.2947368421052632,0.39473684210526316,0.3909844054580897,-0.11578947368421053,-0.13157894736842107,-0.15934225001447513,2,2,-0.13502402871866134,67,0.3578947368421053,0.41578947368421054,0.4732884843688168,0.1,0.1,2,0.47339640968449836
2025-22,2025,22,2025-11-23,vegas,tsunoda,Yuki Tsunoda,red_bull,Red Bull,66,3,60,0.4947368421052632,0.42105263157894746,0.4084795321637427,-0.4526315789473684,-0.46842105263157896,-0.18347294663084138,2,2,-0.08558798032482243,67,0.7210526315789474,0.6552631578947369,0.742305324715297,0.0,0.07894736842105263,2,0.7456000447690198
2025-23,2025,23,2025-11-30,losail,albon,Alexander Albon,williams,Williams,67,3,53,0.37894736842105264,0.5,0.4910073926955754,-0.03157894736842108,0.11052631578947367,0.14259485924112605,2,2,0.14259485924112605,68,0.4473684210526316,0.4736842105263158,0.42690058479532167,0.1,0.19245283018867926,2,0.391812865497076
2025-23,2025,23,2025-11-30,losail,alonso,Fernando Alonso,aston_martin,Aston Martin,68,3,60,0.4526315789473685,0.5105263157894737,0.5523566751636927,0.11578947368421053,0.13157894736842107,0.15934225001447513,2,2,0.1708773216502937,68,0.41052631578947374,0.4,0.473297213622291,0.15,0.10902255639097744,2,0.5236419926822403
2025-23,2025,23,2025-11-30,losail,antonelli,Andrea Kimi Antonelli,mercedes,Mercedes,22,1,18,0.7473684210526316,0.6105263157894737,0.6315789473684211,-0.09473684210526315,-0.23684210526315788,-0.21052631578947367,0,0,-0.21052631578947367,68,0.7947368421052632,0.7289473684210527,0.7413785689714483,0.0,0.08088235294117647,2,0.7305719736060293
2025-23,2025,23,2025-11-30,losail,bearman,Oliver Bearman,haas,Haas F1 Team,25,2,23,0.6526315789473685,0.5789473684210527,0.4946836788942053,0.26315789473684215,0.21052631578947367,0.0826862237561116,0,0,0.0826862237561116,68,0.5210526315789474,0.4526315789473684,0.4084729859474557,0.05,0.06985294117647059,2,0.4262578653780539
2025-23,2025,23,2025-11-30,losail,bortoleto,Gabriel Bortoleto,sauber,Sauber,22,1,17,0.37894736842105264,0.4421052631578948,0.34176126590987277,0.04210526315789478,-0.017836257309941504,-0.054093567251461985,0,0,-0.054093567251461985,46,0.4473684210526316,0.4552631578947368,0.35006925207756234,0.15789473684210525,0.11555555555555555,1,0.39058171745152354
2025-23,2025,23,2025-11-30,losail,colapinto,Franco Colapinto,alpine,Alpine F1 Team,24,2,21,0.2210526315789474,0.19473684210526318,0.27577716220375503,-0.03157894736842108,-0.03684210526315791,-0.05281432748538014,1,0,-0.05281432748538014,68,0.2368421052631579,0.21315789473684213,0.37183235867446396,0.0,0.10861423220973783,2,0.46420343788764845
2025-23,2025,23,2025-11-30,losail,gasly,Pierre Gasly,alpine,Alpine F1 Team,67,3,60,0.2526315789473685,0.2315789473684211,0.4101248884924175,0.03157894736842108,0.03684210526315791,0.051315789473684224,2,2,0.01637426900584796,68,0.2368421052631579,0.21315789473684213,0.37183235867446396,0.0,0.10861423220973783,2,0.46420343788764845
2025-23,2025,23,2025-11-30,losail,hadjar,Isack Hadjar,rb,RB F1 Team,21,1,20,0.4842105263157895,0.4842105263157895,0.4964912280701755,0.010526315789473694,-0.03684210526315788,0.07189542483660134,0,0,0.07189542483660134,46,0.4526315789473685,0.48684210526315785,0.4346799721015076,0.05,0.12,1,0.41616503031278507
2025-23,2025,23,2025-11-30,losail,hamilton,Lewis Hamilton,ferrari,Ferrari,68,3,61,0.6736842105263158,0.6894736842105262,0.7316949398289111,-0.12631578947368427,-0.08947368421052634,-0.05609418282548476,2,1,-0.12908587257617726,68,0.7368421052631579,0.7342105263157894,0.7761520467836258,0.2,0.08148148148148149,2,0.7893545986177567
2025-23,2025,23,2025-11-30,losail,hulkenberg,Nico Hülkenberg,sauber,Sauber,67,3,61,0.42105263157894735,0.46842105263157896,0.43572124756335284,-0.04210526315789478,0.017836257309941504,0.07857470473569546,2,1,0.05814827555453631,46,0.4473684210526316,0.4552631578947368,0.35006925207756234,0.15789473684210525,0.11555555555555555,1,0.39058171745152354
2025-23,2025,23,2025-11-30,losail,lawson,Liam Lawson,rb,RB F1 Team,33,3,28,0.5052631578947369,0.5263157894736843,0.4375644994840041,-0.010526315789473694,0.03684210526315788,-0.08031798245614037,2,2,-0.07755183413078152,46,0.4526315789473685,0.48684210526315785,0.4346799721015076,0.05,0.12,1,0.41616503031278507
2025-23,2025,23,2025-11-30,losail,leclerc,Charles Leclerc,ferrari,Ferrari,67,3,59,0.8,0.7789473684210526,0.813401559454191,0.12631578947368427,0.08947368421052634,0.07367916918733615,2,2,0.10104859850776364,68,0.7368421052631579,0.7342105263157894,0.7761520467836258,0.2,0.08148148148148149,2,0.7893545986177567
2025-23,2025,23,2025-11-30,losail,max_verstappen,Max Verstappen,red_bull,Red Bull,68,3,66,0.9473684210526315,0.9105263157894736,0.9041783848935315,0.5157894736842106,0.47368421052631576,0.3439359267734554,2,2,0.35835240274599545,68,0.6894736842105263,0.6736842105263159,0.7416043171654627,0.0,0.07720588235294118,2,0.7905447665509585
2025-23,2025,23,2025-11-30,losail,norris,Lando Norris,mclaren,McLaren,68,3,66,0.9052631578947368,0.8526315789473685,0.8172293106503633,0.13684210526315793,-0.010526315789473684,0.01960920820569945,2,2,-0.057509092596811875,68,0.8421052631578947,0.8605263157894736,0.805753418634305,0.05,0.025735294117647058,2,0.7989211465665759
2025-23,2025,23,2025-11-30,losail,ocon,Esteban Ocon,haas,Haas F1 Team,67,3,58,0.3894736842105263,0.35263157894736846,0.4074960127591707,-0.26315789473684215,-0.21052631578947367,-0.05123790785374652,2,1,-0.016305040899236664,68,0.5210526315789474,0.4526315789473684,0.4084729859474557,0.05,0.06985294117647059,2,0.4262578653780539
2025-23,2025,23,2025-11-30,losail,piastri,Oscar Piastri,mclaren,McLaren,68,3,63,0.8210526315789475,0.8947368421052632,0.8038403094350048,-0.13684210526315793,0.010526315789473684,-0.01960920820569945,2,2,0.057509092596811875,68,0.8421052631578947,0.8605263157894736,0.805753418634305,0.05,0.025735294117647058,2,0.7989211465665759
2025-23,2025,23,2025-11-30,losail,russell,George Russell,mercedes,Mercedes,68,3,63,0.8421052631578947,0.8473684210526315,0.7799764268552518,0.09473684210526315,0.23684210526315788,0.11284969179706021,2,2,0.17449027975343764,68,0.7947368421052632,0.7289473684210527,0.7413785689714483,0.0,0.08088235294117647,2,0.7305719736060293
2025-23,2025,23,2025-11-30,losail,sainz,Carlos Sainz,williams,Williams,65,3,59,0.5473684210526316,0.4421052631578948,0.6337719298245614,0.03157894736842108,-0.11052631578947367,-0.08250200665061344,1,1,-0.10810686847838549,68,0.4473684210526316,0.4736842105263158,0.42690058479532167,0.1,0.19245283018867926,2,0.391812865497076
2025-23,2025,23,2025-11-30,losail,stroll,Lance Stroll,aston_martin,Aston Martin,65,3,59,0.2947368421052632,0.39473684210526316,0.3909844054580897,-0.11578947368421053,-0.13157894736842107,-0.15934225001447513,2,1,-0.1708773216502937,68,0.41052631578947374,0.4,0.473297213622291,0.15,0.10902255639097744,2,0.5236419926822403
2025-23,2025,23,2025-11-30,losail,tsunoda,Yuki Tsunoda,red_bull,Red Bull,67,3,61,0.43157894736842106,0.43684210526315786,0.4087861931250891,-0.5157894736842106,-0.47368421052631576,-0.19388016825689955,2,2,-0.12186500275142934,68,0.6894736842105263,0.6736842105263159,0.7416043171654627,0.0,0.07720588235294118,2,0.7905447665509585
2025-24,2025,24,2025-12-07,yas_marina,albon,Alexander Albon,williams,Williams,68,3,54,0.4,0.4842105263157895,0.49053060786522884,-0.15789473684210528,0.06315789473684211,0.12359550561797752,2,2,0.12155857809317301,69,0.5,0.5,0.4327931788759431,0.1,0.1881918819188192,2,0.4248065224360926
2025-24,2025,24,2025-12-07,yas_marina,alonso,Fernando Alonso,aston_martin,Aston Martin,69,3,61,0.5368421052631579,0.5105263157894737,0.5556530214424952,0.23157894736842105,0.13157894736842107,0.1699280251911831,2,2,0.18578497525865947,69,0.3894736842105263,0.4184210526315789,0.47216963271488077,0.15,0.10661764705882353,2,0.47975973288354967
2025-24,2025,24,2025-12-07,yas_marina,antonelli,Andrea Kimi Antonelli,mercedes,Mercedes,23,1,19,0.7473684210526316,0.6684210526315789,0.6398891966759003,-0.042105263157894736,-0.1736842105263158,-0.1966759002770083,0,0,-0.1966759002770083,69,0.7684210526315789,0.7552631578947369,0.7418486263620683,0.0,0.07913669064748201,2,0.7548372785025568
2025-24,2025,24,2025-12-07,yas_marina,bearman,Oliver Bearman,haas,Haas F1 Team,26,2,23,0.6526315789473685,0.5789473684210527,0.4946836788942053,0.26315789473684215,0.21052631578947367,0.0826862237561116,0,0,0.0826862237561116,69,0.5052631578947369,0.4421052631578948,0.4052909036581722,0.1,0.07913669064748201,2,0.3832737672537903
2025-24,2025,24,2025-12-07,yas_marina,bortoleto,Gabriel Bortoleto,sauber,Sauber,23,1,18,0.3263157894736842,0.4473684210526316,0.34324236517218976,0.04210526315789478,-0.017836257309941504,-0.054093567251461985,0,0,-0.054093567251461985,47,0.5052631578947369,0.4421052631578948,0.35053981106612686,0.21052631578947367,0.12554112554112554,1,0.3541160593792173
2025-24,2025,24,2025-12-07,yas_marina,colapinto,Franco Colapinto,alpine,Alpine F1 Team,25,2,22,0.24210526315789477,0.2210526315789474,0.2777777777777778,-0.04210526315789476,0.021052631578947358,-0.04351565187478502,1,0,-0.04351565187478502,69,0.26315789473684215,0.21052631578947373,0.36946987032799394,0.0,0.10622710622710622,2,0.3907149296165315
2025-24,2025,24,2025-12-07,yas_marina,gasly,Pierre Gasly,alpine,Alpine F1 Team,68,3,61,0.2842105263157895,0.20000000000000004,0.4051761635493693,0.04210526315789476,-0.021052631578947358,0.04675523760858458,2,2,0.10577414409810935,69,0.26315789473684215,0.21052631578947373,0.36946987032799394,0.0,0.10622710622710622,2,0.3907149296165315
2025-24,2025,24,2025-12-07,yas_marina,hadjar,Isack Hadjar,rb,RB F1 Team,22,1,21,0.41052631578947374,0.4947368421052632,0.4778613199665831,-0.03157894736842106,-0.0526315789473684,0.041585445094217056,0,0,0.041585445094217056,47,0.4473684210526316,0.4894736842105264,0.43220029239766083,0.05,0.11688311688311688,1,0.40365497076023393
2025-24,2025,24,2025-12-07,yas_marina,hamilton,Lewis Hamilton,ferrari,Ferrari,69,3,62,0.631578947368421,0.6473684210526316,0.7241794001131862,-0.1789473684210527,-0.10526315789473686,-0.06005398110661268,2,2,-0.06281437860385229,69,0.7210526315789474,0.7,0.7702965095029239,0.2,0.07971014492753623,2,0.7755266480595427
2025-24,2025,24,2025-12-07,yas_marina,hulkenberg,Nico Hülkenberg,sauber,Sauber,68,3,61,0.42105263157894735,0.46842105263157896,0.43572124756335284,-0.04210526315789478,0.017836257309941504,0.07857470473569546,2,2,0.15762370870730003,47,0.5052631578947369,0.4421052631578948,0.35053981106612686,0.21052631578947367,0.12554112554112554,1,0.3541160593792173
2025-24,2025,24,2025-12-07,yas_marina,lawson,Liam Lawson,rb,RB F1 Team,34,3,29,0.4631578947368421,0.5105263157894737,0.44353842352359774,0.03157894736842106,0.0526315789473684,-0.055511914113642334,1,1,-0.09704111023828228,47,0.4473684210526316,0.4894736842105264,0.43220029239766083,0.05,0.11688311688311688,1,0.40365497076023393
2025-24,2025,24,2025-12-07,yas_marina,leclerc,Charles Leclerc,ferrari,Ferrari,68,3,60,0.8105263157894737,0.7526315789473684,0.8089668615984406,0.1789473684210527,0.10526315789473686,0.07712909725293626,2,2,0.12307953484424074,69,0.7210526315789474,0.7,0.7702965095029239,0.2,0.07971014492753623,2,0.7755266480595427
2025-24,2025,24,2025-12-07,yas_marina,max_verstappen,Max Verstappen,red_bull,Red Bull,69,3,67,0.9578947368421054,0.9263157894736842,0.9063236449332286,0.5052631578947369,0.47368421052631576,0.3472346119536128,2,2,0.32619684805233423,69,0.7052631578947368,0.6894736842105263,0.7420695022929026,0.0,0.07553956834532374,2,0.7573902600407713
2025-24,2025,24,2025-12-07,yas_marina,norris,Lando Norris,mclaren,McLaren,69,3,67,0.9368421052631579,0.8368421052631578,0.8177821095949751,0.10526315789473684,-0.026315789473684216,0.016705199691735808,2,2,0.10305832704853511,69,0.8842105263157896,0.8526315789473685,0.8077162882696939,0.05,0.025179856115107913,2,0.7955639991243707
2025-24,2025,24,2025-12-07,yas_marina,ocon,Esteban Ocon,haas,Haas F1 Team,68,3,59,0.42105263157894746,0.35263157894736846,0.404003961516695,-0.26315789473684215,-0.21052631578947367,-0.05123790785374652,1,1,-0.03969685376473375,69,0.5052631578947369,0.4421052631578948,0.4052909036581722,0.1,0.07913669064748201,2,0.3832737672537903
2025-24,2025,24,2025-12-07,yas_marina,piastri,Oscar Piastri,mclaren,McLaren,69,3,64,0.8315789473684211,0.8947368421052632,0.8071524966261808,-0.10526315789473684,0.026315789473684216,-0.016705199691735808,2,2,-0.10305832704853511,69,0.8842105263157896,0.8526315789473685,0.8077162882696939,0.05,0.025179856115107913,2,0.7955639991243707
2025-24,2025,24,2025-12-07,yas_marina,russell,George Russell,mercedes,Mercedes,69,3,64,0.7894736842105263,0.8421052631578947,0.7789961013645224,0.042105263157894736,0.1736842105263158,0.1084949215143121,2,2,0.0980441534458155,69,0.7684210526315789,0.7552631578947369,0.7418486263620683,0.0,0.07913669064748201,2,0.7548372785025568
2025-24,2025,24,2025-12-07,yas_marina,sainz,Carlos Sainz,williams,Williams,66,3,60,0.5473684210526316,0.4894736842105264,0.6403508771929826,0.15789473684210528,-0.06315789473684211,-0.068114731272626,2,2,-0.11652363231310599,69,0.5,0.5,0.4327931788759431,0.1,0.1881918819188192,2,0.4248065224360926
2025-24,2025,24,2025-12-07,yas_marina,stroll,Lance Stroll,aston_martin,Aston Martin,66,3,60,0.2947368421052632,0.34210526315789475,0.3852992915894072,-0.23157894736842105,-0.13157894736842107,-0.1699280251911831,2,2,-0.18578497525865947,69,0.3894736842105263,0.4184210526315789,0.47216963271488077,0.15,0.10661764705882353,2,0.47975973288354967
2025-24,2025,24,2025-12-07,yas_marina,tsunoda,Yuki Tsunoda,red_bull,Red Bull,68,3,62,0.4526315789473685,0.4526315789473685,0.4115845168476748,-0.5052631578947369,-0.47368421052631576,-0.20105463087919226,2,2,-0.08402059279252262,69,0.7052631578947368,0.6894736842105263,0.7420695022929026,0.0,0.07553956834532374,2,0.7573902600407713
2026-01,2026,1,2026-03-08,albert_park,albon,Alexander Albon,williams,Williams,69,3,55,0.37894736842105264,0.43157894736842106,0.483030492898914,-0.08421052631578951,0.026315789473684202,0.11441647597254004,3,2,0.11441647597254004,70,0.4947368421052632,0.5,0.429584533472986,0.1,0.18411552346570398,3,0.4931794660781307
2026-01,2026,1,2026-03-08,albert_park,alonso,Fernando Alonso,aston_martin,Aston Martin,70,3,62,0.5473684210526316,0.5263157894736843,0.5600722673893406,0.25263157894736843,0.11578947368421053,0.1710662950210417,3,2,0.10899451971758908,70,0.42105263157894746,0.4078947368421053,0.47553743513713864,0.15,0.10431654676258993,3,0.5868985844893925
2026-01,2026,1,2026-03-08,albert_park,antonelli,Andrea Kimi Antonelli,mercedes,Mercedes,24,1,20,0.7263157894736842,0.6421052631578947,0.6210526315789474,-0.07368421052631577,-0.18947368421052632,-0.2131578947368421,1,1,-0.16937799043062202,70,0.7631578947368421,0.7368421052631579,0.7372951157235813,0.0,0.07746478873239436,3,0.6909439090684459
2026-01,2026,1,2026-03-08,albert_park,arvid_lindblad,Arvid Lindblad,rb,RB F1 Team,0,0,0,0.554553452550658,0.554553452550658,0.554553452550658,0.0,0.0,0.0,0,0,0.0,48,0.4052631578947369,0.4473684210526316,0.4243579964403763,0.05,0.11392405063291139,2,0.4395059555242622
2026-01,2026,1,2026-03-08,albert_park,bearman,Oliver Bearman,haas,Haas F1 Team,27,2,24,0.6210526315789474,0.5736842105263158,0.4914823290109332,0.11578947368421053,0.1736842105263158,0.06647478070175439,1,1,0.033991228070175426,70,0.531578947368421,0.47631578947368425,0.4084482038429407,0.05,0.07746478873239436,3,0.41217925766797947
2026-01,2026,1,2026-03-08,albert_park,bortoleto,Gabriel Bortoleto,audi,Audi,24,1,19,0.3263157894736842,0.43157894736842106,0.35010772545398583,-0.05263157894736838,-0.038888888888888876,-0.057504873294346975,1,0,-0.057504873294346975,0,0.5511312294341296,0.5511312294341296,0.5511312294341296,0.0966113914924297,0.0966113914924297,0,0.5511312294341296
2026-01,2026,1,2026-03-08,albert_park,bottas,Valtteri Bottas,cadillac,Cadillac F1 Team,46,2,41,0.28421052631578947,0.2368421052631579,0.26779912744825024,-0.03157894736842106,-1.1102230246251566e-17,-0.001744126397866011,2,2,-0.0007368234515048876,0,0.5511312294341296,0.5511312294341296,0.5511312294341296,0.0966113914924297,0.0966113914924297,0,0.5511312294341296
2026-01,2026,1,2026-03-08,albert_park,colapinto,Franco Colapinto,alpine,Alpine F1 Team,26,2,23,0.21052631578947373,0.21052631578947373,0.2645502645502646,-0.07368421052631582,0.010526315789473672,-0.04402209226770632,0,0,-0.04402209226770632,70,0.2473684210526316,0.20526315789473687,0.36216871967151926,0.0,0.1039426523297491,3,0.36860768943635686
2026-01,2026,1,2026-03-08,albert_park,gasly,Pierre Gasly,alpine,Alpine F1 Team,69,3,62,0.2842105263157895,0.20000000000000004,0.3966468590831919,0.07368421052631582,-0.010526315789473672,0.04692154915590865,3,3,0.06921248232072465,70,0.2473684210526316,0.20526315789473687,0.36216871967151926,0.0,0.1039426523297491,3,0.36860768943635686
2026-01,2026,1,2026-03-08,albert_park,hadjar,Isack Hadjar,red_bull,Red Bull,23,1,22,0.4,0.4631578947368421,0.46331738437001596,-0.06315789473684211,0.015789473684210555,0.04216682056017239,0,0,0.04216682056017239,70,0.6684210526315789,0.718421052631579,0.7402911621777449,0.0,0.07394366197183098,3,0.8010519255886195
2026-01,2026,1,2026-03-08,albert_park,hamilton,Lewis Hamilton,ferrari,Ferrari,70,3,63,0.631578947368421,0.6263157894736842,0.7219919878436248,-0.2,-0.17894736842105266,-0.0638157894736842,3,2,-0.07511961722488035,70,0.7315789473684211,0.7157894736842105,0.7695303781081202,0.2,0.07801418439716312,3,0.7327558718679652
2026-01,2026,1,2026-03-08,albert_park,hulkenberg,Nico Hülkenberg,audi,Audi,69,3,62,0.4947368421052632,0.46842105263157896,0.43921456758427235,0.05263157894736838,0.038888888888888876,0.07933723196881091,3,3,0.11564770512138933,0,0.5511312294341296,0.5511312294341296,0.5511312294341296,0.0966113914924297,0.0966113914924297,0,0.5511312294341296
2026-01,2026,1,2026-03-08,albert_park,lawson,Liam Lawson,rb,RB F1 Team,35,3,30,0.43157894736842106,0.4578947368421053,0.4298245614035088,0.06315789473684211,-0.015789473684210555,-0.05538847117794488,1,0,-0.05538847117794488,48,0.4052631578947369,0.4473684210526316,0.4243579964403763,0.05,0.11392405063291139,2,0.4395059555242622
2026-01,2026,1,2026-03-08,albert_park,leclerc,Charles Leclerc,ferrari,Ferrari,69,3,61,0.8315789473684211,0.8052631578947368,0.80975587115938,0.2,0.17894736842105266,0.08040935672514618,3,2,0.06522717049032835,70,0.7315789473684211,0.7157894736842105,0.7695303781081202,0.2,0.07801418439716312,3,0.7327558718679652
2026-01,2026,1,2026-03-08,albert_park,max_verstappen,Max Verstappen,red_bull,Red Bull,70,3,68,0.9578947368421054,0.968421052631579,0.9083749519784864,0.5789473684210525,0.5,0.3555893866898652,3,2,0.3394712677009328,70,0.6684210526315789,0.718421052631579,0.7402911621777449,0.0,0.07394366197183098,3,0.8010519255886195
2026-01,2026,1,2026-03-08,albert_park,norris,Lando Norris,mclaren,McLaren,70,3,68,0.9368421052631579,0.8315789473684211,0.81945503856259,0.08421052631578944,-0.0368421052631579,0.01512936381357435,3,3,0.11432621958937748,70,0.8947368421052632,0.8473684210526315,0.8101623963986705,0.05,0.02464788732394366,3,0.8040109265970682
2026-01,2026,1,2026-03-08,albert_park,ocon,Esteban Ocon,haas,Haas F1 Team,69,3,60,0.5052631578947369,0.4,0.41062301422848463,-0.11578947368421053,-0.1736842105263158,-0.04266347687400319,3,3,-0.04066985645933014,70,0.531578947368421,0.47631578947368425,0.4084482038429407,0.05,0.07746478873239436,3,0.41217925766797947
2026-01,2026,1,2026-03-08,albert_park,perez,Sergio Pérez,cadillac,Cadillac F1 Team,46,2,40,0.4736842105263158,0.5263157894736843,0.6961013645224171,-0.4,-0.32105263157894737,-0.23774954627949182,2,2,-0.23472474289171202,0,0.5511312294341296,0.5511312294341296,0.5511312294341296,0.0966113914924297,0.0966113914924297,0,0.5511312294341296
2026-01,2026,1,2026-03-08,albert_park,piastri,Oscar Piastri,mclaren,McLaren,70,3,65,0.8526315789473685,0.8947368421052632,0.8103152618388075,-0.08421052631578944,0.0368421052631579,-0.01512936381357435,3,3,-0.11432621958937748,70,0.8947368421052632,0.8473684210526315,0.8101623963986705,0.05,0.02464788732394366,3,0.8040109265970682
2026-01,2026,1,2026-03-08,albert_park,russell,George Russell,mercedes,Mercedes,70,3,65,0.8,0.8315789473684211,0.7792289365388781,0.07368421052631577,0.18947368421052632,0.11920827710301393,3,2,0.10105099578783791,70,0.7631578947368421,0.7368421052631579,0.7372951157235813,0.0,0.07746478873239436,3,0.6909439090684459
2026-01,2026,1,2026-03-08,albert_park,sainz,Carlos Sainz,williams,Williams,67,3,61,0.5157894736842106,0.5157894736842106,0.6336640782283578,0.08421052631578951,-0.026315789473684202,-0.06183669049166123,3,2,-0.03835824128221787,70,0.4947368421052632,0.5,0.429584533472986,0.1,0.18411552346570398,3,0.4931794660781307
2026-01,2026,1,2026-03-08,albert_park,stroll,Lance Stroll,aston_martin,Aston Martin,67,3,61,0.3263157894736842,0.3631578947368421,0.3886568272533185,-0.25263157894736843,-0.11578947368421053,-0.1710662950210417,3,3,-0.10899451971758908,70,0.42105263157894746,0.4078947368421053,0.47553743513713864,0.15,0.10431654676258993,3,0.5868985844893925
2026-02,2026,2,2026-03-15,shanghai,albon,Alexander Albon,williams,Williams,70,4,56,0.4110275689223058,0.45288220551378444,0.48279463025379543,-0.013533834586466198,-0.02255639097744363,0.11560150375939848,2,2,0.1480624638519375,71,0.5177944862155389,0.4825814536340852,0.4288650369886068,0.1,0.17894736842105263,2,0.44812747215493215
2026-02,2026,2,2026-03-15,shanghai,alonso,Fernando Alonso,aston_martin,Aston Martin,71,4,62,0.5473684210526316,0.5263157894736843,0.5600722673893406,0.25263157894736843,0.11578947368421053,0.1710662950210417,2,1,0.22106356233262284,71,0.42105263157894746,0.4078947368421053,0.47553743513713864,0.2,0.11538461538461539,2,0.4991161544163768
2026-02,2026,2,2026-03-15,shanghai,antonelli,Andrea Kimi Antonelli,mercedes,Mercedes,25,2,21,0.7694235588972431,0.7162907268170426,0.6417606516290727,-0.093734335839599,-0.131077694235589,-0.20281171679197996,1,1,-0.19056163135110502,71,0.8162907268170427,0.7818295739348371,0.7438401940925373,0.0,0.07534246575342465,2,0.74722149595978
2026-02,2026,2,2026-03-15,shanghai,arvid_lindblad,Arvid Lindblad,rb,RB F1 Team,1,1,1,0.6666666666666667,0.6666666666666667,0.6666666666666667,0.23809523809523814,0.23809523809523814,0.23809523809523814,0,0,0.23809523809523814,49,0.44110275689223066,0.4363408521303258,0.4285012250514241,0.05,0.11020408163265306,2,0.4049386899895524
2026-02,2026,2,2026-03-15,shanghai,bearman,Oliver Bearman,haas,Haas F1 Team,28,3,25,0.6481203007518797,0.5977443609022557,0.5036907336835239,0.09072681704260652,0.1716791979949875,0.07376898127672121,1,1,0.010587967244313979,71,0.5132832080200501,0.47506265664160396,0.41429818759862624,0.05,0.07534246575342465,2,0.47560050410927607
2026-02,2026,2,2026-03-15,shanghai,bortoleto,Gabriel Bortoleto,audi,Audi,25,2,20,0.418546365914787,0.4355889724310777,0.36774312831258477,-0.05263157894736838,-0.038888888888888876,-0.057504873294346975,1,1,-0.02746765904660643,1,0.6190476190476191,0.6190476190476191,0.6190476190476191,0.0,0.0,0,0.6190476190476191
2026-02,2026,2,2026-03-15,shanghai,bottas,Valtteri Bottas,cadillac,Cadillac F1 Team,47,3,41,0.28421052631578947,0.2368421052631579,0.26779912744825024,-0.03157894736842106,-1.1102230246251566e-17,-0.001744126397866011,1,0,-0.001744126397866011,1,0.2857142857142857,0.2857142857142857,0.2857142857142857,0.5,0.5,0,0.2857142857142857
2026-02,2026,2,2026-03-15,shanghai,colapinto,Franco Colapinto,alpine,Alpine F1 Team,27,3,24,0.2446115288220551,0.2012531328320802,0.27149964463397297,-0.10125313283208022,-0.04010025062656643,-0.05412237490277419,0,0,-0.05412237490277419,71,0.29523809523809524,0.22130325814536342,0.3653141474375594,0.0,0.10104529616724739,2,0.37460627696562365
2026-02,2026,2,2026-03-15,shanghai,gasly,Pierre Gasly,alpine,Alpine F1 Team,70,4,63,0.3458646616541354,0.24135338345864663,0.402108787593985,0.10125313283208022,0.04010025062656643,0.05214171793119162,2,1,0.020660742766005928,71,0.29523809523809524,0.22130325814536342,0.3653141474375594,0.0,0.10104529616724739,2,0.37460627696562365
2026-02,2026,2,2026-03-15,shanghai,hadjar,Isack Hadjar,red_bull,Red Bull,24,2,22,0.4,0.4631578947368421,0.46331738437001596,-0.06315789473684211,0.015789473684210555,0.04216682056017239,1,1,0.10243711351744596,71,0.6839598997493734,0.718295739348371,0.7408833155949234,0.05,0.08561643835616438,2,0.7474261699207626
2026-02,2026,2,2026-03-15,shanghai,hamilton,Lewis Hamilton,ferrari,Ferrari,71,4,64,0.6345864661654135,0.643609022556391,0.7261187319443647,-0.19899749373433584,-0.16265664160401003,-0.06329331392998624,2,1,-0.08221359851241006,71,0.7340852130325815,0.724937343358396,0.7728317707849871,0.1,0.07586206896551724,2,0.7814233113648318
2026-02,2026,2,2026-03-15,shanghai,hulkenberg,Nico Hülkenberg,audi,Audi,69,3,62,0.4947368421052632,0.46842105263157896,0.43921456758427235,0.05263157894736838,0.038888888888888876,0.07933723196881091,2,2,0.08526015894436949,1,0.6190476190476191,0.6190476190476191,0.6190476190476191,0.0,0.0,0,0.6190476190476191
2026-02,2026,2,2026-03-15,shanghai,lawson,Liam Lawson,rb,RB F1 Team,36,4,31,0.42255639097744363,0.4375939849624061,0.42976029818135086,-0.037092731829573955,-0.05538847117794489,-0.06526451263293372,1,1,-0.16229763598184652,49,0.44110275689223066,0.4363408521303258,0.4285012250514241,0.05,0.11020408163265306,2,0.4049386899895524
2026-02,2026,2,2026-03-15,shanghai,leclerc,Charles Leclerc,ferrari,Ferrari,70,4,62,0.8335839598997493,0.8062656641604009,0.8126791337317654,0.19899749373433584,0.16265664160401003,0.07936839453130179,2,1,0.0740210314145151,71,0.7340852130325815,0.724937343358396,0.7728317707849871,0.1,0.07586206896551724,2,0.7814233113648318
2026-02,2026,2,2026-03-15,shanghai,max_verstappen,Max Verstappen,red_bull,Red Bull,71,4,69,0.9313283208020049,0.949874686716792,0.9042197692813594,0.5789473684210525,0.5,0.3555893866898652,2,2,0.33218456184963363,71,0.6839598997493734,0.718295739348371,0.7408833155949234,0.05,0.08561643835616438,2,0.7474261699207626
2026-02,2026,2,2026-03-15,shanghai,norris,Lando Norris,mclaren,McLaren,71,4,69,0.9092731829573936,0.8125313283208021,0.8191752856319202,0.08421052631578944,-0.0368421052631579,0.01512936381357435,2,2,0.045747624694993154,71,0.8829573934837093,0.830952380952381,0.8101445338287443,0.05263157894736842,0.024305555555555556,2,0.8447043285099964
2026-02,2026,2,2026-03-15,shanghai,ocon,Esteban Ocon,haas,Haas F1 Team,70,4,61,0.49423558897243114,0.39974937343358397,0.4140790908569133,-0.09072681704260652,-0.1716791979949875,-0.04784988787758871,2,2,0.02318549409962153,71,0.5132832080200501,0.47506265664160396,0.41429818759862624,0.05,0.07534246575342465,2,0.47560050410927607
2026-02,2026,2,2026-03-15,shanghai,perez,Sergio Pérez,cadillac,Cadillac F1 Team,47,3,41,0.42556390977443614,0.4864661654135339,0.670452172096909,-0.4,-0.32105263157894737,-0.23774954627949182,1,1,-0.21125226860254082,1,0.2857142857142857,0.2857142857142857,0.2857142857142857,0.5,0.5,0,0.2857142857142857
2026-02,2026,2,2026-03-15,shanghai,piastri,Oscar Piastri,mclaren,McLaren,70,3,65,0.8526315789473685,0.8947368421052632,0.8103152618388075,-0.08421052631578944,0.0368421052631579,-0.01512936381357435,2,2,-0.045747624694993154,71,0.8829573934837093,0.830952380952381,0.8101445338287443,0.05263157894736842,0.024305555555555556,2,0.8447043285099964
2026-02,2026,2,2026-03-15,shanghai,russell,George Russell,mercedes,Mercedes,71,4,66,0.8631578947368421,0.8473684210526317,0.7855820606672557,0.093734335839599,0.131077694235589,0.11684169100437043,2,2,0.13263132401888383,71,0.8162907268170427,0.7818295739348371,0.7438401940925373,0.0,0.07534246575342465,2,0.74722149595978
2026-02,2026,2,2026-03-15,shanghai,sainz,Carlos Sainz,williams,Williams,68,4,62,0.5508771929824562,0.5175438596491229,0.624129768866611,0.013533834586466198,0.02255639097744363,-0.06473027807614272,2,2,-0.08436843023309185,71,0.5177944862155389,0.4825814536340852,0.4288650369886068,0.1,0.17894736842105263,2,0.44812747215493215
2026-02,2026,2,2026-03-15,shanghai,stroll,Lance Stroll,aston_martin,Aston Martin,68,4,61,0.3263157894736842,0.3631578947368421,0.3886568272533185,-0.25263157894736843,-0.11578947368421053,-0.1710662950210417,2,2,-0.22106356233262284,71,0.42105263157894746,0.4078947368421053,0.47553743513713864,0.2,0.11538461538461539,2,0.4991161544163768
2026-03,2026,3,2026-03-29,suzuka,albon,Alexander Albon,williams,Williams,70,4,56,0.4110275689223058,0.45288220551378444,0.48279463025379543,-0.013533834586466198,-0.02255639097744363,0.11560150375939848,3,1,0.15584415584415587,72,0.5573934837092732,0.48659147869674185,0.434222292821255,0.10526315789473684,0.17647058823529413,3,0.3947440830317035
2026-03,2026,3,2026-03-29,suzuka,alonso,Fernando Alonso,aston_martin,Aston Martin,72,4,62,0.5473684210526316,0.5263157894736843,0.5600722673893406,0.25263157894736843,0.11578947368421053,0.1710662950210417,3,3,0.26316630300890015,72,0.42105263157894746,0.4078947368421053,0.47553743513713864,0.25,0.13945578231292516,3,0.45030710579265065
2026-03,2026,3,2026-03-29,suzuka,antonelli,Andrea Kimi Antonelli,mercedes,Mercedes,26,2,22,0.7799498746867168,0.7583959899749374,0.6628335544744214,-0.10526315789473686,-0.10526315789473686,-0.18808049535603713,1,1,-0.15113988179003657,72,0.8325814536340852,0.8110275689223057,0.7500362016151491,0.0,0.07333333333333333,3,0.7349830926522657
2026-03,2026,3,2026-03-29,suzuka,arvid_lindblad,Arvid Lindblad,rb,RB F1 Team,2,1,2,0.5714285714285714,0.5714285714285714,0.5714285714285714,0.0,0.0,0.0,0,0,0.0,50,0.42857142857142866,0.4537593984962406,0.43392356229326706,0.05,0.1067193675889328,2,0.4390946618160996
2026-03,2026,3,2026-03-29,suzuka,bearman,Oliver Bearman,haas,Haas F1 Team,29,3,26,0.6416040100250627,0.6050125313283208,0.5195781661947076,0.12380952380952384,0.19348370927318298,0.0934802283486494,1,1,0.18281815650236705,72,0.5165413533834586,0.5003759398496241,0.4191884553726659,0.05,0.07333333333333333,3,0.3880325008144557
2026-03,2026,3,2026-03-29,suzuka,bortoleto,Gabriel Bortoleto,audi,Audi,25,2,20,0.418546365914787,0.4355889724310777,0.36774312831258477,-0.05263157894736838,-0.038888888888888876,-0.057504873294346975,1,1,-0.08488392698919013,2,0.5714285714285714,0.5714285714285714,0.5714285714285714,0.0,0.0,0,0.5714285714285714
2026-03,2026,3,2026-03-29,suzuka,bottas,Valtteri Bottas,cadillac,Cadillac F1 Team,48,3,42,0.33834586466165417,0.25338345864661654,0.2773974737839624,-0.03358395989974938,-0.006265664160401007,0.00461536354547571,2,1,0.00461536354547571,2,0.33333333333333337,0.33333333333333337,0.33333333333333337,0.25,0.25,0,0.33333333333333337
2026-03,2026,3,2026-03-29,suzuka,colapinto,Franco Colapinto,alpine,Alpine F1 Team,28,3,25,0.306265664160401,0.24260651629072685,0.2883970489604293,-0.08671679197994989,-0.05388471177944863,-0.06291939526234944,0,0,-0.06291939526234944,72,0.34962406015037595,0.26954887218045115,0.3734041479537771,0.0,0.09830508474576272,3,0.3543512424397523
2026-03,2026,3,2026-03-29,suzuka,gasly,Pierre Gasly,alpine,Alpine F1 Team,71,4,64,0.3929824561403509,0.29649122807017547,0.4130116959064328,0.08671679197994989,0.05388471177944863,0.056995559073121406,3,3,0.043847086387648324,72,0.34962406015037595,0.26954887218045115,0.3734041479537771,0.0,0.09830508474576272,3,0.3543512424397523
2026-03,2026,3,2026-03-29,suzuka,hadjar,Isack Hadjar,red_bull,Red Bull,25,2,23,0.45964912280701753,0.44035087719298255,0.474937343358396,-0.06315789473684211,0.015789473684210555,0.04216682056017239,1,1,0.15985338146002964,72,0.7120300751879699,0.7165413533834586,0.7389042049568366,0.1,0.09666666666666666,3,0.7850129291482676
2026-03,2026,3,2026-03-29,suzuka,hamilton,Lewis Hamilton,ferrari,Ferrari,72,4,65,0.6892230576441103,0.6919799498746867,0.7314118629908103,-0.12631578947368421,-0.11578947368421053,-0.05982730263157894,3,3,-0.07554041353383457,72,0.7523809523809524,0.7498746867167919,0.7759431552502359,0.1,0.0738255033557047,3,0.7873810511204355
2026-03,2026,3,2026-03-29,suzuka,hulkenberg,Nico Hülkenberg,audi,Audi,70,4,63,0.599498746867168,0.431328320802005,0.441878975654359,0.05263157894736838,0.038888888888888876,0.07933723196881091,3,3,0.09796714007240322,2,0.5714285714285714,0.5714285714285714,0.5714285714285714,0.0,0.0,0,0.5714285714285714
2026-03,2026,3,2026-03-29,suzuka,lawson,Liam Lawson,rb,RB F1 Team,37,4,32,0.42857142857142855,0.46691729323308273,0.44363958677180754,-2.2204460492503132e-17,0.01578947368421051,-0.049707602339181305,2,2,-0.14717348927875243,50,0.42857142857142866,0.4537593984962406,0.43392356229326706,0.05,0.1067193675889328,2,0.4390946618160996
2026-03,2026,3,2026-03-29,suzuka,leclerc,Charles Leclerc,ferrari,Ferrari,71,4,63,0.8155388471177945,0.8077694235588971,0.8140064090574696,0.12631578947368421,0.11578947368421053,0.07546108861898335,3,3,0.07695520853415586,72,0.7523809523809524,0.7498746867167919,0.7759431552502359,0.1,0.0738255033557047,3,0.7873810511204355
2026-03,2026,3,2026-03-29,suzuka,max_verstappen,Max Verstappen,red_bull,Red Bull,72,4,69,0.9313283208020049,0.949874686716792,0.9042197692813594,0.5789473684210525,0.5,0.3555893866898652,3,3,0.36052464282129354,72,0.7120300751879699,0.7165413533834586,0.7389042049568366,0.1,0.09666666666666666,3,0.7850129291482676
2026-03,2026,3,2026-03-29,suzuka,norris,Lando Norris,mclaren,McLaren,71,4,69,0.9092731829573936,0.8125313283208021,0.8191752856319202,0.08421052631578944,-0.0368421052631579,0.01512936381357435,3,3,0.046239335713019955,72,0.8829573934837093,0.830952380952381,0.8101445338287443,0.058823529411764705,0.024305555555555556,3,0.8276013877517636
2026-03,2026,3,2026-03-29,suzuka,ocon,Esteban Ocon,haas,Haas F1 Team,71,4,62,0.4862155388471178,0.41152882205513786,0.4130975587115938,-0.12380952380952384,-0.19348370927318298,-0.060755702816362944,3,3,-0.11366491288754577,72,0.5165413533834586,0.5003759398496241,0.4191884553726659,0.05,0.07333333333333333,3,0.3880325008144557
2026-03,2026,3,2026-03-29,suzuka,perez,Sergio Pérez,cadillac,Cadillac F1 Team,48,3,42,0.35538847117794486,0.4513784461152882,0.6506216521696397,-0.33483709273182954,-0.3200501253132832,-0.22855525911553076,2,1,-0.19337052308189828,2,0.33333333333333337,0.33333333333333337,0.33333333333333337,0.25,0.25,0,0.33333333333333337
2026-03,2026,3,2026-03-29,suzuka,piastri,Oscar Piastri,mclaren,McLaren,70,3,65,0.8526315789473685,0.8947368421052632,0.8103152618388075,-0.08421052631578944,0.0368421052631579,-0.01512936381357435,3,3,-0.046239335713019955,72,0.8829573934837093,0.830952380952381,0.8101445338287443,0.058823529411764705,0.024305555555555556,3,0.8276013877517636
2026-03,2026,3,2026-03-29,suzuka,russell,George Russell,mercedes,Mercedes,72,4,67,0.8852130325814537,0.8636591478696742,0.7902477639319745,0.10526315789473686,0.10526315789473686,0.11157894736842104,3,3,0.08255639097744359,72,0.8325814536340852,0.8110275689223057,0.7500362016151491,0.0,0.07333333333333333,3,0.7349830926522657
2026-03,2026,3,2026-03-29,suzuka,sainz,Carlos Sainz,williams,Williams,69,4,63,0.6010025062656641,0.5426065162907269,0.6239733950260266,0.013533834586466198,0.02255639097744363,-0.06473027807614272,3,3,-0.09337970777283343,72,0.5573934837092732,0.48659147869674185,0.434222292821255,0.10526315789473684,0.17647058823529413,3,0.3947440830317035
2026-03,2026,3,2026-03-29,suzuka,stroll,Lance Stroll,aston_martin,Aston Martin,69,4,61,0.3263157894736842,0.3631578947368421,0.3886568272533185,-0.25263157894736843,-0.11578947368421053,-0.1710662950210417,3,2,-0.26316630300890015,72,0.42105263157894746,0.4078947368421053,0.47553743513713864,0.25,0.13945578231292516,3,0.45030710579265065
2026-04,2026,4,2026-05-03,miami,albon,Alexander Albon,williams,Williams,71,4,57,0.3458646616541353,0.3834586466165414,0.4698760790866054,-0.11378446115288224,-0.041102756892230606,0.10145363408521302,3,3,0.1465831244778613,73,0.44235588972431084,0.4448621553884712,0.42819663313534984,0.10526315789473684,0.1717171717171717,3,0.41761612119012476
2026-04,2026,4,2026-05-03,miami,alonso,Fernando Alonso,aston_martin,Aston Martin,73,4,63,0.48020050125313285,0.5295739348370928,0.5484314460692414,0.25263157894736843,0.11578947368421053,0.1710662950210417,3,3,0.20301532647818926,73,0.39598997493734334,0.3611528822055138,0.46772753802314004,0.3,0.1490066225165563,3,0.4176488187199898
2026-04,2026,4,2026-05-03,miami,antonelli,Andrea Kimi Antonelli,mercedes,Mercedes,27,2,23,0.8010025062656642,0.7741854636591479,0.6815650236702868,-0.06616541353383461,-0.08045112781954887,-0.16969507101086048,1,1,-0.16647679805574542,73,0.8340852130325814,0.8144110275689224,0.75467348023739,0.0,0.07142857142857142,3,0.7601893571281327
2026-04,2026,4,2026-05-03,miami,arvid_lindblad,Arvid Lindblad,rb,RB F1 Team,3,1,3,0.5079365079365079,0.5079365079365079,0.5079365079365079,-0.07936507936507937,-0.07936507936507937,-0.07936507936507937,0,0,-0.07936507936507937,51,0.42330827067669174,0.43796992481203006,0.43600470993757356,0.05,0.10344827586206896,2,0.45049682554862824
2026-04,2026,4,2026-05-03,miami,bearman,Oliver Bearman,haas,Haas F1 Team,30,3,26,0.6416040100250627,0.6050125313283208,0.5195781661947076,0.12380952380952384,0.19348370927318298,0.0934802283486494,1,0,0.0934802283486494,73,0.5203007518796993,0.5206766917293233,0.4231947742162424,0.1,0.08441558441558442,3,0.39784062286040917
2026-04,2026,4,2026-05-03,miami,bortoleto,Gabriel Bortoleto,audi,Audi,26,2,21,0.4832080200501253,0.40476190476190477,0.3714864083285136,-0.06115288220551376,-0.0095238095238095,-0.06058513631016316,1,0,-0.06058513631016316,3,0.5396825396825397,0.5396825396825397,0.5396825396825397,0.0,0.0,0,0.5396825396825397
2026-04,2026,4,2026-05-03,miami,bottas,Valtteri Bottas,cadillac,Cadillac F1 Team,49,3,43,0.3037593984962406,0.26240601503759403,0.2698177368303388,-0.06315789473684211,-0.02105263157894738,-0.001529464687359425,2,2,-0.005897026949658523,3,0.28571428571428575,0.28571428571428575,0.28571428571428575,0.16666666666666666,0.16666666666666666,0,0.28571428571428575
2026-04,2026,4,2026-05-03,miami,colapinto,Franco Colapinto,alpine,Alpine F1 Team,29,3,26,0.3107769423558897,0.26591478696741855,0.28825396825396826,-0.15137844611528822,-0.09147869674185466,-0.08508012455380878,0,0,-0.08508012455380878,73,0.38646616541353385,0.31165413533834585,0.3767138434321097,0.0,0.09570957095709572,3,0.40511467744992735
2026-04,2026,4,2026-05-03,miami,gasly,Pierre Gasly,alpine,Alpine F1 Team,72,4,65,0.462155388471178,0.3573934837092732,0.4218726964469999,0.15137844611528822,0.09147869674185466,0.06959135125950469,3,3,0.036257824839448366,73,0.38646616541353385,0.31165413533834585,0.3767138434321097,0.0,0.09570957095709572,3,0.40511467744992735
2026-04,2026,4,2026-05-03,miami,hadjar,Isack Hadjar,red_bull,Red Bull,26,2,24,0.42857142857142866,0.4353383458646617,0.4750050802682382,-0.04862155388471179,0.012531328320802015,0.026911541147951867,1,1,0.026911541147951867,73,0.6842105263157895,0.6868421052631579,0.734554188501557,0.1,0.09415584415584416,3,0.7637302129783333
2026-04,2026,4,2026-05-03,miami,hamilton,Lewis Hamilton,ferrari,Ferrari,73,4,66,0.7152882205513784,0.694486215538847,0.732289356484737,-0.11278195488721805,-0.11954887218045115,-0.062343358395989965,3,3,-0.03938417472252057,73,0.7716791979949875,0.7542606516290726,0.7775484749168959,0.1,0.0718954248366013,3,0.7582231886743165
2026-04,2026,4,2026-05-03,miami,hulkenberg,Nico Hülkenberg,audi,Audi,71,4,64,0.5779448621553885,0.4416040100250626,0.44438067178123425,0.06115288220551376,0.0095238095238095,0.0799207498869498,3,3,0.11075576068333191,3,0.5396825396825397,0.5396825396825397,0.5396825396825397,0.0,0.0,0,0.5396825396825397
2026-04,2026,4,2026-05-03,miami,lawson,Liam Lawson,rb,RB F1 Team,38,4,33,0.4892230576441102,0.49724310776942354,0.4517980999009151,0.1318295739348371,0.0606516290726817,-0.03566843939116084,1,0,-0.03566843939116084,51,0.42330827067669174,0.43796992481203006,0.43600470993757356,0.05,0.10344827586206896,2,0.45049682554862824
2026-04,2026,4,2026-05-03,miami,leclerc,Charles Leclerc,ferrari,Ferrari,72,4,64,0.8280701754385966,0.8140350877192983,0.816637003135859,0.11278195488721805,0.11954887218045115,0.07747291113355528,3,3,0.06306722741466318,73,0.7716791979949875,0.7542606516290726,0.7775484749168959,0.1,0.0718954248366013,3,0.7582231886743165
2026-04,2026,4,2026-05-03,miami,max_verstappen,Max Verstappen,red_bull,Red Bull,73,4,70,0.8857142857142858,0.9165413533834587,0.8976665802437128,0.5328320802005012,0.4822055137844611,0.35030576441102756,3,3,0.286640887934121,73,0.6842105263157895,0.6868421052631579,0.734554188501557,0.1,0.09415584415584416,3,0.7637302129783333
2026-04,2026,4,2026-05-03,miami,norris,Lando Norris,mclaren,McLaren,72,4,70,0.8711779448621554,0.8829573934837093,0.8189108616289582,0.024060150375939827,-0.045864661654135344,0.010482701852670903,3,3,0.09245628075791723,73,0.8802005012531329,0.8637844611528822,0.8120712779681631,0.0,0.02364864864864865,3,0.777950504703612
2026-04,2026,4,2026-05-03,miami,ocon,Esteban Ocon,haas,Haas F1 Team,72,4,63,0.48471177944862154,0.4370927318295739,0.4176538468473342,-0.12380952380952384,-0.19348370927318298,-0.060755702816362944,3,3,-0.02983189869898164,73,0.5203007518796993,0.5206766917293233,0.4231947742162424,0.1,0.08441558441558442,3,0.39784062286040917
2026-04,2026,4,2026-05-03,miami,perez,Sergio Pérez,cadillac,Cadillac F1 Team,49,3,43,0.37142857142857144,0.4015037593984963,0.6277035180543953,-0.27368421052631575,-0.29473684210526313,-0.20893141945773525,2,2,-0.17587356821806585,3,0.28571428571428575,0.28571428571428575,0.28571428571428575,0.16666666666666666,0.16666666666666666,0,0.28571428571428575
2026-04,2026,4,2026-05-03,miami,piastri,Oscar Piastri,mclaren,McLaren,71,4,66,0.8852130325814537,0.8899749373433584,0.8144631652123008,-0.024060150375939827,0.045864661654135344,-0.010482701852670903,3,3,-0.09245628075791723,73,0.8802005012531329,0.8637844611528822,0.8120712779681631,0.0,0.02364864864864865,3,0.777950504703612
2026-04,2026,4,2026-05-03,miami,russell,George Russell,mercedes,Mercedes,73,4,68,0.8671679197994987,0.8546365914786967,0.7920680385771685,0.06616541353383461,0.08045112781954887,0.10368945619863612,3,3,0.08556690730147623,73,0.8340852130325814,0.8144110275689224,0.75467348023739,0.0,0.07142857142857142,3,0.7601893571281327
2026-04,2026,4,2026-05-03,miami,sainz,Carlos Sainz,williams,Williams,70,4,64,0.5097744360902257,0.5285714285714287,0.6152975722889313,0.11378446115288224,0.041102756892230606,-0.05428801889781924,3,3,-0.08365330403183656,73,0.44235588972431084,0.4448621553884712,0.42819663313534984,0.10526315789473684,0.1717171717171717,3,0.41761612119012476
2026-04,2026,4,2026-05-03,miami,stroll,Lance Stroll,aston_martin,Aston Martin,70,4,61,0.3263157894736842,0.3631578947368421,0.3886568272533185,-0.25263157894736843,-0.11578947368421053,-0.1710662950210417,3,3,-0.20301532647818926,73,0.39598997493734334,0.3611528822055138,0.46772753802314004,0.3,0.1490066225165563,3,0.4176488187199898
2026-05,2026,5,2026-05-24,villeneuve,albon,Alexander Albon,williams,Williams,72,4,58,0.3654135338345864,0.37218045112781956,0.47315196593634623,-0.14436090225563913,-0.08796992481203011,0.09572006940427992,3,1,0.09572006940427992,74,0.4245614035087719,0.46228070175438596,0.43265107212475634,0.10526315789473684,0.16721311475409836,3,0.47703053931124106
2026-05,2026,5,2026-05-24,villeneuve,alonso,Fernando Alonso,aston_martin,Aston Martin,74,4,64,0.4837092731829574,0.4839598997493734,0.5418635647643282,0.20852130325814536,0.13583959899749373,0.1683337472811157,3,3,0.24280725408544956,74,0.4005012531328321,0.3791979949874687,0.462873851294904,0.3,0.14516129032258066,3,0.5107399451008474
2026-05,2026,5,2026-05-24,villeneuve,antonelli,Andrea Kimi Antonelli,mercedes,Mercedes,28,2,24,0.8431077694235588,0.7952380952380953,0.6983247592665875,-0.048120300751879716,-0.04511278195488723,-0.1532449544914919,1,1,-0.14015900996510416,74,0.8671679197994987,0.8177944862155389,0.7590759599420492,0.0,0.06962025316455696,3,0.8247351350044793
2026-05,2026,5,2026-05-24,villeneuve,arvid_lindblad,Arvid Lindblad,rb,RB F1 Team,4,1,4,0.47619047619047616,0.47619047619047616,0.47619047619047616,-0.07936507936507937,-0.07936507936507937,-0.07936507936507937,0,0,-0.07936507936507937,52,0.431077694235589,0.43922305764411035,0.4343237227929876,0.1,0.11524163568773234,2,0.38873362698191943
2026-05,2026,5,2026-05-24,villeneuve,bearman,Oliver Bearman,haas,Haas F1 Team,31,3,27,0.5989974937343359,0.6152882205513784,0.5197871221263035,0.07969924812030076,0.18721804511278198,0.09357274765862024,1,1,0.039344773416795584,74,0.5629072681704261,0.5340852130325815,0.42455363836942783,0.1,0.08227848101265822,3,0.4343314023765152
2026-05,2026,5,2026-05-24,villeneuve,bortoleto,Gabriel Bortoleto,audi,Audi,27,2,22,0.4731829573934837,0.4260651629072682,0.3775562093639897,-0.06115288220551376,-0.0095238095238095,-0.06058513631016316,1,1,-0.13018631923035787,4,0.5238095238095238,0.5238095238095238,0.5238095238095238,0.16666666666666666,0.16666666666666666,0,0.5238095238095238
2026-05,2026,5,2026-05-24,villeneuve,bottas,Valtteri Bottas,cadillac,Cadillac F1 Team,50,3,44,0.2681704260651629,0.26040100250626563,0.26558618769145087,-0.10325814536340852,-0.041102756892230585,-0.0069618490671122255,2,2,0.04278372699425332,4,0.27380952380952384,0.27380952380952384,0.27380952380952384,0.125,0.125,0,0.27380952380952384
2026-05,2026,5,2026-05-24,villeneuve,colapinto,Franco Colapinto,alpine,Alpine F1 Team,30,3,27,0.3904761904761905,0.3162907268170426,0.30982519590114527,-0.15137844611528822,-0.09147869674185466,-0.08508012455380878,1,1,-0.03316832024965998,74,0.4766917293233083,0.3699248120300752,0.38531440065130984,0.05,0.10610932475884244,3,0.4043901838308237
2026-05,2026,5,2026-05-24,villeneuve,gasly,Pierre Gasly,alpine,Alpine F1 Team,73,4,65,0.462155388471178,0.3573934837092732,0.4218726964469999,0.15137844611528822,0.09147869674185466,0.06959135125950469,3,3,0.009691298464077862,74,0.4766917293233083,0.3699248120300752,0.38531440065130984,0.05,0.10610932475884244,3,0.4043901838308237
2026-05,2026,5,2026-05-24,villeneuve,hadjar,Isack Hadjar,red_bull,Red Bull,27,2,24,0.42857142857142866,0.4353383458646617,0.4750050802682382,-0.04862155388471179,0.012531328320802015,0.026911541147951867,1,1,0.026911541147951867,74,0.6934837092731829,0.69937343358396,0.7364521535907279,0.15,0.10443037974683544,3,0.7723335614503408
2026-05,2026,5,2026-05-24,villeneuve,hamilton,Lewis Hamilton,ferrari,Ferrari,74,4,67,0.7834586466165414,0.7075187969924812,0.733117759433549,-0.05162907268170429,-0.11528822055137848,-0.05770860975969335,3,3,-0.05575590560110684,74,0.8092731829573936,0.7651629072681704,0.7758270392534625,0.1,0.07006369426751592,3,0.7759899559935365
2026-05,2026,5,2026-05-24,villeneuve,hulkenberg,Nico Hülkenberg,audi,Audi,72,4,64,0.5779448621553885,0.4416040100250626,0.44438067178123425,0.06115288220551376,0.0095238095238095,0.0799207498869498,3,3,0.1283757668526931,4,0.5238095238095238,0.5238095238095238,0.5238095238095238,0.16666666666666666,0.16666666666666666,0,0.5238095238095238
2026-05,2026,5,2026-05-24,villeneuve,lawson,Liam Lawson,rb,RB F1 Team,39,4,33,0.4892230576441102,0.49724310776942354,0.4517980999009151,0.1318295739348371,0.0606516290726817,-0.03566843939116084,1,0,-0.03566843939116084,52,0.431077694235589,0.43922305764411035,0.4343237227929876,0.1,0.11524163568773234,2,0.38873362698191943
2026-05,2026,5,2026-05-24,villeneuve,leclerc,Charles Leclerc,ferrari,Ferrari,73,4,65,0.8350877192982455,0.8228070175438595,0.8124124866156001,0.05162907268170429,0.11528822055137848,0.07246679500684076,3,2,0.06585505632034996,74,0.8092731829573936,0.7651629072681704,0.7758270392534625,0.1,0.07006369426751592,3,0.7759899559935365
2026-05,2026,5,2026-05-24,villeneuve,max_verstappen,Max Verstappen,red_bull,Red Bull,74,4,71,0.8476190476190476,0.8974937343358397,0.8953003313653262,0.5328320802005012,0.4822055137844611,0.35030576441102756,3,3,0.3870459482038429,74,0.6934837092731829,0.69937343358396,0.7364521535907279,0.15,0.10443037974683544,3,0.7723335614503408
2026-05,2026,5,2026-05-24,villeneuve,norris,Lando Norris,mclaren,McLaren,73,4,71,0.8616541353383459,0.8834586466165414,0.8224700640490114,-0.008521303258145397,-0.04636591478696742,0.011543740303138808,3,3,-0.1362607198267778,74,0.8869674185463658,0.8645363408521304,0.8151573746728853,0.0,0.023026315789473683,3,0.7214433118431526
2026-05,2026,5,2026-05-24,villeneuve,ocon,Esteban Ocon,haas,Haas F1 Team,73,4,64,0.5177944862155389,0.4694235588972431,0.41795923374870747,-0.07969924812030076,-0.18721804511278198,-0.06188627305969843,3,3,-0.005288396635617143,74,0.5629072681704261,0.5340852130325815,0.42455363836942783,0.1,0.08227848101265822,3,0.4343314023765152
2026-05,2026,5,2026-05-24,villeneuve,perez,Sergio Pérez,cadillac,Cadillac F1 Team,50,3,44,0.3338345864661655,0.36691729323308275,0.6097040847733368,-0.1388471177944862,-0.26416040100250626,-0.1915503043322592,2,1,-0.19950670326610173,4,0.27380952380952384,0.27380952380952384,0.27380952380952384,0.125,0.125,0,0.27380952380952384
2026-05,2026,5,2026-05-24,villeneuve,piastri,Oscar Piastri,mclaren,McLaren,72,4,67,0.9082706766917295,0.8857142857142858,0.8170248315825023,0.008521303258145397,0.04636591478696742,-0.011543740303138808,3,3,0.1362607198267778,74,0.8869674185463658,0.8645363408521304,0.8151573746728853,0.0,0.023026315789473683,3,0.7214433118431526
2026-05,2026,5,2026-05-24,villeneuve,russell,George Russell,mercedes,Mercedes,74,4,69,0.8912280701754387,0.8403508771929825,0.7937918748305642,0.048120300751879716,0.04511278195488723,0.09627452088868788,3,2,0.09163452297603464,74,0.8671679197994987,0.8177944862155389,0.7590759599420492,0.0,0.06962025316455696,3,0.8247351350044793
2026-05,2026,5,2026-05-24,villeneuve,sainz,Carlos Sainz,williams,Williams,71,4,65,0.4546365914786968,0.5010025062656642,0.6154062692964295,0.14436090225563913,0.08796992481203011,-0.05089111668059035,3,2,-0.051084501376899016,74,0.4245614035087719,0.46228070175438596,0.43265107212475634,0.10526315789473684,0.16721311475409836,3,0.47703053931124106
2026-05,2026,5,2026-05-24,villeneuve,stroll,Lance Stroll,aston_martin,Aston Martin,71,4,62,0.2897243107769424,0.318546365914787,0.3840241629715314,-0.20852130325814536,-0.13583959899749373,-0.1683337472811157,3,3,-0.24280725408544956,74,0.4005012531328321,0.3791979949874687,0.462873851294904,0.3,0.14516129032258066,3,0.5107399451008474
2026-06,2026,6,2026-06-07,monaco,albon,Alexander Albon,williams,Williams,73,4,58,0.3654135338345864,0.37218045112781956,0.47315196593634623,-0.14436090225563913,-0.08796992481203011,0.09572006940427992,3,3,0.12612575394530282,75,0.4904761904761905,0.4926065162907268,0.43749254087599954,0.10526315789473684,0.1757188498402556,3,0.4436047601998193
2026-06,2026,6,2026-06-07,monaco,alonso,Fernando Alonso,aston_martin,Aston Martin,75,4,64,0.4837092731829574,0.4839598997493734,0.5418635647643282,0.20852130325814536,0.13583959899749373,0.1683337472811157,3,2,0.16624594519331362,75,0.3724310776942356,0.39147869674185465,0.45950916251668134,0.35,0.1540880503144654,3,0.44302779211479537
2026-06,2026,6,2026-06-07,monaco,antonelli,Andrea Kimi Antonelli,mercedes,Mercedes,29,2,25,0.9904761904761905,0.8583959899749374,0.7134085213032582,-0.048120300751879716,-0.04511278195488723,-0.1532449544914919,1,1,-0.21192934489333384,75,0.9619047619047618,0.862531328320802,0.7650247016718752,0.05,0.08024691358024691,3,0.6627208821583649
2026-06,2026,6,2026-06-07,monaco,arvid_lindblad,Arvid Lindblad,rb,RB F1 Team,4,1,4,0.47619047619047616,0.47619047619047616,0.47619047619047616,-0.07936507936507937,-0.07936507936507937,-0.07936507936507937,0,0,-0.07936507936507937,53,0.5476190476190477,0.4764411027568922,0.4426188929112906,0.10526315789473684,0.11355311355311355,2,0.5112472539373124
2026-06,2026,6,2026-06-07,monaco,bearman,Oliver Bearman,haas,Haas F1 Team,32,3,28,0.6080200501253132,0.6303258145363408,0.5222173079758219,0.12832080200501253,0.19573934837092732,0.09841791979949875,1,1,-0.00019366598313967515,75,0.5476190476190477,0.5395989974937343,0.42584455931495413,0.1,0.08024691358024691,3,0.43082619743803957
2026-06,2026,6,2026-06-07,monaco,bortoleto,Gabriel Bortoleto,audi,Audi,28,2,23,0.4852130325814537,0.405764411027569,0.38035156384110963,-0.1233082706766917,0.017293233082706794,-0.05960656357875821,1,1,-0.014642094085986834,5,0.5095238095238095,0.5095238095238095,0.5095238095238095,0.125,0.125,0,0.5095238095238095
2026-06,2026,6,2026-06-07,monaco,bottas,Valtteri Bottas,cadillac,Cadillac F1 Team,51,3,45,0.3042606516290727,0.2679197994987469,0.26660533189513874,-0.10325814536340852,-0.041102756892230585,-0.0069618490671122255,2,2,0.033214349003822696,5,0.2761904761904762,0.2761904761904762,0.2761904761904762,0.2,0.2,0,0.2761904761904762
2026-06,2026,6,2026-06-07,monaco,colapinto,Franco Colapinto,alpine,Alpine F1 Team,31,3,28,0.5428571428571429,0.37669172932330824,0.33161216293746415,-0.15338345864661657,-0.09774436090225566,-0.0747762262799857,1,1,-0.0747762262799857,75,0.6142857142857142,0.43082706766917295,0.39348760099005275,0.05,0.10344827586206896,3,0.4353763734980753
2026-06,2026,6,2026-06-07,monaco,gasly,Pierre Gasly,alpine,Alpine F1 Team,74,4,66,0.5533834586466165,0.41879699248120306,0.4288668098818475,0.15338345864661657,0.09774436090225566,0.06418710711204241,3,2,0.0336633934563184,75,0.6142857142857142,0.43082706766917295,0.39348760099005275,0.05,0.10344827586206896,3,0.4353763734980753
2026-06,2026,6,2026-06-07,monaco,hadjar,Isack Hadjar,red_bull,Red Bull,28,2,25,0.4431077694235589,0.4636591478696742,0.492159886896729,-0.05714285714285714,-0.04436090225563909,0.019394640447272047,1,1,0.04281332702385338,75,0.7333333333333334,0.7008771929824562,0.7394321709623854,0.15,0.10185185185185185,3,0.678171766865724
2026-06,2026,6,2026-06-07,monaco,hamilton,Lewis Hamilton,ferrari,Ferrari,75,4,68,0.8476190476190476,0.7395989974937344,0.7390841048198729,0.009523809523809467,-0.09523809523809527,-0.05333870390261368,3,3,-0.07559204132780935,75,0.8428571428571429,0.7872180451127819,0.7792425323795139,0.1,0.06832298136645963,3,0.8155821989537072
2026-06,2026,6,2026-06-07,monaco,hulkenberg,Nico Hülkenberg,audi,Audi,73,4,65,0.5573934837092732,0.4523809523809524,0.44532318450447106,0.1233082706766917,-0.017293233082706794,0.07877732679782051,3,2,0.03497435821609087,5,0.5095238095238095,0.5095238095238095,0.5095238095238095,0.125,0.125,0,0.5095238095238095
2026-06,2026,6,2026-06-07,monaco,lawson,Liam Lawson,rb,RB F1 Team,40,4,34,0.5162907268170426,0.4897243107769424,0.4634642160957951,0.1318295739348371,0.0606516290726817,-0.03566843939116084,1,1,-0.054648817164863424,53,0.5476190476190477,0.4764411027568922,0.4426188929112906,0.10526315789473684,0.11355311355311355,2,0.5112472539373124
2026-06,2026,6,2026-06-07,monaco,leclerc,Charles Leclerc,ferrari,Ferrari,74,4,66,0.8380952380952381,0.8348370927318296,0.8136379762190865,-0.009523809523809467,0.09523809523809527,0.06774271359149046,3,3,0.09510109949588931,75,0.8428571428571429,0.7872180451127819,0.7792425323795139,0.1,0.06832298136645963,3,0.8155821989537072
2026-06,2026,6,2026-06-07,monaco,max_verstappen,Max Verstappen,red_bull,Red Bull,75,4,72,0.8285714285714286,0.8932330827067669,0.8955476927613151,0.4045112781954887,0.42857142857142855,0.34239668939791335,3,3,0.46510656486176677,75,0.7333333333333334,0.7008771929824562,0.7394321709623854,0.15,0.10185185185185185,3,0.678171766865724
2026-06,2026,6,2026-06-07,monaco,norris,Lando Norris,mclaren,McLaren,74,4,71,0.8616541353383459,0.8834586466165414,0.8224700640490114,-0.008521303258145397,-0.04636591478696742,0.011543740303138808,3,3,0.017874618519086817,75,0.812781954887218,0.8484962406015037,0.8076387204570565,0.058823529411764705,0.035256410256410256,3,0.8318085921408744
2026-06,2026,6,2026-06-07,monaco,ocon,Esteban Ocon,haas,Haas F1 Team,74,4,65,0.45714285714285713,0.48120300751879697,0.41695224455697066,-0.12832080200501253,-0.19573934837092732,-0.06596849266022198,3,2,0.03935433822651868,75,0.5476190476190477,0.5395989974937343,0.42584455931495413,0.1,0.08024691358024691,3,0.43082619743803957
2026-06,2026,6,2026-06-07,monaco,perez,Sergio Pérez,cadillac,Cadillac F1 Team,51,3,44,0.3338345864661655,0.36691729323308275,0.6097040847733368,-0.1388471177944862,-0.26416040100250626,-0.1915503043322592,2,1,-0.25798623542984445,5,0.2761904761904762,0.2761904761904762,0.2761904761904762,0.2,0.2,0,0.2761904761904762
2026-06,2026,6,2026-06-07,monaco,piastri,Oscar Piastri,mclaren,McLaren,73,4,68,0.8551378446115289,0.8380952380952381,0.8089361334370408,0.008521303258145397,0.04636591478696742,-0.011543740303138808,3,3,-0.017874618519086817,75,0.812781954887218,0.8484962406015037,0.8076387204570565,0.058823529411764705,0.035256410256410256,3,0.8318085921408744
2026-06,2026,6,2026-06-07,monaco,russell,George Russell,mercedes,Mercedes,75,4,69,0.8912280701754387,0.8403508771929825,0.7937918748305642,0.048120300751879716,0.04511278195488723,0.09627452088868788,3,3,0.1452395758461675,75,0.9619047619047618,0.862531328320802,0.7650247016718752,0.05,0.08024691358024691,3,0.6627208821583649
2026-06,2026,6,2026-06-07,monaco,sainz,Carlos Sainz,williams,Williams,72,4,66,0.5047619047619047,0.5102756892230577,0.6155088425288574,0.14436090225563913,0.08796992481203011,-0.05089111668059035,3,3,-0.0629152245693599,75,0.4904761904761905,0.4926065162907268,0.43749254087599954,0.10526315789473684,0.1757188498402556,3,0.4436047601998193
2026-06,2026,6,2026-06-07,monaco,stroll,Lance Stroll,aston_martin,Aston Martin,72,4,63,0.29323308270676696,0.28345864661654135,0.38251100387785386,-0.20852130325814536,-0.13583959899749373,-0.1683337472811157,3,2,-0.16624594519331362,75,0.3724310776942356,0.39147869674185465,0.45950916251668134,0.35,0.1540880503144654,3,0.44302779211479537
2026-07,2026,7,2026-06-14,catalunya,albon,Alexander Albon,williams,Williams,74,4,59,0.40401002506265665,0.40200501253132825,0.47919930033416874,0.016040100250626542,-0.07092731829573937,0.10628422909124663,3,2,0.11557513311899276,76,0.5047619047619047,0.5112781954887218,0.43847223544092295,0.10526315789473684,0.17133956386292834,3,0.3251169666178707
2026-07,2026,7,2026-06-14,catalunya,alonso,Fernando Alonso,aston_martin,Aston Martin,76,4,65,0.5032581453634085,0.4779448621553885,0.5427395649617872,0.20852130325814536,0.13583959899749373,0.1683337472811157,3,3,0.13677861046282097,76,0.4025062656641604,0.39598997493734334,0.4623425652739444,0.35,0.16257668711656442,3,0.4866268292793467
2026-07,2026,7,2026-06-14,catalunya,antonelli,Andrea Kimi Antonelli,mercedes,Mercedes,30,2,26,1.0,0.8847117794486217,0.7270557345745315,0.16190476190476188,0.04411027568922306,-0.1193922305764411,1,0,-0.1193922305764411,76,0.9142857142857143,0.8652882205513783,0.7643757989350888,0.05,0.0783132530120482,3,0.8052072234516297
2026-07,2026,7,2026-06-14,catalunya,arvid_lindblad,Arvid Lindblad,rb,RB F1 Team,5,1,5,0.5238095238095238,0.5238095238095238,0.5238095238095238,-0.07142857142857142,-0.07142857142857142,-0.07142857142857142,0,0,-0.07142857142857142,54,0.5857142857142857,0.5134085213032582,0.4511218093194617,0.05263157894736842,0.1103202846975089,2,0.43011004730050545
2026-07,2026,7,2026-06-14,catalunya,bearman,Oliver Bearman,haas,Haas F1 Team,33,3,28,0.6080200501253132,0.6303258145363408,0.5222173079758219,0.12832080200501253,0.19573934837092732,0.09841791979949875,1,1,0.05642515379357487,76,0.5476190476190477,0.5304511278195488,0.43055682906453124,0.15,0.09036144578313253,3,0.3340650552047948
2026-07,2026,7,2026-06-14,catalunya,bortoleto,Gabriel Bortoleto,audi,Audi,29,2,24,0.49523809523809526,0.41077694235588974,0.38780392539791037,-0.1358395989974937,0.02155388471177948,-0.04874027173196147,1,1,-0.1415080764111235,6,0.4809523809523809,0.503968253968254,0.503968253968254,0.1,0.1,0,0.503968253968254
2026-07,2026,7,2026-06-14,catalunya,bottas,Valtteri Bottas,cadillac,Cadillac F1 Team,52,3,45,0.3042606516290727,0.2679197994987469,0.26660533189513874,-0.10325814536340852,-0.041102756892230585,-0.0069618490671122255,2,2,-0.08161818688134478,6,0.2857142857142857,0.28571428571428575,0.28571428571428575,0.25,0.25,0,0.28571428571428575
2026-07,2026,7,2026-06-14,catalunya,colapinto,Franco Colapinto,alpine,Alpine F1 Team,32,3,29,0.5428571428571429,0.393734335839599,0.33388067870826493,-0.24761904761904763,-0.16065162907268174,-0.0990482964167175,1,1,-0.17809573072730972,76,0.6476190476190476,0.4714285714285714,0.39953292321713374,0.05,0.10091743119266056,3,0.4378909937180614
2026-07,2026,7,2026-06-14,catalunya,gasly,Pierre Gasly,alpine,Alpine F1 Team,75,4,67,0.7238095238095238,0.5040100250626567,0.4420861180729602,0.24761904761904763,0.16065162907268174,0.07877829494370849,3,3,0.12834950187259533,76,0.6476190476190476,0.4714285714285714,0.39953292321713374,0.05,0.10091743119266056,3,0.4378909937180614
2026-07,2026,7,2026-06-14,catalunya,hadjar,Isack Hadjar,red_bull,Red Bull,29,2,26,0.5934837092731831,0.5020050125313283,0.5099639342258084,-0.05714285714285714,-0.04436090225563909,0.019394640447272047,1,1,0.07471125365862212,76,0.7523809523809524,0.7181704260651629,0.7422685730390233,0.2,0.11144578313253012,3,0.6957700116613967
2026-07,2026,7,2026-06-14,catalunya,hamilton,Lewis Hamilton,ferrari,Ferrari,76,4,69,0.8666666666666666,0.7506265664160401,0.7447343524373848,0.009523809523809467,-0.09523809523809527,-0.05333870390261368,3,3,-0.05491534959848599,76,0.8571428571428571,0.7956140350877192,0.7837106206376155,0.15,0.07878787878787878,3,0.774589026329264
2026-07,2026,7,2026-06-14,catalunya,hulkenberg,Nico Hülkenberg,audi,Audi,74,4,66,0.5062656641604011,0.4636591478696742,0.4448411195855346,0.1358395989974937,-0.02155388471177948,0.07282808160001142,3,3,0.18134035740552035,6,0.4809523809523809,0.503968253968254,0.503968253968254,0.1,0.1,0,0.503968253968254
2026-07,2026,7,2026-06-14,catalunya,lawson,Liam Lawson,rb,RB F1 Team,41,4,35,0.6476190476190476,0.5395989974937343,0.4761638137897936,0.046616541353383445,0.039097744360902256,-0.031794602786034874,1,1,-0.08372940808681327,54,0.5857142857142857,0.5134085213032582,0.4511218093194617,0.05263157894736842,0.1103202846975089,2,0.43011004730050545
2026-07,2026,7,2026-06-14,catalunya,leclerc,Charles Leclerc,ferrari,Ferrari,75,4,66,0.8380952380952381,0.8348370927318296,0.8136379762190865,-0.009523809523809467,0.09523809523809527,0.06774271359149046,3,3,0.059386813781603556,76,0.8571428571428571,0.7956140350877192,0.7837106206376155,0.15,0.07878787878787878,3,0.774589026329264
2026-07,2026,7,2026-06-14,catalunya,max_verstappen,Max Verstappen,red_bull,Red Bull,76,4,72,0.8285714285714286,0.8932330827067669,0.8955476927613151,0.4045112781954887,0.42857142857142855,0.34239668939791335,3,3,0.29527931123489787,76,0.7523809523809524,0.7181704260651629,0.7422685730390233,0.2,0.11144578313253012,3,0.6957700116613967
2026-07,2026,7,2026-06-14,catalunya,norris,Lando Norris,mclaren,McLaren,75,4,71,0.8616541353383459,0.8834586466165414,0.8224700640490114,-0.008521303258145397,-0.04636591478696742,0.011543740303138808,3,3,0.01724805210304674,76,0.7904761904761906,0.8426065162907268,0.8076861440813774,0.11764705882352941,0.046875,3,0.8052066186730678
2026-07,2026,7,2026-06-14,catalunya,ocon,Esteban Ocon,haas,Haas F1 Team,75,4,66,0.47619047619047616,0.4852130325814536,0.42230576441102763,-0.12832080200501253,-0.19573934837092732,-0.06596849266022198,3,3,-0.02579151961536496,76,0.5476190476190477,0.5304511278195488,0.43055682906453124,0.15,0.09036144578313253,3,0.3340650552047948
2026-07,2026,7,2026-06-14,catalunya,perez,Sergio Pérez,cadillac,Cadillac F1 Team,52,3,45,0.29523809523809524,0.38446115288220556,0.5958855472013367,-0.1388471177944862,-0.26416040100250626,-0.1915503043322592,2,2,-0.22064902516030338,6,0.2857142857142857,0.28571428571428575,0.28571428571428575,0.25,0.25,0,0.28571428571428575
2026-07,2026,7,2026-06-14,catalunya,piastri,Oscar Piastri,mclaren,McLaren,74,4,69,0.8275689223057643,0.8295739348370927,0.808951909976283,0.008521303258145397,0.04636591478696742,-0.011543740303138808,3,3,-0.01724805210304674,76,0.7904761904761906,0.8426065162907268,0.8076861440813774,0.11764705882352941,0.046875,3,0.8052066186730678
2026-07,2026,7,2026-06-14,catalunya,russell,George Russell,mercedes,Mercedes,76,4,70,0.8285714285714286,0.8142857142857143,0.7855957097043684,-0.16190476190476188,-0.04411027568922306,0.07816987724786419,3,3,0.04249675283098255,76,0.9142857142857143,0.8652882205513783,0.7643757989350888,0.05,0.0783132530120482,3,0.8052072234516297
2026-07,2026,7,2026-06-14,catalunya,sainz,Carlos Sainz,williams,Williams,73,4,67,0.49523809523809526,0.5230576441102757,0.6064733752188691,-0.016040100250626542,0.07092731829573937,-0.06153825423774489,3,3,-0.025616338010225937,76,0.5047619047619047,0.5112781954887218,0.43847223544092295,0.10526315789473684,0.17133956386292834,3,0.3251169666178707
2026-07,2026,7,2026-06-14,catalunya,stroll,Lance Stroll,aston_martin,Aston Martin,73,4,63,0.29323308270676696,0.28345864661654135,0.38251100387785386,-0.20852130325814536,-0.13583959899749373,-0.1683337472811157,2,2,-0.13677861046282097,76,0.4025062656641604,0.39598997493734334,0.4623425652739444,0.35,0.16257668711656442,3,0.4866268292793467
2026-08,2026,8,2026-06-28,red_bull_ring,albon,Alexander Albon,williams,Williams,75,4,59,0.40401002506265665,0.40200501253132825,0.47919930033416874,0.016040100250626542,-0.07092731829573937,0.10628422909124663,3,2,0.12514451110942337,77,0.47619047619047616,0.5167919799498747,0.4394035500273317,0.10526315789473684,0.16717325227963525,3,0.38655186413471015
2026-08,2026,8,2026-06-28,red_bull_ring,alonso,Fernando Alonso,aston_martin,Aston Martin,77,4,65,0.5032581453634085,0.4779448621553885,0.5427395649617872,0.20852130325814536,0.13583959899749373,0.1683337472811157,3,3,0.15258169017567513,77,0.4025062656641604,0.39598997493734334,0.4623425652739444,0.45,0.18263473053892215,3,0.4540453756452615
2026-08,2026,8,2026-06-28,red_bull_ring,antonelli,Andrea Kimi Antonelli,mercedes,Mercedes,31,2,27,0.8571428571428571,0.8185463659147869,0.7069947596263385,0.03809523809523809,-0.027819548872180456,-0.14545291800930898,1,0,-0.14545291800930898,77,0.8428571428571429,0.8377192982456141,0.7609563123495012,0.05,0.07647058823529412,3,0.7825765393876848
2026-08,2026,8,2026-06-28,red_bull_ring,arvid_lindblad,Arvid Lindblad,rb,RB F1 Team,6,1,6,0.5142857142857142,0.5396825396825397,0.5396825396825397,-0.06666666666666668,-0.06666666666666668,-0.06666666666666668,0,0,-0.06666666666666668,55,0.5952380952380952,0.511904761904762,0.4564850354324039,0.05263157894736842,0.10726643598615918,2,0.48334301775597327
2026-08,2026,8,2026-06-28,red_bull_ring,bearman,Oliver Bearman,haas,Haas F1 Team,34,3,29,0.5714285714285714,0.5962406015037593,0.5094477767452339,0.14285714285714285,0.1293233082706767,0.08466105740541832,1,1,0.04721761112738556,77,0.49523809523809526,0.505889724310777,0.4282419839280742,0.15,0.08823529411764706,3,0.4571157201393507
2026-08,2026,8,2026-06-28,red_bull_ring,bortoleto,Gabriel Bortoleto,audi,Audi,30,2,25,0.47619047619047616,0.4473684210526316,0.39452025124539747,-0.1358395989974937,0.02155388471177948,-0.04874027173196147,1,1,-0.02109340336487152,7,0.4809523809523809,0.5068027210884354,0.5068027210884354,0.16666666666666666,0.16666666666666666,0,0.5068027210884354
2026-08,2026,8,2026-06-28,red_bull_ring,bottas,Valtteri Bottas,cadillac,Cadillac F1 Team,53,3,45,0.3042606516290727,0.2679197994987469,0.26660533189513874,-0.10325814536340852,-0.041102756892230585,-0.0069618490671122255,2,2,-0.009847851953115116,7,0.2857142857142857,0.29931972789115646,0.29931972789115646,0.2857142857142857,0.2857142857142857,0,0.29931972789115646
2026-08,2026,8,2026-06-28,red_bull_ring,colapinto,Franco Colapinto,alpine,Alpine F1 Team,33,3,30,0.5428571428571429,0.4245614035087719,0.3443223443223443,-0.23809523809523814,-0.16967418546365917,-0.1012949039264829,1,1,-0.10237715500873397,77,0.6428571428571429,0.49624060150375937,0.40529207634470793,0.05,0.09850746268656717,3,0.3970090060315624
2026-08,2026,8,2026-06-28,red_bull_ring,gasly,Pierre Gasly,alpine,Alpine F1 Team,76,4,68,0.7523809523809524,0.5491228070175438,0.44944286391654814,0.23809523809523814,0.16967418546365917,0.08074995180258339,3,3,0.09877440854884467,77,0.6428571428571429,0.49624060150375937,0.40529207634470793,0.05,0.09850746268656717,3,0.3970090060315624
2026-08,2026,8,2026-06-28,red_bull_ring,hadjar,Isack Hadjar,red_bull,Red Bull,30,2,27,0.7142857142857143,0.5571428571428572,0.5216821122573877,-0.1604010025062657,-0.074937343358396,0.01274926446551162,1,1,-0.07685220957532171,77,0.7809523809523811,0.7464912280701754,0.7438510491916065,0.2,0.10882352941176471,3,0.6431028551771586
2026-08,2026,8,2026-06-28,red_bull_ring,hamilton,Lewis Hamilton,ferrari,Ferrari,77,4,70,0.8857142857142858,0.787468671679198,0.7513218530196459,0.1523809523809523,-0.023308270676691768,-0.03333855472013367,3,3,-0.056644587659625274,77,0.8142857142857143,0.7833333333333333,0.7807661186509249,0.05,0.07692307692307693,3,0.7901370302065436
2026-08,2026,8,2026-06-28,red_bull_ring,hulkenberg,Nico Hülkenberg,audi,Audi,75,4,66,0.5062656641604011,0.4636591478696742,0.4448411195855346,0.1358395989974937,-0.02155388471177948,0.07282808160001142,3,2,0.04886586398057386,7,0.4809523809523809,0.5068027210884354,0.5068027210884354,0.16666666666666666,0.16666666666666666,0,0.5068027210884354
2026-08,2026,8,2026-06-28,red_bull_ring,lawson,Liam Lawson,rb,RB F1 Team,42,4,36,0.6952380952380952,0.5588972431077694,0.48393944043782927,0.06666666666666668,0.0649122807017544,-0.028265107212475646,1,1,0.06556796030480243,55,0.5952380952380952,0.511904761904762,0.4564850354324039,0.05263157894736842,0.10726643598615918,2,0.48334301775597327
2026-08,2026,8,2026-06-28,red_bull_ring,leclerc,Charles Leclerc,ferrari,Ferrari,76,4,67,0.7238095238095239,0.7786967418546367,0.8008298524087998,-0.1523809523809523,0.023308270676691768,0.04762190865291082,3,3,-0.006622067235930645,77,0.8142857142857143,0.7833333333333333,0.7807661186509249,0.05,0.07692307692307693,3,0.7901370302065436
2026-08,2026,8,2026-06-28,red_bull_ring,max_verstappen,Max Verstappen,red_bull,Red Bull,77,4,73,0.8,0.8789473684210526,0.8945692256118002,0.30776942355889725,0.4117794486215539,0.33496334822017454,3,2,0.27231784176778245,77,0.7809523809523811,0.7464912280701754,0.7438510491916065,0.2,0.10882352941176471,3,0.6431028551771586
2026-08,2026,8,2026-06-28,red_bull_ring,norris,Lando Norris,mclaren,McLaren,76,4,72,0.8741854636591478,0.9055137844611529,0.8246075144571385,-0.03157894736842108,0.05263157894736842,0.013868583495776486,3,3,-0.07102246356632323,77,0.8,0.8414786967418546,0.8088998057515979,0.11764705882352941,0.04573170731707317,3,0.7761382348655746
2026-08,2026,8,2026-06-28,red_bull_ring,ocon,Esteban Ocon,haas,Haas F1 Team,76,4,67,0.48571428571428577,0.4859649122807018,0.42246745897000565,-0.14285714285714285,-0.1293233082706767,-0.05807788702525545,3,3,-0.05198435649563471,77,0.49523809523809526,0.505889724310777,0.4282419839280742,0.15,0.08823529411764706,3,0.4571157201393507
2026-08,2026,8,2026-06-28,red_bull_ring,perez,Sergio Pérez,cadillac,Cadillac F1 Team,53,3,46,0.31428571428571433,0.3699248120300752,0.585650634522815,-0.1388471177944862,-0.26416040100250626,-0.1915503043322592,2,2,-0.1680174462129349,7,0.2857142857142857,0.29931972789115646,0.29931972789115646,0.2857142857142857,0.2857142857142857,0,0.29931972789115646
2026-08,2026,8,2026-06-28,red_bull_ring,piastri,Oscar Piastri,mclaren,McLaren,75,4,70,0.8,0.8263157894736842,0.8089668615984406,0.03157894736842108,-0.05263157894736842,-0.013868583495776486,3,3,0.07102246356632323,77,0.8,0.8414786967418546,0.8088998057515979,0.11764705882352941,0.04573170731707317,3,0.7761382348655746
2026-08,2026,8,2026-06-28,red_bull_ring,russell,George Russell,mercedes,Mercedes,77,4,71,0.819047619047619,0.8411027568922306,0.7897915648660435,-0.03809523809523809,0.027819548872180456,0.09486482162853943,3,3,0.10248542051453588,77,0.8428571428571429,0.8377192982456141,0.7609563123495012,0.05,0.07647058823529412,3,0.7825765393876848
2026-08,2026,8,2026-06-28,red_bull_ring,sainz,Carlos Sainz,williams,Williams,74,4,68,0.4666666666666667,0.5338345864661654,0.602999164578112,-0.016040100250626542,0.07092731829573937,-0.06153825423774489,2,2,0.012661173951496539,77,0.47619047619047616,0.5167919799498747,0.4394035500273317,0.10526315789473684,0.16717325227963525,3,0.38655186413471015
2026-08,2026,8,2026-06-28,red_bull_ring,stroll,Lance Stroll,aston_martin,Aston Martin,74,4,63,0.29323308270676696,0.28345864661654135,0.38251100387785386,-0.20852130325814536,-0.13583959899749373,-0.1683337472811157,3,3,-0.15258169017567513,77,0.4025062656641604,0.39598997493734334,0.4623425652739444,0.45,0.18263473053892215,3,0.4540453756452615
2026-09,2026,9,2026-07-05,silverstone,albon,Alexander Albon,williams,Williams,76,4,60,0.4095238095238095,0.39423558897243105,0.47189311662995875,0.016040100250626542,-0.07092731829573937,0.10628422909124663,3,3,0.1321624166235695,78,0.4809523809523809,0.46165413533834593,0.4345527473301728,0.10526315789473684,0.17507418397626112,3,0.47575946463979796
2026-09,2026,9,2026-07-05,silverstone,alonso,Fernando Alonso,aston_martin,Aston Martin,78,4,66,0.4045112781954887,0.47067669172932336,0.5326024894370218,0.20852130325814536,0.13583959899749373,0.1683337472811157,3,3,0.09243131423582551,78,0.3142857142857143,0.3676691729323308,0.45562981527893814,0.45,0.19005847953216373,3,0.5253974884300698
2026-09,2026,9,2026-07-05,silverstone,antonelli,Andrea Kimi Antonelli,mercedes,Mercedes,32,2,28,0.8380952380952381,0.819548872180451,0.715593331153972,0.009523809523809513,-0.04786967418546367,-0.14317042606516292,1,0,-0.14317042606516292,78,0.8476190476190476,0.8408521303258146,0.7653568787870058,0.05,0.07471264367816093,3,0.7531362615624995
2026-09,2026,9,2026-07-05,silverstone,arvid_lindblad,Arvid Lindblad,rb,RB F1 Team,7,1,7,0.5333333333333333,0.5442176870748299,0.5442176870748299,-0.12380952380952384,-0.0634920634920635,-0.0634920634920635,0,0,-0.0634920634920635,56,0.6142857142857143,0.518796992481203,0.46026062889650426,0.05263157894736842,0.10437710437710437,2,0.45768218732772975
2026-09,2026,9,2026-07-05,silverstone,bearman,Oliver Bearman,haas,Haas F1 Team,35,3,30,0.5047619047619047,0.5764411027568922,0.5039210930552187,0.12380952380952381,0.10726817042606518,0.08514183185235817,1,1,0.09062946622755236,78,0.44761904761904764,0.4839598997493734,0.42603480600726623,0.15,0.08620689655172414,3,0.44269658087633257
2026-09,2026,9,2026-07-05,silverstone,bortoleto,Gabriel Bortoleto,audi,Audi,31,2,26,0.49523809523809526,0.48922305764411034,0.4006044523072387,-0.021052631578947344,0.010526315789473717,-0.04242162784009202,1,0,-0.04242162784009202,8,0.48571428571428577,0.5059523809523809,0.5059523809523809,0.14285714285714285,0.14285714285714285,0,0.5059523809523809
2026-09,2026,9,2026-07-05,silverstone,bottas,Valtteri Bottas,cadillac,Cadillac F1 Team,54,3,45,0.3042606516290727,0.2679197994987469,0.26660533189513874,-0.10325814536340852,-0.041102756892230585,-0.0069618490671122255,2,2,0.037999037999038004,8,0.2857142857142857,0.29931972789115646,0.29931972789115646,0.375,0.375,0,0.29931972789115646
2026-09,2026,9,2026-07-05,silverstone,colapinto,Franco Colapinto,alpine,Alpine F1 Team,34,3,31,0.5523809523809524,0.43157894736842106,0.343859649122807,-0.21904761904761907,-0.15288220551378448,-0.10099944984412253,0,0,-0.10099944984412253,78,0.6190476190476191,0.5027568922305765,0.40472930882118596,0.05,0.09620991253644315,3,0.42676261255947473
2026-09,2026,9,2026-07-05,silverstone,gasly,Pierre Gasly,alpine,Alpine F1 Team,77,4,69,0.6857142857142857,0.5393483709273184,0.4488936156179924,0.21904761904761907,0.15288220551378448,0.08118243369618076,2,2,0.08118243369618076,78,0.6190476190476191,0.5027568922305765,0.40472930882118596,0.05,0.09620991253644315,3,0.42676261255947473
2026-09,2026,9,2026-07-05,silverstone,hadjar,Isack Hadjar,red_bull,Red Bull,31,2,28,0.7333333333333333,0.5964912280701754,0.5323586744639377,-0.10375939849624063,-0.06766917293233085,0.0016136230988430123,1,0,0.0016136230988430123,78,0.8380952380952381,0.7611528822055138,0.7464554585697961,0.2,0.10632183908045977,3,0.6803053748218384
2026-09,2026,9,2026-07-05,silverstone,hamilton,Lewis Hamilton,ferrari,Ferrari,78,4,71,0.8952380952380953,0.8052631578947368,0.7527860531832726,0.17142857142857135,0.022556390977443573,-0.02857650883966674,3,3,0.1212998712998713,78,0.7952380952380953,0.7834586466165414,0.7797189804777793,0.05,0.07514450867052024,3,0.6880349061376785
2026-09,2026,9,2026-07-05,silverstone,hulkenberg,Nico Hülkenberg,audi,Audi,76,4,67,0.48571428571428577,0.49022556390977445,0.4457180246653931,0.021052631578947344,-0.010526315789473717,0.06884635832004253,3,3,0.11823498139287617,8,0.48571428571428577,0.5059523809523809,0.5059523809523809,0.14285714285714285,0.14285714285714285,0,0.5059523809523809
2026-09,2026,9,2026-07-05,silverstone,lawson,Liam Lawson,rb,RB F1 Team,43,4,37,0.6761904761904762,0.5523809523809524,0.4892378003833112,0.12380952380952384,0.04335839598997494,-0.025035994240921462,1,0,-0.025035994240921462,56,0.6142857142857143,0.518796992481203,0.46026062889650426,0.05263157894736842,0.10437710437710437,2,0.45768218732772975
2026-09,2026,9,2026-07-05,silverstone,leclerc,Charles Leclerc,ferrari,Ferrari,77,4,68,0.6857142857142857,0.7506265664160401,0.7973450943375755,-0.17142857142857135,-0.022556390977443573,0.04254246727930939,3,3,-0.15238174802084578,78,0.7952380952380953,0.7834586466165414,0.7797189804777793,0.05,0.07514450867052024,3,0.6880349061376785
2026-09,2026,9,2026-07-05,silverstone,max_verstappen,Max Verstappen,red_bull,Red Bull,78,4,74,0.8380952380952381,0.8847117794486217,0.8960055418048227,0.2511278195488722,0.37819548872180453,0.33074474507436474,3,3,0.4333578994409904,78,0.8380952380952381,0.7611528822055138,0.7464554585697961,0.2,0.10632183908045977,3,0.6803053748218384
2026-09,2026,9,2026-07-05,silverstone,norris,Lando Norris,mclaren,McLaren,77,4,73,0.8380952380952381,0.887468671679198,0.8218145574907735,-0.03909774436090228,0.03308270676691728,0.009632753053805693,3,3,0.031820219790144606,78,0.7809523809523811,0.830576441102757,0.8083444639542969,0.11764705882352941,0.044642857142857144,3,0.8585276636129817
2026-09,2026,9,2026-07-05,silverstone,ocon,Esteban Ocon,haas,Haas F1 Team,77,4,68,0.42857142857142855,0.45664160401002507,0.419027127567346,-0.12380952380952381,-0.10726817042606518,-0.059187146971907384,3,2,-0.0717533317690427,78,0.44761904761904764,0.4839598997493734,0.42603480600726623,0.15,0.08620689655172414,3,0.44269658087633257
2026-09,2026,9,2026-07-05,silverstone,perez,Sergio Pérez,cadillac,Cadillac F1 Team,54,3,46,0.31428571428571433,0.3699248120300752,0.585650634522815,-0.1388471177944862,-0.26416040100250626,-0.1915503043322592,2,2,-0.30677342707417893,8,0.2857142857142857,0.29931972789115646,0.29931972789115646,0.375,0.375,0,0.29931972789115646
2026-09,2026,9,2026-07-05,silverstone,piastri,Oscar Piastri,mclaren,McLaren,76,4,71,0.7809523809523811,0.8330827067669173,0.8101942754976613,0.03909774436090228,-0.03308270676691728,-0.009632753053805693,3,3,-0.031820219790144606,78,0.7809523809523811,0.830576441102757,0.8083444639542969,0.11764705882352941,0.044642857142857144,3,0.8585276636129817
2026-09,2026,9,2026-07-05,silverstone,russell,George Russell,mercedes,Mercedes,78,4,72,0.8285714285714286,0.8568922305764411,0.7949500540717848,-0.009523809523809513,0.04786967418546367,0.09487511883156166,3,2,0.07263753252863961,78,0.8476190476190476,0.8408521303258146,0.7653568787870058,0.05,0.07471264367816093,3,0.7531362615624995
2026-09,2026,9,2026-07-05,silverstone,sainz,Carlos Sainz,williams,Williams,75,4,68,0.4666666666666667,0.5338345864661654,0.602999164578112,-0.016040100250626542,0.07092731829573937,-0.06153825423774489,3,3,-0.016367724226079773,78,0.4809523809523809,0.46165413533834593,0.4345527473301728,0.10526315789473684,0.17507418397626112,3,0.47575946463979796
2026-09,2026,9,2026-07-05,silverstone,stroll,Lance Stroll,aston_martin,Aston Martin,75,4,63,0.29323308270676696,0.28345864661654135,0.38251100387785386,-0.20852130325814536,-0.13583959899749373,-0.1683337472811157,3,3,-0.09243131423582551,78,0.3142857142857143,0.3676691729323308,0.45562981527893814,0.45,0.19005847953216373,3,0.5253974884300698
2026-10,2026,10,2026-07-19,spa,albon,Alexander Albon,williams,Williams,77,4,60,0.4095238095238095,0.39423558897243105,0.47189311662995875,0.016040100250626542,-0.07092731829573937,0.10628422909124663,3,3,0.24494437151078755,79,0.40952380952380957,0.4170426065162907,0.4299302177011155,0.15789473684210525,0.1826086956521739,3,0.39417065071642693
2026-10,2026,10,2026-07-19,spa,alonso,Fernando Alonso,aston_martin,Aston Martin,79,4,67,0.29523809523809524,0.4213032581453634,0.523032523032523,0.1969924812030075,0.15639097744360902,0.1641349751189568,3,3,0.09755081284993021,79,0.30952380952380953,0.3527568922305765,0.4486668478424978,0.45,0.18571428571428572,3,0.4349524844814273
2026-10,2026,10,2026-07-19,spa,antonelli,Andrea Kimi Antonelli,mercedes,Mercedes,33,2,29,0.7047619047619047,0.7739348370927319,0.6996658312447787,-0.14285714285714285,-0.10451127819548871,-0.16386073880353055,1,1,-0.2770661832446729,79,0.7904761904761906,0.8288220551378446,0.7626040757324022,0.05,0.07303370786516854,3,0.7421647350049818
2026-10,2026,10,2026-07-19,spa,arvid_lindblad,Arvid Lindblad,rb,RB F1 Team,8,1,8,0.6,0.5654761904761905,0.5654761904761905,-0.08571428571428572,-0.06122448979591837,-0.06122448979591837,0,0,-0.06122448979591837,57,0.6857142857142857,0.5583959899749373,0.4676204860938218,0.05263157894736842,0.10163934426229508,2,0.4173211088512587
2026-10,2026,10,2026-07-19,spa,bearman,Oliver Bearman,haas,Haas F1 Team,36,3,31,0.43809523809523815,0.5398496240601504,0.5027775624628582,0.0476190476190476,0.08571428571428572,0.08351040645090989,1,1,0.11815110899779091,79,0.4428571428571429,0.5028822055137845,0.42663358206121366,0.1,0.08426966292134831,3,0.3659710694485131
2026-10,2026,10,2026-07-19,spa,bortoleto,Gabriel Bortoleto,audi,Audi,32,2,27,0.5333333333333334,0.5032581453634085,0.41256230463799953,-0.021052631578947344,0.010526315789473717,-0.04242162784009202,1,1,0.012210107982325434,9,0.5238095238095238,0.5238095238095238,0.5238095238095238,0.1875,0.1875,0,0.5238095238095238
2026-10,2026,10,2026-07-19,spa,bottas,Valtteri Bottas,cadillac,Cadillac F1 Team,55,3,46,0.2666666666666667,0.2754385964912281,0.26752624533220604,-0.06967418546365914,-0.04010025062656643,-0.011798903651823622,2,2,-0.004639961140802291,9,0.3142857142857143,0.3035714285714286,0.3035714285714286,0.3333333333333333,0.3333333333333333,0,0.3035714285714286
2026-10,2026,10,2026-07-19,spa,colapinto,Franco Colapinto,alpine,Alpine F1 Team,35,3,32,0.5333333333333333,0.4619047619047619,0.354978354978355,-0.12380952380952384,-0.13759398496240602,-0.09408696159002158,1,1,-0.1976134840271927,79,0.5952380952380952,0.5359649122807018,0.4090345921300426,0.05,0.09401709401709402,3,0.40290698497656574
2026-10,2026,10,2026-07-19,spa,gasly,Pierre Gasly,alpine,Alpine F1 Team,78,4,70,0.6571428571428571,0.5596491228070175,0.45203553756185333,0.12380952380952384,0.13759398496240602,0.07744905742617414,3,3,0.1044069801833777,79,0.5952380952380952,0.5359649122807018,0.4090345921300426,0.05,0.09401709401709402,3,0.40290698497656574
2026-10,2026,10,2026-07-19,spa,hadjar,Isack Hadjar,red_bull,Red Bull,32,2,29,0.8,0.6142857142857143,0.5441529355303152,0.028571428571428536,-0.017293233082706784,0.03863554991374542,1,1,-0.14415022207229997,79,0.7666666666666667,0.7300751879699249,0.7398470427003839,0.2,0.10393258426966293,3,0.7310404153776631
2026-10,2026,10,2026-07-19,spa,hamilton,Lewis Hamilton,ferrari,Ferrari,79,4,72,0.9238095238095237,0.8536340852130326,0.7565155219336686,0.1809523809523809,0.03408521303258142,-0.030330761113309596,3,3,-0.06408015653168009,79,0.8428571428571429,0.8260651629072682,0.7838545965712685,0.05,0.07344632768361582,3,0.7975409724768151
2026-10,2026,10,2026-07-19,spa,hulkenberg,Nico Hülkenberg,audi,Audi,77,4,67,0.48571428571428577,0.49022556390977445,0.4457180246653931,0.021052631578947344,-0.010526315789473717,0.06884635832004253,3,3,-0.03584719374193059,9,0.5238095238095238,0.5238095238095238,0.5238095238095238,0.1875,0.1875,0,0.5238095238095238
2026-10,2026,10,2026-07-19,spa,lawson,Liam Lawson,rb,RB F1 Team,44,4,38,0.7047619047619047,0.5969924812030075,0.49952711968600744,0.08571428571428572,0.04285714285714285,-0.022070482328269667,1,1,0.15619754395264598,57,0.6857142857142857,0.5583959899749373,0.4676204860938218,0.05263157894736842,0.10163934426229508,2,0.4173211088512587
2026-10,2026,10,2026-07-19,spa,leclerc,Charles Leclerc,ferrari,Ferrari,78,4,69,0.7047619047619048,0.7664160401002507,0.8024755982783964,-0.1809523809523809,-0.03408521303258142,0.043911184888628496,3,3,0.09989676155089687,79,0.8428571428571429,0.8260651629072682,0.7838545965712685,0.05,0.07344632768361582,3,0.7975409724768151
2026-10,2026,10,2026-07-19,spa,max_verstappen,Max Verstappen,red_bull,Red Bull,79,4,75,0.7238095238095238,0.8047619047619048,0.8765929976456293,-0.028571428571428536,0.27518796992481204,0.30109849090812135,3,3,0.2998758293911069,79,0.7666666666666667,0.7300751879699249,0.7398470427003839,0.2,0.10393258426966293,3,0.7310404153776631
2026-10,2026,10,2026-07-19,spa,norris,Lando Norris,mclaren,McLaren,78,4,74,0.8476190476190476,0.8784461152882205,0.8226868611858865,0.03809523809523809,0.06115288220551377,0.01815118937695116,3,3,-0.025267284270054337,79,0.7333333333333334,0.8101503759398497,0.8055873113583178,0.11764705882352941,0.0436046511627907,3,0.8419145538588884
2026-10,2026,10,2026-07-19,spa,ocon,Esteban Ocon,haas,Haas F1 Team,78,4,69,0.42857142857142855,0.4731829573934837,0.4192613435429064,-0.0476190476190476,-0.08571428571428572,-0.05885183974428826,3,3,-0.037389021207262466,79,0.4428571428571429,0.5028822055137845,0.42663358206121366,0.1,0.08426966292134831,3,0.3659710694485131
2026-10,2026,10,2026-07-19,spa,perez,Sergio Pérez,cadillac,Cadillac F1 Team,55,3,47,0.3238095238095238,0.33959899749373434,0.5763461684514316,-0.014536340852130314,-0.24411027568922306,-0.17604822867980763,2,2,-0.16152789837000361,9,0.3142857142857143,0.3035714285714286,0.3035714285714286,0.3333333333333333,0.3333333333333333,0,0.3035714285714286
2026-10,2026,10,2026-07-19,spa,piastri,Oscar Piastri,mclaren,McLaren,77,4,72,0.7047619047619047,0.8065162907268171,0.803079126387397,-0.03809523809523809,-0.06115288220551377,-0.01815118937695116,3,2,0.025267284270054337,79,0.7333333333333334,0.8101503759398497,0.8055873113583178,0.11764705882352941,0.0436046511627907,3,0.8419145538588884
2026-10,2026,10,2026-07-19,spa,russell,George Russell,mercedes,Mercedes,79,4,73,0.8476190476190476,0.8573934837092733,0.7987208540312858,0.14285714285714285,0.10451127819548871,0.10894686380380479,3,2,0.20859615481657165,79,0.7904761904761906,0.8288220551378446,0.7626040757324022,0.05,0.07303370786516854,3,0.7421647350049818
2026-10,2026,10,2026-07-19,spa,sainz,Carlos Sainz,williams,Williams,76,4,69,0.44761904761904764,0.4786967418546366,0.5935211405136217,-0.016040100250626542,0.07092731829573937,-0.06153825423774489,3,2,-0.2079101807454948,79,0.40952380952380957,0.4170426065162907,0.4299302177011155,0.15789473684210525,0.1826086956521739,3,0.39417065071642693
2026-10,2026,10,2026-07-19,spa,stroll,Lance Stroll,aston_martin,Aston Martin,76,4,64,0.2796992481203008,0.287218045112782,0.37556451515261585,-0.1969924812030075,-0.15639097744360902,-0.1641349751189568,3,3,-0.09755081284993021,79,0.30952380952380953,0.3527568922305765,0.4486668478424978,0.45,0.18571428571428572,3,0.4349524844814273
2026-11,2026,11,2026-07-26,hungaroring,albon,Alexander Albon,williams,Williams,78,4,61,0.380952380952381,0.39598997493734334,0.4678178288859403,0.05714285714285714,-0.013533834586466186,0.10418904403866809,3,3,0.09713058155593066,80,0.3476190476190476,0.41904761904761906,0.4271622542947407,0.15789473684210525,0.17847025495750707,3,0.36063407012331045
2026-11,2026,11,2026-07-26,hungaroring,alonso,Fernando Alonso,aston_martin,Aston Martin,80,4,68,0.2857142857142857,0.3829573934837093,0.512687614728431,0.1969924812030075,0.15639097744360902,0.1641349751189568,3,3,0.1125884068348926,80,0.28095238095238095,0.34072681704260654,0.4414713253722542,0.5,0.19273743016759776,3,0.5210663212653482
2026-11,2026,11,2026-07-26,hungaroring,antonelli,Andrea Kimi Antonelli,mercedes,Mercedes,34,2,30,0.7047619047619047,0.8476190476190476,0.7116791979949875,-0.14285714285714285,-0.10451127819548871,-0.16386073880353055,1,1,-0.2196499153020892,80,0.7904761904761906,0.8761904761904763,0.7678215685734483,0.1,0.08241758241758242,3,0.7564243549743013
2026-11,2026,11,2026-07-26,hungaroring,arvid_lindblad,Arvid Lindblad,rb,RB F1 Team,9,1,9,0.6476190476190476,0.5714285714285715,0.5714285714285715,-0.009523809523809513,-0.03571428571428571,-0.03571428571428571,0,0,-0.03571428571428571,58,0.6523809523809524,0.6,0.4696849651009244,0.05263157894736842,0.09904153354632587,2,0.49349034289611543
2026-11,2026,11,2026-07-26,hungaroring,bearman,Oliver Bearman,haas,Haas F1 Team,37,3,32,0.4095238095238095,0.5042606516290726,0.49795280279907694,0.05714285714285712,0.06842105263157894,0.08598318713450293,1,0,0.08598318713450293,80,0.4095238095238095,0.47857142857142854,0.4240311426714936,0.1,0.08241758241758242,3,0.3494463672408535
2026-11,2026,11,2026-07-26,hungaroring,bortoleto,Gabriel Bortoleto,audi,Audi,33,2,28,0.580952380952381,0.5330827067669174,0.4234915245102002,0.04761904761904765,-0.0025062656641603675,-0.025159051474840936,1,1,0.08218097691781905,10,0.5428571428571429,0.5261904761904762,0.5261904761904762,0.16666666666666666,0.16666666666666666,0,0.5261904761904762
2026-11,2026,11,2026-07-26,hungaroring,bottas,Valtteri Bottas,cadillac,Cadillac F1 Team,56,3,47,0.21904761904761907,0.2786967418546366,0.2639837140744582,-0.06967418546365914,-0.04010025062656643,-0.011798903651823622,2,2,0.03926586911446319,10,0.30476190476190473,0.291005291005291,0.291005291005291,0.35,0.35,0,0.291005291005291
2026-11,2026,11,2026-07-26,hungaroring,colapinto,Franco Colapinto,alpine,Alpine F1 Team,36,3,33,0.49523809523809526,0.5190476190476191,0.3633841886269071,-0.13333333333333336,-0.14335839598997496,-0.08778891673628518,1,1,-0.04949241791347058,80,0.5619047619047619,0.588095238095238,0.41209723203035215,0.05,0.09192200557103064,3,0.2880112520996499
2026-11,2026,11,2026-07-26,hungaroring,gasly,Pierre Gasly,alpine,Alpine F1 Team,79,4,71,0.6285714285714286,0.5909774436090226,0.4538298872180452,0.13333333333333336,0.14335839598997496,0.07392601221363268,3,1,0.03941030553335967,80,0.5619047619047619,0.588095238095238,0.41209723203035215,0.05,0.09192200557103064,3,0.2880112520996499
2026-11,2026,11,2026-07-26,hungaroring,hadjar,Isack Hadjar,red_bull,Red Bull,33,2,30,0.7904761904761906,0.6167919799498747,0.5530407651782517,0.03809523809523807,-0.0052631578947368585,0.029672947801602782,1,1,-0.02148187528304485,80,0.7619047619047619,0.7476190476190476,0.7419016864505588,0.2,0.10164835164835165,3,0.6758235200770111
2026-11,2026,11,2026-07-26,hungaroring,hamilton,Lewis Hamilton,ferrari,Ferrari,80,4,73,0.9047619047619048,0.8761904761904763,0.7589257575075413,0.14285714285714285,0.045614035087719274,-0.03199505173189384,3,3,-0.06339566865882655,80,0.8428571428571429,0.8428571428571429,0.7866828376985349,0.05,0.0718232044198895,3,0.7446458320683357
2026-11,2026,11,2026-07-26,hungaroring,hulkenberg,Nico Hülkenberg,audi,Audi,78,4,68,0.4666666666666667,0.5330827067669173,0.44525145062201993,-0.04761904761904765,0.0025062656641603675,0.05902422723475355,3,3,-0.018903449098937836,10,0.5428571428571429,0.5261904761904762,0.5261904761904762,0.16666666666666666,0.16666666666666666,0,0.5261904761904762
2026-11,2026,11,2026-07-26,hungaroring,lawson,Liam Lawson,rb,RB F1 Team,45,4,39,0.6571428571428571,0.5867167919799499,0.4986785144679881,0.009523809523809513,0.07067669172932331,-0.026807214113715675,1,1,0.023566045237871838,58,0.6523809523809524,0.6,0.4696849651009244,0.05263157894736842,0.09904153354632587,2,0.49349034289611543
2026-11,2026,11,2026-07-26,hungaroring,leclerc,Charles Leclerc,ferrari,Ferrari,79,4,70,0.761904761904762,0.7984962406015038,0.8061769650463608,-0.14285714285714285,-0.045614035087719274,0.04521060034051373,3,3,0.13485718515698528,80,0.8428571428571429,0.8428571428571429,0.7866828376985349,0.05,0.0718232044198895,3,0.7446458320683357
2026-11,2026,11,2026-07-26,hungaroring,max_verstappen,Max Verstappen,red_bull,Red Bull,80,4,76,0.7428571428571429,0.7952380952380953,0.8772597173406891,-0.03809523809523807,0.2473684210526316,0.2967332123411978,3,3,0.28234379051075964,80,0.7619047619047619,0.7476190476190476,0.7419016864505588,0.2,0.10164835164835165,3,0.6758235200770111
2026-11,2026,11,2026-07-26,hungaroring,norris,Lando Norris,mclaren,McLaren,79,4,75,0.8285714285714286,0.849874686716792,0.8200747853569668,0.0476190476190476,0.03583959899749371,0.0152437718227192,3,3,0.023748320740801947,80,0.7809523809523811,0.7968671679197995,0.8045888530850936,0.11764705882352941,0.04261363636363636,3,0.8695394949959933
2026-11,2026,11,2026-07-26,hungaroring,ocon,Esteban Ocon,haas,Haas F1 Team,79,4,70,0.4,0.42857142857142855,0.4149220356279921,-0.05714285714285712,-0.06842105263157894,-0.06121818631084754,3,2,-0.06121818631084754,80,0.4095238095238095,0.47857142857142854,0.4240311426714936,0.1,0.08241758241758242,3,0.3494463672408535
2026-11,2026,11,2026-07-26,hungaroring,perez,Sergio Pérez,cadillac,Cadillac F1 Team,56,3,47,0.3238095238095238,0.33959899749373434,0.5763461684514316,-0.014536340852130314,-0.24411027568922306,-0.17604822867980763,2,2,-0.15674320937478833,10,0.30476190476190473,0.291005291005291,0.291005291005291,0.35,0.35,0,0.291005291005291
2026-11,2026,11,2026-07-26,hungaroring,piastri,Oscar Piastri,mclaren,McLaren,78,4,73,0.761904761904762,0.8085213032581453,0.803235361130098,-0.0476190476190476,-0.03583959899749371,-0.0152437718227192,3,3,-0.023748320740801947,80,0.7809523809523811,0.7968671679197995,0.8045888530850936,0.11764705882352941,0.04261363636363636,3,0.8695394949959933
2026-11,2026,11,2026-07-26,hungaroring,russell,George Russell,mercedes,Mercedes,80,4,73,0.8476190476190476,0.8573934837092733,0.7987208540312858,0.14285714285714285,0.10451127819548871,0.10894686380380479,3,3,0.09608993721119671,80,0.7904761904761906,0.8761904761904763,0.7678215685734483,0.1,0.08241758241758242,3,0.7564243549743013
2026-11,2026,11,2026-07-26,hungaroring,sainz,Carlos Sainz,williams,Williams,77,4,70,0.38095238095238093,0.4177944862155389,0.5857285619111069,-0.05714285714285714,0.013533834586466186,-0.0611032790309106,3,3,-0.04243495643871583,80,0.3476190476190476,0.41904761904761906,0.4271622542947407,0.15789473684210525,0.17847025495750707,3,0.36063407012331045
2026-11,2026,11,2026-07-26,hungaroring,stroll,Lance Stroll,aston_martin,Aston Martin,77,4,64,0.2796992481203008,0.287218045112782,0.37556451515261585,-0.1969924812030075,-0.15639097744360902,-0.1641349751189568,3,3,-0.1125884068348926,80,0.28095238095238095,0.34072681704260654,0.4414713253722542,0.5,0.19273743016759776,3,0.5210663212653482
