race_id,season,round,driver_id,practice_sessions,practice_laps,accurate_laps,practice_best_lap_seconds,practice_gap_percent,practice_sector_score,long_run_laps,long_run_median_seconds,long_run_gap_percent,degradation_percent_per_lap,compounds_used,practice_missing,practice_data_timestamp
2023-01,2023,1,max_verstappen,1,9,6,92.345,0.005414771496637916,92.345,0,,,,HARD|SOFT,False,2023-03-04T12:55:48.179000+00:00
2023-01,2023,1,perez,1,7,4,92.446,0.11479315572882232,92.446,0,,,,HARD|SOFT,False,2023-03-04T12:55:48.179000+00:00
2023-01,2023,1,alonso,1,10,6,92.34,0.0,92.34,0,,,,SOFT,False,2023-03-04T12:55:48.179000+00:00
2023-01,2023,1,sainz,1,14,11,92.945,0.6551873510937728,92.945,5,99.178,4.488084451842633,0.09044344511888415,SOFT,False,2023-03-04T12:55:48.179000+00:00
2023-01,2023,1,hamilton,1,12,7,92.555,0.23283517435564588,92.553,0,,,,SOFT,False,2023-03-04T12:55:48.179000+00:00
2023-01,2023,1,stroll,1,13,9,92.919,0.627030539311234,92.919,0,,,,SOFT,False,2023-03-04T12:55:48.179000+00:00
2023-01,2023,1,russell,1,12,7,92.731,0.4234351310374606,92.731,4,97.25200000000001,2.458964579953226,-1.0581787521079236,SOFT,False,2023-03-04T12:55:48.179000+00:00
2023-01,2023,1,bottas,1,9,5,93.629,1.3959280918345263,93.475,0,,,,SOFT,False,2023-03-04T12:55:48.179000+00:00
2023-01,2023,1,gasly,1,9,8,93.064,0.7840589127138722,93.064,4,120.26750000000001,26.706736340841573,2.946598208160959,SOFT,False,2023-03-04T12:55:48.179000+00:00
2023-01,2023,1,albon,1,11,7,93.882,1.669915529564654,93.774,0,,,,SOFT,False,2023-03-04T12:55:48.179000+00:00
2023-01,2023,1,tsunoda,1,13,10,93.475,1.2291531297379152,93.416,4,101.1335,6.548283781790588,3.472990792227252,SOFT,False,2023-03-04T12:55:48.179000+00:00
2023-01,2023,1,sargeant,1,10,5,93.665,1.434914446610356,93.629,0,,,,SOFT|UNKNOWN,False,2023-03-04T12:55:48.179000+00:00
2023-01,2023,1,kevin_magnussen,1,17,15,93.381,1.1273554256010363,93.381,7,100.946,6.350744853452444,-0.10199937165839387,MEDIUM|SOFT,False,2023-03-04T12:55:48.179000+00:00
2023-01,2023,1,de_vries,1,16,11,94.082,1.8865063894303553,94.046,5,123.032,29.61925030025916,4.692483871477949,SOFT,False,2023-03-04T12:55:48.179000+00:00
2023-01,2023,1,hulkenberg,1,19,14,93.423,1.1728395061728376,93.423,8,100.4945,5.875071114014197,0.07164571195438636,MEDIUM|SOFT,False,2023-03-04T12:55:48.179000+00:00
2023-01,2023,1,zhou,1,9,4,93.18,0.909681611436001,93.18,0,,,,SOFT,False,2023-03-04T12:55:48.179000+00:00
2023-01,2023,1,norris,1,11,7,93.202,0.9335066060212203,93.202,0,,,,SOFT,False,2023-03-04T12:55:48.179000+00:00
2023-01,2023,1,ocon,1,14,11,93.116,0.840372536278965,93.116,4,94.918,0.0,0.7110648890922355,SOFT,False,2023-03-04T12:55:48.179000+00:00
2023-01,2023,1,leclerc,1,13,10,92.624,0.30755902100930455,92.624,5,99.273,4.588170842200625,0.10043012702346092,SOFT,False,2023-03-04T12:55:48.179000+00:00
2023-01,2023,1,piastri,1,9,6,93.045,0.7634827810266388,93.045,0,,,,SOFT,False,2023-03-04T12:55:48.179000+00:00
2023-02,2023,2,perez,1,8,6,89.098,0.6927727863479681,88.905,0,,,,SOFT,False,2023-03-18T14:54:11.066000+00:00
2023-02,2023,2,max_verstappen,1,14,11,88.485,0.0,88.44200000000001,4,89.814,0.0,-0.20381009642149633,HARD|SOFT,False,2023-03-18T14:54:11.066000+00:00
2023-02,2023,2,alonso,1,17,13,89.483,1.1278747810363392,89.483,5,93.626,4.244327165029964,0.29230734590356383,HARD|SOFT,False,2023-03-18T14:54:11.066000+00:00
2023-02,2023,2,russell,1,15,13,89.811,1.4985590778098068,89.78399999999999,4,90.363,0.6112632774400502,-0.10236490599028329,SOFT,False,2023-03-18T14:54:11.066000+00:00
2023-02,2023,2,hamilton,1,11,7,89.568,1.2239362603831139,89.568,0,,,,SOFT,False,2023-03-18T14:54:11.066000+00:00
2023-02,2023,2,sainz,1,10,7,89.761,1.4420523252528634,89.686,0,,,,MEDIUM|SOFT,False,2023-03-18T14:54:11.066000+00:00
2023-02,2023,2,leclerc,1,11,8,89.588,1.2465389614058817,89.58800000000001,0,,,,MEDIUM|SOFT,False,2023-03-18T14:54:11.066000+00:00
2023-02,2023,2,ocon,1,15,11,89.953,1.659038255071485,89.868,0,,,,SOFT,False,2023-03-18T14:54:11.066000+00:00
2023-02,2023,2,gasly,1,15,11,89.701,1.3742442221845441,89.549,0,,,,SOFT,False,2023-03-18T14:54:11.066000+00:00
2023-02,2023,2,kevin_magnussen,1,11,7,90.131,1.860202294174155,89.87899999999999,0,,,,MEDIUM|SOFT,False,2023-03-18T14:54:11.066000+00:00
2023-02,2023,2,tsunoda,1,18,14,90.797,2.612872238232466,90.797,8,91.44,1.81040817689893,0.8878930918137302,MEDIUM,False,2023-03-18T14:54:11.066000+00:00
2023-02,2023,2,hulkenberg,1,15,10,89.933,1.6364355540487172,89.916,0,,,,MEDIUM|SOFT,False,2023-03-18T14:54:11.066000+00:00
2023-02,2023,2,zhou,1,18,15,89.917,1.6183533932304934,89.917,4,91.28649999999999,1.63949940989155,-0.22270543837260356,SOFT,False,2023-03-18T14:54:11.066000+00:00
2023-02,2023,2,de_vries,0,0,0,,,,0,,,,,True,2023-03-18T14:54:11.066000+00:00
2023-02,2023,2,piastri,1,20,17,89.698,1.3708538170311284,89.663,8,92.6975,3.210523971763881,0.11823692237496375,MEDIUM|SOFT,False,2023-03-18T14:54:11.066000+00:00
2023-02,2023,2,sargeant,1,14,10,90.035,1.751709329264844,89.931,0,,,,SOFT,False,2023-03-18T14:54:11.066000+00:00
2023-02,2023,2,norris,1,11,8,89.69,1.3618127366220245,89.69,0,,,,SOFT,False,2023-03-18T14:54:11.066000+00:00
2023-02,2023,2,bottas,1,17,13,90.317,2.0704074136859285,90.317,0,,,,SOFT,False,2023-03-18T14:54:11.066000+00:00
2023-02,2023,2,albon,1,15,12,89.983,1.6929423066056448,89.978,0,,,,SOFT,False,2023-03-18T14:54:11.066000+00:00
2023-02,2023,2,stroll,1,16,13,89.509,1.157258292365939,89.509,6,92.2285,2.6883336673569866,0.40053970812263745,HARD|SOFT,False,2023-03-18T14:54:11.066000+00:00
2023-03,2023,3,max_verstappen,1,21,16,77.565,0.0,77.423,10,83.2065,4.318472455555283,0.006752094870217196,MEDIUM|SOFT,False,2023-04-01T03:56:48.964000+00:00
2023-03,2023,3,hamilton,1,22,20,78.138,0.7387352543028525,78.13,13,80.675,1.14465534966525,-0.7035402927564176,SOFT,False,2023-04-01T03:56:48.964000+00:00
2023-03,2023,3,alonso,1,21,16,77.727,0.208857087603953,77.663,5,82.885,3.9153983099721725,-0.30427701031549914,SOFT,False,2023-04-01T03:56:48.964000+00:00
2023-03,2023,3,stroll,1,17,13,78.198,0.8160897311931872,78.11,4,82.72999999999999,3.721070183796782,-0.42753535597729053,SOFT,False,2023-04-01T03:56:48.964000+00:00
2023-03,2023,3,perez,1,15,11,78.123,0.7193966350802643,78.053,0,,,,SOFT,False,2023-04-01T03:56:48.964000+00:00
2023-03,2023,3,norris,1,11,10,79.146,2.0382904660607273,79.146,8,81.656,2.37456432887842,0.308005311251698,MEDIUM,False,2023-04-01T03:56:48.964000+00:00
2023-03,2023,3,hulkenberg,1,21,18,78.41,1.0894088828724282,78.41,11,84.076,5.4085905569067885,1.2107998107077904,MEDIUM|SOFT,False,2023-04-01T03:56:48.964000+00:00
2023-03,2023,3,piastri,1,17,15,78.713,1.4800489911686923,78.57600000000001,7,80.728,1.2111030315187608,0.2978101373311249,SOFT,False,2023-04-01T03:56:48.964000+00:00
2023-03,2023,3,zhou,1,15,12,78.33,0.9862695803519635,78.33,8,80.5915,1.0399689074998069,-1.436094929347506,MEDIUM|SOFT,False,2023-04-01T03:56:48.964000+00:00
2023-03,2023,3,tsunoda,1,20,16,78.901,1.722426352091792,78.864,5,80.261,0.6256111933000617,-0.22451751161834868,SOFT,False,2023-04-01T03:56:48.964000+00:00
2023-03,2023,3,bottas,1,20,14,78.809,1.603816154193257,78.809,0,,,,MEDIUM|SOFT,False,2023-04-01T03:56:48.964000+00:00
2023-03,2023,3,sainz,1,25,19,78.127,0.7245536002062756,78.127,8,83.3675,4.520322960808413,1.0098558078949917,MEDIUM|SOFT,False,2023-04-01T03:56:48.964000+00:00
2023-03,2023,3,gasly,1,20,17,78.094,0.6820086379165815,78.094,10,80.536,0.970386901030567,-0.3203469481775456,SOFT,False,2023-04-01T03:56:48.964000+00:00
2023-03,2023,3,ocon,1,20,17,77.938,0.48088699800168205,77.878,11,79.796,0.04262681477396006,-0.7250620990183496,SOFT,False,2023-04-01T03:56:48.964000+00:00
2023-03,2023,3,de_vries,1,21,16,79.092,1.9686714368594098,79.089,11,81.988,2.7908026378475954,-0.8227924193823344,SOFT,False,2023-04-01T03:56:48.964000+00:00
2023-03,2023,3,sargeant,1,17,14,78.947,1.7817314510410687,78.751,9,80.296,0.6694917379203205,-0.19500475300132647,SOFT,False,2023-04-01T03:56:48.964000+00:00
2023-03,2023,3,kevin_magnussen,1,23,20,79.056,1.922258750725198,78.993,10,84.33099999999999,5.728291667711427,1.1962767078897532,MEDIUM|SOFT,False,2023-04-01T03:56:48.964000+00:00
2023-03,2023,3,russell,1,20,18,77.955,0.5028040997872759,77.944,14,81.56200000000001,2.2567137233269117,-0.10509754635638695,SOFT,False,2023-04-01T03:56:48.964000+00:00
2023-03,2023,3,albon,1,18,15,78.553,1.2737703861277632,78.40199999999999,8,79.762,0.0,0.768738381818236,SOFT,False,2023-04-01T03:56:48.964000+00:00
2023-03,2023,3,leclerc,1,24,20,78.691,1.451685682975575,78.66,10,83.08,4.159875629999245,-1.567969857220723,MEDIUM|SOFT,False,2023-04-01T03:56:48.964000+00:00
2023-04,2023,4,perez,1,16,14,102.454,0.13585495772857917,102.389,4,108.472,2.620574823560572,-0.6647798510214578,MEDIUM|SOFT,False,2023-04-28T11:00:07.220000+00:00
2023-04,2023,4,max_verstappen,1,18,15,102.315,0.0,102.248,4,107.9195,2.0978789426879354,-0.3110651921107861,MEDIUM|SOFT,False,2023-04-28T11:00:07.220000+00:00
2023-04,2023,4,leclerc,1,14,12,102.352,0.03616283047452098,102.179,4,106.249,0.5174925734612373,-0.9352961977457313,HARD|SOFT,False,2023-04-28T11:00:07.220000+00:00
2023-04,2023,4,alonso,1,14,13,103.56,1.216830376777603,103.40299999999999,5,107.221,1.4370589014399022,-0.5623789855467084,MEDIUM,False,2023-04-28T11:00:07.220000+00:00
2023-04,2023,4,sainz,1,16,15,102.899,0.5707862972193747,102.72999999999999,5,109.135,3.2478098806077527,-1.228864820288283,HARD|SOFT,False,2023-04-28T11:00:07.220000+00:00
2023-04,2023,4,hamilton,1,12,10,103.798,1.4494453403704286,103.67699999999999,9,106.172,0.44464626970161286,-0.2774202573738038,MEDIUM,False,2023-04-28T11:00:07.220000+00:00
2023-04,2023,4,stroll,1,18,14,103.455,1.1142061281337052,103.455,6,108.6175,2.7582259559894884,-0.7440526881685088,HARD|MEDIUM|SOFT,False,2023-04-28T11:00:07.220000+00:00
2023-04,2023,4,russell,1,14,11,105.082,2.704393295215751,104.846,6,108.85,2.9781839511078276,-0.3398648205262822,MEDIUM|SOFT,False,2023-04-28T11:00:07.220000+00:00
2023-04,2023,4,norris,1,16,14,103.125,0.7916727752528977,103.125,9,107.023,1.249739834629428,0.013778695440163635,HARD|SOFT,False,2023-04-28T11:00:07.220000+00:00
2023-04,2023,4,tsunoda,1,11,9,104.137,1.7807750574207133,103.951,0,,,,MEDIUM|SOFT,False,2023-04-28T11:00:07.220000+00:00
2023-04,2023,4,piastri,1,18,16,103.98,1.6273273713531802,103.76,8,106.54599999999999,0.7984711736769352,-0.20068547521591842,HARD|SOFT,False,2023-04-28T11:00:07.220000+00:00
2023-04,2023,4,albon,1,19,18,103.628,1.28329179494698,103.554,14,106.29050000000001,0.5567538930200095,-0.23846037335756592,MEDIUM|SOFT,False,2023-04-28T11:00:07.220000+00:00
2023-04,2023,4,kevin_magnussen,1,6,6,107.498,5.065728387821929,107.49799999999999,4,109.95150000000001,4.020264517227689,-1.1572235170821688,HARD,False,2023-04-28T11:00:07.220000+00:00
2023-04,2023,4,gasly,1,5,5,106.321,3.915359429213703,106.321,4,107.718,1.9072486802520345,-1.4522841387432244,MEDIUM,False,2023-04-28T11:00:07.220000+00:00
2023-04,2023,4,ocon,1,6,6,105.955,3.557640619654988,105.955,4,108.29599999999999,2.454068986395711,0.11921031247692083,MEDIUM,False,2023-04-28T11:00:07.220000+00:00
2023-04,2023,4,sargeant,1,12,10,104.9,2.5265112642330134,104.73899999999999,4,107.07849999999999,1.302245936689933,-0.2753120374304687,MEDIUM|SOFT,False,2023-04-28T11:00:07.220000+00:00
2023-04,2023,4,hulkenberg,1,15,14,104.323,1.9625665835898896,104.06,5,109.049,3.1664490738112887,-0.4255607730853681,HARD|MEDIUM|SOFT,False,2023-04-28T11:00:07.220000+00:00
2023-04,2023,4,bottas,1,17,16,104.01,1.6566485852514368,104.00999999999999,9,109.411,3.5089213070708247,-0.1621376951903668,MEDIUM|SOFT,False,2023-04-28T11:00:07.220000+00:00
2023-04,2023,4,zhou,1,17,16,103.748,1.400576650540006,103.748,5,108.444,2.5940852585570795,0.05385267972409442,MEDIUM|SOFT,False,2023-04-28T11:00:07.220000+00:00
2023-04,2023,4,de_vries,1,18,16,103.414,1.0741338024727594,103.3,4,105.702,0.0,0.4303431873873784,MEDIUM|SOFT,False,2023-04-28T11:00:07.220000+00:00
2023-05,2023,5,max_verstappen,1,11,7,87.535,0.0,87.4,0,,,,SOFT,False,2023-05-06T17:52:21.225000+00:00
2023-05,2023,5,perez,1,16,12,88.05,0.5883360941337757,88.006,6,128.171,43.99779797548561,-0.13524040777620638,SOFT,False,2023-05-06T17:52:21.225000+00:00
2023-05,2023,5,alonso,1,16,11,88.618,1.2372193979551018,88.431,0,,,,MEDIUM|SOFT,False,2023-05-06T17:52:21.225000+00:00
2023-05,2023,5,russell,1,15,11,88.606,1.223510595761693,88.606,4,89.491,0.5415182734330228,-1.958424124586079,SOFT,False,2023-05-06T17:52:21.225000+00:00
2023-05,2023,5,sainz,1,20,15,88.125,0.6740161078425811,88.125,6,93.414,4.948937747868194,0.03681002235822725,SOFT,False,2023-05-06T17:52:21.225000+00:00
2023-05,2023,5,hamilton,1,14,11,88.718,1.3514594162335145,88.461,4,90.6815,1.8790234695367878,0.811521644436843,SOFT,False,2023-05-06T17:52:21.225000+00:00
2023-05,2023,5,leclerc,1,20,15,87.941,0.4638144742103226,87.941,8,93.28999999999999,4.809625992877115,0.2844050043642683,SOFT,False,2023-05-06T17:52:21.225000+00:00
2023-05,2023,5,gasly,1,20,16,88.428,1.0201633632261389,88.318,5,89.009,0.0,-1.922277522497727,MEDIUM|SOFT,False,2023-05-06T17:52:21.225000+00:00
2023-05,2023,5,ocon,1,20,17,88.407,0.9961729593876734,88.363,6,109.41199999999999,22.922401105506175,-1.2724426652872636,MEDIUM|SOFT,False,2023-05-06T17:52:21.225000+00:00
2023-05,2023,5,kevin_magnussen,1,9,7,88.607,1.2246529959444825,88.488,0,,,,SOFT,False,2023-05-06T17:52:21.225000+00:00
2023-05,2023,5,tsunoda,1,18,13,89.179,1.8781059004969503,89.179,10,104.04599999999999,16.8937972564572,-1.772481819147468,SOFT,False,2023-05-06T17:52:21.225000+00:00
2023-05,2023,5,stroll,1,18,13,88.723,1.3571714171474296,88.723,6,127.8245,43.608511498837196,3.332940309341545,MEDIUM|SOFT,False,2023-05-06T17:52:21.225000+00:00
2023-05,2023,5,bottas,1,15,9,88.456,1.0521505683440984,88.456,0,,,,SOFT,False,2023-05-06T17:52:21.225000+00:00
2023-05,2023,5,albon,1,17,14,88.561,1.172102587536426,88.56099999999999,4,89.31649999999999,0.3454706827399368,-1.865381349843906,SOFT,False,2023-05-06T17:52:21.225000+00:00
2023-05,2023,5,hulkenberg,1,13,11,88.497,1.0989889758382398,88.429,5,112.868,26.805154534934662,1.7660267478536396,SOFT,False,2023-05-06T17:52:21.225000+00:00
2023-05,2023,5,zhou,1,16,9,89.074,1.758153881304623,88.827,0,,,,SOFT,False,2023-05-06T17:52:21.225000+00:00
2023-05,2023,5,norris,1,15,11,89.401,2.1317187410749985,89.345,4,124.3565,39.71227628666764,0.9949965278396079,SOFT,False,2023-05-06T17:52:21.225000+00:00
2023-05,2023,5,de_vries,1,20,13,89.447,2.184269149483071,89.356,5,90.608,1.7964475502477322,0.13621429965519205,SOFT,False,2023-05-06T17:52:21.225000+00:00
2023-05,2023,5,piastri,1,13,7,89.375,2.1020163363226176,89.269,0,,,,SOFT,False,2023-05-06T17:52:21.225000+00:00
2023-05,2023,5,sargeant,1,17,12,89.264,1.9752099160335859,89.089,0,,,,SOFT,False,2023-05-06T17:52:21.225000+00:00
2023-06,2023,6,max_verstappen,1,17,13,72.776,0.0,72.594,6,73.6885,0.0,1.2898128866742522,SOFT,False,2023-05-27T11:42:23.083000+00:00
2023-06,2023,6,alonso,1,14,11,73.697,1.2655270968451227,73.392,4,74.38300000000001,0.94248084843633,0.17329228452737125,MEDIUM|SOFT,False,2023-05-27T11:42:23.083000+00:00
2023-06,2023,6,ocon,1,15,10,73.496,0.9893371441134425,73.412,4,74.1625,0.6432482680472388,-0.26185740771953575,SOFT,False,2023-05-27T11:42:23.083000+00:00
2023-06,2023,6,hamilton,1,15,11,73.486,0.9755963504452128,73.375,6,83.411,13.194053346180198,-0.11829844150469616,SOFT,False,2023-05-27T11:42:23.083000+00:00
2023-06,2023,6,russell,1,16,12,73.59,1.1185006045949313,73.46799999999999,5,74.382,0.9411237845796836,-1.3480860064710958,SOFT,False,2023-05-27T11:42:23.083000+00:00
2023-06,2023,6,leclerc,1,16,9,73.475,0.9604814774101326,73.46300000000001,0,,,,SOFT,False,2023-05-27T11:42:23.083000+00:00
2023-06,2023,6,gasly,1,22,16,73.453,0.9302517313400115,73.36500000000001,5,75.121,1.9439939746364634,-0.26490595173121434,SOFT,False,2023-05-27T11:42:23.083000+00:00
2023-06,2023,6,sainz,1,18,13,73.261,0.6664284929097497,73.12100000000001,0,,,,SOFT,False,2023-05-27T11:42:23.083000+00:00
2023-06,2023,6,norris,1,19,14,73.396,0.8519292074310274,73.326,6,75.4745,2.4237160479586386,0.05225884936390082,SOFT,False,2023-05-27T11:42:23.083000+00:00
2023-06,2023,6,piastri,1,16,14,73.998,1.679124986259218,73.979,5,76.257,3.4856185157792603,-0.24433582586740726,SOFT,False,2023-05-27T11:42:23.083000+00:00
2023-06,2023,6,bottas,1,18,10,73.521,1.023689128284056,73.492,0,,,,SOFT,False,2023-05-27T11:42:23.083000+00:00
2023-06,2023,6,de_vries,1,21,17,74.187,1.9388259865889874,74.057,11,76.883,4.335140490035746,0.4446133748599549,SOFT,False,2023-05-27T11:42:23.083000+00:00
2023-06,2023,6,zhou,1,18,10,73.772,1.3685830493569437,73.642,0,,,,SOFT,False,2023-05-27T11:42:23.083000+00:00
2023-06,2023,6,albon,1,21,17,73.93,1.5856875893151736,73.821,13,75.599,2.5926704981102873,2.133338641449213,SOFT,False,2023-05-27T11:42:23.083000+00:00
2023-06,2023,6,tsunoda,1,18,14,73.738,1.3218643508849117,73.738,9,75.515,2.4786771341525418,3.6558491046414856,SOFT,False,2023-05-27T11:42:23.083000+00:00
2023-06,2023,6,perez,1,22,19,72.849,0.10030779377817894,72.619,13,111.713,51.60167461679907,-0.11671278878508519,SOFT,False,2023-05-27T11:42:23.083000+00:00
2023-06,2023,6,hulkenberg,1,14,12,73.65,1.200945366604388,73.568,6,75.762,2.8138719067425657,-0.5953480888144645,SOFT,False,2023-05-27T11:42:23.083000+00:00
2023-06,2023,6,sargeant,1,16,10,73.851,1.4771353193360488,73.851,4,87.74600000000001,19.076925164713632,6.972923595903562,SOFT,False,2023-05-27T11:42:23.083000+00:00
2023-06,2023,6,kevin_magnussen,1,11,9,73.624,1.1652193030669438,73.624,4,75.3735,2.2866525984380224,-0.40737129097096375,SOFT,False,2023-05-27T11:42:23.083000+00:00
2023-06,2023,6,stroll,1,16,13,72.942,0.22809717489281744,72.94200000000001,5,74.763,1.4581651139594378,-0.7009820649772514,MEDIUM|SOFT,False,2023-05-27T11:42:23.083000+00:00
2023-07,2023,7,max_verstappen,1,9,4,73.664,0.0,73.664,0,,,,INTERMEDIATE|SOFT,False,2023-06-03T11:51:58.006000+00:00
2023-07,2023,7,hamilton,1,6,5,74.072,0.5538662033014787,73.846,0,,,,SOFT,False,2023-06-03T11:51:58.006000+00:00
2023-07,2023,7,russell,1,12,10,74.278,0.8335143353605619,74.191,0,,,,INTERMEDIATE|SOFT,False,2023-06-03T11:51:58.006000+00:00
2023-07,2023,7,perez,1,10,8,73.914,0.3393788010425717,73.914,0,,,,INTERMEDIATE|SOFT,False,2023-06-03T11:51:58.006000+00:00
2023-07,2023,7,sainz,1,16,10,74.24,0.7819287576020761,74.24,4,83.58250000000001,4.930638378005159,2.9313552478090394,INTERMEDIATE|MEDIUM|SOFT,False,2023-06-03T11:51:58.006000+00:00
2023-07,2023,7,stroll,1,10,8,74.756,1.4824066029539513,74.756,0,,,,INTERMEDIATE|SOFT,False,2023-06-03T11:51:58.006000+00:00
2023-07,2023,7,alonso,1,10,8,74.264,0.8145091225021642,74.142,0,,,,INTERMEDIATE|SOFT,False,2023-06-03T11:51:58.006000+00:00
2023-07,2023,7,ocon,1,11,7,75.266,2.1747393570808042,75.26599999999999,0,,,,INTERMEDIATE|MEDIUM|SOFT,False,2023-06-03T11:51:58.006000+00:00
2023-07,2023,7,zhou,1,12,9,74.681,1.3805929626411761,74.601,0,,,,INTERMEDIATE|SOFT,False,2023-06-03T11:51:58.006000+00:00
2023-07,2023,7,gasly,1,10,6,75.841,2.955310599478704,75.84100000000001,0,,,,INTERMEDIATE|MEDIUM|SOFT,False,2023-06-03T11:51:58.006000+00:00
2023-07,2023,7,leclerc,1,14,8,74.353,0.935327975673318,74.35300000000001,0,,,,INTERMEDIATE|MEDIUM|SOFT,False,2023-06-03T11:51:58.006000+00:00
2023-07,2023,7,tsunoda,1,12,9,74.659,1.3507276281494416,74.659,0,,,,INTERMEDIATE|SOFT,False,2023-06-03T11:51:58.006000+00:00
2023-07,2023,7,piastri,1,13,11,75.105,1.9561794092093865,74.985,0,,,,INTERMEDIATE|SOFT,False,2023-06-03T11:51:58.006000+00:00
2023-07,2023,7,de_vries,1,14,11,74.693,1.39688314509122,74.65299999999999,4,79.91300000000001,0.3238968049714516,-4.168658416027424,INTERMEDIATE|SOFT,False,2023-06-03T11:51:58.006000+00:00
2023-07,2023,7,hulkenberg,1,9,5,74.988,1.7973501303214572,74.988,0,,,,INTERMEDIATE|SOFT,False,2023-06-03T11:51:58.006000+00:00
2023-07,2023,7,albon,1,10,5,75.851,2.9688857515204137,75.851,0,,,,INTERMEDIATE|SOFT,False,2023-06-03T11:51:58.006000+00:00
2023-07,2023,7,norris,1,16,13,74.681,1.3805929626411761,74.44200000000001,6,79.655,0.0,-0.6244070410789448,INTERMEDIATE|SOFT,False,2023-06-03T11:51:58.006000+00:00
2023-07,2023,7,kevin_magnussen,1,7,4,75.534,2.538553431798442,74.81,0,,,,INTERMEDIATE|SOFT,False,2023-06-03T11:51:58.006000+00:00
2023-07,2023,7,bottas,1,12,9,74.36,0.9448305821025167,74.28,0,,,,INTERMEDIATE|SOFT,False,2023-06-03T11:51:58.006000+00:00
2023-07,2023,7,sargeant,1,3,1,76.529,3.889281059947865,76.529,0,,,,SOFT,False,2023-06-03T11:51:58.006000+00:00
2023-08,2023,8,max_verstappen,1,20,16,83.106,0.0,82.924,12,85.93950000000001,0.0,-0.39455111268485143,INTERMEDIATE|WET,False,2023-06-17T17:45:23.091000+00:00
2023-08,2023,8,alonso,1,16,12,84.483,1.6569200779727213,84.311,9,86.874,1.0873928752203417,-1.1737792006771626,INTERMEDIATE|WET,False,2023-06-17T17:45:23.091000+00:00
2023-08,2023,8,hamilton,1,16,12,85.087,2.3837027410776703,85.048,6,89.0005,3.5618080161043437,-0.03794521218580519,INTERMEDIATE|WET,False,2023-06-17T17:45:23.091000+00:00
2023-08,2023,8,leclerc,1,20,17,83.397,0.3501552234495837,83.36200000000001,15,90.042,4.773707084635111,-0.14757717535925227,INTERMEDIATE,False,2023-06-17T17:45:23.091000+00:00
2023-08,2023,8,sainz,1,13,12,84.765,1.9962457584290014,84.765,11,90.541,5.354348116989262,-0.21976746821230153,INTERMEDIATE,False,2023-06-17T17:45:23.091000+00:00
2023-08,2023,8,perez,1,18,14,85.857,3.3102303082809965,85.787,6,88.8625,3.4012299350124064,-0.2845332659940608,INTERMEDIATE|WET,False,2023-06-17T17:45:23.091000+00:00
2023-08,2023,8,albon,1,19,14,85.379,2.7350612470820526,85.37899999999999,11,91.537,6.513302963131035,-1.1098518639678379,INTERMEDIATE|WET,False,2023-06-17T17:45:23.091000+00:00
2023-08,2023,8,ocon,1,8,6,86.84,4.49305705965876,86.84,0,,,,INTERMEDIATE|WET,False,2023-06-17T17:45:23.091000+00:00
2023-08,2023,8,stroll,1,20,16,84.944,2.2116333357399083,84.842,13,89.404,4.031324361905743,-0.9132396328814794,INTERMEDIATE|WET,False,2023-06-17T17:45:23.091000+00:00
2023-08,2023,8,bottas,1,20,16,84.988,2.2645777681515233,84.89699999999999,13,88.706,3.219125082179898,-0.46021580568633946,INTERMEDIATE|WET,False,2023-06-17T17:45:23.091000+00:00
2023-08,2023,8,piastri,1,23,19,85.191,2.5088441267778596,85.191,15,88.192,2.621029910576607,-0.6066368725938545,INTERMEDIATE|WET,False,2023-06-17T17:45:23.091000+00:00
2023-08,2023,8,gasly,1,16,12,84.825,2.0684427117175757,84.82499999999999,11,89.137,3.7206406832713603,-0.1001836048550105,INTERMEDIATE|WET,False,2023-06-17T17:45:23.091000+00:00
2023-08,2023,8,norris,1,19,15,85.198,2.5172671046615154,84.137,14,88.0025,2.400525951396026,0.5601521649335365,INTERMEDIATE|WET,False,2023-06-17T17:45:23.091000+00:00
2023-08,2023,8,tsunoda,1,22,18,84.955,2.224869443842808,84.955,13,87.991,2.3871444446383676,0.35282092538996546,INTERMEDIATE|WET,False,2023-06-17T17:45:23.091000+00:00
2023-08,2023,8,hulkenberg,1,18,14,85.14,2.447476716482572,85.14,14,91.428,6.386469551254065,-0.8720303588269607,INTERMEDIATE|WET,False,2023-06-17T17:45:23.091000+00:00
2023-08,2023,8,zhou,1,21,17,86.75,4.384761629725899,86.75,14,89.17500000000001,3.7648578360358176,-0.16750876881075413,INTERMEDIATE|WET,False,2023-06-17T17:45:23.091000+00:00
2023-08,2023,8,kevin_magnussen,1,21,17,84.715,1.9360816306885291,84.715,15,89.767,4.4537145317345175,-0.09597660811041446,INTERMEDIATE|WET,False,2023-06-17T17:45:23.091000+00:00
2023-08,2023,8,de_vries,1,21,17,85.725,3.1513970110461336,85.574,15,90.579,5.398565269753703,-0.6371303056055129,INTERMEDIATE|WET,False,2023-06-17T17:45:23.091000+00:00
2023-08,2023,8,russell,1,16,12,85.435,2.8024450701513826,85.38499999999999,6,87.267,1.5446913235473632,-0.19375676290661473,INTERMEDIATE|WET,False,2023-06-17T17:45:23.091000+00:00
2023-08,2023,8,sargeant,1,15,12,87.279,5.021298101220132,87.17999999999999,10,92.4045,7.522734016371969,-0.7199472313666574,INTERMEDIATE|WET,False,2023-06-17T17:45:23.091000+00:00
2023-09,2023,9,max_verstappen,1,27,21,65.742,0.0,65.68299999999999,10,70.90549999999999,3.4308970366209968,0.09157728714039891,HARD|MEDIUM,False,2023-06-30T13:00:12.954000+00:00
2023-09,2023,9,leclerc,1,30,24,66.012,0.4106963584922819,66.012,12,69.08,0.7680133034782823,1.5580326683377428,HARD|SOFT,False,2023-06-30T13:00:12.954000+00:00
2023-09,2023,9,perez,1,29,21,66.262,0.7909707645036598,66.199,9,70.849,3.348479654576338,0.006208483745215646,HARD|MEDIUM,False,2023-06-30T13:00:12.954000+00:00
2023-09,2023,9,norris,1,17,11,67.368,2.473304736697987,67.368,7,69.041,0.7111234291465539,-0.3171980569897839,MEDIUM,False,2023-06-30T13:00:12.954000+00:00
2023-09,2023,9,alonso,1,27,22,66.656,1.3902832283775994,66.624,11,70.119,2.2836179042645317,0.03724836608933289,MEDIUM,False,2023-06-30T13:00:12.954000+00:00
2023-09,2023,9,sainz,1,29,21,65.983,0.36658452739496766,65.983,8,68.8985,0.5032565806267872,-0.18086010306133912,HARD|SOFT,False,2023-06-30T13:00:12.954000+00:00
2023-09,2023,9,russell,1,24,19,66.696,1.4511271333394078,66.696,15,69.633,1.5746825472076282,-0.0378351324928006,HARD|SOFT,False,2023-06-30T13:00:12.954000+00:00
2023-09,2023,9,hamilton,1,30,21,66.251,0.7742386906391656,66.162,14,70.281,2.5199296899501724,-0.20552347367097068,HARD|SOFT,False,2023-06-30T13:00:12.954000+00:00
2023-09,2023,9,stroll,1,24,16,66.34,0.9096163791792141,66.25399999999999,4,69.1465,0.8650178327875152,0.8014040582572546,MEDIUM|SOFT,False,2023-06-30T13:00:12.954000+00:00
2023-09,2023,9,gasly,1,24,16,67.287,2.3500958291503173,66.964,4,69.003,0.6556922695412869,0.4202715823949642,MEDIUM|SOFT,False,2023-06-30T13:00:12.954000+00:00
2023-09,2023,9,albon,1,20,14,66.794,1.6001947004958665,66.641,8,70.05000000000001,2.182966588139186,0.46731146603453155,MEDIUM|SOFT,False,2023-06-30T13:00:12.954000+00:00
2023-09,2023,9,zhou,1,30,23,66.78,1.5788993337592354,66.668,13,70.818,3.3032594980562386,-0.10459082302447403,MEDIUM|SOFT,False,2023-06-30T13:00:12.954000+00:00
2023-09,2023,9,sargeant,1,22,16,67.018,1.9409205682820663,66.986,8,69.851,1.892682357574719,0.3213217420798092,SOFT,False,2023-06-30T13:00:12.954000+00:00
2023-09,2023,9,ocon,1,27,21,67.202,2.220802531106437,67.031,11,69.912,1.981663955888455,0.37173693269372277,MEDIUM,False,2023-06-30T13:00:12.954000+00:00
2023-09,2023,9,bottas,1,30,23,66.847,1.6808128745702742,66.84700000000001,12,70.65350000000001,3.0633009255544854,0.18411066334736664,MEDIUM|SOFT,False,2023-06-30T13:00:12.954000+00:00
2023-09,2023,9,piastri,1,33,23,66.809,1.6230111648565497,66.721,14,68.55350000000001,0.0,-0.06426026151391089,MEDIUM|SOFT,False,2023-06-30T13:00:12.954000+00:00
2023-09,2023,9,de_vries,1,33,27,67.017,1.9393994706580135,66.949,15,70.828,3.3178466453207913,0.3636960515160508,MEDIUM|SOFT,False,2023-06-30T13:00:12.954000+00:00
2023-09,2023,9,kevin_magnussen,1,24,18,66.497,1.148428706154354,66.446,7,70.179,2.371140787851806,0.04412186795805918,MEDIUM|SOFT,False,2023-06-30T13:00:12.954000+00:00
2023-09,2023,9,tsunoda,1,31,25,66.985,1.8907243466885628,66.985,19,71.068,3.667938179669869,0.7791682999431035,MEDIUM|SOFT,False,2023-06-30T13:00:12.954000+00:00
2023-09,2023,9,hulkenberg,1,27,22,66.846,1.6792917769462432,66.731,14,70.394,2.684764454039533,-0.05434511580516063,MEDIUM|SOFT,False,2023-06-30T13:00:12.954000+00:00
2023-10,2023,10,max_verstappen,1,14,11,88.266,0.9688969217218322,88.26599999999999,0,,,,INTERMEDIATE|MEDIUM,False,2023-07-08T11:51:25.381000+00:00
2023-10,2023,10,norris,1,11,6,88.563,1.3086399981697405,88.563,0,,,,INTERMEDIATE|MEDIUM|SOFT,False,2023-07-08T11:51:25.381000+00:00
2023-10,2023,10,hamilton,1,9,6,87.948,0.6051316075452663,87.948,0,,,,INTERMEDIATE|SOFT,False,2023-07-08T11:51:25.381000+00:00
2023-10,2023,10,piastri,1,15,11,89.437,2.308422654114095,88.388,4,90.2635,0.125901275651678,-0.0836439978507413,HARD|INTERMEDIATE|SOFT,False,2023-07-08T11:51:25.381000+00:00
2023-10,2023,10,russell,1,12,10,88.284,0.9894874112035246,88.28399999999999,4,100.965,11.996672212978368,-1.2202248303867613,INTERMEDIATE|SOFT,False,2023-07-08T11:51:25.381000+00:00
2023-10,2023,10,perez,1,14,9,88.904,1.6987153822395584,88.892,0,,,,INTERMEDIATE|MEDIUM,False,2023-07-08T11:51:25.381000+00:00
2023-10,2023,10,alonso,1,13,9,87.784,0.4175293700454239,87.78399999999999,0,,,,HARD|INTERMEDIATE|MEDIUM|SOFT,False,2023-07-08T11:51:25.381000+00:00
2023-10,2023,10,albon,1,10,6,87.592,0.19789748224070491,87.592,0,,,,INTERMEDIATE|MEDIUM|SOFT,False,2023-07-08T11:51:25.381000+00:00
2023-10,2023,10,leclerc,1,18,13,87.419,0.0,87.20500000000001,5,101.283,12.349417637271209,0.3146605791876391,INTERMEDIATE|SOFT,False,2023-07-08T11:51:25.381000+00:00
2023-10,2023,10,sainz,1,17,12,87.964,0.6234342648623317,87.849,4,100.72399999999999,11.729339988907359,0.8532125714908767,INTERMEDIATE|SOFT,False,2023-07-08T11:51:25.381000+00:00
2023-10,2023,10,sargeant,1,11,8,88.151,0.8373465722554586,88.15100000000001,0,,,,INTERMEDIATE|MEDIUM|SOFT,False,2023-07-08T11:51:25.381000+00:00
2023-10,2023,10,bottas,1,10,7,89.586,2.47886615037921,89.586,0,,,,HARD|INTERMEDIATE|SOFT,False,2023-07-08T11:51:25.381000+00:00
2023-10,2023,10,hulkenberg,1,10,8,93.59,7.059106143973286,93.18599999999999,5,93.811,4.061009428729896,0.03133960836149286,INTERMEDIATE|MEDIUM,False,2023-07-08T11:51:25.381000+00:00
2023-10,2023,10,stroll,1,11,8,88.62,1.3738432148617665,88.534,0,,,,INTERMEDIATE|MEDIUM|SOFT,False,2023-07-08T11:51:25.381000+00:00
2023-10,2023,10,zhou,1,1,0,113.169,29.455839119642185,113.169,0,,,,HARD,False,2023-07-08T11:51:25.381000+00:00
2023-10,2023,10,tsunoda,1,17,13,88.337,1.05011496356628,88.33699999999999,0,,,,INTERMEDIATE|MEDIUM|SOFT,False,2023-07-08T11:51:25.381000+00:00
2023-10,2023,10,de_vries,1,16,12,88.504,1.2411489493130876,88.504,4,90.15,0.0,-2.0852251896556506,INTERMEDIATE|MEDIUM|SOFT,False,2023-07-08T11:51:25.381000+00:00
2023-10,2023,10,gasly,1,15,11,87.893,0.5422162230178837,87.893,0,,,,INTERMEDIATE|MEDIUM|SOFT,False,2023-07-08T11:51:25.381000+00:00
2023-10,2023,10,kevin_magnussen,1,8,4,89.207,2.045321955181364,88.651,0,,,,INTERMEDIATE|MEDIUM|SOFT,False,2023-07-08T11:51:25.381000+00:00
2023-10,2023,10,ocon,1,18,14,89.233,2.075063773321597,88.474,0,,,,INTERMEDIATE|MEDIUM|SOFT,False,2023-07-08T11:51:25.381000+00:00
2023-11,2023,11,max_verstappen,1,18,14,78.061,0.32129133413013583,78.061,10,83.7235,5.634131570314657,0.017887161401235956,MEDIUM|SOFT,False,2023-07-22T11:52:16.307000+00:00
2023-11,2023,11,norris,1,16,13,78.082,0.34827980619705,78.082,5,80.769,1.9064321582679296,0.5480455910017775,MEDIUM|SOFT,False,2023-07-22T11:52:16.307000+00:00
2023-11,2023,11,perez,1,21,17,78.067,0.32900232614924113,77.986,10,84.119,6.13313482550656,0.048401849184078846,MEDIUM|SOFT,False,2023-07-22T11:52:16.307000+00:00
2023-11,2023,11,hamilton,1,12,7,77.811,0.0,77.811,0,,,,MEDIUM|SOFT,False,2023-07-22T11:52:16.307000+00:00
2023-11,2023,11,piastri,1,16,13,78.598,1.011425119841657,78.346,4,80.9115,2.0862247344116605,0.6992825494521656,MEDIUM|SOFT,False,2023-07-22T11:52:16.307000+00:00
2023-11,2023,11,russell,1,18,12,78.119,0.39583092364831796,78.119,5,81.378,2.6748088521032454,0.6319634554538427,MEDIUM|SOFT,False,2023-07-22T11:52:16.307000+00:00
2023-11,2023,11,leclerc,1,25,22,78.19,0.48707766254127394,78.19,15,84.659,6.814454061419662,-0.004180637279302369,MEDIUM|SOFT,False,2023-07-22T11:52:16.307000+00:00
2023-11,2023,11,sainz,1,25,21,78.234,0.5436249373481739,78.179,15,84.568,6.699639153145408,0.09468711569388122,MEDIUM|SOFT,False,2023-07-22T11:52:16.307000+00:00
2023-11,2023,11,alonso,1,14,10,78.35,0.6927041163845565,78.187,0,,,,SOFT,False,2023-07-22T11:52:16.307000+00:00
2023-11,2023,11,stroll,1,15,11,78.536,0.9317448689773865,78.408,0,,,,HARD|SOFT,False,2023-07-22T11:52:16.307000+00:00
2023-11,2023,11,albon,1,12,7,78.592,1.0037141278225337,78.473,0,,,,MEDIUM|SOFT,False,2023-07-22T11:52:16.307000+00:00
2023-11,2023,11,bottas,1,19,10,78.489,0.8713420981609248,78.40599999999999,4,79.25800000000001,0.0,-2.002682018579466,HARD|MEDIUM|SOFT,False,2023-07-22T11:52:16.307000+00:00
2023-11,2023,11,ricciardo,1,25,20,78.828,1.3070131472413873,78.583,10,85.15950000000001,7.445936056928004,-0.07451258574151551,HARD|MEDIUM,False,2023-07-22T11:52:16.307000+00:00
2023-11,2023,11,hulkenberg,1,19,15,78.077,0.34185397951445307,78.076,5,81.861,3.284211057558851,0.06743137757908321,MEDIUM|SOFT,False,2023-07-22T11:52:16.307000+00:00
2023-11,2023,11,tsunoda,1,26,21,79.156,1.7285473776201292,79.04,11,84.397,6.483888061772938,0.01588811321385035,HARD|MEDIUM,False,2023-07-22T11:52:16.307000+00:00
2023-11,2023,11,zhou,1,19,7,78.544,0.9420261916695452,78.544,0,,,,HARD|MEDIUM|SOFT,False,2023-07-22T11:52:16.307000+00:00
2023-11,2023,11,kevin_magnussen,1,23,18,78.649,1.0769685520042074,78.649,9,82.37,3.926417522521379,1.6523800108219522,MEDIUM|SOFT,False,2023-07-22T11:52:16.307000+00:00
2023-11,2023,11,sargeant,1,12,8,78.814,1.2890208325300867,78.684,0,,,,MEDIUM|SOFT,False,2023-07-22T11:52:16.307000+00:00
2023-11,2023,11,ocon,1,19,14,78.979,1.5010731130559845,78.815,5,79.445,0.23593832799210598,1.622947796831748,MEDIUM|SOFT,False,2023-07-22T11:52:16.307000+00:00
2023-11,2023,11,gasly,1,19,14,78.776,1.2401845497423105,78.7,5,79.365,0.13500214489387202,0.7669539248486585,MEDIUM|SOFT,False,2023-07-22T11:52:16.307000+00:00
2023-12,2023,12,max_verstappen,0,0,0,,,,0,,,,,True,2023-07-28T13:00:10.424000+00:00
2023-12,2023,12,perez,1,3,2,128.24,4.0849951707289485,128.24,0,,,,WET,False,2023-07-28T13:00:10.424000+00:00
2023-12,2023,12,leclerc,1,2,1,128.148,4.010324088728727,128.039,0,,,,WET,False,2023-07-28T13:00:10.424000+00:00
2023-12,2023,12,hamilton,1,2,1,130.299,5.756166451581496,130.299,0,,,,WET,False,2023-07-28T13:00:10.424000+00:00
2023-12,2023,12,alonso,1,2,1,130.283,5.743180176451008,130.28300000000002,0,,,,WET,False,2023-07-28T13:00:10.424000+00:00
2023-12,2023,12,russell,1,4,2,130.475,5.899015478016672,130.475,0,,,,WET,False,2023-07-28T13:00:10.424000+00:00
2023-12,2023,12,norris,1,2,1,124.484,1.0364670838507561,123.34,0,,,,INTERMEDIATE,False,2023-07-28T13:00:10.424000+00:00
2023-12,2023,12,ocon,1,1,0,136.018,10.397948168529393,136.018,0,,,,INTERMEDIATE,False,2023-07-28T13:00:10.424000+00:00
2023-12,2023,12,stroll,1,1,0,141.946,15.209363104369075,141.946,0,,,,WET,False,2023-07-28T13:00:10.424000+00:00
2023-12,2023,12,tsunoda,1,2,2,129.067,4.7562232665351925,129.067,0,,,,WET,False,2023-07-28T13:00:10.424000+00:00
2023-12,2023,12,gasly,0,0,0,,,,0,,,,,True,2023-07-28T13:00:10.424000+00:00
2023-12,2023,12,bottas,1,2,1,132.085,7.205759413020377,130.712,0,,,,INTERMEDIATE|WET,False,2023-07-28T13:00:10.424000+00:00
2023-12,2023,12,zhou,1,2,1,134.002,8.761677502089992,134.002,0,,,,WET,False,2023-07-28T13:00:10.424000+00:00
2023-12,2023,12,albon,1,1,1,128.394,4.209988068859734,128.394,0,,,,INTERMEDIATE,False,2023-07-28T13:00:10.424000+00:00
2023-12,2023,12,kevin_magnussen,1,1,1,129.229,4.887709302231221,129.22899999999998,0,,,,WET,False,2023-07-28T13:00:10.424000+00:00
2023-12,2023,12,ricciardo,1,4,2,129.319,4.9607570998401025,129.31900000000002,0,,,,WET,False,2023-07-28T13:00:10.424000+00:00
2023-12,2023,12,sargeant,1,1,0,136.417,10.721793404595525,136.417,0,,,,INTERMEDIATE,False,2023-07-28T13:00:10.424000+00:00
2023-12,2023,12,hulkenberg,1,4,3,130.042,5.547574407298293,129.362,0,,,,WET,False,2023-07-28T13:00:10.424000+00:00
2023-12,2023,12,sainz,1,5,3,123.207,0.0,123.038,0,,,,INTERMEDIATE|WET,False,2023-07-28T13:00:10.424000+00:00
2023-12,2023,12,piastri,1,3,1,123.792,0.47481068445787006,122.751,0,,,,INTERMEDIATE,False,2023-07-28T13:00:10.424000+00:00
2023-13,2023,13,max_verstappen,1,14,10,81.631,0.0,81.384,5,85.929,2.0183072338505776,1.200642390811029,INTERMEDIATE|WET,False,2023-08-26T10:52:35.882000+00:00
2023-13,2023,13,alonso,1,9,8,82.634,1.2286998811725938,82.634,0,,,,INTERMEDIATE,False,2023-08-26T10:52:35.882000+00:00
2023-13,2023,13,gasly,1,10,9,83.21,1.9343141698619317,83.21000000000001,4,84.23249999999999,0.004155338422619633,-0.7731661091112715,INTERMEDIATE,False,2023-08-26T10:52:35.882000+00:00
2023-13,2023,13,perez,1,14,12,82.631,1.2250248067523368,82.631,9,85.439,1.4365598546818716,-1.105190046974948,INTERMEDIATE|WET,False,2023-08-26T10:52:35.882000+00:00
2023-13,2023,13,sainz,1,12,10,83.438,2.213619825801475,83.438,4,84.229,0.0,-0.8672954513460814,INTERMEDIATE|WET,False,2023-08-26T10:52:35.882000+00:00
2023-13,2023,13,hamilton,1,13,11,82.723,1.3377270889735502,82.723,4,84.516,0.34073775065595713,0.03519198393541494,INTERMEDIATE,False,2023-08-26T10:52:35.882000+00:00
2023-13,2023,13,norris,1,18,16,83.158,1.8706128799108195,82.905,11,87.438,3.8098517137802936,0.01861487284688662,INTERMEDIATE,False,2023-08-26T10:52:35.882000+00:00
2023-13,2023,13,albon,1,15,13,82.75,1.3708027587558644,82.75,10,86.8865,3.1550891023281755,-0.09784941184057233,INTERMEDIATE|WET,False,2023-08-26T10:52:35.882000+00:00
2023-13,2023,13,piastri,1,15,13,82.892,1.5447562813146913,82.774,8,84.3335,0.124066532904346,-1.1484962101900458,INTERMEDIATE,False,2023-08-26T10:52:35.882000+00:00
2023-13,2023,13,ocon,1,7,6,83.806,2.6644289546863287,83.806,4,86.42750000000001,2.6101461491885334,-0.6744381128691644,INTERMEDIATE,False,2023-08-26T10:52:35.882000+00:00
2023-13,2023,13,stroll,1,11,9,84.058,2.9731352059879295,83.866,5,88.335,4.874805589523792,0.035886115356314745,INTERMEDIATE|WET,False,2023-08-26T10:52:35.882000+00:00
2023-13,2023,13,hulkenberg,1,14,11,83.64,2.461074836765445,83.64,4,84.91550000000001,0.815039950610846,-0.6628774655813284,INTERMEDIATE|WET,False,2023-08-26T10:52:35.882000+00:00
2023-13,2023,13,lawson,1,19,16,86.343,5.772316889417015,86.343,0,,,,INTERMEDIATE|WET,False,2023-08-26T10:52:35.882000+00:00
2023-13,2023,13,bottas,1,19,17,82.965,1.6341830922076213,82.965,10,87.20849999999999,3.5373802372104466,-0.6832179887738344,INTERMEDIATE|WET,False,2023-08-26T10:52:35.882000+00:00
2023-13,2023,13,tsunoda,1,14,10,83.544,2.343472455317216,83.54400000000001,4,84.98,0.8916169015422298,-1.2392327606495774,INTERMEDIATE|WET,False,2023-08-26T10:52:35.882000+00:00
2023-13,2023,13,kevin_magnussen,0,0,0,,,,0,,,,,True,2023-08-26T10:52:35.882000+00:00
2023-13,2023,13,russell,1,12,10,82.01,0.46428440175914165,82.01,9,85.162,1.1076944995191762,-0.6955809762267932,INTERMEDIATE,False,2023-08-26T10:52:35.882000+00:00
2023-13,2023,13,zhou,1,5,4,88.482,8.392644951060257,88.132,0,,,,INTERMEDIATE|WET,False,2023-08-26T10:52:35.882000+00:00
2023-13,2023,13,leclerc,1,7,5,83.093,1.7909862674719204,83.05199999999999,0,,,,INTERMEDIATE|WET,False,2023-08-26T10:52:35.882000+00:00
2023-13,2023,13,sargeant,1,15,14,83.57,2.375323100292772,83.57,12,87.30199999999999,3.6483871350722357,-0.7035868809366134,INTERMEDIATE|WET,False,2023-08-26T10:52:35.882000+00:00
2023-14,2023,14,max_verstappen,1,16,11,80.998,0.10628831322918543,80.998,7,85.811,4.873935201593701,-0.12631580699776854,SOFT,False,2023-09-02T11:51:10.204000+00:00
2023-14,2023,14,perez,1,14,12,82.192,1.5819655922483522,82.19200000000001,8,86.424,5.6231133055498015,-0.0008127151628956035,SOFT,False,2023-09-02T11:51:10.204000+00:00
2023-14,2023,14,sainz,1,17,14,80.912,0.0,80.912,7,84.904,3.7654449237989356,-0.07487448008506299,SOFT,False,2023-09-02T11:51:10.204000+00:00
2023-14,2023,14,leclerc,1,19,15,81.486,0.7094126952738753,81.261,7,84.872,3.72633611576208,0.11546799886888437,SOFT,False,2023-09-02T11:51:10.204000+00:00
2023-14,2023,14,russell,1,19,14,81.73,1.0109748862962205,81.72800000000001,5,85.16,4.0783153880938166,-0.13738844527948202,SOFT,False,2023-09-02T11:51:10.204000+00:00
2023-14,2023,14,hamilton,1,15,11,81.453,0.6686276448487205,81.453,5,85.206,4.134534299646811,-0.6089946717367184,SOFT,False,2023-09-02T11:51:10.204000+00:00
2023-14,2023,14,albon,1,14,9,82.054,1.411409926834086,81.99000000000001,0,,,,HARD|MEDIUM|SOFT,False,2023-09-02T11:51:10.204000+00:00
2023-14,2023,14,norris,1,20,15,82.515,1.981164722167286,82.368,8,84.4135,3.1659802256089433,0.12231233191461982,HARD|SOFT,False,2023-09-02T11:51:10.204000+00:00
2023-14,2023,14,alonso,1,20,16,81.711,0.9874925845362769,81.584,5,81.823,0.0,4.366449213863753,HARD|SOFT,False,2023-09-02T11:51:10.204000+00:00
2023-14,2023,14,bottas,1,27,23,82.511,1.9762210796915036,82.46799999999999,16,87.857,7.374454615450432,-0.2594250893357294,HARD|MEDIUM,False,2023-09-02T11:51:10.204000+00:00
2023-14,2023,14,lawson,1,25,19,82.296,1.7105002966185487,82.29599999999999,10,87.2235,6.6002224313457205,-0.015967339911002226,HARD|MEDIUM,False,2023-09-02T11:51:10.204000+00:00
2023-14,2023,14,piastri,1,14,9,82.302,1.7179157603322133,82.151,5,84.723,3.5442357283404493,0.9210370131832429,MEDIUM|SOFT,False,2023-09-02T11:51:10.204000+00:00
2023-14,2023,14,sargeant,1,18,10,82.38,1.8143167886098341,82.31700000000001,0,,,,HARD|MEDIUM|SOFT,False,2023-09-02T11:51:10.204000+00:00
2023-14,2023,14,zhou,1,27,21,82.742,2.2617164326675874,82.63900000000001,9,87.972,7.515001894332891,-0.0920368602130974,HARD|MEDIUM,False,2023-09-02T11:51:10.204000+00:00
2023-14,2023,14,gasly,1,18,12,82.852,2.3976666007514305,82.699,0,,,,HARD|SOFT,False,2023-09-02T11:51:10.204000+00:00
2023-14,2023,14,stroll,1,27,24,82.245,1.6474688550524006,82.245,16,85.03,3.9194358554440782,0.5019677429878432,HARD|SOFT,False,2023-09-02T11:51:10.204000+00:00
2023-14,2023,14,hulkenberg,1,22,17,81.985,1.3261320941269443,81.97,10,86.92,6.229299830121126,-0.043439456693019345,MEDIUM|SOFT,False,2023-09-02T11:51:10.204000+00:00
2023-14,2023,14,kevin_magnussen,1,16,12,81.884,1.2013051216135975,81.884,0,,,,MEDIUM|SOFT,False,2023-09-02T11:51:10.204000+00:00
2023-14,2023,14,ocon,1,16,12,82.739,2.258008700810755,82.67699999999999,0,,,,HARD|SOFT,False,2023-09-02T11:51:10.204000+00:00
2023-14,2023,14,tsunoda,1,25,18,82.297,1.711736207237481,82.231,10,87.191,6.560502548183285,0.024578572364464178,HARD|MEDIUM,False,2023-09-02T11:51:10.204000+00:00
2023-15,2023,15,sainz,1,15,12,92.065,0.0,92.065,0,,,,MEDIUM|SOFT,False,2023-09-16T10:59:54.912000+00:00
2023-15,2023,15,norris,1,9,7,92.303,0.2585130071145381,92.205,0,,,,MEDIUM|SOFT,False,2023-09-16T10:59:54.912000+00:00
2023-15,2023,15,hamilton,1,10,6,92.535,0.5105088795959364,92.401,0,,,,SOFT,False,2023-09-16T10:59:54.912000+00:00
2023-15,2023,15,leclerc,1,16,11,92.381,0.34323575734535655,92.313,0,,,,MEDIUM|SOFT,False,2023-09-16T10:59:54.912000+00:00
2023-15,2023,15,max_verstappen,1,14,10,92.378,0.3399771900287866,92.378,4,98.5035,5.3857140564569255,-0.061622175861773355,MEDIUM|SOFT,False,2023-09-16T10:59:54.912000+00:00
2023-15,2023,15,gasly,1,12,9,93.351,1.3968391897029289,93.34,0,,,,MEDIUM|SOFT,False,2023-09-16T10:59:54.912000+00:00
2023-15,2023,15,piastri,1,11,8,92.73,0.7223157551729824,92.73,0,,,,HARD|SOFT,False,2023-09-16T10:59:54.912000+00:00
2023-15,2023,15,perez,1,11,8,92.784,0.7809699668712413,92.739,0,,,,MEDIUM|SOFT,False,2023-09-16T10:59:54.912000+00:00
2023-15,2023,15,lawson,1,12,10,93.357,1.4033563243360687,93.243,4,93.4695,0.0,1.1977169023050291,MEDIUM|SOFT,False,2023-09-16T10:59:54.912000+00:00
2023-15,2023,15,kevin_magnussen,1,11,9,92.97,0.9830011404985621,92.943,4,102.293,9.439977746751625,4.257657624945707,MEDIUM|SOFT,False,2023-09-16T10:59:54.912000+00:00
2023-15,2023,15,albon,1,9,6,93.37,1.417476782707877,93.37,0,,,,SOFT,False,2023-09-16T10:59:54.912000+00:00
2023-15,2023,15,zhou,1,18,14,93.637,1.707489273882586,93.55,8,100.1455,7.142436837685022,0.03311953930810544,SOFT,False,2023-09-16T10:59:54.912000+00:00
2023-15,2023,15,hulkenberg,1,15,10,92.896,0.902623146689842,92.777,4,100.3385,7.348921305880528,5.140100758931023,MEDIUM|SOFT,False,2023-09-16T10:59:54.912000+00:00
2023-15,2023,15,sargeant,1,12,8,93.708,1.784608700374736,93.708,0,,,,SOFT,False,2023-09-16T10:59:54.912000+00:00
2023-15,2023,15,alonso,1,15,13,93.051,1.0709824580459504,92.84700000000001,0,,,,MEDIUM|SOFT,False,2023-09-16T10:59:54.912000+00:00
2023-15,2023,15,russell,1,12,10,92.134,0.07494704828110858,92.114,0,,,,SOFT,False,2023-09-16T10:59:54.912000+00:00
2023-15,2023,15,bottas,1,21,18,93.54,1.602128930646835,93.351,10,99.6095,6.568987744665374,0.00905962024128111,SOFT,False,2023-09-16T10:59:54.912000+00:00
2023-15,2023,15,ocon,1,12,9,92.979,0.9927768424482718,92.979,0,,,,MEDIUM|SOFT,False,2023-09-16T10:59:54.912000+00:00
2023-15,2023,15,tsunoda,1,11,7,92.945,0.955846412860474,92.855,0,,,,MEDIUM|SOFT,False,2023-09-16T10:59:54.912000+00:00
2023-15,2023,15,stroll,1,15,12,93.126,1.1524466409601988,93.126,0,,,,MEDIUM|SOFT,False,2023-09-16T10:59:54.912000+00:00
2023-16,2023,16,max_verstappen,1,8,4,90.267,0.0,90.267,0,,,,SOFT,False,2023-09-23T04:09:51.668000+00:00
2023-16,2023,16,norris,1,12,8,90.507,0.26587789557646657,90.397,0,,,,SOFT,False,2023-09-23T04:09:51.668000+00:00
2023-16,2023,16,piastri,1,10,7,90.555,0.31905347469175993,90.55499999999999,0,,,,SOFT,False,2023-09-23T04:09:51.668000+00:00
2023-16,2023,16,leclerc,1,15,11,91.022,0.8364075465009468,90.967,5,96.804,0.0,0.2327383165984847,SOFT,False,2023-09-23T04:09:51.668000+00:00
2023-16,2023,16,hamilton,1,8,5,91.159,0.9881795118925081,91.159,0,,,,SOFT,False,2023-09-23T04:09:51.668000+00:00
2023-16,2023,16,sainz,1,15,10,91.137,0.9638073714646599,91.104,5,96.968,0.16941448700467074,0.06940433957593961,SOFT,False,2023-09-23T04:09:51.668000+00:00
2023-16,2023,16,russell,1,5,3,91.505,1.3714868113485543,91.505,0,,,,SOFT,False,2023-09-23T04:09:51.668000+00:00
2023-16,2023,16,alonso,1,9,6,91.549,1.4202310922042505,91.47200000000001,0,,,,SOFT,False,2023-09-23T04:09:51.668000+00:00
2023-16,2023,16,ocon,1,9,5,91.924,1.8356653040424638,91.918,0,,,,SOFT,False,2023-09-23T04:09:51.668000+00:00
2023-16,2023,16,gasly,1,9,5,92.199,2.1403170593904774,92.199,0,,,,SOFT,False,2023-09-23T04:09:51.668000+00:00
2023-16,2023,16,lawson,1,12,9,92.048,1.9730355500902943,91.97200000000001,0,,,,MEDIUM|SOFT,False,2023-09-23T04:09:51.668000+00:00
2023-16,2023,16,tsunoda,1,11,8,91.951,1.8655765672948004,91.78999999999999,0,,,,MEDIUM|SOFT,False,2023-09-23T04:09:51.668000+00:00
2023-16,2023,16,zhou,1,8,5,91.668,1.5520622154275765,91.646,0,,,,SOFT,False,2023-09-23T04:09:51.668000+00:00
2023-16,2023,16,hulkenberg,1,8,4,91.979,1.8965956551120604,91.97500000000001,0,,,,SOFT,False,2023-09-23T04:09:51.668000+00:00
2023-16,2023,16,kevin_magnussen,1,10,6,91.88,1.7869210231867678,91.786,0,,,,SOFT,False,2023-09-23T04:09:51.668000+00:00
2023-16,2023,16,albon,1,8,4,92.113,2.0450441468089156,92.06400000000001,0,,,,SOFT,False,2023-09-23T04:09:51.668000+00:00
2023-16,2023,16,sargeant,1,9,6,92.002,1.9220756201047997,92.00200000000001,0,,,,SOFT,False,2023-09-23T04:09:51.668000+00:00
2023-16,2023,16,stroll,1,12,7,92.154,2.09046495396989,91.97399999999999,0,,,,HARD|SOFT,False,2023-09-23T04:09:51.668000+00:00
2023-16,2023,16,perez,1,8,4,91.004,0.8164667043327118,90.952,0,,,,SOFT,False,2023-09-23T04:09:51.668000+00:00
2023-16,2023,16,bottas,1,9,5,91.699,1.5864047769395262,91.494,0,,,,SOFT,False,2023-09-23T04:09:51.668000+00:00
2023-17,2023,17,max_verstappen,1,23,18,87.428,0.0,87.428,11,93.624,3.5400285325636105,-0.5328652500393238,HARD|SOFT,False,2023-10-06T14:52:05.628000+00:00
2023-17,2023,17,piastri,1,16,12,88.38,1.0888960058562454,87.99,6,92.555,2.3578071950720556,-0.7216095449038005,HARD|MEDIUM,False,2023-10-06T14:52:05.628000+00:00
2023-17,2023,17,norris,1,20,14,88.441,1.1586677037104878,88.174,0,,,,HARD|MEDIUM,False,2023-10-06T14:52:05.628000+00:00
2023-17,2023,17,russell,1,24,20,88.336,1.0385688795351617,88.202,13,91.084,0.7310087035378182,-0.5257923569042421,HARD|MEDIUM,False,2023-10-06T14:52:05.628000+00:00
2023-17,2023,17,leclerc,1,24,19,87.909,0.55016699455553,87.79,10,90.868,0.49213142673876464,-2.4427567742745016,HARD|MEDIUM|SOFT,False,2023-10-06T14:52:05.628000+00:00
2023-17,2023,17,alonso,1,25,20,87.919,0.5616049778103122,87.67,13,90.526,0.11390907180694561,0.013848132150745589,HARD|MEDIUM,False,2023-10-06T14:52:05.628000+00:00
2023-17,2023,17,ocon,1,22,18,88.732,1.4915130164249464,88.732,14,91.571,1.2695884896541765,-0.36847371453101413,HARD|MEDIUM,False,2023-10-06T14:52:05.628000+00:00
2023-17,2023,17,bottas,1,23,21,89.041,1.844946698998032,88.89,13,93.802,3.7368811032591323,-0.4957290167009799,MEDIUM|SOFT,False,2023-10-06T14:52:05.628000+00:00
2023-17,2023,17,zhou,1,26,23,89.106,1.9192935901541812,88.94999999999999,14,94.3735,4.368910564789937,-0.6376398335502387,MEDIUM|SOFT,False,2023-10-06T14:52:05.628000+00:00
2023-17,2023,17,perez,1,21,14,88.016,0.6725534153818091,88.01599999999999,6,95.099,5.171250677371909,-0.3461054870638599,HARD|SOFT,False,2023-10-06T14:52:05.628000+00:00
2023-17,2023,17,stroll,1,23,18,88.69,1.443473486754816,88.356,4,93.979,3.932627760636118,2.6040772026577446,HARD|MEDIUM,False,2023-10-06T14:52:05.628000+00:00
2023-17,2023,17,gasly,1,20,15,88.821,1.593311067392598,88.645,7,90.423,0.0,-0.1561581661200334,HARD|MEDIUM,False,2023-10-06T14:52:05.628000+00:00
2023-17,2023,17,albon,1,24,20,88.59,1.3290936542068972,88.259,15,93.011,2.8621036683144707,-0.5476591082704216,MEDIUM|SOFT,False,2023-10-06T14:52:05.628000+00:00
2023-17,2023,17,kevin_magnussen,1,21,18,89.502,2.3722377270439656,89.502,11,95.039,5.104895878261061,-0.8126511476934339,MEDIUM|SOFT,False,2023-10-06T14:52:05.628000+00:00
2023-17,2023,17,tsunoda,1,23,18,88.027,0.685135196962076,88.027,10,93.5735,3.484179909978649,-0.7417056442562511,MEDIUM|SOFT,False,2023-10-06T14:52:05.628000+00:00
2023-17,2023,17,hulkenberg,1,17,12,88.171,0.8498421558310943,88.17099999999999,5,94.882,4.9312674872543525,-0.4863936257667399,MEDIUM|SOFT,False,2023-10-06T14:52:05.628000+00:00
2023-17,2023,17,lawson,1,24,19,89.238,2.070274969117448,89.203,10,94.51249999999999,4.522632516063376,0.4095950236512669,MEDIUM|SOFT,False,2023-10-06T14:52:05.628000+00:00
2023-17,2023,17,sargeant,1,23,19,88.55,1.28334172118772,88.45,15,92.871,2.7072758037224967,-0.31528644758166247,MEDIUM|SOFT,False,2023-10-06T14:52:05.628000+00:00
2023-17,2023,17,hamilton,1,23,18,88.679,1.4308917051745491,88.189,12,91.44,1.1247138449288299,-0.07596782715872305,HARD|MEDIUM,False,2023-10-06T14:52:05.628000+00:00
2023-17,2023,17,sainz,1,24,19,87.762,0.38202864071007364,87.762,10,93.501,3.404001194386387,-0.7264101979666535,HARD|MEDIUM|SOFT,False,2023-10-06T14:52:05.628000+00:00
2023-18,2023,18,max_verstappen,1,16,13,95.912,0.0,95.91199999999999,8,103.0635,3.4389835101418194,0.006630216646373757,HARD|SOFT,False,2023-10-20T18:52:32.972000+00:00
2023-18,2023,18,norris,1,15,13,97.256,1.401284510801562,97.233,10,100.772,1.1391350602687806,0.25061079785146667,MEDIUM,False,2023-10-20T18:52:32.972000+00:00
2023-18,2023,18,sainz,1,18,15,96.533,0.647468512803398,96.474,4,99.883,0.24689623332697203,-0.3550967819161658,HARD|SOFT,False,2023-10-20T18:52:32.972000+00:00
2023-18,2023,18,perez,1,16,13,96.212,0.3127867211610613,96.212,8,103.1625,3.5383441894075434,-0.08083640580913483,HARD|SOFT,False,2023-10-20T18:52:32.972000+00:00
2023-18,2023,18,russell,1,18,15,96.474,0.585953790975058,96.434,11,100.853,1.2204301614861888,-0.05268628187163801,HARD|SOFT,False,2023-10-20T18:52:32.972000+00:00
2023-18,2023,18,gasly,1,16,12,96.705,0.8267995662690717,96.705,6,101.2485,1.6173710569366868,0.43499762606712844,HARD|SOFT,False,2023-10-20T18:52:32.972000+00:00
2023-18,2023,18,stroll,1,2,2,99.94,4.199683042789214,99.94,0,,,,HARD,False,2023-10-20T18:52:32.972000+00:00
2023-18,2023,18,tsunoda,1,17,14,97.104,1.2428059054132883,96.435,11,101.695,2.065497756857385,-0.2793773049716968,MEDIUM|SOFT,False,2023-10-20T18:52:32.972000+00:00
2023-18,2023,18,albon,1,16,12,96.492,0.6047209942447225,96.401,5,102.029,2.4007145939761294,-0.7565496084446537,MEDIUM|SOFT,False,2023-10-20T18:52:32.972000+00:00
2023-18,2023,18,sargeant,1,22,18,96.987,1.1208190841604686,96.83,10,101.4075,1.7769503296967977,-0.12613621707007863,MEDIUM|SOFT,False,2023-10-20T18:52:32.972000+00:00
2023-18,2023,18,hulkenberg,1,15,11,96.702,0.823671699057461,96.636,5,103.488,3.865030059114585,0.24911100803958647,MEDIUM|SOFT,False,2023-10-20T18:52:32.972000+00:00
2023-18,2023,18,bottas,1,19,16,97.517,1.6734089582116836,97.325,10,102.7915,3.16599255296727,2.4775912580216004,MEDIUM|SOFT,False,2023-10-20T18:52:32.972000+00:00
2023-18,2023,18,zhou,1,18,15,97.418,1.570189340228543,97.31,8,103.207,3.583006312915878,0.2606527704147087,MEDIUM|SOFT,False,2023-10-20T18:52:32.972000+00:00
2023-18,2023,18,kevin_magnussen,1,13,10,96.472,0.5838685461673075,96.47200000000001,4,100.8875,1.2550558527454685,0.14145883852239977,MEDIUM|SOFT,False,2023-10-20T18:52:32.972000+00:00
2023-18,2023,18,ricciardo,1,15,13,97.152,1.2928517807990603,97.048,10,102.0415,2.413260134287462,-0.26208243947214693,MEDIUM|SOFT,False,2023-10-20T18:52:32.972000+00:00
2023-18,2023,18,alonso,1,15,13,97.84,2.0101759946617705,97.84,4,102.3495,2.7223822475586434,-0.30132047542977636,HARD,False,2023-10-20T18:52:32.972000+00:00
2023-18,2023,18,piastri,1,18,15,98.42,2.6148969889064926,98.194,6,102.119,2.4910424842177097,-0.01941712260066256,MEDIUM,False,2023-10-20T18:52:32.972000+00:00
2023-18,2023,18,ocon,1,16,12,97.066,1.2031862540662235,97.066,6,100.937,1.3047361923783305,0.36472538032917845,HARD|SOFT,False,2023-10-20T18:52:32.972000+00:00
2023-18,2023,18,hamilton,1,17,12,96.193,0.29297689548752154,96.193,10,101.01050000000001,1.3785039694089616,-0.23517950630321838,HARD|SOFT,False,2023-10-20T18:52:32.972000+00:00
2023-18,2023,18,leclerc,1,19,16,96.068,0.16264909500374478,95.998,9,99.637,0.0,-1.3423387295048612,HARD|SOFT,False,2023-10-20T18:52:32.972000+00:00
2023-19,2023,19,max_verstappen,1,15,12,77.887,0.0,77.887,6,81.1585,1.981616330428552,0.527010126497545,SOFT,False,2023-10-28T18:53:00.538000+00:00
2023-19,2023,19,hamilton,1,16,9,78.522,0.8152836802033782,78.522,4,82.237,3.3368307961020958,0.1815484514269597,SOFT,False,2023-10-28T18:53:00.538000+00:00
2023-19,2023,19,leclerc,1,18,12,78.97,1.3904759459216538,78.78,7,82.178,3.2626929625603838,0.10708462118814803,SOFT,False,2023-10-28T18:53:00.538000+00:00
2023-19,2023,19,sainz,1,18,10,79.293,1.8051792982140868,78.712,5,81.996,3.0339965946859375,-0.25915898336504545,SOFT,False,2023-10-28T18:53:00.538000+00:00
2023-19,2023,19,norris,1,17,13,78.48,0.761359405292287,78.356,7,81.94,2.9636284814938048,0.709709194881271,SOFT,False,2023-10-28T18:53:00.538000+00:00
2023-19,2023,19,russell,1,16,12,78.248,0.46349198197389063,78.248,4,82.11699999999999,3.1860419821189403,-0.409415833505846,SOFT,False,2023-10-28T18:53:00.538000+00:00
2023-19,2023,19,ricciardo,1,12,8,78.499,0.7857537201330065,78.465,0,,,,MEDIUM|SOFT,False,2023-10-28T18:53:00.538000+00:00
2023-19,2023,19,piastri,1,18,14,78.392,0.6483752102404707,78.019,7,81.563,2.4899002908967494,0.2330363382556156,SOFT,False,2023-10-28T18:53:00.538000+00:00
2023-19,2023,19,albon,1,15,10,77.957,0.08987379151847315,77.957,4,79.756,0.21927206700048973,2.0460917703758335,MEDIUM|SOFT,False,2023-10-28T18:53:00.538000+00:00
2023-19,2023,19,ocon,1,16,11,79.839,2.5061948720582357,79.814,5,82.084,3.144575058273591,0.42715101787124365,MEDIUM|SOFT,False,2023-10-28T18:53:00.538000+00:00
2023-19,2023,19,gasly,1,17,15,79.509,2.0825041406139664,79.25800000000001,9,81.085,1.8892581818638607,2.485220426910205,MEDIUM|SOFT,False,2023-10-28T18:53:00.538000+00:00
2023-19,2023,19,tsunoda,1,22,14,78.45,0.722842066070079,78.45,8,83.01750000000001,4.317586373717519,-0.4530025941174186,SOFT,False,2023-10-28T18:53:00.538000+00:00
2023-19,2023,19,hulkenberg,1,16,12,79.32,1.8398449035140558,79.013,8,82.41149999999999,3.556102863102585,1.7591696185159398,SOFT,False,2023-10-28T18:53:00.538000+00:00
2023-19,2023,19,zhou,1,18,14,78.917,1.3224286466290922,78.917,5,81.481,2.3868612680082544,-0.06142536296805519,HARD|SOFT,False,2023-10-28T18:53:00.538000+00:00
2023-19,2023,19,bottas,1,22,18,78.437,0.7061512190737828,78.363,8,82.76599999999999,4.001558151077807,0.11627733035074773,HARD|SOFT,False,2023-10-28T18:53:00.538000+00:00
2023-19,2023,19,sargeant,1,11,7,78.718,1.0669302964551248,78.60300000000001,0,,,,SOFT,False,2023-10-28T18:53:00.538000+00:00
2023-19,2023,19,stroll,1,16,13,79.094,1.5496809480401013,78.929,5,100.714,26.55453842915752,2.097821554103704,MEDIUM|SOFT,False,2023-10-28T18:53:00.538000+00:00
2023-19,2023,19,alonso,1,17,13,79.471,2.033715510932509,79.144,4,79.5815,0.0,2.8166093878602383,HARD|MEDIUM|SOFT,False,2023-10-28T18:53:00.538000+00:00
2023-19,2023,19,kevin_magnussen,1,7,6,79.573,2.1646744642879976,79.57300000000001,4,89.9565,13.036949542293119,4.818201813416166,SOFT,False,2023-10-28T18:53:00.538000+00:00
2023-19,2023,19,perez,1,17,13,78.026,0.17846367172955152,78.02600000000001,8,81.82900000000001,2.824148828559404,2.4709944136146222,SOFT,False,2023-10-28T18:53:00.538000+00:00
2023-20,2023,20,max_verstappen,1,26,23,72.793,1.4791167122065565,72.793,15,77.49,4.261130471052032,0.014361300075586102,HARD,False,2023-11-03T15:50:42.576000+00:00
2023-20,2023,20,norris,1,21,15,73.629,2.644565884124248,72.08500000000001,9,74.323,0.0,0.28113400879611045,HARD|MEDIUM,False,2023-11-03T15:50:42.576000+00:00
2023-20,2023,20,alonso,1,24,20,72.615,1.2309708358891367,72.61500000000001,11,75.824,2.0195632576725977,0.33790942258581536,HARD,False,2023-11-03T15:50:42.576000+00:00
2023-20,2023,20,perez,1,28,25,73.056,1.8457592148552922,72.998,16,77.7645,4.630464324637064,-0.033925959713206735,HARD,False,2023-11-03T15:50:42.576000+00:00
2023-20,2023,20,stroll,1,21,16,72.136,0.5632074945630909,72.136,4,76.45349999999999,2.8665419856571965,0.4039056419915278,HARD|MEDIUM,False,2023-11-03T15:50:42.576000+00:00
2023-20,2023,20,sainz,1,26,22,71.732,0.0,71.732,15,75.679,1.824468872354465,-0.1899572770893829,HARD|SOFT,False,2023-11-03T15:50:42.576000+00:00
2023-20,2023,20,gasly,1,28,25,72.184,0.6301232364913821,72.184,18,74.8005,0.6424659930304297,0.2367491802438399,HARD|MEDIUM,False,2023-11-03T15:50:42.576000+00:00
2023-20,2023,20,hamilton,1,26,22,72.638,1.263034628896456,72.446,17,76.131,2.43262516313928,-0.14996876725129626,HARD|MEDIUM,False,2023-11-03T15:50:42.576000+00:00
2023-20,2023,20,tsunoda,1,25,21,72.714,1.3689845536162373,72.67699999999999,10,76.54499999999999,2.989653270185534,4.175725386318424,HARD|MEDIUM,False,2023-11-03T15:50:42.576000+00:00
2023-20,2023,20,ocon,1,27,24,72.779,1.4595996208107915,72.765,13,75.308,1.3252963416439243,-2.007978840822269,HARD|MEDIUM,False,2023-11-03T15:50:42.576000+00:00
2023-20,2023,20,sargeant,1,27,22,72.579,1.1807840294429184,72.515,16,75.776,1.9549802887396945,-0.542156654073324,HARD|SOFT,False,2023-11-03T15:50:42.576000+00:00
2023-20,2023,20,hulkenberg,1,16,9,71.928,0.27323927954050903,71.917,0,,,,HARD|SOFT,False,2023-11-03T15:50:42.576000+00:00
2023-20,2023,20,ricciardo,1,24,19,72.778,1.4582055428539655,72.778,12,76.07,2.350550973453709,-0.0444356511314848,HARD|MEDIUM,False,2023-11-03T15:50:42.576000+00:00
2023-20,2023,20,piastri,1,24,19,73.838,2.9359281771036563,71.953,12,75.2415,1.235822020101461,0.03640467762926572,HARD|SOFT,False,2023-11-03T15:50:42.576000+00:00
2023-20,2023,20,russell,1,27,22,71.865,0.1854123682596269,71.86500000000001,17,76.145,2.4514618624113704,-0.15727125194974542,HARD|MEDIUM,False,2023-11-03T15:50:42.576000+00:00
2023-20,2023,20,bottas,1,28,25,73.012,1.7844197847543648,72.999,20,76.9465,3.529862895738879,0.3963212861418355,HARD|MEDIUM,False,2023-11-03T15:50:42.576000+00:00
2023-20,2023,20,zhou,1,23,19,72.481,1.0441643896726638,72.459,8,76.862,3.4161699608465774,0.49065425860488043,HARD|MEDIUM|SOFT,False,2023-11-03T15:50:42.576000+00:00
2023-20,2023,20,kevin_magnussen,1,21,17,72.592,1.1989070428818371,72.35,9,75.195,1.1732572689477012,0.9401711823730012,HARD|SOFT,False,2023-11-03T15:50:42.576000+00:00
2023-20,2023,20,albon,1,25,20,72.044,0.4349523225338728,72.044,12,75.606,1.726248940435668,-0.02856408332259707,HARD|SOFT,False,2023-11-03T15:50:42.576000+00:00
2023-20,2023,20,leclerc,1,29,24,71.84,0.1505604193386551,71.76599999999999,18,75.8,1.9872717732061462,-0.5372032503053725,HARD|SOFT,False,2023-11-03T15:50:42.576000+00:00
2023-21,2023,21,max_verstappen,1,11,10,94.653,0.5951558564399076,94.468,7,121.857,26.444402938612875,2.2121655476735596,SOFT,False,2023-11-18T05:43:26.982000+00:00
2023-21,2023,21,leclerc,1,18,16,95.908,1.928942641854333,94.574,11,97.698,1.3759183165234647,-0.39462346670692233,MEDIUM|SOFT,False,2023-11-18T05:43:26.982000+00:00
2023-21,2023,21,perez,1,10,5,94.706,0.6514831071386814,94.584,0,,,,SOFT,False,2023-11-18T05:43:26.982000+00:00
2023-21,2023,21,ocon,1,12,11,95.297,1.2795850913457891,95.297,6,98.136,1.8304071722076907,-0.13052105842570813,SOFT,False,2023-11-18T05:43:26.982000+00:00
2023-21,2023,21,stroll,1,15,12,95.253,1.232822845482657,95.117,0,,,,MEDIUM|SOFT,False,2023-11-18T05:43:26.982000+00:00
2023-21,2023,21,sainz,1,17,15,95.939,1.9618887696215332,95.939,10,98.18549999999999,1.881770638774738,-1.274736367996827,MEDIUM|SOFT,False,2023-11-18T05:43:26.982000+00:00
2023-21,2023,21,hamilton,1,21,19,94.853,0.8077115194541474,94.853,13,101.264,5.076163200929726,-0.12158405664489152,MEDIUM|SOFT,False,2023-11-18T05:43:26.982000+00:00
2023-21,2023,21,russell,1,18,17,94.093,0.0,94.071,10,100.555,4.340472336363266,-0.16798758233794323,MEDIUM|SOFT,False,2023-11-18T05:43:26.982000+00:00
2023-21,2023,21,alonso,1,13,9,94.788,0.7386309289745179,94.725,0,,,,MEDIUM|SOFT,False,2023-11-18T05:43:26.982000+00:00
2023-21,2023,21,piastri,1,15,13,94.491,0.422985769398357,94.473,11,97.932,1.6187274312040867,0.8273198565400179,MEDIUM|SOFT,False,2023-11-18T05:43:26.982000+00:00
2023-21,2023,21,gasly,1,10,8,96.485,2.542165729650448,96.46799999999999,5,98.194,1.8905906279832345,-0.1299928318332332,SOFT,False,2023-11-18T05:43:26.982000+00:00
2023-21,2023,21,albon,1,10,9,94.726,0.6727386734401024,94.726,5,96.372,0.0,-1.2804149944605567,SOFT,False,2023-11-18T05:43:26.982000+00:00
2023-21,2023,21,kevin_magnussen,1,14,12,95.067,1.0351460788793954,94.949,6,98.89349999999999,2.6164238575519745,-0.6639001087574594,MEDIUM|SOFT,False,2023-11-18T05:43:26.982000+00:00
2023-21,2023,21,ricciardo,1,12,8,97.778,3.9163380910375927,97.15899999999999,4,104.75200000000001,8.695471713775795,-3.6137325710794435,SOFT,False,2023-11-18T05:43:26.982000+00:00
2023-21,2023,21,zhou,1,13,11,95.881,1.900247627347408,95.59100000000001,5,96.426,0.05603287261860503,-0.29549715867666704,SOFT,False,2023-11-18T05:43:26.982000+00:00
2023-21,2023,21,sargeant,1,14,13,94.645,0.5866536299193271,94.623,4,102.48750000000001,6.345722824056792,-2.0176119038907188,SOFT,False,2023-11-18T05:43:26.982000+00:00
2023-21,2023,21,bottas,1,16,14,94.908,0.8661643267830739,94.741,6,99.4865,3.231747810567392,0.43071699492684645,SOFT,False,2023-11-18T05:43:26.982000+00:00
2023-21,2023,21,tsunoda,1,10,9,96.087,2.1191799602520907,95.845,4,97.101,0.7564437803511386,-0.4232191223571353,SOFT,False,2023-11-18T05:43:26.982000+00:00
2023-21,2023,21,hulkenberg,1,13,11,95.112,1.082971103057604,95.112,5,98.451,2.1572655958162055,0.22790030560393007,MEDIUM|SOFT,False,2023-11-18T05:43:26.982000+00:00
2023-21,2023,21,norris,1,14,11,95.089,1.058527201810969,95.035,6,98.1445,1.8392271614161724,-0.14974918435091683,HARD|MEDIUM|SOFT,False,2023-11-18T05:43:26.982000+00:00
2023-22,2023,22,max_verstappen,1,15,11,85.153,0.8706673932099782,85.153,6,88.9795,0.0,0.44470917458513776,SOFT,False,2023-11-25T11:51:39.585000+00:00
2023-22,2023,22,leclerc,1,22,18,85.099,0.8066999928925079,85.084,11,90.64,1.8661601829634906,0.023589825884615726,MEDIUM|SOFT,False,2023-11-25T11:51:39.585000+00:00
2023-22,2023,22,russell,1,8,4,84.418,0.0,84.418,0,,,,SOFT,False,2023-11-25T11:51:39.585000+00:00
2023-22,2023,22,perez,1,16,13,85.259,0.9962330308701863,85.178,6,91.16550000000001,2.456745654898046,0.14472893489626676,SOFT,False,2023-11-25T11:51:39.585000+00:00
2023-22,2023,22,norris,1,12,7,84.513,0.11253524129924762,84.513,0,,,,SOFT,False,2023-11-25T11:51:39.585000+00:00
2023-22,2023,22,piastri,1,12,7,84.81,0.46435594304531724,84.76400000000001,0,,,,SOFT,False,2023-11-25T11:51:39.585000+00:00
2023-22,2023,22,alonso,1,19,14,85.343,1.0957378758084735,85.237,6,90.2465,1.4239234879944211,0.2513433445380907,SOFT,False,2023-11-25T11:51:39.585000+00:00
2023-22,2023,22,tsunoda,1,10,7,85.222,0.9524035158378401,85.155,0,,,,SOFT,False,2023-11-25T11:51:39.585000+00:00
2023-22,2023,22,hamilton,1,18,15,85.292,1.0353242199530848,85.224,8,91.6515,3.002938879180032,0.010768015383319252,SOFT,False,2023-11-25T11:51:39.585000+00:00
2023-22,2023,22,stroll,1,19,14,85.405,1.1691819280248226,85.357,6,90.125,1.2873751819239245,0.43206657420249933,HARD|SOFT,False,2023-11-25T11:51:39.585000+00:00
2023-22,2023,22,ricciardo,1,11,8,85.597,1.3966215735980332,85.488,4,101.246,13.785759641265678,6.7222408786519985,SOFT,False,2023-11-25T11:51:39.585000+00:00
2023-22,2023,22,ocon,1,12,6,85.194,0.9192352341917556,85.194,0,,,,SOFT,False,2023-11-25T11:51:39.585000+00:00
2023-22,2023,22,gasly,1,12,6,85.303,1.0483546163140454,85.303,0,,,,SOFT,False,2023-11-25T11:51:39.585000+00:00
2023-22,2023,22,albon,1,12,7,84.929,0.6053211400412183,84.929,0,,,,SOFT,False,2023-11-25T11:51:39.585000+00:00
2023-22,2023,22,hulkenberg,1,17,13,85.584,1.3812220142623572,85.584,5,89.296,0.35569990840587423,0.5543966740436912,SOFT,False,2023-11-25T11:51:39.585000+00:00
2023-22,2023,22,sargeant,1,13,7,85.205,0.9322656305527162,85.205,0,,,,SOFT,False,2023-11-25T11:51:39.585000+00:00
2023-22,2023,22,zhou,1,18,15,85.258,0.9950484493828201,85.25800000000001,11,90.268,1.4480863569698628,1.746721703893926,SOFT,False,2023-11-25T11:51:39.585000+00:00
2023-22,2023,22,sainz,1,24,19,85.713,1.5340330261318527,85.559,11,90.844,2.0954264746374083,0.09698944444222496,MEDIUM|SOFT,False,2023-11-25T11:51:39.585000+00:00
2023-22,2023,22,bottas,1,13,10,85.42,1.186950650335231,85.37,4,105.715,18.80826482504397,-3.148843588894665,SOFT,False,2023-11-25T11:51:39.585000+00:00
2023-22,2023,22,kevin_magnussen,1,11,8,85.652,1.4617735554028697,85.616,0,,,,SOFT,False,2023-11-25T11:51:39.585000+00:00
2024-01,2024,1,max_verstappen,1,12,9,91.062,0.26204527437681624,90.92999999999999,0,,,,HARD|SOFT,False,2024-03-01T14:09:59.870000+00:00
2024-01,2024,1,perez,1,11,7,91.248,0.4668369593940001,91.194,0,,,,HARD|SOFT,False,2024-03-01T14:09:59.870000+00:00
2024-01,2024,1,sainz,1,13,9,90.824,0.0,90.824,0,,,,SOFT,False,2024-03-01T14:09:59.870000+00:00
2024-01,2024,1,leclerc,1,14,9,91.094,0.29727825244428346,91.094,0,,,,SOFT,False,2024-03-01T14:09:59.870000+00:00
2024-01,2024,1,russell,1,7,3,91.19,0.40297718664670096,91.19,0,,,,SOFT,False,2024-03-01T14:09:59.870000+00:00
2024-01,2024,1,norris,1,8,4,91.118,0.32370298599488784,91.074,0,,,,SOFT,False,2024-03-01T14:09:59.870000+00:00
2024-01,2024,1,hamilton,1,15,10,91.452,0.6914471945741215,91.347,6,97.608,1.7895132023526554,-0.128063273502173,SOFT,False,2024-03-01T14:09:59.870000+00:00
2024-01,2024,1,piastri,1,9,5,91.21,0.42499779793886605,91.21000000000001,0,,,,SOFT,False,2024-03-01T14:09:59.870000+00:00
2024-01,2024,1,alonso,1,14,11,90.965,0.15524530960980065,90.965,0,,,,SOFT,False,2024-03-01T14:09:59.870000+00:00
2024-01,2024,1,stroll,1,13,9,91.396,0.6297894829560499,91.232,0,,,,SOFT,False,2024-03-01T14:09:59.870000+00:00
2024-01,2024,1,zhou,1,12,6,92.0,1.294811943979567,91.989,0,,,,SOFT,False,2024-03-01T14:09:59.870000+00:00
2024-01,2024,1,kevin_magnussen,1,16,11,91.671,0.9325728882233865,91.646,5,95.892,0.0,0.011784090435064965,SOFT,False,2024-03-01T14:09:59.870000+00:00
2024-01,2024,1,ricciardo,1,10,6,91.449,0.6881441028802959,91.449,4,113.7415,18.614170108038216,5.256329986353766,SOFT,False,2024-03-01T14:09:59.870000+00:00
2024-01,2024,1,tsunoda,1,10,7,91.631,0.8885316656390405,91.54400000000001,0,,,,SOFT,False,2024-03-01T14:09:59.870000+00:00
2024-01,2024,1,albon,1,11,7,91.965,1.2562758742182742,91.926,0,,,,SOFT,False,2024-03-01T14:09:59.870000+00:00
2024-01,2024,1,hulkenberg,1,11,9,91.278,0.4998678763322555,91.27799999999999,4,119.7935,24.92543694990197,4.020251516150711,SOFT,False,2024-03-01T14:09:59.870000+00:00
2024-01,2024,1,ocon,1,7,5,92.124,1.4313397339910126,92.124,0,,,,SOFT,False,2024-03-01T14:09:59.870000+00:00
2024-01,2024,1,gasly,1,10,8,92.382,1.7154056196600094,92.382,5,115.863,20.826554874233516,3.9365690747063518,SOFT,False,2024-03-01T14:09:59.870000+00:00
2024-01,2024,1,bottas,1,11,5,92.096,1.4005108781819846,92.047,0,,,,SOFT,False,2024-03-01T14:09:59.870000+00:00
2024-01,2024,1,sargeant,1,13,5,92.125,1.4324407645556263,92.125,0,,,,SOFT,False,2024-03-01T14:09:59.870000+00:00
2024-02,2024,2,max_verstappen,1,10,8,88.412,0.0,88.23400000000001,0,,,,SOFT,False,2024-03-08T15:05:00.826000+00:00
2024-02,2024,2,perez,1,7,5,88.906,0.558747681310229,88.89,0,,,,SOFT,False,2024-03-08T15:05:00.826000+00:00
2024-02,2024,2,leclerc,1,11,8,88.608,0.2216893634348255,88.608,0,,,,MEDIUM|SOFT,False,2024-03-08T15:05:00.826000+00:00
2024-02,2024,2,piastri,1,8,6,89.213,0.9059856128127264,89.213,0,,,,MEDIUM|SOFT,False,2024-03-08T15:05:00.826000+00:00
2024-02,2024,2,alonso,1,11,8,89.038,0.7080486811744904,88.992,0,,,,MEDIUM|SOFT,False,2024-03-08T15:05:00.826000+00:00
2024-02,2024,2,russell,1,12,10,88.964,0.6243496357960373,88.964,4,92.622,1.9471013615400605,0.4834704497851325,SOFT,False,2024-03-08T15:05:00.826000+00:00
2024-02,2024,2,bearman,1,19,15,89.306,1.0111749536261947,89.306,7,93.183,2.564582347308287,-0.20539460753878144,MEDIUM|SOFT,False,2024-03-08T15:05:00.826000+00:00
2024-02,2024,2,norris,1,7,5,88.971,0.6322671130615725,88.971,0,,,,SOFT,False,2024-03-08T15:05:00.826000+00:00
2024-02,2024,2,hamilton,1,14,11,89.268,0.9681943627561806,89.268,6,92.6375,1.9641618878848184,-0.1594232511517667,SOFT,False,2024-03-08T15:05:00.826000+00:00
2024-02,2024,2,hulkenberg,1,9,6,89.675,1.4285391123376816,89.675,0,,,,SOFT,False,2024-03-08T15:05:00.826000+00:00
2024-02,2024,2,albon,1,9,7,89.808,1.5789711803827544,89.738,0,,,,SOFT,False,2024-03-08T15:05:00.826000+00:00
2024-02,2024,2,kevin_magnussen,1,9,6,89.485,1.2136361579875958,89.475,0,,,,SOFT,False,2024-03-08T15:05:00.826000+00:00
2024-02,2024,2,ocon,1,11,7,89.575,1.315432294258694,89.57499999999999,0,,,,SOFT,False,2024-03-08T15:05:00.826000+00:00
2024-02,2024,2,sargeant,1,1,0,147.994,67.39130434782608,147.994,0,,,,SOFT,False,2024-03-08T15:05:00.826000+00:00
2024-02,2024,2,tsunoda,1,13,10,89.572,1.312039089716324,89.572,0,,,,MEDIUM|SOFT,False,2024-03-08T15:05:00.826000+00:00
2024-02,2024,2,ricciardo,1,13,8,89.74,1.5020585440890248,89.74000000000001,0,,,,MEDIUM|SOFT,False,2024-03-08T15:05:00.826000+00:00
2024-02,2024,2,bottas,1,16,13,90.083,1.8900149300999776,90.083,5,94.425,3.931625813126686,0.034101138469697645,MEDIUM|SOFT,False,2024-03-08T15:05:00.826000+00:00
2024-02,2024,2,zhou,1,9,7,90.739,2.6319956566981837,90.642,4,90.85300000000001,0.0,-0.13252176592958112,MEDIUM,False,2024-03-08T15:05:00.826000+00:00
2024-02,2024,2,stroll,1,11,8,89.127,0.8087137492647934,89.12700000000001,0,,,,MEDIUM|SOFT,False,2024-03-08T15:05:00.826000+00:00
2024-02,2024,2,gasly,1,10,7,89.546,1.2826313170157901,89.54599999999999,0,,,,SOFT,False,2024-03-08T15:05:00.826000+00:00
2024-03,2024,3,sainz,1,16,11,76.791,0.10037281330656488,76.646,4,81.612,4.176000919064856,-0.15781992844188902,MEDIUM|SOFT,False,2024-03-23T02:54:27.287000+00:00
2024-03,2024,3,leclerc,1,18,13,76.714,0.0,76.625,4,92.60300000000001,18.205781173211836,-4.0918760731293755,MEDIUM|SOFT,False,2024-03-23T02:54:27.287000+00:00
2024-03,2024,3,norris,1,18,14,77.49,1.0115493912454,77.362,6,80.908,3.277359730918248,0.6333472233012499,HARD|SOFT,False,2024-03-23T02:54:27.287000+00:00
2024-03,2024,3,piastri,1,14,10,77.087,0.4862215501733773,77.071,0,,,,SOFT,False,2024-03-23T02:54:27.287000+00:00
2024-03,2024,3,perez,1,25,18,77.014,0.39106290898662194,77.01400000000001,10,83.3165,6.351759307127238,0.12190098763586331,MEDIUM|SOFT,False,2024-03-23T02:54:27.287000+00:00
2024-03,2024,3,stroll,1,18,12,77.341,0.8173214797820415,77.275,0,,,,HARD|SOFT,False,2024-03-23T02:54:27.287000+00:00
2024-03,2024,3,tsunoda,1,17,13,77.673,1.250097765727251,77.673,10,95.055,21.335707584199763,3.748973797377796,SOFT,False,2024-03-23T02:54:27.287000+00:00
2024-03,2024,3,alonso,1,16,10,76.997,0.36890267747738514,76.997,0,,,,HARD|SOFT,False,2024-03-23T02:54:27.287000+00:00
2024-03,2024,3,hulkenberg,1,14,10,77.941,1.599447297755304,77.762,4,90.354,15.334979991192307,-2.3296146269119107,SOFT,False,2024-03-23T02:54:27.287000+00:00
2024-03,2024,3,kevin_magnussen,1,15,11,77.961,1.6255181583544072,77.766,4,89.13,13.772569743619206,-1.7361157859306517,SOFT,False,2024-03-23T02:54:27.287000+00:00
2024-03,2024,3,albon,1,20,15,77.759,1.362202466303415,77.719,9,79.461,1.4302946751680254,1.360066328492399,MEDIUM|SOFT,False,2024-03-23T02:54:27.287000+00:00
2024-03,2024,3,ricciardo,1,18,13,77.963,1.6281252444143117,77.963,6,88.82,13.376861265884187,0.9282980023804267,SOFT,False,2024-03-23T02:54:27.287000+00:00
2024-03,2024,3,gasly,1,16,14,78.39,2.1847381182052845,78.258,9,79.29,1.212016772933559,-0.8636899158920759,SOFT,False,2024-03-23T02:54:27.287000+00:00
2024-03,2024,3,bottas,1,16,10,77.752,1.3530776650937204,77.65100000000001,0,,,,MEDIUM|SOFT,False,2024-03-23T02:54:27.287000+00:00
2024-03,2024,3,zhou,1,15,7,77.876,1.5147170008082047,77.876,0,,,,HARD|SOFT,False,2024-03-23T02:54:27.287000+00:00
2024-03,2024,3,ocon,1,16,14,77.92,1.5720728941262392,77.92,4,78.34049999999999,0.0,-1.4418881901218692,SOFT,False,2024-03-23T02:54:27.287000+00:00
2024-03,2024,3,russell,1,20,17,76.886,0.22420940115232818,76.831,11,80.414,2.6467791244630936,-1.806832001994339,SOFT,False,2024-03-23T02:54:27.287000+00:00
2024-03,2024,3,hamilton,1,15,10,76.806,0.1199259587558969,76.742,0,,,,SOFT,False,2024-03-23T02:54:27.287000+00:00
2024-03,2024,3,max_verstappen,1,25,22,76.734,0.02607086059910319,76.73400000000001,12,82.6705,5.5271538986858815,-0.4671733679178065,MEDIUM|SOFT,False,2024-03-23T02:54:27.287000+00:00
2024-04,2024,4,max_verstappen,1,17,12,89.563,0.0,89.563,7,96.703,2.5036834462216793,0.045610935397186414,MEDIUM|SOFT,False,2024-04-06T03:49:32.704000+00:00
2024-04,2024,4,perez,1,21,18,89.832,0.3003472416064572,89.832,12,96.64750000000001,2.4448543051271447,4.089965591959553,MEDIUM|SOFT,False,2024-04-06T03:49:32.704000+00:00
2024-04,2024,4,sainz,1,22,19,90.171,0.6788517579804205,90.169,11,96.222,1.99383089006899,0.25119940440760985,MEDIUM|SOFT,False,2024-04-06T03:49:32.704000+00:00
2024-04,2024,4,leclerc,1,20,17,90.383,0.9155566472762113,90.383,11,96.325,2.1030092960642714,0.07571903829365684,MEDIUM|SOFT,False,2024-04-06T03:49:32.704000+00:00
2024-04,2024,4,norris,1,10,6,90.137,0.6408896530933511,89.895,0,,,,SOFT,False,2024-04-06T03:49:32.704000+00:00
2024-04,2024,4,alonso,1,20,17,90.082,0.5794803657760361,90.082,8,95.813,1.5602972196605867,0.08269580676247693,HARD|SOFT,False,2024-04-06T03:49:32.704000+00:00
2024-04,2024,4,russell,1,19,15,89.918,0.39636903632080656,89.918,12,95.25,0.9635259325213764,0.036521483765577664,MEDIUM|SOFT,False,2024-04-06T03:49:32.704000+00:00
2024-04,2024,4,piastri,1,15,11,90.226,0.7402610452977197,90.11,8,96.88149999999999,2.692890683795995,0.28150492145166145,SOFT,False,2024-04-06T03:49:32.704000+00:00
2024-04,2024,4,hamilton,1,15,11,90.037,0.5292364034255259,89.856,8,96.37899999999999,2.16024846037246,0.2751167390248524,SOFT,False,2024-04-06T03:49:32.704000+00:00
2024-04,2024,4,tsunoda,1,16,12,90.341,0.8686622824157202,90.34100000000001,8,94.9225,0.6163810008373785,3.5016019853129308,SOFT,False,2024-04-06T03:49:32.704000+00:00
2024-04,2024,4,hulkenberg,1,17,12,91.139,1.7596552147650182,91.13900000000001,7,97.574,3.4269299668224735,0.13960100612282422,MEDIUM|SOFT,False,2024-04-06T03:49:32.704000+00:00
2024-04,2024,4,stroll,1,19,16,91.342,1.9863113115907198,91.045,7,96.155,1.922811926945859,0.012256995773188815,HARD|SOFT,False,2024-04-06T03:49:32.704000+00:00
2024-04,2024,4,kevin_magnussen,1,18,15,91.462,2.1202952111921225,91.392,7,98.098,3.9823618575168704,0.08566506379916963,MEDIUM|SOFT,False,2024-04-06T03:49:32.704000+00:00
2024-04,2024,4,bottas,1,22,16,90.546,1.097551444234789,90.546,9,97.331,3.169353727435574,0.4581445445610012,SOFT,False,2024-04-06T03:49:32.704000+00:00
2024-04,2024,4,ocon,1,15,13,91.022,1.6290209126536663,91.022,10,94.34100000000001,0.0,3.9472956264698373,SOFT,False,2024-04-06T03:49:32.704000+00:00
2024-04,2024,4,gasly,1,14,11,91.141,1.7618882797583855,91.071,6,94.917,0.6105510859541381,0.6443125701003635,SOFT,False,2024-04-06T03:49:32.704000+00:00
2024-04,2024,4,sargeant,1,14,11,91.452,2.109129886225334,91.452,4,96.541,2.3319659532970696,-0.5973627785086257,MEDIUM|SOFT,False,2024-04-06T03:49:32.704000+00:00
2024-04,2024,4,zhou,1,13,10,91.067,1.6792648750041765,91.06700000000001,8,98.1945,4.0846503641046805,0.4766051051739167,SOFT,False,2024-04-06T03:49:32.704000+00:00
2024-04,2024,4,ricciardo,1,18,14,90.682,1.2493998637830352,90.612,5,95.364,1.0843641682831389,0.30451742796024805,SOFT,False,2024-04-06T03:49:32.704000+00:00
2024-04,2024,4,albon,1,18,13,90.533,1.083036521777965,90.533,5,95.284,0.9995654063450651,0.19740984845305434,MEDIUM|SOFT,False,2024-04-06T03:49:32.704000+00:00
2024-05,2024,5,max_verstappen,1,18,16,96.66,0.37174721189590026,96.408,8,102.29400000000001,1.3845803145782531,0.07008277727968351,MEDIUM|SOFT,False,2024-04-19T04:52:37.405000+00:00
2024-05,2024,5,norris,1,14,12,98.63,2.4173952773566367,96.975,7,101.766,0.8612743689108835,0.4203471609410632,HARD|SOFT,False,2024-04-19T04:52:37.405000+00:00
2024-05,2024,5,perez,1,16,14,96.69,0.4028992128927654,96.521,7,102.882,1.9673528449805384,0.0666158456150796,MEDIUM|SOFT,False,2024-04-19T04:52:37.405000+00:00
2024-05,2024,5,leclerc,1,15,13,98.09,1.8566592594130928,97.979,4,100.89699999999999,0.0,0.6087537644472005,SOFT,False,2024-04-19T04:52:37.405000+00:00
2024-05,2024,5,sainz,1,12,10,98.284,2.058108865859483,98.101,5,101.676,0.7720744918084885,1.3407851968574216,SOFT,False,2024-04-19T04:52:37.405000+00:00
2024-05,2024,5,russell,1,16,13,98.806,2.600153683204908,98.806,9,102.162,1.2537538281614071,0.2556664311524249,HARD,False,2024-04-19T04:52:37.405000+00:00
2024-05,2024,5,alonso,1,16,15,98.936,2.7351456875246623,98.831,9,102.293,1.3835892048326661,-1.1021810463436037,HARD,False,2024-04-19T04:52:37.405000+00:00
2024-05,2024,5,piastri,1,19,15,96.629,0.339556810865816,96.62899999999999,8,102.35149999999999,1.4415691249492018,0.29731335223855193,HARD|SOFT,False,2024-04-19T04:52:37.405000+00:00
2024-05,2024,5,hamilton,1,17,12,98.839,2.6344208843014596,98.767,7,101.718,0.8137011011229396,0.4263872420321852,HARD,False,2024-04-19T04:52:37.405000+00:00
2024-05,2024,5,hulkenberg,1,18,16,97.101,0.829681626549804,97.07900000000001,7,104.581,3.6512483027245723,0.422399862307683,MEDIUM|SOFT,False,2024-04-19T04:52:37.405000+00:00
2024-05,2024,5,ocon,1,16,14,97.213,0.9459824302714243,96.839,5,101.133,0.23390189995738647,0.5823640791343496,SOFT,False,2024-04-19T04:52:37.405000+00:00
2024-05,2024,5,albon,1,14,11,97.229,0.9625968308030907,97.229,6,102.89099999999999,1.9762728326907637,0.17633084665185877,MEDIUM|SOFT,False,2024-04-19T04:52:37.405000+00:00
2024-05,2024,5,gasly,1,15,13,99.276,3.0882016988224437,99.27600000000001,6,102.253,1.3439448150093747,0.634336959725948,SOFT,False,2024-04-19T04:52:37.405000+00:00
2024-05,2024,5,zhou,1,19,18,97.626,1.3748416439949305,97.462,10,104.0565,3.1314112411667425,1.2396162786044038,MEDIUM|SOFT,False,2024-04-19T04:52:37.405000+00:00
2024-05,2024,5,stroll,1,18,15,96.302,0.0,96.30199999999999,5,102.122,1.2141094383381157,0.6631689345198319,HARD|SOFT,False,2024-04-19T04:52:37.405000+00:00
2024-05,2024,5,kevin_magnussen,1,17,15,97.118,0.8473344271146894,97.118,7,105.339,4.402509489875821,0.3311756736414263,MEDIUM|SOFT,False,2024-04-19T04:52:37.405000+00:00
2024-05,2024,5,sargeant,1,17,14,98.286,2.060185665925936,98.173,6,103.023,2.1070993191076095,0.19673831502257733,MEDIUM|SOFT,False,2024-04-19T04:52:37.405000+00:00
2024-05,2024,5,ricciardo,1,19,17,97.238,0.9719424311021503,97.154,6,101.14699999999999,0.2477774363955321,0.24649897257404768,HARD|SOFT,False,2024-04-19T04:52:37.405000+00:00
2024-05,2024,5,tsunoda,1,21,19,98.006,1.7694336566218702,98.006,10,101.878,0.9722786604160766,2.417534816428002,HARD|SOFT,False,2024-04-19T04:52:37.405000+00:00
2024-05,2024,5,bottas,1,18,16,97.53,1.2751552408049618,97.329,12,103.96549999999999,3.041220254318761,1.8704608082242153,MEDIUM|SOFT,False,2024-04-19T04:52:37.405000+00:00
2024-06,2024,6,norris,1,17,12,89.495,1.0158586827699145,88.737,6,91.24350000000001,1.0750722807484137,0.402027025938031,HARD|SOFT,False,2024-05-03T17:47:51.053000+00:00
2024-06,2024,6,max_verstappen,1,18,16,88.595,0.0,88.595,11,92.819,2.820333876131298,-0.2818878188145282,MEDIUM|SOFT,False,2024-05-03T17:47:51.053000+00:00
2024-06,2024,6,leclerc,1,1,1,92.099,3.9550764715841806,92.09899999999999,0,,,,HARD,False,2024-05-03T17:47:51.053000+00:00
2024-06,2024,6,perez,1,17,12,88.868,0.30814380044020107,88.868,8,93.088,3.1183188771836514,-0.06911023261143155,MEDIUM|SOFT,False,2024-05-03T17:47:51.053000+00:00
2024-06,2024,6,sainz,1,19,16,88.711,0.13093289689034332,88.711,6,90.726,0.5018111727759164,0.36162093614433777,HARD|SOFT,False,2024-05-03T17:47:51.053000+00:00
2024-06,2024,6,hamilton,1,15,11,89.012,0.47068118968339245,89.012,6,92.6615,2.6458631041396736,0.20612660058384452,MEDIUM|SOFT,False,2024-05-03T17:47:51.053000+00:00
2024-06,2024,6,tsunoda,1,19,14,89.056,0.5203453919521401,88.907,0,,,,HARD|MEDIUM,False,2024-05-03T17:47:51.053000+00:00
2024-06,2024,6,russell,1,20,15,88.784,0.21333032338168878,88.715,6,92.5055,2.473053958547962,-0.5138381733286891,MEDIUM|SOFT,False,2024-05-03T17:47:51.053000+00:00
2024-06,2024,6,alonso,1,17,16,90.023,1.6118291099949178,90.023,7,92.569,2.5433961428112575,0.263752946825104,HARD,False,2024-05-03T17:47:51.053000+00:00
2024-06,2024,6,ocon,1,19,17,89.163,0.641119702014784,89.14,12,92.14699999999999,2.075925248967017,1.6739874081658255,HARD|SOFT,False,2024-05-03T17:47:51.053000+00:00
2024-06,2024,6,hulkenberg,1,20,17,89.314,0.8115582143461755,88.963,13,93.75,3.851649995015125,1.2959966780405359,HARD|SOFT,False,2024-05-03T17:47:51.053000+00:00
2024-06,2024,6,gasly,1,23,21,89.175,0.6546644844517167,89.17500000000001,14,92.0915,2.0144450721699734,0.7905666648673773,HARD|SOFT,False,2024-05-03T17:47:51.053000+00:00
2024-06,2024,6,piastri,1,19,14,88.7,0.11851684632316042,88.69999999999999,4,92.1925,2.126327916431269,0.14534804891938377,HARD|SOFT,False,2024-05-03T17:47:51.053000+00:00
2024-06,2024,6,zhou,1,19,17,89.445,0.9594220892826845,89.445,5,90.273,0.0,3.8544841110392256,MEDIUM|SOFT,False,2024-05-03T17:47:51.053000+00:00
2024-06,2024,6,ricciardo,1,23,20,89.178,0.6580506800609497,89.178,11,92.201,2.135743799364148,0.8347171047240663,HARD|MEDIUM,False,2024-05-03T17:47:51.053000+00:00
2024-06,2024,6,bottas,1,17,14,89.636,1.1750098764038568,89.402,7,127.455,41.18839520122296,1.4249052714280541,HARD|SOFT,False,2024-05-03T17:47:51.053000+00:00
2024-06,2024,6,stroll,1,20,19,88.817,0.25057847508323744,88.817,9,91.645,1.5198342804603813,0.023189481150086327,HARD|SOFT,False,2024-05-03T17:47:51.053000+00:00
2024-06,2024,6,albon,1,22,16,89.393,0.9007280320559872,89.219,10,92.2015,2.1362976748307907,-2.8614412270123206,HARD|SOFT,False,2024-05-03T17:47:51.053000+00:00
2024-06,2024,6,kevin_magnussen,1,20,18,89.189,0.6704667306281326,89.16,12,93.66749999999999,3.760260543019501,-0.008287012851027281,HARD|SOFT,False,2024-05-03T17:47:51.053000+00:00
2024-06,2024,6,sargeant,1,18,13,89.891,1.462836503188675,89.849,6,92.68,2.6663564964053603,0.35381342869473464,HARD|MEDIUM,False,2024-05-03T17:47:51.053000+00:00
2024-07,2024,7,max_verstappen,1,15,10,76.366,1.1081836115929025,75.985,4,80.9605,0.0,-0.007781572495224521,MEDIUM|SOFT,False,2024-05-18T11:54:18.714000+00:00
2024-07,2024,7,norris,1,8,6,75.829,0.397198427094225,75.82900000000001,0,,,,MEDIUM|SOFT,False,2024-05-18T11:54:18.714000+00:00
2024-07,2024,7,leclerc,1,13,9,76.087,0.7387890743952746,76.028,0,,,,SOFT,False,2024-05-18T11:54:18.714000+00:00
2024-07,2024,7,piastri,1,9,5,75.529,0.0,75.529,0,,,,SOFT,False,2024-05-18T11:54:18.714000+00:00
2024-07,2024,7,sainz,1,16,10,76.067,0.7123091792556457,75.937,0,,,,SOFT,False,2024-05-18T11:54:18.714000+00:00
2024-07,2024,7,hamilton,1,8,7,76.96,1.8946364972394676,76.55,0,,,,SOFT,False,2024-05-18T11:54:18.714000+00:00
2024-07,2024,7,russell,1,10,5,76.095,0.7493810324511148,76.095,0,,,,SOFT,False,2024-05-18T11:54:18.714000+00:00
2024-07,2024,7,perez,1,12,10,76.631,1.4590422221928052,76.631,0,,,,MEDIUM,False,2024-05-18T11:54:18.714000+00:00
2024-07,2024,7,stroll,1,19,14,76.543,1.3425306835785065,76.543,6,91.845,13.444210448305041,-0.174876048595238,HARD|SOFT,False,2024-05-18T11:54:18.714000+00:00
2024-07,2024,7,tsunoda,1,8,5,76.668,1.5080300282011017,76.668,0,,,,MEDIUM|SOFT,False,2024-05-18T11:54:18.714000+00:00
2024-07,2024,7,hulkenberg,1,9,7,76.547,1.347826662606417,76.547,0,,,,MEDIUM|SOFT,False,2024-05-18T11:54:18.714000+00:00
2024-07,2024,7,kevin_magnussen,1,7,6,76.923,1.84564869123119,76.715,0,,,,MEDIUM|SOFT,False,2024-05-18T11:54:18.714000+00:00
2024-07,2024,7,ricciardo,1,9,6,76.56,1.365038594447174,76.56,0,,,,MEDIUM|SOFT,False,2024-05-18T11:54:18.714000+00:00
2024-07,2024,7,ocon,1,14,9,76.481,1.2604430086456835,76.481,0,,,,MEDIUM|SOFT,False,2024-05-18T11:54:18.714000+00:00
2024-07,2024,7,zhou,1,9,4,77.891,3.127275615988573,77.678,0,,,,SOFT,False,2024-05-18T11:54:18.714000+00:00
2024-07,2024,7,gasly,1,12,8,77.361,2.425558394788767,77.34,0,,,,MEDIUM|SOFT,False,2024-05-18T11:54:18.714000+00:00
2024-07,2024,7,sargeant,1,11,7,76.794,1.6748533675806654,76.693,0,,,,SOFT,False,2024-05-18T11:54:18.714000+00:00
2024-07,2024,7,bottas,1,11,5,76.695,1.5437778866395646,76.695,0,,,,SOFT,False,2024-05-18T11:54:18.714000+00:00
2024-07,2024,7,alonso,1,7,6,77.339,2.396430510135183,77.049,0,,,,HARD,False,2024-05-18T11:54:18.714000+00:00
2024-07,2024,7,albon,1,8,5,76.47,1.2458790663189008,76.47,0,,,,SOFT,False,2024-05-18T11:54:18.714000+00:00
2024-08,2024,8,leclerc,1,23,18,71.369,0.0,71.369,6,72.3815,0.0,-0.21185079353550937,SOFT,False,2024-05-25T11:50:56.365000+00:00
2024-08,2024,8,piastri,1,20,14,71.901,0.7454216816825182,71.901,4,72.833,0.6237781753624833,-0.2710720505019031,HARD|SOFT,False,2024-05-25T11:50:56.365000+00:00
2024-08,2024,8,sainz,1,24,16,71.979,0.8547128305006366,71.825,0,,,,SOFT,False,2024-05-25T11:50:56.365000+00:00
2024-08,2024,8,norris,1,20,16,71.988,0.8673233476719581,71.78699999999999,9,73.292,1.257918114435317,-2.1289552234584797,HARD|SOFT,False,2024-05-25T11:50:56.365000+00:00
2024-08,2024,8,russell,1,29,25,71.968,0.8392999761801394,71.778,14,73.5365,1.5957116113924152,0.2122917121505423,SOFT,False,2024-05-25T11:50:56.365000+00:00
2024-08,2024,8,max_verstappen,1,25,23,71.566,0.276030209194472,71.53999999999999,14,72.866,0.6693699356879824,0.6130399683422545,SOFT,False,2024-05-25T11:50:56.365000+00:00
2024-08,2024,8,hamilton,1,20,14,71.71,0.4777984839355939,71.673,0,,,,SOFT,False,2024-05-25T11:50:56.365000+00:00
2024-08,2024,8,tsunoda,1,24,22,71.991,0.8715268533957319,71.991,14,81.7235,12.906612877599938,-0.9385457379961857,SOFT,False,2024-05-25T11:50:56.365000+00:00
2024-08,2024,8,albon,1,21,16,72.18,1.1363477139934803,72.17999999999999,5,73.369,1.3642988885281422,-0.9631928082798505,SOFT,False,2024-05-25T11:50:56.365000+00:00
2024-08,2024,8,gasly,1,24,22,72.144,1.085905645308195,72.09,16,74.55850000000001,3.0076746129881347,-0.34244662005937926,SOFT,False,2024-05-25T11:50:56.365000+00:00
2024-08,2024,8,alonso,1,21,17,72.087,1.006039036556493,72.087,9,74.197,2.5082376021497206,-0.49003525337030773,MEDIUM|SOFT,False,2024-05-25T11:50:56.365000+00:00
2024-08,2024,8,ricciardo,1,25,19,72.829,2.0457061189031562,72.738,9,74.28,2.6229077872108184,1.0203206296565097,SOFT,False,2024-05-25T11:50:56.365000+00:00
2024-08,2024,8,bottas,1,1,0,86.364,21.010522775995184,86.364,0,,,,SOFT,False,2024-05-25T11:50:56.365000+00:00
2024-08,2024,8,stroll,1,22,19,72.331,1.3479241687567478,72.281,11,73.166,1.0838404841015925,0.5703363332979619,MEDIUM|SOFT,False,2024-05-25T11:50:56.365000+00:00
2024-08,2024,8,sargeant,1,18,15,72.703,1.8691588785046773,72.52799999999999,5,74.032,2.2802788005222245,-2.720753282601358,SOFT,False,2024-05-25T11:50:56.365000+00:00
2024-08,2024,8,zhou,1,25,22,73.83,3.4482758620689635,73.775,16,77.00800000000001,6.391826640785293,0.7487036592323986,SOFT,False,2024-05-25T11:50:56.365000+00:00
2024-08,2024,8,ocon,1,23,19,72.472,1.5454889377740957,72.338,10,74.04599999999999,2.299620759448187,0.8800125726060579,SOFT,False,2024-05-25T11:50:56.365000+00:00
2024-08,2024,8,perez,1,22,16,71.923,0.7762473903235326,71.923,5,76.743,6.025710989686581,2.7522162716252083,SOFT,False,2024-05-25T11:50:56.365000+00:00
2024-08,2024,8,hulkenberg,1,21,18,72.192,1.1531617368885556,72.026,12,75.503,4.31256605624365,-0.3562011676708217,SOFT,False,2024-05-25T11:50:56.365000+00:00
2024-08,2024,8,kevin_magnussen,1,28,25,72.216,1.186789782678746,72.084,13,73.255,1.2068000801309626,-0.3549864188008923,SOFT,False,2024-05-25T11:50:56.365000+00:00
2024-09,2024,9,max_verstappen,1,27,24,72.923,0.5155136528415212,72.923,14,78.1545,3.255362297778451,2.2514681799620013,MEDIUM|SOFT,False,2024-06-08T17:59:31.256000+00:00
2024-09,2024,9,norris,1,28,23,73.293,1.0255137906794025,73.26,18,76.2735,0.7702419722422211,0.02697681231410239,HARD|MEDIUM|SOFT,False,2024-06-08T17:59:31.256000+00:00
2024-09,2024,9,russell,1,29,25,72.957,0.5623785303725579,72.95,13,78.078,3.1542928108547343,0.14430942767892685,MEDIUM|SOFT,False,2024-06-08T17:59:31.256000+00:00
2024-09,2024,9,hamilton,1,27,23,72.549,0.0,72.549,13,78.278,3.4185267635964958,0.38272010295586645,MEDIUM|SOFT,False,2024-06-08T17:59:31.256000+00:00
2024-09,2024,9,piastri,1,28,23,73.266,0.9882975644047453,73.23400000000001,12,77.08250000000001,1.839068311082646,3.0512109844837343,HARD|MEDIUM|SOFT,False,2024-06-08T17:59:31.256000+00:00
2024-09,2024,9,alonso,1,25,22,73.34,1.0902975919723177,73.34,17,77.648,2.586189812459947,-0.13997052801123833,HARD|MEDIUM|SOFT,False,2024-06-08T17:59:31.256000+00:00
2024-09,2024,9,stroll,1,23,18,73.026,0.6574866641855706,72.991,10,77.2565,2.0689518499679647,-0.40797184714249163,HARD|MEDIUM|SOFT,False,2024-06-08T17:59:31.256000+00:00
2024-09,2024,9,ricciardo,1,30,23,73.279,1.0062164881666043,73.242,8,76.61,1.2148155977302293,-0.14659459920243234,HARD|MEDIUM|SOFT,False,2024-06-08T17:59:31.256000+00:00
2024-09,2024,9,gasly,1,25,21,73.737,1.6375139560848364,73.688,13,78.113,3.2005337525845374,-1.6248453018226539,MEDIUM|SOFT,False,2024-06-08T17:59:31.256000+00:00
2024-09,2024,9,ocon,1,27,23,74.075,2.103405973893501,74.075,14,76.1385,0.591884054141528,-0.02434300777362428,MEDIUM|SOFT,False,2024-06-08T17:59:31.256000+00:00
2024-09,2024,9,hulkenberg,1,23,19,73.777,1.6926491061213724,73.777,11,78.603,3.847906936801837,1.79542691957402,MEDIUM|SOFT,False,2024-06-08T17:59:31.256000+00:00
2024-09,2024,9,kevin_magnussen,1,26,22,73.439,1.2267570883127077,73.36699999999999,11,77.918,2.942905648661333,-0.07296715194761584,MEDIUM|SOFT,False,2024-06-08T17:59:31.256000+00:00
2024-09,2024,9,bottas,1,28,22,73.642,1.5065679747480865,73.565,6,77.7855,2.7678506549699087,0.11583854325306672,MEDIUM|SOFT,False,2024-06-08T17:59:31.256000+00:00
2024-09,2024,9,tsunoda,1,26,20,73.716,1.608568002315659,73.71600000000001,6,76.85499999999999,1.5385021898388698,0.36550159391061515,MEDIUM|SOFT,False,2024-06-08T17:59:31.256000+00:00
2024-09,2024,9,zhou,1,3,2,78.656,8.417759031826764,78.656,0,,,,MEDIUM,False,2024-06-08T17:59:31.256000+00:00
2024-09,2024,9,sainz,1,29,23,73.57,1.4073247046823338,73.57,13,77.842,2.842496746619455,-1.6903561992367204,MEDIUM|SOFT,False,2024-06-08T17:59:31.256000+00:00
2024-09,2024,9,albon,1,18,14,73.88,1.8346221174654218,73.59100000000001,4,75.75800000000001,0.08917895905035594,-0.2636777757409019,MEDIUM|SOFT,False,2024-06-08T17:59:31.256000+00:00
2024-09,2024,9,perez,1,25,23,73.342,1.0930543494741376,73.30799999999999,18,79.178,4.6075795509343935,-0.04499517766535249,MEDIUM|SOFT,False,2024-06-08T17:59:31.256000+00:00
2024-09,2024,9,leclerc,1,24,16,73.349,1.1027030007305367,73.349,0,,,,MEDIUM|SOFT,False,2024-06-08T17:59:31.256000+00:00
2024-09,2024,9,sargeant,1,26,21,73.663,1.5355139285172643,73.492,8,75.6905,0.0,0.1354803202459237,MEDIUM|SOFT,False,2024-06-08T17:59:31.256000+00:00
2024-10,2024,10,max_verstappen,1,20,16,73.087,0.10135181406050711,73.08699999999999,9,80.372,3.859921173354002,-0.11278803563429605,MEDIUM|SOFT,False,2024-06-22T11:50:30.649000+00:00
2024-10,2024,10,norris,1,10,6,73.043,0.041088573267775784,73.043,0,,,,MEDIUM|SOFT,False,2024-06-22T11:50:30.649000+00:00
2024-10,2024,10,hamilton,1,18,12,73.359,0.47388821168831496,73.359,7,78.634,1.6140078826645927,0.04968770324723105,SOFT,False,2024-06-22T11:50:30.649000+00:00
2024-10,2024,10,russell,1,15,10,73.164,0.20681248544779182,73.102,7,77.385,0.0,0.14491549672786205,SOFT,False,2024-06-22T11:50:30.649000+00:00
2024-10,2024,10,leclerc,1,14,8,73.05,0.050675907030243834,73.05000000000001,5,78.08,0.8981068682561131,-0.525102459016399,SOFT,False,2024-06-22T11:50:30.649000+00:00
2024-10,2024,10,sainz,1,14,9,73.013,0.0,72.945,4,78.2285,1.090004522840333,-0.08424039832031316,SOFT,False,2024-06-22T11:50:30.649000+00:00
2024-10,2024,10,piastri,1,11,5,73.907,1.22443948337966,73.876,0,,,,MEDIUM|SOFT,False,2024-06-22T11:50:30.649000+00:00
2024-10,2024,10,perez,1,14,7,73.723,0.9724295673373148,73.723,0,,,,MEDIUM|SOFT,False,2024-06-22T11:50:30.649000+00:00
2024-10,2024,10,gasly,1,11,7,73.964,1.302507772588434,73.77,5,130.296,68.37371583640238,3.7817738073310063,SOFT,False,2024-06-22T11:50:30.649000+00:00
2024-10,2024,10,ocon,1,14,9,73.95,1.2833331050634784,73.95,0,,,,SOFT,False,2024-06-22T11:50:30.649000+00:00
2024-10,2024,10,hulkenberg,1,17,12,73.975,1.317573582786612,73.975,0,,,,HARD|SOFT,False,2024-06-22T11:50:30.649000+00:00
2024-10,2024,10,alonso,1,15,10,73.786,1.058715571199644,73.786,5,78.254,1.1229566453447046,1.447064641950928,MEDIUM|SOFT,False,2024-06-22T11:50:30.649000+00:00
2024-10,2024,10,zhou,1,14,6,74.572,2.1352361908153306,74.572,0,,,,MEDIUM|SOFT,False,2024-06-22T11:50:30.649000+00:00
2024-10,2024,10,stroll,1,12,9,74.254,1.699697314176927,74.18,0,,,,MEDIUM|SOFT,False,2024-06-22T11:50:30.649000+00:00
2024-10,2024,10,ricciardo,1,14,10,74.161,1.5723227370468218,74.161,6,78.3835,1.2903017380629227,0.28234706732094234,MEDIUM|SOFT,False,2024-06-22T11:50:30.649000+00:00
2024-10,2024,10,bottas,1,17,11,74.024,1.3846849191239856,73.971,6,77.935,0.7107320540156323,0.5386173459567798,MEDIUM|SOFT,False,2024-06-22T11:50:30.649000+00:00
2024-10,2024,10,kevin_magnussen,1,22,18,74.074,1.453165874570272,74.074,14,78.7595,1.776184014989982,0.1462038872129042,HARD|SOFT,False,2024-06-22T11:50:30.649000+00:00
2024-10,2024,10,albon,1,8,4,73.753,1.0135181406050906,73.753,0,,,,SOFT,False,2024-06-22T11:50:30.649000+00:00
2024-10,2024,10,tsunoda,1,19,13,74.42,1.9270540862586065,74.42,0,,,,MEDIUM|SOFT,False,2024-06-22T11:50:30.649000+00:00
2024-10,2024,10,sargeant,1,9,4,74.729,2.3502663909166777,74.729,0,,,,SOFT,False,2024-06-22T11:50:30.649000+00:00
2024-11,2024,11,russell,1,26,20,66.386,1.0672147370023497,66.344,12,69.2065,1.9917471078034064,-0.5565387285831254,HARD|SOFT,False,2024-06-28T11:58:28.773000+00:00
2024-11,2024,11,piastri,1,27,20,65.961,0.4201872573646894,65.961,8,69.53999999999999,2.4832363127256474,0.026911541147949723,HARD|SOFT,False,2024-06-28T11:58:28.773000+00:00
2024-11,2024,11,sainz,1,26,19,66.128,0.6744309964223153,66.128,5,69.582,2.545133004200117,0.527532361196239,HARD|SOFT,False,2024-06-28T11:58:28.773000+00:00
2024-11,2024,11,hamilton,1,35,29,66.254,0.8662556139149008,66.22800000000001,19,69.684,2.6954535406381157,-0.007865079149284807,HARD,False,2024-06-28T11:58:28.773000+00:00
2024-11,2024,11,max_verstappen,1,21,16,65.685,0.0,65.685,0,,,,MEDIUM|SOFT,False,2024-06-28T11:58:28.773000+00:00
2024-11,2024,11,hulkenberg,1,25,17,66.966,1.9502169445078659,66.905,6,71.00450000000001,4.64151499521038,0.1320238254517087,MEDIUM|SOFT,False,2024-06-28T11:58:28.773000+00:00
2024-11,2024,11,perez,1,21,14,66.783,1.6716145238638944,66.693,6,70.744,4.25760813499373,0.15795382950194256,MEDIUM|SOFT,False,2024-06-28T11:58:28.773000+00:00
2024-11,2024,11,kevin_magnussen,1,26,21,67.145,2.2227296947552615,66.852,10,71.7415,5.727654557512339,3.252115256839038,MEDIUM|SOFT,False,2024-06-28T11:58:28.773000+00:00
2024-11,2024,11,ricciardo,1,26,21,66.962,1.9441272741112903,66.787,10,70.34549999999999,3.670326431360965,-0.6961530898414419,MEDIUM|SOFT,False,2024-06-28T11:58:28.773000+00:00
2024-11,2024,11,gasly,1,25,20,66.734,1.5970160615056592,66.73400000000001,10,68.4665,0.9011863532532494,0.1458133060492614,HARD|SOFT,False,2024-06-28T11:58:28.773000+00:00
2024-11,2024,11,leclerc,1,26,19,66.055,0.5632945116845619,66.055,10,69.3615,2.220175373959181,-2.9347269569241794,HARD|SOFT,False,2024-06-28T11:58:28.773000+00:00
2024-11,2024,11,ocon,1,24,17,66.297,0.9317195706782291,66.297,9,69.153,1.9129025127109303,0.11537466572371055,HARD|SOFT,False,2024-06-28T11:58:28.773000+00:00
2024-11,2024,11,stroll,1,20,15,66.384,1.0641699018040618,66.384,8,69.60499999999999,2.5790288114361295,-0.4089393401735907,HARD|SOFT,False,2024-06-28T11:58:28.773000+00:00
2024-11,2024,11,tsunoda,1,24,19,66.579,1.3610413336378036,66.57900000000001,9,86.764,27.86677474025494,0.25467675756705677,MEDIUM|SOFT,False,2024-06-28T11:58:28.773000+00:00
2024-11,2024,11,albon,1,23,16,66.995,1.9943670548831578,66.93299999999999,5,67.855,0.0,1.335032001933946,MEDIUM|SOFT,False,2024-06-28T11:58:28.773000+00:00
2024-11,2024,11,bottas,1,24,17,66.925,1.8877978229428254,66.841,8,69.68950000000001,2.70355905975979,-0.14452513284800816,MEDIUM|SOFT,False,2024-06-28T11:58:28.773000+00:00
2024-11,2024,11,zhou,1,23,17,66.919,1.8786633173479406,66.919,9,70.532,3.9451772161226026,-0.2006039789930893,MEDIUM|SOFT,False,2024-06-28T11:58:28.773000+00:00
2024-11,2024,11,alonso,1,23,18,66.603,1.3975793560173435,66.603,9,70.069,3.2628398791540767,-0.0015323321104614984,HARD|SOFT,False,2024-06-28T11:58:28.773000+00:00
2024-11,2024,11,sargeant,1,23,18,67.259,2.3962853010580774,67.14,6,70.2265,3.4949524721833285,0.3290983969217918,MEDIUM|SOFT,False,2024-06-28T11:58:28.773000+00:00
2024-11,2024,11,norris,1,25,19,66.88,1.8192890309811878,66.289,7,69.27,2.08532901038979,0.03962281119023601,HARD|SOFT,False,2024-06-28T11:58:28.773000+00:00
2024-12,2024,12,hamilton,1,22,18,97.564,0.9415026796614694,96.721,11,101.905,2.1901104080384246,0.4091115195376275,INTERMEDIATE,False,2024-07-06T11:52:22.954000+00:00
2024-12,2024,12,max_verstappen,1,15,12,98.393,1.799201274649786,98.393,8,99.721,0.0,-0.9239793570794594,INTERMEDIATE,False,2024-07-06T11:52:22.954000+00:00
2024-12,2024,12,norris,1,15,12,97.714,1.0966954290562234,97.483,0,,,,INTERMEDIATE|None,False,2024-07-06T11:52:22.954000+00:00
2024-12,2024,12,piastri,1,23,19,96.654,0.0,96.654,17,101.37,1.6536135818934836,-0.32152558345805965,INTERMEDIATE,False,2024-07-06T11:52:22.954000+00:00
2024-12,2024,12,sainz,1,19,17,98.139,1.5364082190080075,98.041,11,100.316,0.5966646944976473,-0.4545251098722626,INTERMEDIATE,False,2024-07-06T11:52:22.954000+00:00
2024-12,2024,12,hulkenberg,1,12,8,99.34,2.7789848324952997,99.34,5,100.679,0.9606802980315063,-0.8716761465511256,INTERMEDIATE,False,2024-07-06T11:52:22.954000+00:00
2024-12,2024,12,stroll,1,19,17,99.7,3.151447431042695,99.273,12,101.07900000000001,1.3617994203828723,-0.813855913716333,INTERMEDIATE,False,2024-07-06T11:52:22.954000+00:00
2024-12,2024,12,alonso,1,16,13,98.94,2.3651375007759654,98.94,6,104.4325,4.724681862396086,-0.5753069718872454,INTERMEDIATE,False,2024-07-06T11:52:22.954000+00:00
2024-12,2024,12,albon,1,20,17,99.603,3.051089453100749,99.356,11,101.555,1.8391311759809899,-0.565022864555824,INTERMEDIATE,False,2024-07-06T11:52:22.954000+00:00
2024-12,2024,12,tsunoda,1,20,16,99.82,3.275601630558484,99.788,4,101.468,1.751887766869566,-0.512772499704335,INTERMEDIATE,False,2024-07-06T11:52:22.954000+00:00
2024-12,2024,12,sargeant,1,17,16,99.702,3.1535166677012874,99.681,11,104.19,4.4815033944705664,-0.5214591421967354,INTERMEDIATE,False,2024-07-06T11:52:22.954000+00:00
2024-12,2024,12,kevin_magnussen,1,16,13,100.539,4.019492209323986,100.202,5,103.094,3.382436999227836,-1.0473451413273334,INTERMEDIATE,False,2024-07-06T11:52:22.954000+00:00
2024-12,2024,12,ricciardo,1,22,20,100.823,4.313323814844701,100.579,15,103.131,3.4195405180453426,-1.1955371650984492,INTERMEDIATE,False,2024-07-06T11:52:22.954000+00:00
2024-12,2024,12,leclerc,1,21,18,98.454,1.8623129927369764,98.339,12,100.1705,0.4507576137423416,-0.4826233364121989,INTERMEDIATE,False,2024-07-06T11:52:22.954000+00:00
2024-12,2024,12,bottas,1,17,14,100.242,3.712210565522387,100.242,7,103.61,3.899880667061096,-0.9636371770742826,INTERMEDIATE,False,2024-07-06T11:52:22.954000+00:00
2024-12,2024,12,ocon,1,20,17,100.43,3.906718811430474,99.736,14,102.262,2.5481092247370127,-0.2680398641818077,INTERMEDIATE,False,2024-07-06T11:52:22.954000+00:00
2024-12,2024,12,perez,1,13,10,99.284,2.7210462060545964,99.13,5,101.711,1.9955676336980124,-0.9837372216547269,INTERMEDIATE,False,2024-07-06T11:52:22.954000+00:00
2024-12,2024,12,zhou,1,17,15,101.785,5.30862664762969,101.785,8,103.973,4.263896270594955,-0.870646987133263,INTERMEDIATE,False,2024-07-06T11:52:22.954000+00:00
2024-12,2024,12,russell,1,18,15,97.529,0.9052910381360315,97.529,11,99.98,0.25972463172250615,-0.5749831822734648,INTERMEDIATE,False,2024-07-06T11:52:22.954000+00:00
2024-12,2024,12,gasly,0,0,0,,,,0,,,,,True,2024-07-06T11:52:22.954000+00:00
2024-13,2024,13,piastri,1,11,6,76.142,0.057820179242551624,76.142,0,,,,SOFT,False,2024-07-20T11:50:04.389000+00:00
2024-13,2024,13,norris,1,12,5,76.098,0.0,76.071,0,,,,MEDIUM|SOFT,False,2024-07-20T11:50:04.389000+00:00
2024-13,2024,13,hamilton,1,7,4,76.786,0.9040973481563279,76.716,0,,,,SOFT,False,2024-07-20T11:50:04.389000+00:00
2024-13,2024,13,leclerc,1,13,7,76.803,0.9264369628636736,76.803,0,,,,SOFT,False,2024-07-20T11:50:04.389000+00:00
2024-13,2024,13,max_verstappen,1,23,17,76.379,0.36926069016269275,76.379,10,83.11449999999999,0.0,0.1892533429148572,HARD|SOFT,False,2024-07-20T11:50:04.389000+00:00
2024-13,2024,13,sainz,1,11,6,76.639,0.7109253856868732,76.639,0,,,,SOFT,False,2024-07-20T11:50:04.389000+00:00
2024-13,2024,13,perez,1,19,14,76.954,1.1248653052642574,76.95400000000001,10,83.44,0.39162841622100264,0.09435195676806421,HARD|SOFT,False,2024-07-20T11:50:04.389000+00:00
2024-13,2024,13,russell,1,10,5,76.564,0.6123682619779678,76.499,0,,,,SOFT,False,2024-07-20T11:50:04.389000+00:00
2024-13,2024,13,tsunoda,1,13,5,76.744,0.8489053588793408,76.744,0,,,,SOFT,False,2024-07-20T11:50:04.389000+00:00
2024-13,2024,13,stroll,1,17,13,77.085,1.2970117480091392,76.999,0,,,,HARD|MEDIUM|SOFT,False,2024-07-20T11:50:04.389000+00:00
2024-13,2024,13,alonso,1,16,12,77.001,1.186627769455184,76.815,0,,,,HARD|MEDIUM|SOFT,False,2024-07-20T11:50:04.389000+00:00
2024-13,2024,13,ricciardo,1,11,4,76.652,0.7280086204630898,76.652,0,,,,SOFT,False,2024-07-20T11:50:04.389000+00:00
2024-13,2024,13,hulkenberg,1,10,4,76.696,0.7858287997056413,76.696,0,,,,SOFT,False,2024-07-20T11:50:04.389000+00:00
2024-13,2024,13,albon,1,11,5,76.661,0.7398354753081584,76.661,0,,,,SOFT,False,2024-07-20T11:50:04.389000+00:00
2024-13,2024,13,kevin_magnussen,1,11,6,77.507,1.851559830744574,77.404,0,,,,SOFT,False,2024-07-20T11:50:04.389000+00:00
2024-13,2024,13,bottas,1,17,9,76.804,0.9277510578464652,76.804,0,,,,SOFT,False,2024-07-20T11:50:04.389000+00:00
2024-13,2024,13,sargeant,1,11,5,77.168,1.4060816315803404,77.168,0,,,,SOFT,False,2024-07-20T11:50:04.389000+00:00
2024-13,2024,13,ocon,1,14,8,77.575,1.9409182895739754,77.303,0,,,,SOFT,False,2024-07-20T11:50:04.389000+00:00
2024-13,2024,13,zhou,1,11,4,77.291,1.5677153144629266,77.291,0,,,,SOFT,False,2024-07-20T11:50:04.389000+00:00
2024-13,2024,13,gasly,1,12,5,77.499,1.8410470708822784,77.499,0,,,,SOFT,False,2024-07-20T11:50:04.389000+00:00
2024-14,2024,14,hamilton,1,1,1,126.751,4.266030518652578,126.751,0,,,,INTERMEDIATE,False,2024-07-27T11:51:31.111000+00:00
2024-14,2024,14,piastri,1,3,2,122.998,1.1787932381853388,121.916,0,,,,INTERMEDIATE,False,2024-07-27T11:51:31.111000+00:00
2024-14,2024,14,leclerc,1,2,2,126.033,3.675399991773951,125.733,0,,,,INTERMEDIATE,False,2024-07-27T11:51:31.111000+00:00
2024-14,2024,14,max_verstappen,1,3,2,121.565,0.0,121.565,0,,,,INTERMEDIATE,False,2024-07-27T11:51:31.111000+00:00
2024-14,2024,14,norris,1,3,2,123.372,1.4864475794842285,123.372,0,,,,INTERMEDIATE,False,2024-07-27T11:51:31.111000+00:00
2024-14,2024,14,sainz,0,0,0,,,,0,,,,,True,2024-07-27T11:51:31.111000+00:00
2024-14,2024,14,perez,1,2,1,127.103,4.555587545757412,127.10300000000001,0,,,,INTERMEDIATE,False,2024-07-27T11:51:31.111000+00:00
2024-14,2024,14,alonso,1,2,2,128.071,5.351869370295727,128.071,0,,,,INTERMEDIATE,False,2024-07-27T11:51:31.111000+00:00
2024-14,2024,14,ocon,1,3,3,125.25,3.0313001275038065,123.81200000000001,0,,,,INTERMEDIATE,False,2024-07-27T11:51:31.111000+00:00
2024-14,2024,14,ricciardo,1,3,2,128.41,5.6307325299222635,128.41,0,,,,INTERMEDIATE,False,2024-07-27T11:51:31.111000+00:00
2024-14,2024,14,stroll,1,2,2,126.037,3.6786904125365103,125.501,0,,,,INTERMEDIATE,False,2024-07-27T11:51:31.111000+00:00
2024-14,2024,14,albon,1,2,1,127.443,4.83527331057459,127.44300000000001,0,,,,INTERMEDIATE,False,2024-07-27T11:51:31.111000+00:00
2024-14,2024,14,gasly,1,4,3,123.175,1.3243943569283918,123.17500000000001,0,,,,INTERMEDIATE,False,2024-07-27T11:51:31.111000+00:00
2024-14,2024,14,kevin_magnussen,1,1,0,135.163,11.185785382305774,38.003,0,,,,WET,False,2024-07-27T11:51:31.111000+00:00
2024-14,2024,14,bottas,1,2,2,126.492,4.052975774277141,126.201,0,,,,INTERMEDIATE,False,2024-07-27T11:51:31.111000+00:00
2024-14,2024,14,tsunoda,1,3,3,129.444,6.481306297042727,125.417,0,,,,INTERMEDIATE,False,2024-07-27T11:51:31.111000+00:00
2024-14,2024,14,sargeant,1,2,1,131.22,7.942253115617161,130.492,0,,,,INTERMEDIATE,False,2024-07-27T11:51:31.111000+00:00
2024-14,2024,14,hulkenberg,1,1,1,128.04,5.326368609385921,128.04,0,,,,INTERMEDIATE,False,2024-07-27T11:51:31.111000+00:00
2024-14,2024,14,zhou,1,2,2,131.109,7.8509439394562675,131.109,0,,,,INTERMEDIATE,False,2024-07-27T11:51:31.111000+00:00
2024-14,2024,14,russell,1,1,0,133.645,9.937070702916145,133.645,0,,,,INTERMEDIATE,False,2024-07-27T11:51:31.111000+00:00
2024-15,2024,15,norris,1,2,2,81.387,1.3397915603092894,81.387,0,,,,INTERMEDIATE,False,2024-08-24T10:51:16.530000+00:00
2024-15,2024,15,max_verstappen,1,1,1,84.36,5.041650583357189,84.36,0,,,,INTERMEDIATE,False,2024-08-24T10:51:16.530000+00:00
2024-15,2024,15,leclerc,1,1,1,84.158,4.790128375938531,84.158,0,,,,INTERMEDIATE,False,2024-08-24T10:51:16.530000+00:00
2024-15,2024,15,piastri,1,6,6,81.85,1.916300382263933,80.613,0,,,,INTERMEDIATE,False,2024-08-24T10:51:16.530000+00:00
2024-15,2024,15,sainz,1,2,1,82.589,2.8364732103945802,82.589,0,,,,INTERMEDIATE|WET,False,2024-08-24T10:51:16.530000+00:00
2024-15,2024,15,perez,0,0,0,,,,0,,,,,True,2024-08-24T10:51:16.530000+00:00
2024-15,2024,15,russell,1,3,3,83.958,4.541096487405201,83.215,0,,,,INTERMEDIATE,False,2024-08-24T10:51:16.530000+00:00
2024-15,2024,15,hamilton,1,1,1,84.098,4.715418809378531,84.098,0,,,,INTERMEDIATE,False,2024-08-24T10:51:16.530000+00:00
2024-15,2024,15,gasly,1,1,1,80.311,0.0,80.311,0,,,,INTERMEDIATE,False,2024-08-24T10:51:16.530000+00:00
2024-15,2024,15,alonso,1,4,4,81.461,1.4319333590666177,81.461,0,,,,INTERMEDIATE,False,2024-08-24T10:51:16.530000+00:00
2024-15,2024,15,hulkenberg,1,1,1,82.354,2.543860741367922,82.354,0,,,,INTERMEDIATE,False,2024-08-24T10:51:16.530000+00:00
2024-15,2024,15,ricciardo,1,2,2,85.433,6.377706665338496,85.43299999999999,0,,,,INTERMEDIATE,False,2024-08-24T10:51:16.530000+00:00
2024-15,2024,15,stroll,1,3,3,81.941,2.0296098915466065,81.941,0,,,,INTERMEDIATE,False,2024-08-24T10:51:16.530000+00:00
2024-15,2024,15,albon,1,1,1,84.007,4.602109300095875,84.007,0,,,,INTERMEDIATE,False,2024-08-24T10:51:16.530000+00:00
2024-15,2024,15,ocon,1,1,1,81.643,1.6585523776319475,81.643,0,,,,INTERMEDIATE,False,2024-08-24T10:51:16.530000+00:00
2024-15,2024,15,sargeant,1,2,2,83.287,3.7055945013758995,83.287,0,,,,INTERMEDIATE,False,2024-08-24T10:51:16.530000+00:00
2024-15,2024,15,tsunoda,0,0,0,,,,0,,,,,True,2024-08-24T10:51:16.530000+00:00
2024-15,2024,15,kevin_magnussen,1,4,4,80.45,0.1730771625306568,80.45,0,,,,INTERMEDIATE,False,2024-08-24T10:51:16.530000+00:00
2024-15,2024,15,bottas,1,2,2,81.155,1.0509145696106312,81.155,0,,,,INTERMEDIATE,False,2024-08-24T10:51:16.530000+00:00
2024-15,2024,15,zhou,1,1,1,83.24,3.6470720075705536,83.24000000000001,0,,,,INTERMEDIATE,False,2024-08-24T10:51:16.530000+00:00
2024-16,2024,16,leclerc,1,17,10,80.226,0.13605102537538183,80.101,0,,,,SOFT,False,2024-08-31T11:55:13.967000+00:00
2024-16,2024,16,piastri,1,10,5,80.252,0.16850356353831383,80.07900000000001,0,,,,SOFT,False,2024-08-31T11:55:13.967000+00:00
2024-16,2024,16,norris,1,10,5,80.262,0.18098530898560358,80.242,0,,,,SOFT,False,2024-08-31T11:55:13.967000+00:00
2024-16,2024,16,sainz,1,15,8,80.463,0.4318683924759906,80.15,0,,,,SOFT,False,2024-08-31T11:55:13.967000+00:00
2024-16,2024,16,hamilton,1,10,6,80.117,0.0,80.117,0,,,,MEDIUM|SOFT,False,2024-08-31T11:55:13.967000+00:00
2024-16,2024,16,max_verstappen,1,18,14,80.368,0.31329181072680024,80.221,8,85.29849999999999,1.3696432391319722,0.06554014654978133,MEDIUM|SOFT,False,2024-08-31T11:55:13.967000+00:00
2024-16,2024,16,russell,1,15,12,80.21,0.11608023265972178,80.102,7,84.146,0.0,-0.4328361249664719,MEDIUM|SOFT,False,2024-08-31T11:55:13.967000+00:00
2024-16,2024,16,perez,1,18,14,81.287,1.4603642173321538,81.252,8,85.25,1.312005324079575,0.0556765814830331,MEDIUM|SOFT,False,2024-08-31T11:55:13.967000+00:00
2024-16,2024,16,albon,1,11,5,80.596,0.5978756069248714,80.561,0,,,,SOFT,False,2024-08-31T11:55:13.967000+00:00
2024-16,2024,16,kevin_magnussen,1,13,11,81.208,1.3617584282986057,80.992,6,85.8365,2.009008152496851,0.3588882851201241,SOFT,False,2024-08-31T11:55:13.967000+00:00
2024-16,2024,16,alonso,1,13,6,80.968,1.0621965375638116,80.928,0,,,,HARD|MEDIUM|SOFT,False,2024-08-31T11:55:13.967000+00:00
2024-16,2024,16,colapinto,1,10,5,80.905,0.9835615412459235,80.905,0,,,,SOFT,False,2024-08-31T11:55:13.967000+00:00
2024-16,2024,16,ricciardo,1,13,6,81.077,1.1982475629391935,81.001,0,,,,SOFT,False,2024-08-31T11:55:13.967000+00:00
2024-16,2024,16,ocon,1,15,7,81.258,1.4241671555350188,81.153,0,,,,SOFT,False,2024-08-31T11:55:13.967000+00:00
2024-16,2024,16,gasly,1,15,11,81.155,1.2956051774280073,81.12100000000001,0,,,,SOFT,False,2024-08-31T11:55:13.967000+00:00
2024-16,2024,16,bottas,1,16,8,81.357,1.5477364354631287,81.357,0,,,,HARD|MEDIUM|SOFT,False,2024-08-31T11:55:13.967000+00:00
2024-16,2024,16,hulkenberg,1,14,10,80.943,1.0309921739455963,80.606,5,85.034,1.055308630237926,0.8166367793105296,SOFT,False,2024-08-31T11:55:13.967000+00:00
2024-16,2024,16,zhou,1,12,8,82.035,2.393998776788936,82.035,0,,,,SOFT,False,2024-08-31T11:55:13.967000+00:00
2024-16,2024,16,stroll,1,15,7,81.157,1.2981015265174582,81.04599999999999,0,,,,HARD|MEDIUM|SOFT,False,2024-08-31T11:55:13.967000+00:00
2024-16,2024,16,tsunoda,1,10,7,81.141,1.278130733801816,81.128,0,,,,MEDIUM|SOFT,False,2024-08-31T11:55:13.967000+00:00
2024-17,2024,17,piastri,1,7,6,102.749,0.2292369822658363,102.627,0,,,,SOFT,False,2024-09-14T09:51:46.654000+00:00
2024-17,2024,17,leclerc,1,8,5,102.527,0.012681194763647142,102.511,0,,,,SOFT,False,2024-09-14T09:51:46.654000+00:00
2024-17,2024,17,russell,1,10,7,102.514,0.0,102.514,0,,,,SOFT,False,2024-09-14T09:51:46.654000+00:00
2024-17,2024,17,norris,1,5,4,102.737,0.217531264022474,102.737,0,,,,SOFT,False,2024-09-14T09:51:46.654000+00:00
2024-17,2024,17,max_verstappen,1,9,7,102.862,0.3394658290574936,102.833,0,,,,SOFT,False,2024-09-14T09:51:46.654000+00:00
2024-17,2024,17,alonso,1,9,5,103.474,0.9364574594689584,103.465,0,,,,HARD|SOFT,False,2024-09-14T09:51:46.654000+00:00
2024-17,2024,17,albon,1,6,4,103.194,0.6633240337905133,102.964,0,,,,SOFT,False,2024-09-14T09:51:46.654000+00:00
2024-17,2024,17,colapinto,1,7,5,103.238,0.7062450006828372,103.238,0,,,,SOFT,False,2024-09-14T09:51:46.654000+00:00
2024-17,2024,17,hamilton,1,7,4,103.301,0.7677000214604894,103.128,0,,,,SOFT,False,2024-09-14T09:51:46.654000+00:00
2024-17,2024,17,bearman,0,0,0,,,,0,,,,,True,2024-09-14T09:51:46.654000+00:00
2024-17,2024,17,hulkenberg,1,8,6,104.164,1.6095362584622643,104.022,0,,,,SOFT,False,2024-09-14T09:51:46.654000+00:00
2024-17,2024,17,gasly,1,7,5,103.876,1.3285990206215825,103.876,0,,,,SOFT,False,2024-09-14T09:51:46.654000+00:00
2024-17,2024,17,ricciardo,1,10,8,103.87,1.3227461614999012,103.87,5,123.831,4.877532353140457,0.606067947444501,SOFT,False,2024-09-14T09:51:46.654000+00:00
2024-17,2024,17,zhou,1,9,7,104.869,2.297247205259773,104.869,0,,,,SOFT,False,2024-09-14T09:51:46.654000+00:00
2024-17,2024,17,ocon,0,0,0,,,,0,,,,,True,2024-09-14T09:51:46.654000+00:00
2024-17,2024,17,bottas,1,8,5,104.187,1.6319722184287042,104.187,0,,,,MEDIUM|SOFT,False,2024-09-14T09:51:46.654000+00:00
2024-17,2024,17,perez,1,8,8,103.024,0.497493025342885,102.971,6,118.072,0.0,2.047696304679549,SOFT,False,2024-09-14T09:51:46.654000+00:00
2024-17,2024,17,sainz,1,8,7,102.968,0.4428663402071988,102.817,4,132.192,11.958804797072977,-0.6547615384299675,SOFT,False,2024-09-14T09:51:46.654000+00:00
2024-17,2024,17,stroll,1,12,9,103.571,1.031078681936128,103.515,5,141.641,19.96154888542583,4.924240328184098,HARD|SOFT,False,2024-09-14T09:51:46.654000+00:00
2024-17,2024,17,tsunoda,1,8,6,103.503,0.9647462785570793,103.417,0,,,,SOFT,False,2024-09-14T09:51:46.654000+00:00
2024-18,2024,18,norris,1,9,6,89.646,0.0,89.646,0,,,,MEDIUM|SOFT,False,2024-09-21T10:52:08.278000+00:00
2024-18,2024,18,max_verstappen,1,10,6,90.54,0.9972558731008694,90.498,0,,,,MEDIUM|SOFT,False,2024-09-21T10:52:08.278000+00:00
2024-18,2024,18,piastri,1,10,6,90.431,0.8756665104968394,90.431,0,,,,MEDIUM|SOFT,False,2024-09-21T10:52:08.278000+00:00
2024-18,2024,18,russell,1,10,8,90.125,0.5343238962139965,90.125,0,,,,MEDIUM|SOFT,False,2024-09-21T10:52:08.278000+00:00
2024-18,2024,18,leclerc,1,13,10,90.559,1.0184503491511017,90.54599999999999,0,,,,MEDIUM|SOFT,False,2024-09-21T10:52:08.278000+00:00
2024-18,2024,18,hamilton,1,10,8,90.864,1.3586774646944688,90.767,0,,,,MEDIUM|SOFT,False,2024-09-21T10:52:08.278000+00:00
2024-18,2024,18,sainz,1,11,9,90.807,1.2950940365437402,90.807,0,,,,MEDIUM|SOFT,False,2024-09-21T10:52:08.278000+00:00
2024-18,2024,18,alonso,1,14,12,91.082,1.6018561899024972,91.055,4,91.312,0.0,3.7640908825419013,MEDIUM|SOFT,False,2024-09-21T10:52:08.278000+00:00
2024-18,2024,18,hulkenberg,1,9,7,91.187,1.7189835575485763,91.126,0,,,,MEDIUM|SOFT,False,2024-09-21T10:52:08.278000+00:00
2024-18,2024,18,perez,1,9,6,91.44,2.001204738638642,91.36,0,,,,MEDIUM|SOFT,False,2024-09-21T10:52:08.278000+00:00
2024-18,2024,18,colapinto,1,9,5,90.989,1.498114807130272,90.745,0,,,,SOFT,False,2024-09-21T10:52:08.278000+00:00
2024-18,2024,18,tsunoda,1,9,8,91.114,1.637552149566075,91.114,0,,,,MEDIUM|SOFT,False,2024-09-21T10:52:08.278000+00:00
2024-18,2024,18,ocon,1,14,12,91.559,2.133949088637526,91.559,6,95.819,4.935824426143339,0.37345082092827686,MEDIUM|SOFT,False,2024-09-21T10:52:08.278000+00:00
2024-18,2024,18,stroll,1,12,11,91.719,2.31242888695535,91.676,0,,,,MEDIUM|SOFT,False,2024-09-21T10:52:08.278000+00:00
2024-18,2024,18,zhou,1,10,7,92.652,3.3531892108961916,92.566,0,,,,SOFT,False,2024-09-21T10:52:08.278000+00:00
2024-18,2024,18,bottas,1,13,8,92.098,2.735202909220711,92.098,0,,,,SOFT,False,2024-09-21T10:52:08.278000+00:00
2024-18,2024,18,gasly,1,16,14,91.367,1.9197733306561402,91.367,11,95.071,4.116654985106011,2.8500839901702433,MEDIUM|SOFT,False,2024-09-21T10:52:08.278000+00:00
2024-18,2024,18,ricciardo,1,12,9,91.561,2.13618008611651,91.515,0,,,,MEDIUM|SOFT,False,2024-09-21T10:52:08.278000+00:00
2024-18,2024,18,kevin_magnussen,1,8,6,91.265,1.8059924592285208,91.265,0,,,,MEDIUM|SOFT,False,2024-09-21T10:52:08.278000+00:00
2024-18,2024,18,albon,1,7,4,90.949,1.453494857550808,90.915,0,,,,MEDIUM|SOFT,False,2024-09-21T10:52:08.278000+00:00
2024-19,2024,19,leclerc,1,21,18,93.623,0.022435418046623783,93.477,14,96.77000000000001,0.0,0.39604242318670146,HARD|SOFT,False,2024-10-18T18:50:46.282000+00:00
2024-19,2024,19,sainz,1,18,16,93.602,0.0,93.602,9,97.214,0.4588198821948831,0.004894472173549325,HARD|SOFT,False,2024-10-18T18:50:46.282000+00:00
2024-19,2024,19,max_verstappen,1,16,12,93.855,0.2702933697997907,93.652,6,100.4975,3.8519169163997025,-0.02372049983011829,HARD|SOFT,False,2024-10-18T18:50:46.282000+00:00
2024-19,2024,19,norris,1,21,17,93.868,0.284181961923881,93.868,6,97.41300000000001,0.6644621266921573,-0.19824282766601167,HARD|SOFT,False,2024-10-18T18:50:46.282000+00:00
2024-19,2024,19,piastri,1,21,17,93.908,0.3269160915365028,93.908,9,98.104,1.3785264028107769,-0.09884068607464601,HARD|SOFT,False,2024-10-18T18:50:46.282000+00:00
2024-19,2024,19,russell,1,18,15,94.093,0.5245614409948501,93.996,12,97.5095,0.7641831146016249,-0.08823914570484712,HARD|SOFT,False,2024-10-18T18:50:46.282000+00:00
2024-19,2024,19,perez,1,18,14,94.638,1.1068139569667328,94.55199999999999,9,99.548,2.87072439805724,-0.04236804343174708,HARD|SOFT,False,2024-10-18T18:50:46.282000+00:00
2024-19,2024,19,hulkenberg,1,18,16,94.364,0.8140851691203185,94.364,7,98.644,1.936550583858629,0.3232060270198052,HARD|SOFT,False,2024-10-18T18:50:46.282000+00:00
2024-19,2024,19,lawson,1,23,20,94.443,0.8984850751052262,94.281,11,99.459,2.7787537459956524,-0.7415369852262893,HARD|SOFT,False,2024-10-18T18:50:46.282000+00:00
2024-19,2024,19,colapinto,1,21,17,95.248,1.7585094335591127,94.922,11,98.375,1.6585718714477522,-0.3156312238122195,HARD|SOFT,False,2024-10-18T18:50:46.282000+00:00
2024-19,2024,19,kevin_magnussen,1,17,13,94.096,0.5277665007157964,94.096,7,98.65,1.9427508525369384,0.18942854281300503,HARD|SOFT,False,2024-10-18T18:50:46.282000+00:00
2024-19,2024,19,gasly,1,19,16,94.375,0.825837054763783,94.375,6,98.3895,1.673555854086998,0.28487360367286235,HARD|SOFT,False,2024-10-18T18:50:46.282000+00:00
2024-19,2024,19,alonso,1,17,13,94.112,0.544860152560833,94.112,4,97.025,0.2635114188281445,0.5363566091213663,HARD|SOFT,False,2024-10-18T18:50:46.282000+00:00
2024-19,2024,19,tsunoda,1,16,13,94.313,0.759599153864232,94.313,6,99.96350000000001,3.300093004030175,0.06328024014479351,HARD|SOFT,False,2024-10-18T18:50:46.282000+00:00
2024-19,2024,19,stroll,1,14,12,94.619,1.0865152454007347,94.523,6,98.0715,1.3449416141366022,0.3364017943177035,HARD|SOFT,False,2024-10-18T18:50:46.282000+00:00
2024-19,2024,19,albon,1,20,17,94.618,1.0854468921604143,94.618,10,99.02250000000001,2.327684199648649,1.6653188894986608,HARD|SOFT,False,2024-10-18T18:50:46.282000+00:00
2024-19,2024,19,bottas,1,21,17,95.041,1.5373603128138211,95.041,7,99.736,3.064999483310937,-0.04332867341209748,MEDIUM|SOFT,False,2024-10-18T18:50:46.282000+00:00
2024-19,2024,19,ocon,1,20,17,94.806,1.286297301339708,94.609,13,98.228,1.506665288829166,0.3504796358019656,HARD|SOFT,False,2024-10-18T18:50:46.282000+00:00
2024-19,2024,19,zhou,1,9,7,97.219,3.864233670220711,97.219,4,101.061,4.434225483104264,0.09222152957124989,SOFT,False,2024-10-18T18:50:46.282000+00:00
2024-19,2024,19,hamilton,1,14,11,93.963,0.3856755197538407,93.963,0,,,,HARD|SOFT,False,2024-10-18T18:50:46.282000+00:00
2024-20,2024,20,sainz,1,18,9,76.832,0.4444909271557668,76.832,0,,,,SOFT,False,2024-10-26T18:52:11.567000+00:00
2024-20,2024,20,norris,1,15,10,76.551,0.07713224912408814,76.551,0,,,,SOFT,False,2024-10-26T18:52:11.567000+00:00
2024-20,2024,20,leclerc,1,21,12,77.232,0.9674214296919871,76.989,0,,,,SOFT,False,2024-10-26T18:52:11.567000+00:00
2024-20,2024,20,hamilton,1,14,10,77.06,0.7425613136014195,77.06,4,80.75200000000001,2.36284352499747,0.05523083019614407,SOFT,False,2024-10-26T18:52:11.567000+00:00
2024-20,2024,20,russell,1,22,15,77.341,1.1099199916330982,77.254,7,80.716,2.3172092079910613,-0.3493288638117416,SOFT,False,2024-10-26T18:52:11.567000+00:00
2024-20,2024,20,max_verstappen,1,22,16,77.003,0.6680437169900064,76.875,9,82.126,4.104553290741304,0.008990250752908243,SOFT,False,2024-10-26T18:52:11.567000+00:00
2024-20,2024,20,kevin_magnussen,1,17,14,77.474,1.2837943837264019,77.295,9,80.163,1.6162153939762594,2.6715072373934996,MEDIUM|SOFT,False,2024-10-26T18:52:11.567000+00:00
2024-20,2024,20,piastri,1,14,10,76.492,0.0,76.492,0,,,,SOFT,False,2024-10-26T18:52:11.567000+00:00
2024-20,2024,20,hulkenberg,1,17,14,77.819,1.734821942163884,77.151,10,80.7585,2.371083054456942,2.1925955340426273,MEDIUM|SOFT,False,2024-10-26T18:52:11.567000+00:00
2024-20,2024,20,gasly,1,17,12,78.454,2.5649741149401097,77.943,4,91.35,15.797079403711574,1.2681835952771863,MEDIUM|SOFT,False,2024-10-26T18:52:11.567000+00:00
2024-20,2024,20,stroll,1,22,16,77.9,1.840715368927471,77.813,10,80.7305,2.335589696785317,3.6641161729065668,HARD|SOFT,False,2024-10-26T18:52:11.567000+00:00
2024-20,2024,20,colapinto,1,13,9,77.712,1.5949380327354479,77.711,0,,,,MEDIUM|SOFT,False,2024-10-26T18:52:11.567000+00:00
2024-20,2024,20,ocon,1,16,13,78.324,2.3950217016158466,78.08,0,,,,MEDIUM|SOFT,False,2024-10-26T18:52:11.567000+00:00
2024-20,2024,20,bottas,1,21,13,77.639,1.4995032160225792,77.63900000000001,8,81.15,2.8673562519014304,0.2976077270736107,MEDIUM|SOFT,False,2024-10-26T18:52:11.567000+00:00
2024-20,2024,20,zhou,1,13,7,78.428,2.530983632275261,78.316,0,,,,MEDIUM|SOFT,False,2024-10-26T18:52:11.567000+00:00
2024-20,2024,20,lawson,1,20,13,77.494,1.3099409088532072,77.494,5,115.749,46.72573775479159,-7.3953122705163645,MEDIUM|SOFT,False,2024-10-26T18:52:11.567000+00:00
2024-20,2024,20,perez,1,16,11,77.787,1.6929875019609915,77.563,0,,,,SOFT,False,2024-10-26T18:52:11.567000+00:00
2024-20,2024,20,alonso,1,17,13,77.798,1.7073680907807316,77.364,6,80.66550000000001,2.2531944021904513,0.4352542288834739,HARD|SOFT,False,2024-10-26T18:52:11.567000+00:00
2024-20,2024,20,albon,1,16,10,77.511,1.332165455210991,77.511,5,78.888,0.0,3.055958425563611,MEDIUM|SOFT,False,2024-10-26T18:52:11.567000+00:00
2024-20,2024,20,tsunoda,1,17,8,77.302,1.058934267635834,77.224,0,,,,MEDIUM|SOFT,False,2024-10-26T18:52:11.567000+00:00
2024-21,2024,21,max_verstappen,1,27,20,71.712,1.5606854553179492,70.95400000000001,14,75.7615,2.78459889565724,-0.15077970609474173,MEDIUM|SOFT,False,2024-11-01T15:51:23.565000+00:00
2024-21,2024,21,ocon,1,23,18,71.827,1.7235519048293426,71.81,12,74.601,1.2101642947265543,-0.1883289531988966,MEDIUM|SOFT,False,2024-11-01T15:51:23.565000+00:00
2024-21,2024,21,gasly,1,24,19,71.216,0.8582353774252861,71.122,8,73.709,0.0,0.10540541495736755,MEDIUM|SOFT,False,2024-11-01T15:51:23.565000+00:00
2024-21,2024,21,russell,1,21,18,70.791,0.2563376292309834,70.791,10,74.555,1.1477567189895448,-0.014258336838983955,MEDIUM|SOFT,False,2024-11-01T15:51:23.565000+00:00
2024-21,2024,21,leclerc,1,28,23,71.038,0.6061464381815569,70.90700000000001,11,74.157,0.6077955202214022,0.7268247111284493,MEDIUM|SOFT,False,2024-11-01T15:51:23.565000+00:00
2024-21,2024,21,norris,1,26,19,70.61,0.0,70.545,5,74.456,1.0134447625120404,-1.9678711093901802,MEDIUM|SOFT,False,2024-11-01T15:51:23.565000+00:00
2024-21,2024,21,tsunoda,1,22,15,71.483,1.2363687862909003,71.483,7,76.284,3.493467554844053,-0.12776504340921424,MEDIUM|SOFT,False,2024-11-01T15:51:23.565000+00:00
2024-21,2024,21,piastri,1,27,20,70.95,0.48151819855545025,70.87,14,75.447,2.357921013716099,3.8514123683968786,MEDIUM|SOFT,False,2024-11-01T15:51:23.565000+00:00
2024-21,2024,21,lawson,1,22,15,71.301,0.9786149270641589,71.301,4,76.9825,4.441113025546403,0.30214659175787173,MEDIUM|SOFT,False,2024-11-01T15:51:23.565000+00:00
2024-21,2024,21,hamilton,1,26,23,71.754,1.6201671151395063,71.754,15,74.752,1.4150239455154623,0.6242714130494357,MEDIUM,False,2024-11-01T15:51:23.565000+00:00
2024-21,2024,21,perez,1,25,16,71.845,1.749044044752867,71.65,9,75.3,2.1584881086434407,0.09980079681274961,MEDIUM|SOFT,False,2024-11-01T15:51:23.565000+00:00
2024-21,2024,21,bearman,1,24,18,70.805,0.2761648491715159,70.805,8,75.4405,2.3491025519271687,0.32686882867522915,MEDIUM|SOFT,False,2024-11-01T15:51:23.565000+00:00
2024-21,2024,21,bottas,1,26,19,71.651,1.4742954255771092,71.65100000000001,7,75.606,2.573634155937526,0.010108797109830946,MEDIUM|SOFT,False,2024-11-01T15:51:23.565000+00:00
2024-21,2024,21,alonso,1,22,15,71.215,0.8568191474295482,71.215,7,74.104,0.5358911394809264,0.3661765696163735,MEDIUM|SOFT,False,2024-11-01T15:51:23.565000+00:00
2024-21,2024,21,zhou,1,22,18,72.883,3.2190907803427224,72.585,10,76.6585,4.001546622529135,-0.930008241463521,MEDIUM|SOFT,False,2024-11-01T15:51:23.565000+00:00
2024-21,2024,21,sainz,1,25,20,71.1,0.6939526979181346,70.992,5,73.744,0.047484025017293124,0.32616660594325453,MEDIUM|SOFT,False,2024-11-01T15:51:23.565000+00:00
2024-21,2024,21,colapinto,1,28,16,71.619,1.4289760657130723,71.548,9,76.191,3.367295716940942,-0.0006124957890921447,MEDIUM|SOFT,False,2024-11-01T15:51:23.565000+00:00
2024-21,2024,21,albon,1,24,14,70.955,0.48859934853420034,70.955,7,74.816,1.5018518769756735,-0.13089255163143493,MEDIUM|SOFT,False,2024-11-01T15:51:23.565000+00:00
2024-21,2024,21,stroll,1,23,17,71.783,1.6612377850162892,71.783,6,74.538,1.124693049695415,0.4512942583456946,MEDIUM|SOFT,False,2024-11-01T15:51:23.565000+00:00
2024-21,2024,21,hulkenberg,1,21,16,71.124,0.7279422178161674,71.072,4,75.0205,1.7792942517195935,0.48836175254954395,MEDIUM|SOFT,False,2024-11-01T15:51:23.565000+00:00
2024-22,2024,22,russell,1,11,9,93.57,0.0,93.57000000000001,0,,,,SOFT,False,2024-11-23T03:51:59.906000+00:00
2024-22,2024,22,hamilton,1,8,6,94.341,0.8239820455274136,94.235,4,95.137,0.0,-0.41471772286281805,HARD|SOFT,False,2024-11-23T03:51:59.906000+00:00
2024-22,2024,22,sainz,1,12,8,93.918,0.37191407502406026,93.918,0,,,,SOFT,False,2024-11-23T03:51:59.906000+00:00
2024-22,2024,22,leclerc,1,11,7,94.941,1.4652132093619852,94.508,0,,,,SOFT,False,2024-11-23T03:51:59.906000+00:00
2024-22,2024,22,max_verstappen,1,13,11,94.137,0.6059634498236692,94.137,7,101.235,6.409703900690582,0.3938502353082186,MEDIUM|SOFT,False,2024-11-23T03:51:59.906000+00:00
2024-22,2024,22,norris,1,10,7,94.008,0.4680987495992331,94.00800000000001,4,100.78800000000001,5.939855156248369,-0.8394990333316215,SOFT,False,2024-11-23T03:51:59.906000+00:00
2024-22,2024,22,piastri,1,10,8,93.785,0.22977450037405517,93.785,0,,,,SOFT,False,2024-11-23T03:51:59.906000+00:00
2024-22,2024,22,hulkenberg,1,11,8,94.908,1.4299454953510826,94.136,5,95.541,0.4246507667889426,-2.7353033848259383,SOFT,False,2024-11-23T03:51:59.906000+00:00
2024-22,2024,22,tsunoda,1,13,10,96.215,2.82676071390404,96.123,5,97.517,2.5016555073210167,0.8553259793616637,HARD|SOFT,False,2024-11-23T03:51:59.906000+00:00
2024-22,2024,22,perez,1,15,13,95.061,1.5934594421289023,95.005,9,101.645,6.840661362035797,0.10041484250742225,MEDIUM|SOFT,False,2024-11-23T03:51:59.906000+00:00
2024-22,2024,22,alonso,1,11,7,95.938,2.5307256599337493,95.093,0,,,,HARD|MEDIUM|SOFT,False,2024-11-23T03:51:59.906000+00:00
2024-22,2024,22,kevin_magnussen,1,9,6,94.883,1.4032275301913033,94.471,0,,,,SOFT,False,2024-11-23T03:51:59.906000+00:00
2024-22,2024,22,zhou,1,10,7,96.988,3.652880196644231,96.743,0,,,,SOFT,False,2024-11-23T03:51:59.906000+00:00
2024-22,2024,22,colapinto,1,10,9,94.723,1.232232553168757,94.684,4,96.103,1.0153778235597024,-2.344730062748702,SOFT,False,2024-11-23T03:51:59.906000+00:00
2024-22,2024,22,stroll,1,9,6,96.95,3.6122688896013786,96.95,4,97.6485,2.6398772296793025,-2.05378631051549,HARD|MEDIUM|SOFT,False,2024-11-23T03:51:59.906000+00:00
2024-22,2024,22,lawson,1,13,10,96.544,3.1783691354066517,95.596,5,97.557,2.5437001376961663,-0.8567224114382668,HARD|SOFT,False,2024-11-23T03:51:59.906000+00:00
2024-22,2024,22,ocon,1,10,8,95.46,2.0198781660788723,94.994,5,96.239,1.1583295668351996,-2.776995429689573,SOFT,False,2024-11-23T03:51:59.906000+00:00
2024-22,2024,22,bottas,1,10,7,96.412,3.037298279363058,95.25399999999999,4,97.31450000000001,2.2888045660468683,-1.621041545274612,SOFT,False,2024-11-23T03:51:59.906000+00:00
2024-22,2024,22,albon,1,11,9,94.407,0.8945174735492181,94.407,5,96.622,1.5609069026771913,-0.018350654334173308,SOFT,False,2024-11-23T03:51:59.906000+00:00
2024-22,2024,22,gasly,1,11,9,94.905,1.42673933953191,94.733,5,95.776,0.6716629702429084,-2.660951210719751,SOFT,False,2024-11-23T03:51:59.906000+00:00
2024-23,2024,23,max_verstappen,1,22,16,83.213,1.537466596707858,83.212,10,88.149,4.2356947745574605,-0.3306660176278654,MEDIUM|SOFT,False,2024-11-29T14:51:23.851000+00:00
2024-23,2024,23,leclerc,1,26,19,81.953,0.0,81.953,10,85.4425,1.0352738065675766,-0.43219118684933655,HARD|MEDIUM|SOFT,False,2024-11-29T14:51:23.851000+00:00
2024-23,2024,23,piastri,1,23,18,82.425,0.5759398679730995,82.425,9,84.567,0.0,-0.2335330985891336,MEDIUM|SOFT,False,2024-11-29T14:51:23.851000+00:00
2024-23,2024,23,russell,1,19,17,83.16,1.4727953827193556,83.16,10,86.2815,2.0273865692291335,-0.3591204898553511,MEDIUM|SOFT,False,2024-11-29T14:51:23.851000+00:00
2024-23,2024,23,gasly,1,25,20,83.62,2.034092711676206,83.491,8,85.89099999999999,1.5656225241524448,0.11359912979406993,MEDIUM,False,2024-11-29T14:51:23.851000+00:00
2024-23,2024,23,sainz,1,27,20,82.535,0.7101631422888651,82.535,11,85.506,1.110362198020513,-0.2222343846963113,HARD|MEDIUM|SOFT,False,2024-11-29T14:51:23.851000+00:00
2024-23,2024,23,alonso,1,19,16,83.227,1.5545495588935132,83.227,9,85.981,1.6720470159755005,0.8502048113998333,MEDIUM|SOFT,False,2024-11-29T14:51:23.851000+00:00
2024-23,2024,23,zhou,1,23,19,83.88,2.3513477236952793,83.777,11,88.25,4.3551267042699955,-0.5637830861884751,MEDIUM|SOFT,False,2024-11-29T14:51:23.851000+00:00
2024-23,2024,23,kevin_magnussen,1,22,19,83.715,2.1500128122216395,83.567,11,86.342,2.0989274776213014,-0.9549920693193521,MEDIUM|SOFT,False,2024-11-29T14:51:23.851000+00:00
2024-23,2024,23,norris,1,20,16,82.378,0.5185899234927301,82.378,6,85.524,1.131647096385124,0.1094763708766855,MEDIUM|SOFT,False,2024-11-29T14:51:23.851000+00:00
2024-23,2024,23,bottas,1,26,21,83.064,1.3556550705892279,83.05,11,86.303,2.0528101978313105,1.0824306716250849,MEDIUM|SOFT,False,2024-11-29T14:51:23.851000+00:00
2024-23,2024,23,hamilton,1,19,16,83.188,1.506961307090649,83.188,12,86.59049999999999,2.3927773244882737,-0.3465160868239637,MEDIUM|SOFT,False,2024-11-29T14:51:23.851000+00:00
2024-23,2024,23,tsunoda,1,24,17,83.045,1.3324710504801516,83.045,7,87.86,3.8939539063701045,-0.5214871061103702,MEDIUM|SOFT,False,2024-11-29T14:51:23.851000+00:00
2024-23,2024,23,lawson,1,25,21,83.562,1.9633204397642485,83.44999999999999,11,87.648,3.643265103409135,0.5485510460872915,MEDIUM|SOFT,False,2024-11-29T14:51:23.851000+00:00
2024-23,2024,23,albon,1,25,18,83.161,1.4740155943040503,83.072,12,86.2355,1.9729918289640274,-0.4334358467820265,HARD|SOFT,False,2024-11-29T14:51:23.851000+00:00
2024-23,2024,23,hulkenberg,1,23,19,83.245,1.5765133674179124,83.128,9,86.031,1.7311717336549872,-0.007476674762025145,MEDIUM|SOFT,False,2024-11-29T14:51:23.851000+00:00
2024-23,2024,23,perez,1,21,16,84.039,2.5453613656608036,83.845,8,88.20150000000001,4.297775728120919,-0.23898200629889418,MEDIUM|SOFT,False,2024-11-29T14:51:23.851000+00:00
2024-23,2024,23,stroll,1,19,16,83.099,1.3983624760533486,83.099,10,85.779,1.4331831565504316,-0.29172940642471235,MEDIUM|SOFT,False,2024-11-29T14:51:23.851000+00:00
2024-23,2024,23,colapinto,1,25,19,84.2,2.7418154307957,84.2,12,87.30449999999999,3.237078292951148,-0.5155581607765412,HARD|SOFT,False,2024-11-29T14:51:23.851000+00:00
2024-23,2024,23,ocon,1,18,13,84.28,2.8394323575708005,83.962,4,86.4255,2.197665756146022,-0.7109012964923538,MEDIUM|SOFT,False,2024-11-29T14:51:23.851000+00:00
2024-24,2024,24,norris,1,10,5,83.626,0.23132333728860022,83.626,0,,,,SOFT,False,2024-12-07T11:51:27.480000+00:00
2024-24,2024,24,sainz,1,16,13,83.871,0.5249721333285249,83.719,8,87.211,0.0,4.400421322855872,MEDIUM|SOFT,False,2024-12-07T11:51:27.480000+00:00
2024-24,2024,24,leclerc,1,16,13,84.098,0.7970467321083887,84.076,5,127.104,45.74308286798684,6.308624050787944,SOFT,False,2024-12-07T11:51:27.480000+00:00
2024-24,2024,24,hamilton,1,10,8,83.823,0.4674409406349842,83.82300000000001,0,,,,SOFT,False,2024-12-07T11:51:27.480000+00:00
2024-24,2024,24,russell,1,11,9,84.075,0.7694797022760729,84.062,5,140.074,60.61506002683149,6.678149657574814,SOFT,False,2024-12-07T11:51:27.480000+00:00
2024-24,2024,24,max_verstappen,1,12,8,83.844,0.4926108374384082,83.844,0,,,,MEDIUM|SOFT,False,2024-12-07T11:51:27.480000+00:00
2024-24,2024,24,gasly,1,11,7,84.408,1.1686023515874944,84.294,0,,,,SOFT,False,2024-12-07T11:51:27.480000+00:00
2024-24,2024,24,hulkenberg,1,9,5,84.093,0.7910538995361507,84.093,0,,,,SOFT,False,2024-12-07T11:51:27.480000+00:00
2024-24,2024,24,alonso,1,12,7,84.453,1.222537844737689,84.453,0,,,,MEDIUM|SOFT,False,2024-12-07T11:51:27.480000+00:00
2024-24,2024,24,piastri,1,12,6,83.433,0.0,83.285,0,,,,SOFT,False,2024-12-07T11:51:27.480000+00:00
2024-24,2024,24,albon,1,10,6,84.378,1.1326453561540315,84.378,0,,,,SOFT,False,2024-12-07T11:51:27.480000+00:00
2024-24,2024,24,tsunoda,1,15,13,84.343,1.0906955281483306,84.343,5,123.165,41.22645079175793,3.3757292908960115,HARD|SOFT,False,2024-12-07T11:51:27.480000+00:00
2024-24,2024,24,zhou,1,8,7,84.668,1.4802296453441677,84.667,0,,,,SOFT,False,2024-12-07T11:51:27.480000+00:00
2024-24,2024,24,stroll,1,14,10,84.531,1.3160260328646927,84.38,0,,,,MEDIUM|SOFT,False,2024-12-07T11:51:27.480000+00:00
2024-24,2024,24,doohan,1,12,7,84.434,1.1997650809631566,84.386,0,,,,SOFT,False,2024-12-07T11:51:27.480000+00:00
2024-24,2024,24,kevin_magnussen,1,9,6,84.094,0.792252466050588,83.957,0,,,,SOFT,False,2024-12-07T11:51:27.480000+00:00
2024-24,2024,24,lawson,1,16,13,84.519,1.3016432346913072,84.469,6,99.258,13.81362442811113,0.803666555121302,HARD|SOFT,False,2024-12-07T11:51:27.480000+00:00
2024-24,2024,24,bottas,1,11,7,84.479,1.2537005741133511,84.467,0,,,,SOFT,False,2024-12-07T11:51:27.480000+00:00
2024-24,2024,24,colapinto,1,11,5,84.766,1.597689163760141,84.559,0,,,,SOFT,False,2024-12-07T11:51:27.480000+00:00
2024-24,2024,24,perez,1,11,9,84.283,1.0187815372814044,84.156,0,,,,SOFT,False,2024-12-07T11:51:27.480000+00:00
2025-01,2025,1,norris,1,15,9,76.597,0.8903992307793466,75.729,0,,,,SOFT,False,2025-03-15T02:47:32.284000+00:00
2025-01,2025,1,max_verstappen,1,11,5,76.002,0.10668984865845926,76.002,0,,,,SOFT,False,2025-03-15T02:47:32.284000+00:00
2025-01,2025,1,russell,1,11,4,75.96,0.05136918639110031,75.96,0,,,,SOFT,False,2025-03-15T02:47:32.284000+00:00
2025-01,2025,1,antonelli,1,13,7,76.206,0.37539020824277414,76.158,0,,,,SOFT,False,2025-03-15T02:47:32.284000+00:00
2025-01,2025,1,albon,1,18,11,76.258,0.4438824567642537,76.181,0,,,,HARD|SOFT,False,2025-03-15T02:47:32.284000+00:00
2025-01,2025,1,stroll,1,17,14,76.948,1.352721908299399,76.932,5,108.37,0.0,2.3226907815816245,HARD|SOFT,False,2025-03-15T02:47:32.284000+00:00
2025-01,2025,1,hulkenberg,1,12,6,77.146,1.613519316131234,77.079,0,,,,SOFT,False,2025-03-15T02:47:32.284000+00:00
2025-01,2025,1,leclerc,1,14,6,76.188,0.35168135298533465,76.045,0,,,,SOFT,False,2025-03-15T02:47:32.284000+00:00
2025-01,2025,1,piastri,1,12,9,75.921,0.0,75.854,0,,,,SOFT,False,2025-03-15T02:47:32.284000+00:00
2025-01,2025,1,hamilton,1,15,10,76.378,0.6019414918138507,76.378,0,,,,HARD|SOFT,False,2025-03-15T02:47:32.284000+00:00
2025-01,2025,1,gasly,1,15,10,76.719,1.0510925830797637,76.569,0,,,,HARD|SOFT,False,2025-03-15T02:47:32.284000+00:00
2025-01,2025,1,tsunoda,1,13,10,76.455,0.7033627059706693,76.44800000000001,0,,,,HARD|SOFT,False,2025-03-15T02:47:32.284000+00:00
2025-01,2025,1,ocon,1,15,10,77.373,1.9125143241000488,77.373,0,,,,SOFT,False,2025-03-15T02:47:32.284000+00:00
2025-01,2025,1,bearman,0,0,0,,,,0,,,,,True,2025-03-15T02:47:32.284000+00:00
2025-01,2025,1,lawson,1,1,0,106.861,40.752887870286216,106.861,0,,,,SOFT,False,2025-03-15T02:47:32.284000+00:00
2025-01,2025,1,bortoleto,1,14,6,76.707,1.0352866795748044,76.70700000000001,0,,,,SOFT,False,2025-03-15T02:47:32.284000+00:00
2025-01,2025,1,alonso,1,17,10,77.27,1.7768469856824718,77.24,0,,,,HARD|SOFT,False,2025-03-15T02:47:32.284000+00:00
2025-01,2025,1,sainz,1,19,12,76.252,0.43597950501177385,76.223,0,,,,HARD|SOFT,False,2025-03-15T02:47:32.284000+00:00
2025-01,2025,1,doohan,1,13,6,76.993,1.4119940464429979,76.892,0,,,,SOFT,False,2025-03-15T02:47:32.284000+00:00
2025-01,2025,1,hadjar,1,13,9,76.732,1.068215645210143,76.685,0,,,,HARD|SOFT,False,2025-03-15T02:47:32.284000+00:00
2025-02,2025,2,piastri,1,16,15,92.153,0.7092586116453935,91.812,7,96.821,3.0794700224106615,0.6327207500201943,MEDIUM|SOFT,False,2025-03-21T04:52:03.764000+00:00
2025-02,2025,2,norris,1,18,15,91.504,0.0,91.27199999999999,6,96.8255,3.0842609005786374,0.4353782245969739,MEDIUM|SOFT,False,2025-03-21T04:52:03.764000+00:00
2025-02,2025,2,russell,1,19,15,92.377,0.954056653261049,92.206,12,95.7265,1.9142219880015137,0.02194363411498379,MEDIUM|SOFT,False,2025-03-21T04:52:03.764000+00:00
2025-02,2025,2,max_verstappen,1,19,15,93.284,1.9452701521244984,92.69500000000001,9,98.266,4.617874234124899,0.2889096940956179,MEDIUM|SOFT,False,2025-03-21T04:52:03.764000+00:00
2025-02,2025,2,ocon,1,15,13,93.056,1.6961007169085422,92.846,9,96.634,2.880382418541764,0.2129970702808589,MEDIUM|SOFT,False,2025-03-21T04:52:03.764000+00:00
2025-02,2025,2,antonelli,1,22,19,92.874,1.4972023080958103,92.759,15,96.798,3.0549833117743836,-0.41595923964288795,MEDIUM|SOFT,False,2025-03-21T04:52:03.764000+00:00
2025-02,2025,2,albon,1,18,14,92.687,1.2928396572827339,92.687,9,96.439,2.672777697929801,0.023332820898177342,MEDIUM|SOFT,False,2025-03-21T04:52:03.764000+00:00
2025-02,2025,2,bearman,1,19,16,92.967,1.5988372093023187,92.963,10,97.5325,3.836961092746077,-0.35733951243607864,MEDIUM|SOFT,False,2025-03-21T04:52:03.764000+00:00
2025-02,2025,2,stroll,1,14,11,92.984,1.6174156321035034,92.98400000000001,4,97.70150000000001,4.016885183943117,1.156759546753564,MEDIUM|SOFT,False,2025-03-21T04:52:03.764000+00:00
2025-02,2025,2,sainz,1,20,15,93.145,1.7933642245147656,93.145,10,96.887,3.149736235540864,0.011018196204385988,MEDIUM|SOFT,False,2025-03-21T04:52:03.764000+00:00
2025-02,2025,2,hadjar,1,16,13,93.385,2.0556478405315617,93.257,5,97.7,4.015288224553786,-0.7896622313203782,MEDIUM|SOFT,False,2025-03-21T04:52:03.764000+00:00
2025-02,2025,2,lawson,1,19,16,93.631,2.324488546948762,93.588,11,98.09,4.430497665777697,-0.9261331295410332,MEDIUM|SOFT,False,2025-03-21T04:52:03.764000+00:00
2025-02,2025,2,doohan,1,11,10,93.923,2.6436002797691867,93.70400000000001,9,96.731,2.9836524590512945,0.08934525530117526,MEDIUM,False,2025-03-21T04:52:03.764000+00:00
2025-02,2025,2,bortoleto,1,16,14,93.822,2.5332225913621236,93.822,7,98.501,4.868064538452126,0.5180376617777692,MEDIUM|SOFT,False,2025-03-21T04:52:03.764000+00:00
2025-02,2025,2,hulkenberg,1,17,12,92.507,1.096126945270152,92.507,0,,,,MEDIUM|SOFT,False,2025-03-21T04:52:03.764000+00:00
2025-02,2025,2,tsunoda,1,16,14,92.934,1.5627732121000093,92.934,8,96.858,3.1188616873472954,-0.03934070247837515,MEDIUM|SOFT,False,2025-03-21T04:52:03.764000+00:00
2025-02,2025,2,alonso,1,17,12,92.766,1.3791746808882677,92.766,5,96.383,2.613157880728422,0.5904652356827566,MEDIUM|SOFT,False,2025-03-21T04:52:03.764000+00:00
2025-02,2025,2,leclerc,1,13,10,91.958,0.4961531736317467,91.86099999999999,4,93.9285,0.0,-0.5867761116168186,MEDIUM|SOFT,False,2025-03-21T04:52:03.764000+00:00
2025-02,2025,2,hamilton,1,12,10,92.195,0.7551582444483173,92.195,8,96.108,2.320381992685931,-0.22606308961647234,MEDIUM|SOFT,False,2025-03-21T04:52:03.764000+00:00
2025-02,2025,2,gasly,1,17,12,93.123,1.7693215597132363,93.043,6,96.815,3.0730821848533703,0.6958484886491851,MEDIUM|SOFT,False,2025-03-21T04:52:03.764000+00:00
2025-03,2025,3,max_verstappen,1,13,12,88.497,0.6047859944295987,88.443,9,94.093,4.596589519553575,0.060206391548783614,HARD|SOFT,False,2025-04-05T03:46:08.923000+00:00
2025-03,2025,3,norris,1,13,12,87.965,0.0,87.94,10,95.298,5.9361035149736585,-4.109904137754486,SOFT,False,2025-04-05T03:46:08.923000+00:00
2025-03,2025,3,piastri,1,12,10,87.991,0.02955721025407406,87.904,6,89.958,0.0,0.29297986119013236,SOFT,False,2025-04-05T03:46:08.923000+00:00
2025-03,2025,3,leclerc,1,7,5,88.414,0.5104302847723504,88.35400000000001,0,,,,SOFT,False,2025-04-05T03:46:08.923000+00:00
2025-03,2025,3,russell,1,8,5,88.077,0.12732336724833146,88.077,0,,,,SOFT,False,2025-04-05T03:46:08.923000+00:00
2025-03,2025,3,antonelli,1,14,12,89.126,1.319843119422499,89.126,7,92.921,3.293759309900185,-0.005457785184648669,MEDIUM|SOFT,False,2025-04-05T03:46:08.923000+00:00
2025-03,2025,3,hamilton,1,7,4,88.524,0.6354800204626811,88.436,0,,,,SOFT,False,2025-04-05T03:46:08.923000+00:00
2025-03,2025,3,hadjar,1,11,7,88.786,0.9333257545614709,88.786,0,,,,HARD|MEDIUM|SOFT,False,2025-04-05T03:46:08.923000+00:00
2025-03,2025,3,albon,1,14,11,88.554,0.6695844938327729,88.554,7,91.864,2.1187665354943483,0.057511067679523714,MEDIUM|SOFT,False,2025-04-05T03:46:08.923000+00:00
2025-03,2025,3,bearman,1,11,9,90.084,2.408912635707383,90.084,7,94.905,5.499232975388518,-0.3153529469318932,HARD,False,2025-04-05T03:46:08.923000+00:00
2025-03,2025,3,alonso,1,12,10,89.772,2.054226112658446,89.58,5,92.383,2.6957024389159354,0.5625669400389874,MEDIUM,False,2025-04-05T03:46:08.923000+00:00
2025-03,2025,3,tsunoda,1,6,5,88.785,0.9321889387824625,88.785,0,,,,HARD|SOFT,False,2025-04-05T03:46:08.923000+00:00
2025-03,2025,3,gasly,1,10,6,88.603,0.7252884670039118,88.603,0,,,,MEDIUM|SOFT,False,2025-04-05T03:46:08.923000+00:00
2025-03,2025,3,sainz,1,15,13,88.846,1.0015347013016545,88.846,6,91.513,1.728584450521362,-0.11707938450587517,HARD|SOFT,False,2025-04-05T03:46:08.923000+00:00
2025-03,2025,3,doohan,1,9,8,89.767,2.04854203376342,89.767,0,,,,SOFT,False,2025-04-05T03:46:08.923000+00:00
2025-03,2025,3,hulkenberg,1,11,9,90.621,3.0193827090319916,90.621,7,93.868,4.346472798417035,0.016284265442654582,MEDIUM|UNKNOWN,False,2025-04-05T03:46:08.923000+00:00
2025-03,2025,3,lawson,1,15,11,89.104,1.2948331722844264,89.104,8,94.9445,5.54314235532138,-0.06556461933023473,MEDIUM|SOFT,False,2025-04-05T03:46:08.923000+00:00
2025-03,2025,3,ocon,1,12,10,90.183,2.521457397828686,90.18299999999999,7,94.895,5.488116676671333,-0.06183526152966374,HARD,False,2025-04-05T03:46:08.923000+00:00
2025-03,2025,3,bortoleto,1,8,5,90.134,2.465753424657531,89.413,0,,,,MEDIUM|SOFT,False,2025-04-05T03:46:08.923000+00:00
2025-03,2025,3,stroll,1,12,9,90.267,2.6169499232649263,90.057,4,102.5685,14.018208497298742,-4.090033211254642,HARD|MEDIUM,False,2025-04-05T03:46:08.923000+00:00
2025-04,2025,4,piastri,1,9,4,91.646,0.0,91.646,0,,,,SOFT,False,2025-04-12T13:51:37.283000+00:00
2025-04,2025,4,russell,1,6,4,92.827,1.288654169303622,92.827,0,,,,MEDIUM|SOFT,False,2025-04-12T13:51:37.283000+00:00
2025-04,2025,4,norris,1,12,6,92.314,0.7288916046526768,92.314,0,,,,SOFT,False,2025-04-12T13:51:37.283000+00:00
2025-04,2025,4,leclerc,1,11,8,92.48,0.9100233507190747,92.47999999999999,0,,,,SOFT,False,2025-04-12T13:51:37.283000+00:00
2025-04,2025,4,hamilton,1,11,6,93.111,1.5985422167906982,93.042,0,,,,SOFT,False,2025-04-12T13:51:37.283000+00:00
2025-04,2025,4,max_verstappen,1,8,4,93.027,1.5068851886607164,93.027,0,,,,SOFT,False,2025-04-12T13:51:37.283000+00:00
2025-04,2025,4,gasly,1,8,8,92.974,1.4490539685310901,92.833,4,132.404,31.068412872825895,2.0149693362738406,MEDIUM|SOFT,False,2025-04-12T13:51:37.283000+00:00
2025-04,2025,4,ocon,1,11,7,93.24,1.739301224276012,93.24,0,,,,HARD|SOFT,False,2025-04-12T13:51:37.283000+00:00
2025-04,2025,4,tsunoda,1,9,5,94.965,3.621543766230935,94.965,0,,,,HARD|SOFT,False,2025-04-12T13:51:37.283000+00:00
2025-04,2025,4,bearman,1,11,8,94.335,2.9341160552560863,94.33500000000001,4,101.019,0.0,-0.10532672071591687,HARD|SOFT,False,2025-04-12T13:51:37.283000+00:00
2025-04,2025,4,antonelli,1,7,4,92.916,1.3857669729175262,92.916,0,,,,MEDIUM|SOFT,False,2025-04-12T13:51:37.283000+00:00
2025-04,2025,4,albon,1,8,5,93.753,2.2990637889269574,93.601,0,,,,HARD|SOFT,False,2025-04-12T13:51:37.283000+00:00
2025-04,2025,4,hadjar,1,11,5,93.023,1.5025205682735692,93.023,0,,,,MEDIUM|SOFT,False,2025-04-12T13:51:37.283000+00:00
2025-04,2025,4,doohan,1,9,6,93.347,1.8560548196320554,93.033,0,,,,MEDIUM|SOFT,False,2025-04-12T13:51:37.283000+00:00
2025-04,2025,4,alonso,1,13,7,93.548,2.0753769940859406,93.45599999999999,0,,,,SOFT,False,2025-04-12T13:51:37.283000+00:00
2025-04,2025,4,lawson,1,8,5,93.37,1.881151386858132,93.37,0,,,,MEDIUM|SOFT,False,2025-04-12T13:51:37.283000+00:00
2025-04,2025,4,stroll,1,9,6,94.363,2.9646683979660855,93.965,0,,,,SOFT,False,2025-04-12T13:51:37.283000+00:00
2025-04,2025,4,bortoleto,1,8,4,94.518,3.1337974379678326,94.393,0,,,,SOFT,False,2025-04-12T13:51:37.283000+00:00
2025-04,2025,4,sainz,1,9,5,93.092,1.5778102699517687,93.092,0,,,,HARD|SOFT,False,2025-04-12T13:51:37.283000+00:00
2025-04,2025,4,hulkenberg,1,4,2,94.636,3.262553739388511,94.636,0,,,,SOFT,False,2025-04-12T13:51:37.283000+00:00
2025-05,2025,5,piastri,1,15,7,87.513,0.027432020025375654,87.49,0,,,,SOFT,False,2025-04-19T14:51:51.647000+00:00
2025-05,2025,5,max_verstappen,1,9,6,88.334,0.9658357050600634,88.264,0,,,,SOFT,False,2025-04-19T14:51:51.647000+00:00
2025-05,2025,5,leclerc,1,11,8,88.372,1.0092697367669026,88.372,0,,,,SOFT,False,2025-04-19T14:51:51.647000+00:00
2025-05,2025,5,norris,1,11,8,87.489,0.0,87.393,0,,,,SOFT,False,2025-04-19T14:51:51.647000+00:00
2025-05,2025,5,russell,1,9,4,88.116,0.7166615231629065,88.098,0,,,,SOFT,False,2025-04-19T14:51:51.647000+00:00
2025-05,2025,5,antonelli,1,12,6,88.679,1.3601709929248222,88.589,0,,,,SOFT,False,2025-04-19T14:51:51.647000+00:00
2025-05,2025,5,hamilton,1,10,6,88.78,1.4756140771982726,88.753,0,,,,SOFT,False,2025-04-19T14:51:51.647000+00:00
2025-05,2025,5,sainz,1,10,6,88.57,1.2355839019762358,88.57,0,,,,SOFT,False,2025-04-19T14:51:51.647000+00:00
2025-05,2025,5,albon,1,11,6,88.389,1.0287007509515385,88.38900000000001,0,,,,SOFT,False,2025-04-19T14:51:51.647000+00:00
2025-05,2025,5,hadjar,1,11,7,88.769,1.463041068019981,88.769,4,109.101,17.24230570839065,6.347853299760249,SOFT,False,2025-04-19T14:51:51.647000+00:00
2025-05,2025,5,alonso,1,12,6,88.888,1.5990581673124633,88.888,0,,,,HARD|MEDIUM|SOFT,False,2025-04-19T14:51:51.647000+00:00
2025-05,2025,5,lawson,1,12,6,88.861,1.5681971447839154,88.806,0,,,,SOFT,False,2025-04-19T14:51:51.647000+00:00
2025-05,2025,5,bearman,1,8,5,88.989,1.7145012515859135,88.982,0,,,,SOFT,False,2025-04-19T14:51:51.647000+00:00
2025-05,2025,5,ocon,1,15,10,89.336,2.1111225411194483,89.336,5,95.134,2.2330639614855605,-0.18952214770744782,SOFT,False,2025-04-19T14:51:51.647000+00:00
2025-05,2025,5,hulkenberg,1,10,5,89.22,1.9785344443301383,89.191,0,,,,SOFT,False,2025-04-19T14:51:51.647000+00:00
2025-05,2025,5,stroll,1,10,6,89.478,2.27342865960291,89.334,0,,,,HARD|MEDIUM|SOFT,False,2025-04-19T14:51:51.647000+00:00
2025-05,2025,5,doohan,1,12,8,88.898,1.6104881756563587,88.885,0,,,,SOFT,False,2025-04-19T14:51:51.647000+00:00
2025-05,2025,5,bortoleto,1,16,13,89.41,2.1957046028643514,89.41,9,93.056,0.0,-0.00587496674506445,MEDIUM|SOFT,False,2025-04-19T14:51:51.647000+00:00
2025-05,2025,5,tsunoda,1,10,7,88.67,1.3498839854153062,88.664,0,,,,SOFT,False,2025-04-19T14:51:51.647000+00:00
2025-05,2025,5,gasly,1,8,5,88.625,1.298448947867727,88.625,0,,,,SOFT,False,2025-04-19T14:51:51.647000+00:00
2025-06,2025,6,piastri,1,17,14,87.128,0.0,87.128,6,90.43,1.0594309470061103,0.12849718013932646,MEDIUM|SOFT,False,2025-05-02T17:50:02.046000+00:00
2025-06,2025,6,norris,1,16,13,88.391,1.4495914057478712,88.288,6,90.6365,1.2902036163697714,0.1968756256812477,MEDIUM,False,2025-05-02T17:50:02.046000+00:00
2025-06,2025,6,russell,1,21,20,88.058,1.0673950968689823,87.778,16,91.70750000000001,2.487092376120349,0.0006751003429988041,MEDIUM,False,2025-05-02T17:50:02.046000+00:00
2025-06,2025,6,max_verstappen,1,14,11,87.558,0.493526765218996,87.55799999999999,7,92.102,2.9279631657763625,0.011322850131999185,MEDIUM|SOFT,False,2025-05-02T17:50:02.046000+00:00
2025-06,2025,6,albon,1,18,12,87.955,0.9491782205490752,87.955,6,91.17750000000001,1.8947944838068103,0.2606846143902936,MEDIUM|SOFT,False,2025-05-02T17:50:02.046000+00:00
2025-06,2025,6,antonelli,1,22,18,88.227,1.261362592966674,88.181,13,91.838,2.632931762812627,-0.06307727732812803,MEDIUM,False,2025-05-02T17:50:02.046000+00:00
2025-06,2025,6,leclerc,1,16,14,87.484,0.40859425213478395,87.484,10,90.30449999999999,0.9191792762790181,0.07999291536040196,MEDIUM|SOFT,False,2025-05-02T17:50:02.046000+00:00
2025-06,2025,6,hamilton,1,11,9,88.556,1.6389679551923577,88.28399999999999,9,89.482,0.0,0.25820180912094326,MEDIUM,False,2025-05-02T17:50:02.046000+00:00
2025-06,2025,6,sainz,1,17,13,87.678,0.6312551648149816,87.632,6,91.43799999999999,2.185914485594856,0.05108848150033741,MEDIUM|SOFT,False,2025-05-02T17:50:02.046000+00:00
2025-06,2025,6,tsunoda,1,13,11,88.155,1.1787255532090728,88.155,7,93.101,4.044388815627724,-0.03755522036744033,MEDIUM|SOFT,False,2025-05-02T17:50:02.046000+00:00
2025-06,2025,6,hadjar,1,20,17,87.968,0.9640987971719808,87.96799999999999,11,92.289,3.136943742875665,-0.3865571720295621,HARD|SOFT,False,2025-05-02T17:50:02.046000+00:00
2025-06,2025,6,ocon,1,12,10,89.179,2.354007896428246,89.179,6,91.77850000000001,2.5664379428265,0.22400204218385927,MEDIUM,False,2025-05-02T17:50:02.046000+00:00
2025-06,2025,6,gasly,1,17,15,89.084,2.24497291341475,88.916,7,91.773,2.5602914552647427,0.3885588411222874,MEDIUM,False,2025-05-02T17:50:02.046000+00:00
2025-06,2025,6,hulkenberg,1,6,4,88.573,1.6584794784684522,88.503,0,,,,MEDIUM|SOFT,False,2025-05-02T17:50:02.046000+00:00
2025-06,2025,6,alonso,1,19,13,88.243,1.2797263795794636,88.243,5,92.035,2.8530877718423784,0.6278310689675979,MEDIUM|SOFT,False,2025-05-02T17:50:02.046000+00:00
2025-06,2025,6,stroll,1,14,11,89.362,2.564043705812132,88.716,5,91.384,2.125567153170471,0.4005171810050486,MEDIUM|SOFT,False,2025-05-02T17:50:02.046000+00:00
2025-06,2025,6,lawson,1,16,13,88.374,1.4300798824717602,88.374,10,92.325,3.1771752978252645,-0.34476414010342005,HARD|SOFT,False,2025-05-02T17:50:02.046000+00:00
2025-06,2025,6,bortoleto,1,15,11,88.771,1.8857313378018554,88.771,5,92.278,3.124650767752181,-0.038795812653067696,MEDIUM|SOFT,False,2025-05-02T17:50:02.046000+00:00
2025-06,2025,6,bearman,1,14,12,88.996,2.1439720870443426,88.99600000000001,9,92.05,2.8698509197380457,-0.022035125837406487,MEDIUM,False,2025-05-02T17:50:02.046000+00:00
2025-06,2025,6,doohan,1,17,15,89.357,2.5583050224956376,89.251,11,91.613,2.3814845443776407,-0.058933621622758184,MEDIUM,False,2025-05-02T17:50:02.046000+00:00
2025-07,2025,7,max_verstappen,1,13,7,75.078,0.24166522023578696,74.83500000000001,0,,,,MEDIUM|SOFT,False,2025-05-17T11:49:14.471000+00:00
2025-07,2025,7,norris,1,15,8,74.897,0.0,74.762,0,,,,MEDIUM|SOFT,False,2025-05-17T11:49:14.471000+00:00
2025-07,2025,7,piastri,1,15,11,74.997,0.13351669626286009,74.898,4,76.5135,0.1826537827009168,0.39451488019387654,MEDIUM|SOFT,False,2025-05-17T11:49:14.471000+00:00
2025-07,2025,7,hamilton,1,19,13,75.787,1.188298596739523,75.469,4,77.368,1.3014900358760833,-0.678962878709531,MEDIUM|SOFT,False,2025-05-17T11:49:14.471000+00:00
2025-07,2025,7,albon,1,17,12,75.732,1.1148644137949366,75.592,4,76.374,0.0,-2.1934166077460846,MEDIUM|SOFT,False,2025-05-17T11:49:14.471000+00:00
2025-07,2025,7,leclerc,1,23,18,75.451,0.7396824972962706,75.422,12,79.1,3.5692775028150927,-0.23211889316017975,MEDIUM|SOFT,False,2025-05-17T11:49:14.471000+00:00
2025-07,2025,7,russell,1,8,5,75.662,1.0214027264109384,75.483,0,,,,MEDIUM|SOFT,False,2025-05-17T11:49:14.471000+00:00
2025-07,2025,7,sainz,1,18,11,75.457,0.747693499072043,75.276,4,82.8715,8.507476366302672,5.491548447208708,MEDIUM|SOFT,False,2025-05-17T11:49:14.471000+00:00
2025-07,2025,7,hadjar,1,15,8,75.508,0.815787014166108,75.508,0,,,,MEDIUM|SOFT,False,2025-05-17T11:49:14.471000+00:00
2025-07,2025,7,tsunoda,1,9,7,76.11,1.6195575256685766,75.882,0,,,,MEDIUM|SOFT,False,2025-05-17T11:49:14.471000+00:00
2025-07,2025,7,alonso,1,13,11,75.819,1.231023939543636,75.7,0,,,,HARD|SOFT,False,2025-05-17T11:49:14.471000+00:00
2025-07,2025,7,hulkenberg,1,11,5,76.238,1.7904588968850474,76.226,0,,,,SOFT,False,2025-05-17T11:49:14.471000+00:00
2025-07,2025,7,gasly,1,9,6,75.99,1.4593374901531293,75.859,0,,,,SOFT,False,2025-05-17T11:49:14.471000+00:00
2025-07,2025,7,lawson,1,16,8,75.977,1.4419803196389684,75.977,0,,,,MEDIUM|SOFT,False,2025-05-17T11:49:14.471000+00:00
2025-07,2025,7,stroll,1,17,15,75.975,1.4393099857136984,75.964,4,92.497,21.1105873726661,8.117715014695458,HARD|SOFT,False,2025-05-17T11:49:14.471000+00:00
2025-07,2025,7,colapinto,1,9,6,76.21,1.7530742219314368,76.21,0,,,,SOFT,False,2025-05-17T11:49:14.471000+00:00
2025-07,2025,7,bearman,1,8,4,75.944,1.3979198098722203,75.879,0,,,,SOFT,False,2025-05-17T11:49:14.471000+00:00
2025-07,2025,7,bortoleto,1,12,7,76.046,1.5341068400603506,76.007,0,,,,SOFT,False,2025-05-17T11:49:14.471000+00:00
2025-07,2025,7,antonelli,1,9,5,75.399,0.6702538152395895,75.399,0,,,,MEDIUM|SOFT,False,2025-05-17T11:49:14.471000+00:00
2025-07,2025,7,ocon,1,10,5,76.387,1.9893987743167214,76.339,0,,,,SOFT,False,2025-05-17T11:49:14.471000+00:00
2025-08,2025,8,norris,1,21,15,71.247,0.4143588008963636,71.154,0,,,,SOFT,False,2025-05-24T11:48:02.600000+00:00
2025-08,2025,8,leclerc,1,23,17,70.953,0.0,70.952,6,73.55199999999999,2.210919803782596,0.7161599956493409,SOFT,False,2025-05-24T11:48:02.600000+00:00
2025-08,2025,8,piastri,1,19,13,71.398,0.6271757360506155,71.372,0,,,,SOFT,False,2025-05-24T11:48:02.600000+00:00
2025-08,2025,8,max_verstappen,1,21,16,71.233,0.394627429425114,71.209,5,71.961,0.0,-0.8707494337210483,MEDIUM|SOFT,False,2025-05-24T11:48:02.600000+00:00
2025-08,2025,8,hamilton,1,23,21,71.516,0.7934830098797829,71.27,13,73.939,2.7487111074053923,2.917557191833898,SOFT,False,2025-05-24T11:48:02.600000+00:00
2025-08,2025,8,hadjar,1,26,21,72.271,1.8575676856510615,72.188,8,73.7745,2.520115062325433,0.13107593719232355,SOFT,False,2025-05-24T11:48:02.600000+00:00
2025-08,2025,8,ocon,1,23,21,72.499,2.178907163897217,72.47,11,73.518,2.1636719889940417,-0.21515632373822396,SOFT,False,2025-05-24T11:48:02.600000+00:00
2025-08,2025,8,lawson,1,29,22,71.814,1.2134793454822066,71.784,9,74.332,3.2948402606967595,0.49662086496243096,SOFT,False,2025-05-24T11:48:02.600000+00:00
2025-08,2025,8,albon,1,22,19,71.668,1.0077093287105596,71.533,12,72.464,0.6989897305484917,0.3868390700474935,SOFT,False,2025-05-24T11:48:02.600000+00:00
2025-08,2025,8,sainz,1,22,17,71.893,1.3248206559271598,71.812,6,91.4935,27.14317477522547,5.1401250161925525,SOFT,False,2025-05-24T11:48:02.600000+00:00
2025-08,2025,8,russell,1,20,12,72.066,1.568644031964821,72.002,5,72.441,0.6670279734856436,-0.1437156065714063,SOFT,False,2025-05-24T11:48:02.600000+00:00
2025-08,2025,8,bearman,1,18,12,72.251,1.8293800121207022,72.063,0,,,,SOFT,False,2025-05-24T11:48:02.600000+00:00
2025-08,2025,8,colapinto,1,30,24,72.851,2.675010218031649,72.805,10,74.73349999999999,3.852781367685265,-0.9700634649311816,SOFT,False,2025-05-24T11:48:02.600000+00:00
2025-08,2025,8,bortoleto,1,26,22,72.601,2.3226642989020845,72.48400000000001,13,74.648,3.7339670099081417,2.212021101225835,MEDIUM|SOFT,False,2025-05-24T11:48:02.600000+00:00
2025-08,2025,8,stroll,1,21,17,72.202,1.7603202119712982,72.092,6,72.8275,1.2041244563027222,-0.09531328923042039,HARD|MEDIUM|SOFT,False,2025-05-24T11:48:02.600000+00:00
2025-08,2025,8,hulkenberg,1,23,21,72.125,1.651797668879395,72.08500000000001,15,75.597,5.052736899153702,0.9103682181357482,MEDIUM|SOFT,False,2025-05-24T11:48:02.600000+00:00
2025-08,2025,8,tsunoda,1,18,15,71.952,1.4079742928417336,71.79,5,72.89,1.290977057016998,-0.5771620670283047,MEDIUM|SOFT,False,2025-05-24T11:48:02.600000+00:00
2025-08,2025,8,antonelli,1,21,12,72.013,1.4939466971093571,71.852,4,73.2025,1.725240060588377,-0.35168095671110167,SOFT,False,2025-05-24T11:48:02.600000+00:00
2025-08,2025,8,alonso,1,19,15,72.101,1.6179724606429553,72.094,8,72.644,0.9491252206056155,-0.2771714813443973,HARD|MEDIUM|SOFT,False,2025-05-24T11:48:02.600000+00:00
2025-08,2025,8,gasly,1,18,16,72.194,1.7490451425591584,72.08800000000001,6,73.711,2.431872819999722,0.07410818243267074,SOFT,False,2025-05-24T11:48:02.600000+00:00
2025-09,2025,9,piastri,1,10,5,72.387,0.0,72.387,0,,,,MEDIUM|SOFT,False,2025-05-31T11:13:47.254000+00:00
2025-09,2025,9,norris,1,13,5,72.913,0.7266498128116875,72.882,0,,,,MEDIUM|None|SOFT|nan,False,2025-05-31T11:13:47.254000+00:00
2025-09,2025,9,leclerc,1,13,8,73.13,1.0264273971845703,73.13,0,,,,SOFT,False,2025-05-31T11:13:47.254000+00:00
2025-09,2025,9,russell,1,13,9,73.139,1.038860568886672,73.13900000000001,7,77.779,0.29529335912314536,-0.09808009139448189,SOFT,False,2025-05-31T11:13:47.254000+00:00
2025-09,2025,9,hulkenberg,1,13,7,73.733,1.8594499012253634,73.733,0,,,,MEDIUM|None|SOFT,False,2025-05-31T11:13:47.254000+00:00
2025-09,2025,9,hamilton,1,11,5,73.527,1.5748684155994868,73.429,0,,,,MEDIUM|SOFT,False,2025-05-31T11:13:47.254000+00:00
2025-09,2025,9,hadjar,1,13,5,73.382,1.3745562048434175,73.382,0,,,,MEDIUM|SOFT,False,2025-05-31T11:13:47.254000+00:00
2025-09,2025,9,gasly,1,14,8,73.954,2.164753339688056,73.954,5,77.55,0.0,0.5017408123791067,MEDIUM|SOFT,False,2025-05-31T11:13:47.254000+00:00
2025-09,2025,9,alonso,1,9,4,73.414,1.4187630375619946,73.346,0,,,,MEDIUM|SOFT,False,2025-05-31T11:13:47.254000+00:00
2025-09,2025,9,max_verstappen,1,11,6,73.375,1.3648859601862207,73.375,0,,,,MEDIUM|SOFT,False,2025-05-31T11:13:47.254000+00:00
2025-09,2025,9,lawson,1,12,6,73.637,1.7268294030696119,73.637,0,,,,MEDIUM|SOFT,False,2025-05-31T11:13:47.254000+00:00
2025-09,2025,9,bortoleto,1,10,3,73.722,1.8442538024783368,73.722,0,,,,MEDIUM|SOFT,False,2025-05-31T11:13:47.254000+00:00
2025-09,2025,9,tsunoda,1,8,4,73.892,2.0791026012958067,73.892,0,,,,MEDIUM|SOFT,False,2025-05-31T11:13:47.254000+00:00
2025-09,2025,9,sainz,1,10,4,73.758,1.8939864892867437,73.542,0,,,,None|SOFT,False,2025-05-31T11:13:47.254000+00:00
2025-09,2025,9,colapinto,1,15,7,74.085,2.3457250611297513,74.08500000000001,0,,,,MEDIUM|SOFT|nan,False,2025-05-31T11:13:47.254000+00:00
2025-09,2025,9,ocon,1,9,5,74.138,2.418942627819919,74.138,0,,,,SOFT,False,2025-05-31T11:13:47.254000+00:00
2025-09,2025,9,bearman,1,8,3,74.46,2.8637738820506353,74.44,0,,,,SOFT|nan,False,2025-05-31T11:13:47.254000+00:00
2025-09,2025,9,antonelli,1,7,4,73.405,1.4063298658598928,73.40100000000001,0,,,,SOFT,False,2025-05-31T11:13:47.254000+00:00
2025-09,2025,9,albon,1,3,0,74.289,2.627543619710723,74.289,0,,,,SOFT,False,2025-05-31T11:13:47.254000+00:00
2025-10,2025,10,russell,1,16,13,71.95,0.21030933578461572,71.857,9,73.81,1.5400912086173602,-1.1764083888586152,SOFT,False,2025-06-14T17:49:38.698000+00:00
2025-10,2025,10,max_verstappen,1,18,16,72.072,0.38022813688212387,71.979,10,72.6905,0.0,-0.9144318825447616,SOFT,False,2025-06-14T17:49:38.698000+00:00
2025-10,2025,10,antonelli,1,17,13,72.348,0.7646346049387768,72.348,0,,,,SOFT,False,2025-06-14T17:49:38.698000+00:00
2025-10,2025,10,piastri,1,15,12,72.519,1.0027994818869326,72.273,4,90.62100000000001,24.66690970622022,7.704946976970003,MEDIUM|SOFT,False,2025-06-14T17:49:38.698000+00:00
2025-10,2025,10,leclerc,1,26,23,71.877,0.10863661053773553,71.877,18,74.939,3.0932515253024713,-0.4556965462927223,MEDIUM|SOFT,False,2025-06-14T17:49:38.698000+00:00
2025-10,2025,10,hamilton,1,22,16,72.05,0.3495870416022376,71.981,0,,,,MEDIUM|SOFT,False,2025-06-14T17:49:38.698000+00:00
2025-10,2025,10,alonso,1,17,13,72.247,0.623964122062972,72.247,6,106.9435,47.12170091002263,3.4085822353459028,HARD|SOFT,False,2025-06-14T17:49:38.698000+00:00
2025-10,2025,10,hulkenberg,1,17,13,73.072,1.7730051950584216,72.86500000000001,0,,,,SOFT,False,2025-06-14T17:49:38.698000+00:00
2025-10,2025,10,ocon,1,18,14,72.827,1.4317748158052221,72.729,4,72.997,0.42165069713373793,-0.060961409372999355,MEDIUM|SOFT,False,2025-06-14T17:49:38.698000+00:00
2025-10,2025,10,sainz,1,20,18,72.519,1.0027994818869326,72.519,12,84.4975,16.24283778485497,0.9954905841689515,SOFT,False,2025-06-14T17:49:38.698000+00:00
2025-10,2025,10,bearman,1,23,19,72.825,1.428989261688876,72.658,4,73.343,0.8976413699176693,-0.0671149774771132,MEDIUM|SOFT,False,2025-06-14T17:49:38.698000+00:00
2025-10,2025,10,tsunoda,1,12,8,73.573,2.4707865012047336,73.458,0,,,,MEDIUM|SOFT,False,2025-06-14T17:49:38.698000+00:00
2025-10,2025,10,colapinto,1,24,19,73.06,1.7562918703603052,73.021,5,73.265,0.7903371142033697,-0.09764343347909105,SOFT,False,2025-06-14T17:49:38.698000+00:00
2025-10,2025,10,bortoleto,1,18,12,73.172,1.9122829008760434,73.048,5,91.205,25.47031592849134,-1.4920387626647293,SOFT,False,2025-06-14T17:49:38.698000+00:00
2025-10,2025,10,gasly,1,24,21,72.684,1.2326076964860107,72.684,14,92.19749999999999,26.835693797676434,-0.555262152529538,SOFT,False,2025-06-14T17:49:38.698000+00:00
2025-10,2025,10,hadjar,1,17,12,72.651,1.1866460535661911,72.499,4,84.09299999999999,15.686368920285304,3.9250957502179418,HARD|SOFT,False,2025-06-14T17:49:38.698000+00:00
2025-10,2025,10,stroll,1,24,20,72.794,1.3858131728854026,72.655,13,76.978,5.898294825321045,0.25611419052616813,HARD|SOFT,False,2025-06-14T17:49:38.698000+00:00
2025-10,2025,10,norris,1,20,16,71.799,0.0,71.789,0,,,,MEDIUM|SOFT,False,2025-06-14T17:49:38.698000+00:00
2025-10,2025,10,lawson,1,23,17,72.791,1.3816348417108735,72.718,10,80.2805,10.441529498352608,3.131580669499006,HARD|SOFT,False,2025-06-14T17:49:38.698000+00:00
2025-10,2025,10,albon,1,20,18,72.573,1.0780094430284357,72.463,11,73.879,1.6350142040569327,0.8789035004075316,SOFT,False,2025-06-14T17:49:38.698000+00:00
2025-11,2025,11,norris,1,17,13,64.324,0.0,64.227,6,86.30850000000001,31.13006882511133,2.762548631611363,SOFT,False,2025-06-28T11:51:01.110000+00:00
2025-11,2025,11,piastri,1,16,8,64.442,0.18344630309059604,64.44200000000001,0,,,,SOFT,False,2025-06-28T11:51:01.110000+00:00
2025-11,2025,11,leclerc,1,16,8,64.574,0.38865742180212676,64.574,0,,,,SOFT,False,2025-06-28T11:51:01.110000+00:00
2025-11,2025,11,hamilton,1,19,15,64.79,0.724457434239177,64.779,4,65.81899999999999,0.0,-0.9040955752391522,SOFT,False,2025-06-28T11:51:01.110000+00:00
2025-11,2025,11,russell,1,14,8,65.018,1.0789130029227079,64.89099999999999,0,,,,SOFT,False,2025-06-28T11:51:01.110000+00:00
2025-11,2025,11,lawson,1,15,11,65.182,1.3338722716249054,65.158,0,,,,MEDIUM|SOFT,False,2025-06-28T11:51:01.110000+00:00
2025-11,2025,11,alonso,1,15,11,65.243,1.428704682544613,65.145,6,80.513,22.3248606025616,0.5255921403996885,HARD|MEDIUM|SOFT,False,2025-06-28T11:51:01.110000+00:00
2025-11,2025,11,bortoleto,1,13,6,65.182,1.3338722716249054,65.081,0,,,,SOFT,False,2025-06-28T11:51:01.110000+00:00
2025-11,2025,11,hulkenberg,1,14,6,65.283,1.4908898700329631,65.249,0,,,,SOFT,False,2025-06-28T11:51:01.110000+00:00
2025-11,2025,11,ocon,1,18,9,65.519,1.8577824762141772,65.435,0,,,,SOFT,False,2025-06-28T11:51:01.110000+00:00
2025-11,2025,11,bearman,1,15,7,65.366,1.6199241340712667,65.34899999999999,0,,,,SOFT,False,2025-06-28T11:51:01.110000+00:00
2025-11,2025,11,hadjar,1,14,10,66.023,2.6413158385672504,65.236,0,,,,MEDIUM|SOFT,False,2025-06-28T11:51:01.110000+00:00
2025-11,2025,11,gasly,1,21,14,65.366,1.6199241340712667,65.344,8,69.0745,4.946140172290695,-0.036175571648141384,MEDIUM|SOFT,False,2025-06-28T11:51:01.110000+00:00
2025-11,2025,11,stroll,1,15,12,65.062,1.1473167091598775,65.062,5,66.057,0.36159771494555343,0.9928619808796573,MEDIUM|SOFT,False,2025-06-28T11:51:01.110000+00:00
2025-11,2025,11,colapinto,1,22,14,65.546,1.8997574777688087,65.54599999999999,6,87.086,32.31133867120439,-1.0991633457781442,MEDIUM|SOFT,False,2025-06-28T11:51:01.110000+00:00
2025-11,2025,11,tsunoda,1,13,7,65.139,1.2670231950749296,65.139,0,,,,SOFT,False,2025-06-28T11:51:01.110000+00:00
2025-11,2025,11,albon,1,19,10,65.314,1.539083390336414,65.26599999999999,0,,,,SOFT,False,2025-06-28T11:51:01.110000+00:00
2025-11,2025,11,max_verstappen,1,25,22,64.534,0.32647223431379885,64.534,17,69.259,5.226454367279984,2.8636605268485766,HARD|SOFT,False,2025-06-28T11:51:01.110000+00:00
2025-11,2025,11,antonelli,1,12,6,65.053,1.1333250419750003,64.912,0,,,,SOFT,False,2025-06-28T11:51:01.110000+00:00
2025-11,2025,11,sainz,1,18,11,65.326,1.5577389465829168,65.242,0,,,,SOFT,False,2025-06-28T11:51:01.110000+00:00
2025-12,2025,12,norris,1,11,9,85.606,0.1263187442981004,85.606,5,88.716,0.0,0.3819279147292112,SOFT,False,2025-07-05T11:58:09.527000+00:00
2025-12,2025,12,piastri,1,10,6,85.566,0.07953402418769777,85.566,0,,,,SOFT,False,2025-07-05T11:58:09.527000+00:00
2025-12,2025,12,hulkenberg,1,13,10,86.499,1.1707876207630477,86.499,7,90.917,2.4809504486225795,0.39946811512644165,SOFT,False,2025-07-05T11:58:09.527000+00:00
2025-12,2025,12,hamilton,1,9,7,86.332,0.975461414302076,86.19999999999999,0,,,,SOFT,False,2025-07-05T11:58:09.527000+00:00
2025-12,2025,12,max_verstappen,1,7,4,85.585,0.10175676624013319,85.58500000000001,0,,,,SOFT,False,2025-07-05T11:58:09.527000+00:00
2025-12,2025,12,gasly,1,10,8,87.878,2.7836908465695047,87.792,0,,,,SOFT,False,2025-07-05T11:58:09.527000+00:00
2025-12,2025,12,stroll,1,8,5,87.6,2.4585370418021353,87.523,0,,,,MEDIUM,False,2025-07-05T11:58:09.527000+00:00
2025-12,2025,12,albon,1,9,7,86.119,0.7263327797141397,86.11099999999999,0,,,,MEDIUM|SOFT,False,2025-07-05T11:58:09.527000+00:00
2025-12,2025,12,alonso,1,8,6,86.894,1.6327867318533775,86.87599999999999,0,,,,MEDIUM,False,2025-07-05T11:58:09.527000+00:00
2025-12,2025,12,russell,1,4,3,86.125,0.7333504877307017,86.123,0,,,,SOFT,False,2025-07-05T11:58:09.527000+00:00
2025-12,2025,12,bearman,1,7,4,86.112,0.7181454536948116,85.914,0,,,,MEDIUM|SOFT,False,2025-07-05T11:58:09.527000+00:00
2025-12,2025,12,sainz,1,10,8,86.332,0.975461414302076,86.31099999999999,0,,,,MEDIUM|SOFT,False,2025-07-05T11:58:09.527000+00:00
2025-12,2025,12,ocon,1,6,5,86.377,1.0280942244262914,86.37700000000001,0,,,,MEDIUM|SOFT,False,2025-07-05T11:58:09.527000+00:00
2025-12,2025,12,leclerc,1,8,5,85.498,0.0,85.498,0,,,,SOFT,False,2025-07-05T11:58:09.527000+00:00
2025-12,2025,12,tsunoda,1,8,6,86.104,0.7087885096727344,86.104,0,,,,SOFT,False,2025-07-05T11:58:09.527000+00:00
2025-12,2025,12,antonelli,1,5,3,86.422,1.080727034550507,86.244,0,,,,SOFT,False,2025-07-05T11:58:09.527000+00:00
2025-12,2025,12,hadjar,1,9,7,86.129,0.7380289597417486,86.12899999999999,0,,,,HARD|SOFT,False,2025-07-05T11:58:09.527000+00:00
2025-12,2025,12,bortoleto,1,8,4,86.501,1.1731268567685793,86.501,0,,,,SOFT,False,2025-07-05T11:58:09.527000+00:00
2025-12,2025,12,lawson,1,8,6,86.256,0.886570446092301,86.256,0,,,,HARD|SOFT,False,2025-07-05T11:58:09.527000+00:00
2025-12,2025,12,colapinto,1,8,5,87.597,2.4550281877938542,87.572,0,,,,SOFT,False,2025-07-05T11:58:09.527000+00:00
2025-13,2025,13,piastri,1,14,12,102.022,0.0,101.939,7,106.34,0.8526095162223432,-0.35059378274537256,HARD|SOFT,False,2025-07-25T11:58:31.847000+00:00
2025-13,2025,13,norris,1,14,12,102.526,0.494011095646028,102.325,6,105.9085,0.44337591638926144,0.2108693555555661,HARD|SOFT,False,2025-07-25T11:58:31.847000+00:00
2025-13,2025,13,leclerc,1,15,12,102.928,0.8880437552684634,102.736,0,,,,HARD|SOFT,False,2025-07-25T11:58:31.847000+00:00
2025-13,2025,13,max_verstappen,1,14,10,102.426,0.3959930211130897,102.373,6,108.37950000000001,2.7868665888980613,-0.09722450147069685,MEDIUM|SOFT,False,2025-07-25T11:58:31.847000+00:00
2025-13,2025,13,russell,1,19,14,102.598,0.5645841093097502,102.598,8,107.15950000000001,1.629821416716463,-0.07679862933836121,HARD|MEDIUM,False,2025-07-25T11:58:31.847000+00:00
2025-13,2025,13,albon,1,15,13,103.261,1.2144439434631649,103.148,7,107.676,2.1196688195294042,0.35907988515811734,HARD|SOFT,False,2025-07-25T11:58:31.847000+00:00
2025-13,2025,13,hamilton,1,16,13,103.085,1.0419321322851818,103.085,8,107.68,2.1234624102578734,-2.5487585717715495,HARD|SOFT,False,2025-07-25T11:58:31.847000+00:00
2025-13,2025,13,lawson,1,12,11,103.478,1.4271431651996518,103.478,8,107.732,2.1727790897279013,-0.3407881893226896,HARD|MEDIUM,False,2025-07-25T11:58:31.847000+00:00
2025-13,2025,13,bortoleto,1,14,12,103.262,1.2154241242084989,103.262,9,107.476,1.929989283106189,-0.11199852643979055,HARD|SOFT,False,2025-07-25T11:58:31.847000+00:00
2025-13,2025,13,gasly,1,12,8,103.929,1.869204681343236,103.929,0,,,,HARD|SOFT,False,2025-07-25T11:58:31.847000+00:00
2025-13,2025,13,bearman,1,13,10,105.077,2.994452176981428,104.795,9,107.575,2.023880653635683,-0.19179613024471973,MEDIUM|SOFT,False,2025-07-25T11:58:31.847000+00:00
2025-13,2025,13,hulkenberg,1,12,9,103.47,1.4193017192370208,103.148,4,106.8425,1.3291793514856636,0.33458087958554367,HARD|SOFT,False,2025-07-25T11:58:31.847000+00:00
2025-13,2025,13,tsunoda,1,13,11,104.492,2.4210464409637122,103.613,6,108.6645,3.0571599283011364,-0.009465569975208683,MEDIUM|SOFT,False,2025-07-25T11:58:31.847000+00:00
2025-13,2025,13,stroll,1,10,7,103.112,1.0683970124090776,103.112,4,105.441,0.0,-0.1185022903804051,HARD|SOFT,False,2025-07-25T11:58:31.847000+00:00
2025-13,2025,13,ocon,1,13,11,103.57,1.517319793769959,103.444,9,107.367,1.8266139357555427,-0.21423528863320465,MEDIUM|SOFT,False,2025-07-25T11:58:31.847000+00:00
2025-13,2025,13,antonelli,1,18,15,102.979,0.9380329732802666,102.979,10,107.62450000000001,2.0708263389004364,-0.22714778388440054,HARD|MEDIUM,False,2025-07-25T11:58:31.847000+00:00
2025-13,2025,13,alonso,1,14,12,103.12,1.0762384583717228,103.12,5,106.932,1.4140609440350524,0.38543059949186487,HARD|SOFT,False,2025-07-25T11:58:31.847000+00:00
2025-13,2025,13,sainz,1,7,6,103.217,1.1713159906686725,103.217,4,105.62100000000001,0.17071158278089815,-0.2053095501841544,HARD|SOFT,False,2025-07-25T11:58:31.847000+00:00
2025-13,2025,13,colapinto,1,11,9,104.847,2.769010605555653,104.84700000000001,5,108.888,3.2691268102540785,-0.5854639629711142,HARD|SOFT,False,2025-07-25T11:58:31.847000+00:00
2025-13,2025,13,hadjar,1,12,9,103.122,1.0781988198623769,103.122,4,106.56700000000001,1.0678957900626935,-1.0437771860879026,HARD|MEDIUM,False,2025-07-25T11:58:31.847000+00:00
2025-14,2025,14,norris,1,14,7,74.948,0.042714506914406106,74.948,0,,,,SOFT,False,2025-08-02T11:52:30.006000+00:00
2025-14,2025,14,piastri,1,12,6,74.916,0.0,74.916,0,,,,SOFT,False,2025-08-02T11:52:30.006000+00:00
2025-14,2025,14,russell,1,10,5,75.84,1.2333813871536208,75.573,0,,,,SOFT,False,2025-08-02T11:52:30.006000+00:00
2025-14,2025,14,leclerc,1,12,7,75.315,0.532596508089061,75.315,0,,,,SOFT,False,2025-08-02T11:52:30.006000+00:00
2025-14,2025,14,alonso,1,11,8,75.794,1.1719792834641467,75.794,0,,,,MEDIUM|SOFT,False,2025-08-02T11:52:30.006000+00:00
2025-14,2025,14,bortoleto,1,14,9,75.978,1.4175876982220055,75.92,4,79.1625,0.30473125364283377,0.9621077801087357,SOFT,False,2025-08-02T11:52:30.006000+00:00
2025-14,2025,14,stroll,1,14,9,75.828,1.2173634470607162,75.70400000000001,0,,,,MEDIUM|SOFT,False,2025-08-02T11:52:30.006000+00:00
2025-14,2025,14,lawson,1,17,7,76.371,1.9421752362646143,76.241,0,,,,MEDIUM|SOFT,False,2025-08-02T11:52:30.006000+00:00
2025-14,2025,14,max_verstappen,1,16,13,76.162,1.6631961129798831,75.916,7,80.018,1.3887129064139323,0.5958856625680299,SOFT,False,2025-08-02T11:52:30.006000+00:00
2025-14,2025,14,antonelli,1,12,7,75.745,1.1065726947514654,75.65299999999999,0,,,,SOFT,False,2025-08-02T11:52:30.006000+00:00
2025-14,2025,14,hadjar,1,14,8,76.956,2.7230498157936975,76.221,0,,,,MEDIUM|SOFT,False,2025-08-02T11:52:30.006000+00:00
2025-14,2025,14,hamilton,1,12,10,75.684,1.0251481659458603,75.519,4,97.99549999999999,24.16753250044347,13.39460922768319,SOFT,False,2025-08-02T11:52:30.006000+00:00
2025-14,2025,14,hulkenberg,1,16,11,76.025,1.4803246302525614,75.825,6,78.922,0.0,0.545167561462121,SOFT,False,2025-08-02T11:52:30.006000+00:00
2025-14,2025,14,sainz,1,16,11,76.442,2.0369480484809603,76.328,0,,,,MEDIUM|SOFT,False,2025-08-02T11:52:30.006000+00:00
2025-14,2025,14,albon,1,16,10,76.53,2.154412942495601,76.52000000000001,4,92.07849999999999,16.67025670915587,-7.271900761694811,MEDIUM|SOFT,False,2025-08-02T11:52:30.006000+00:00
2025-14,2025,14,ocon,1,13,8,76.531,2.1557477708366823,76.363,0,,,,MEDIUM|SOFT,False,2025-08-02T11:52:30.006000+00:00
2025-14,2025,14,tsunoda,1,16,13,76.878,2.6189332051898173,76.367,7,79.904,1.2442664909657628,0.5131436188773009,MEDIUM|SOFT,False,2025-08-02T11:52:30.006000+00:00
2025-14,2025,14,colapinto,1,15,9,76.247,1.7766565219712787,76.221,0,,,,SOFT,False,2025-08-02T11:52:30.006000+00:00
2025-14,2025,14,gasly,1,19,12,76.57,2.2078060761386036,76.435,5,79.474,0.6994247484858553,0.6716117934881374,SOFT,False,2025-08-02T11:52:30.006000+00:00
2025-14,2025,14,bearman,1,11,5,76.127,1.616477121042232,76.127,0,,,,MEDIUM|SOFT,False,2025-08-02T11:52:30.006000+00:00
2025-15,2025,15,piastri,1,10,6,69.214,0.3508670185002674,69.07,0,,,,SOFT,False,2025-08-30T10:52:45.320000+00:00
2025-15,2025,15,max_verstappen,1,16,8,69.925,1.3817201183088834,69.925,0,,,,MEDIUM|SOFT,False,2025-08-30T10:52:45.320000+00:00
2025-15,2025,15,hadjar,1,16,10,70.166,1.731137273096333,70.155,0,,,,SOFT,False,2025-08-30T10:52:45.320000+00:00
2025-15,2025,15,russell,1,14,9,69.858,1.2845792495505568,69.858,0,,,,MEDIUM|SOFT,False,2025-08-30T10:52:45.320000+00:00
2025-15,2025,15,albon,1,19,15,70.099,1.6339964043380062,70.099,6,71.71549999999999,0.0,-0.1695147427316868,MEDIUM|SOFT,False,2025-08-30T10:52:45.320000+00:00
2025-15,2025,15,bearman,1,15,8,70.595,2.3531288058922533,70.42699999999999,0,,,,HARD|SOFT,False,2025-08-30T10:52:45.320000+00:00
2025-15,2025,15,stroll,1,19,15,70.103,1.6397958591892365,70.103,7,73.813,2.9247512741318276,0.48880635061432315,SOFT,False,2025-08-30T10:52:45.320000+00:00
2025-15,2025,15,alonso,1,18,14,70.232,1.826828278141862,70.227,7,74.012,3.202236615515487,0.3438453792699383,SOFT,False,2025-08-30T10:52:45.320000+00:00
2025-15,2025,15,tsunoda,1,16,13,70.349,1.9964623325407553,70.349,8,82.3985,14.896361316591264,5.2461752311831145,MEDIUM|SOFT,False,2025-08-30T10:52:45.320000+00:00
2025-15,2025,15,ocon,1,15,8,70.801,2.6518007307313227,70.775,0,,,,HARD|SOFT,False,2025-08-30T10:52:45.320000+00:00
2025-15,2025,15,colapinto,1,17,14,71.054,3.0186162500725047,70.978,4,87.133,21.498141963731698,7.631781299851948,HARD|SOFT,False,2025-08-30T10:52:45.320000+00:00
2025-15,2025,15,lawson,1,14,9,70.3,1.9254190106130067,70.3,0,,,,MEDIUM|SOFT,False,2025-08-30T10:52:45.320000+00:00
2025-15,2025,15,sainz,1,20,18,69.913,1.3643217537551509,69.913,13,91.724,27.899826397361814,1.291355684516653,MEDIUM|SOFT,False,2025-08-30T10:52:45.320000+00:00
2025-15,2025,15,hulkenberg,1,20,14,70.599,2.3589282607435043,70.51400000000001,0,,,,HARD|SOFT,False,2025-08-30T10:52:45.320000+00:00
2025-15,2025,15,bortoleto,1,17,9,70.361,2.0138606970944877,70.361,0,,,,HARD|SOFT,False,2025-08-30T10:52:45.320000+00:00
2025-15,2025,15,antonelli,1,28,18,70.697,2.5010149045989802,70.353,10,75.189,4.8434438859103,-0.04684760061211161,MEDIUM|SOFT,False,2025-08-30T10:52:45.320000+00:00
2025-15,2025,15,gasly,1,21,18,70.963,2.886678652206692,70.963,10,72.42099999999999,0.9837482831466012,1.573821354414274,HARD|INTERMEDIATE|SOFT,False,2025-08-30T10:52:45.320000+00:00
2025-15,2025,15,norris,1,11,5,68.972,0.0,68.97200000000001,0,,,,SOFT,False,2025-08-30T10:52:45.320000+00:00
2025-15,2025,15,leclerc,1,18,12,69.938,1.400568346575434,69.926,0,,,,MEDIUM|SOFT,False,2025-08-30T10:52:45.320000+00:00
2025-15,2025,15,hamilton,1,13,9,70.373,2.0312590616482202,70.373,0,,,,MEDIUM|SOFT,False,2025-08-30T10:52:45.320000+00:00
2025-16,2025,16,max_verstappen,1,12,7,79.498,0.2105103931628261,79.41499999999999,0,,,,SOFT,False,2025-09-06T11:52:38.690000+00:00
2025-16,2025,16,norris,1,16,13,79.331,0.0,79.29599999999999,6,81.513,0.3984505385548746,0.033194876320199365,HARD|SOFT,False,2025-09-06T11:52:38.690000+00:00
2025-16,2025,16,piastri,1,18,14,79.496,0.20798931060996587,79.452,6,81.1895,0.0,1.2736599252366296,HARD|SOFT,False,2025-09-06T11:52:38.690000+00:00
2025-16,2025,16,leclerc,1,19,13,79.352,0.02647136680490703,79.352,0,,,,MEDIUM|SOFT,False,2025-09-06T11:52:38.690000+00:00
2025-16,2025,16,russell,1,9,6,79.515,0.2319395948620306,79.495,0,,,,SOFT,False,2025-09-06T11:52:38.690000+00:00
2025-16,2025,16,hamilton,1,16,10,79.598,0.3365645208052286,79.572,0,,,,MEDIUM|SOFT,False,2025-09-06T11:52:38.690000+00:00
2025-16,2025,16,albon,1,19,12,79.72,0.4903505565289682,79.688,0,,,,SOFT,False,2025-09-06T11:52:38.690000+00:00
2025-16,2025,16,bortoleto,1,13,6,79.558,0.2861428697482748,79.553,0,,,,MEDIUM|SOFT,False,2025-09-06T11:52:38.690000+00:00
2025-16,2025,16,antonelli,1,17,14,79.696,0.4600975658947888,79.695,8,83.928,3.372973106128258,-0.06835507532533454,SOFT,False,2025-09-06T11:52:38.690000+00:00
2025-16,2025,16,hadjar,1,14,8,79.603,0.3428672271873433,79.564,0,,,,SOFT,False,2025-09-06T11:52:38.690000+00:00
2025-16,2025,16,sainz,1,19,14,79.907,0.7260717752202712,79.811,6,116.96600000000001,44.065427179623,3.2656132062797294,MEDIUM|SOFT,False,2025-09-06T11:52:38.690000+00:00
2025-16,2025,16,bearman,1,16,11,80.209,1.1067552407003567,80.188,0,,,,MEDIUM|SOFT,False,2025-09-06T11:52:38.690000+00:00
2025-16,2025,16,tsunoda,1,19,15,80.059,0.9176740492367352,79.982,7,83.332,2.6388880335511344,-0.16903127592898867,HARD|SOFT,False,2025-09-06T11:52:38.690000+00:00
2025-16,2025,16,lawson,1,11,6,80.132,1.0096935624157037,80.132,0,,,,MEDIUM|SOFT,False,2025-09-06T11:52:38.690000+00:00
2025-16,2025,16,ocon,1,16,10,80.304,1.2265066619606446,80.264,0,,,,MEDIUM|SOFT,False,2025-09-06T11:52:38.690000+00:00
2025-16,2025,16,gasly,1,17,14,80.247,1.1546558092044683,80.126,8,81.804,0.7568712702997392,2.2806116477621536,HARD|SOFT,False,2025-09-06T11:52:38.690000+00:00
2025-16,2025,16,colapinto,1,16,13,80.034,0.8861605173261434,79.964,4,99.3295,22.342790631793523,6.424245997987931,HARD|SOFT,False,2025-09-06T11:52:38.690000+00:00
2025-16,2025,16,stroll,1,16,12,80.247,1.1546558092044683,80.127,4,81.2025,0.016011922724004004,-0.26384655644838834,HARD|SOFT,False,2025-09-06T11:52:38.690000+00:00
2025-16,2025,16,alonso,1,13,9,79.861,0.6680868765047725,79.83,0,,,,HARD|SOFT,False,2025-09-06T11:52:38.690000+00:00
2025-16,2025,16,hulkenberg,1,11,7,79.737,0.5117797582281727,79.638,0,,,,MEDIUM|SOFT,False,2025-09-06T11:52:38.690000+00:00
2025-17,2025,17,max_verstappen,1,13,11,101.445,0.21931774399098447,101.39699999999999,5,122.737,17.864482301649794,-1.807798657159486,SOFT,False,2025-09-20T09:53:14.969000+00:00
2025-17,2025,17,russell,1,10,8,101.964,0.7320470644023588,101.762,0,,,,SOFT,False,2025-09-20T09:53:14.969000+00:00
2025-17,2025,17,sainz,1,10,9,102.486,1.2477401381109088,102.206,4,104.2695,0.130120805884719,-0.32104306628497087,SOFT,False,2025-09-20T09:53:14.969000+00:00
2025-17,2025,17,antonelli,1,8,7,101.876,0.6451103010185489,101.607,0,,,,SOFT,False,2025-09-20T09:53:14.969000+00:00
2025-17,2025,17,lawson,1,14,12,102.146,0.9118480977643438,102.146,4,105.2575,1.0788983425202074,-0.8496677035373672,HARD|SOFT,False,2025-09-20T09:53:14.969000+00:00
2025-17,2025,17,tsunoda,1,12,9,102.84,1.597463027177622,102.611,4,142.8165,37.146849251925396,-2.0715393529459174,SOFT,False,2025-09-20T09:53:14.969000+00:00
2025-17,2025,17,norris,1,13,10,101.223,0.0,101.223,6,105.48150000000001,1.294005800218959,0.18153551222058328,SOFT,False,2025-09-20T09:53:14.969000+00:00
2025-17,2025,17,hamilton,1,8,6,101.499,0.27266530334014627,101.45400000000001,0,,,,SOFT,False,2025-09-20T09:53:14.969000+00:00
2025-17,2025,17,leclerc,1,11,9,102.209,0.9740869170050327,101.84100000000001,4,132.5325,27.27111222079244,5.550247189128864,SOFT,False,2025-09-20T09:53:14.969000+00:00
2025-17,2025,17,hadjar,1,15,13,102.267,1.031386147417086,102.25200000000001,4,104.2265,0.08882785641577308,-0.30480439861430203,HARD|SOFT,False,2025-09-20T09:53:14.969000+00:00
2025-17,2025,17,bortoleto,1,7,5,103.06,1.814804935637161,103.06,0,,,,SOFT,False,2025-09-20T09:53:14.969000+00:00
2025-17,2025,17,bearman,1,16,14,101.985,0.7527933374825885,101.80799999999999,0,,,,HARD|SOFT,False,2025-09-20T09:53:14.969000+00:00
2025-17,2025,17,albon,1,12,10,101.983,0.7508175019511426,101.983,8,104.134,0.0,0.8654118818126728,SOFT,False,2025-09-20T09:53:14.969000+00:00
2025-17,2025,17,ocon,1,15,13,102.868,1.6251247246179188,102.751,6,105.5275,1.3381796531392274,-0.8252496326762714,HARD|SOFT,False,2025-09-20T09:53:14.969000+00:00
2025-17,2025,17,alonso,1,10,9,102.591,1.3514715035120428,102.372,0,,,,SOFT,False,2025-09-20T09:53:14.969000+00:00
2025-17,2025,17,hulkenberg,1,12,9,102.428,1.1904409076988416,102.428,0,,,,SOFT,False,2025-09-20T09:53:14.969000+00:00
2025-17,2025,17,stroll,1,10,8,103.35,2.1013010876974554,103.25,0,,,,MEDIUM|SOFT,False,2025-09-20T09:53:14.969000+00:00
2025-17,2025,17,gasly,1,17,15,103.322,2.0736393902571586,103.25699999999999,12,114.0715,9.542992682505233,1.0588241636887066,HARD|SOFT,False,2025-09-20T09:53:14.969000+00:00
2025-17,2025,17,colapinto,1,12,10,102.789,1.5470792211256361,102.78899999999999,4,104.90549999999999,0.7408723375650499,-0.3581795044111147,HARD|SOFT,False,2025-09-20T09:53:14.969000+00:00
2025-17,2025,17,piastri,1,16,14,101.477,0.25093111249420086,101.237,6,105.1005,0.9281310619010087,0.08353596920231435,SOFT,False,2025-09-20T09:53:14.969000+00:00
2025-18,2025,18,russell,1,12,7,90.197,0.05435506056707481,90.197,0,,,,SOFT,False,2025-10-04T10:55:22.505000+00:00
2025-18,2025,18,max_verstappen,1,11,8,90.148,0.0,90.148,5,125.332,33.12868121537864,0.8674474110276486,MEDIUM|SOFT,False,2025-10-04T10:55:22.505000+00:00
2025-18,2025,18,norris,1,19,16,90.237,0.09872653858099861,90.061,7,94.44,0.3149447386171054,-0.019740424759490324,MEDIUM|SOFT,False,2025-10-04T10:55:22.505000+00:00
2025-18,2025,18,piastri,1,19,13,90.165,0.018857878155932598,90.16499999999999,6,94.7515,0.6458226006043857,0.1745920343515066,MEDIUM|SOFT,False,2025-10-04T10:55:22.505000+00:00
2025-18,2025,18,antonelli,1,9,7,90.237,0.09872653858099861,90.203,0,,,,SOFT,False,2025-10-04T10:55:22.505000+00:00
2025-18,2025,18,leclerc,1,18,13,90.651,0.5579713360252031,90.64699999999999,4,94.9785,0.8869438676063601,0.33544433740266605,MEDIUM|SOFT,False,2025-10-04T10:55:22.505000+00:00
2025-18,2025,18,alonso,1,13,10,90.923,0.8596973865199513,90.807,5,97.301,3.3539224694216796,0.11335957492728516,MEDIUM|SOFT,False,2025-10-04T10:55:22.505000+00:00
2025-18,2025,18,hamilton,1,15,12,90.559,0.4559169365931594,90.517,5,94.932,0.8375511851588257,0.6459246504752858,MEDIUM|SOFT,False,2025-10-04T10:55:22.505000+00:00
2025-18,2025,18,bearman,1,17,15,90.799,0.7221458046767654,90.799,9,96.158,2.1398184686144,2.792186565786114,MEDIUM|SOFT,False,2025-10-04T10:55:22.505000+00:00
2025-18,2025,18,sainz,1,16,13,90.392,0.2706660158849889,90.357,5,94.284,0.14924025556730197,-0.08219846421448883,SOFT,False,2025-10-04T10:55:22.505000+00:00
2025-18,2025,18,hadjar,1,15,12,90.489,0.37826685006878485,90.436,4,94.9185,0.8232113741256607,0.8259717547158834,MEDIUM|SOFT,False,2025-10-04T10:55:22.505000+00:00
2025-18,2025,18,tsunoda,1,17,14,91.44,1.433198739850026,91.396,8,97.4745,3.5382155964033664,0.14505625280751638,MEDIUM|SOFT,False,2025-10-04T10:55:22.505000+00:00
2025-18,2025,18,stroll,1,12,10,91.26,1.2335270887873375,91.208,7,96.001,1.9730517773399137,0.5732849464454745,MEDIUM|SOFT,False,2025-10-04T10:55:22.505000+00:00
2025-18,2025,18,albon,1,18,14,90.668,0.5768292141811358,90.518,6,94.1435,0.0,0.47682527205807745,SOFT,False,2025-10-04T10:55:22.505000+00:00
2025-18,2025,18,lawson,1,4,3,93.628,3.860318587212144,92.759,0,,,,MEDIUM,False,2025-10-04T10:55:22.505000+00:00
2025-18,2025,18,colapinto,1,15,10,91.047,0.9972489683631373,91.047,0,,,,MEDIUM|SOFT,False,2025-10-04T10:55:22.505000+00:00
2025-18,2025,18,bortoleto,1,16,13,90.697,0.6089985357412329,90.669,7,95.13,1.0478684136451188,0.28307682498323716,MEDIUM|SOFT,False,2025-10-04T10:55:22.505000+00:00
2025-18,2025,18,ocon,1,13,11,90.784,0.7055065004215401,90.78399999999999,5,121.188,28.726890332311843,4.051845790996618,MEDIUM|SOFT,False,2025-10-04T10:55:22.505000+00:00
2025-18,2025,18,gasly,1,16,11,91.643,1.6583839907707378,91.643,4,96.3415,2.3347336778428605,0.8890249788512827,MEDIUM|SOFT,False,2025-10-04T10:55:22.505000+00:00
2025-18,2025,18,hulkenberg,1,14,11,90.637,0.5424413187203314,90.499,6,94.91499999999999,0.819493645339284,0.3002235082517456,MEDIUM|SOFT,False,2025-10-04T10:55:22.505000+00:00
2025-19,2025,19,max_verstappen,1,18,15,93.648,0.37944562351276523,93.648,12,99.0595,2.227531191628573,-0.46065213800152227,HARD|SOFT,False,2025-10-17T18:54:29.405000+00:00
2025-19,2025,19,norris,1,16,14,93.294,0.0,93.294,5,96.901,0.0,0.3894268279646609,HARD|SOFT,False,2025-10-17T18:54:29.405000+00:00
2025-19,2025,19,leclerc,1,11,9,96.08,2.986258494651319,95.80799999999999,4,97.614,0.7358025200978401,0.5446232829600065,HARD,False,2025-10-17T18:54:29.405000+00:00
2025-19,2025,19,hamilton,1,18,16,93.965,0.7192316762064083,93.965,9,97.151,0.257995273526589,-1.489699341086974,HARD|MEDIUM,False,2025-10-17T18:54:29.405000+00:00
2025-19,2025,19,piastri,1,19,17,93.573,0.2990546015820914,93.46000000000001,12,98.243,1.3849186282907286,1.067802517259002,HARD|SOFT,False,2025-10-17T18:54:29.405000+00:00
2025-19,2025,19,russell,1,19,15,93.931,0.6827877462644977,93.931,9,97.958,1.0908040164704207,-0.14807366422344095,HARD|MEDIUM,False,2025-10-17T18:54:29.405000+00:00
2025-19,2025,19,tsunoda,1,15,12,94.531,1.325915921709873,94.531,6,100.08,3.2806678981641078,-0.03671348635377287,HARD|SOFT,False,2025-10-17T18:54:29.405000+00:00
2025-19,2025,19,hulkenberg,1,19,15,93.549,0.273329474564291,93.50399999999999,6,98.941,2.1052414319769728,-0.58620794210691,HARD|SOFT,False,2025-10-17T18:54:29.405000+00:00
2025-19,2025,19,bearman,1,17,14,94.333,1.1136836238128942,94.233,9,98.939,2.10317746978875,-0.19092804916639705,HARD|SOFT,False,2025-10-17T18:54:29.405000+00:00
2025-19,2025,19,alonso,1,17,13,93.639,0.36979870088108435,93.63900000000001,6,98.6705,1.826090546021205,0.43729961263570305,HARD|SOFT,False,2025-10-17T18:54:29.405000+00:00
2025-19,2025,19,lawson,1,17,14,94.619,1.4202413874418536,94.549,6,99.8655,3.0593079534782937,-0.22770626492632645,HARD|MEDIUM,False,2025-10-17T18:54:29.405000+00:00
2025-19,2025,19,stroll,1,14,12,94.61,1.4105944648101727,94.61,9,98.416,1.5634513575711302,-0.04549439975201289,HARD|SOFT,False,2025-10-17T18:54:29.405000+00:00
2025-19,2025,19,antonelli,1,18,15,94.737,1.5467232619461035,94.737,13,98.834,1.9948194549075933,-0.5343811849568071,HARD|MEDIUM,False,2025-10-17T18:54:29.405000+00:00
2025-19,2025,19,albon,1,19,17,93.92,0.670997063048004,93.83800000000001,11,98.775,1.933932570355321,0.9431876445646439,HARD|SOFT,False,2025-10-17T18:54:29.405000+00:00
2025-19,2025,19,ocon,1,16,13,94.368,1.1511994340472036,94.336,8,98.10849999999999,1.246117171133421,-0.17643017656131932,HARD|SOFT,False,2025-10-17T18:54:29.405000+00:00
2025-19,2025,19,hadjar,1,17,14,94.155,0.9228889317641051,94.155,6,99.8085,3.000485031114229,-0.4338594122029372,HARD|MEDIUM,False,2025-10-17T18:54:29.405000+00:00
2025-19,2025,19,colapinto,1,17,15,94.653,1.4566853173837642,94.65299999999999,10,99.0725,2.2409469458519613,-0.3346026471497662,HARD|SOFT,False,2025-10-17T18:54:29.405000+00:00
2025-19,2025,19,bortoleto,1,15,13,94.478,1.2691062662121868,94.271,4,96.93350000000001,0.03353938555847006,0.21055672187633262,HARD|SOFT,False,2025-10-17T18:54:29.405000+00:00
2025-19,2025,19,gasly,1,16,13,94.665,1.4695478808926719,94.542,9,98.703,1.8596299315796605,-0.8500082879686144,HARD|SOFT,False,2025-10-17T18:54:29.405000+00:00
2025-19,2025,19,sainz,1,4,4,95.874,2.7654511544150733,95.747,0,,,,HARD,False,2025-10-17T18:54:29.405000+00:00
2025-20,2025,20,norris,1,19,14,76.633,0.0,76.633,5,79.306,0.8462560639873785,0.33048055517981595,MEDIUM|SOFT,False,2025-10-25T18:52:25.670000+00:00
2025-20,2025,20,leclerc,1,21,16,77.199,0.7385852048073317,77.051,4,80.481,2.3403971236194985,0.9376836058910067,MEDIUM|SOFT,False,2025-10-25T18:52:25.670000+00:00
2025-20,2025,20,max_verstappen,1,27,24,77.242,0.7946968016389923,77.136,19,82.141,4.451268748291278,0.08720800528926806,MEDIUM|SOFT,False,2025-10-25T18:52:25.670000+00:00
2025-20,2025,20,bearman,1,20,15,78.046,1.8438531703052354,77.973,4,78.7775,0.1742104895060439,1.8828496775880217,MEDIUM|SOFT,False,2025-10-25T18:52:25.670000+00:00
2025-20,2025,20,piastri,1,20,17,77.232,0.781647593073485,77.17,8,80.076,1.8253953115760841,0.26106777508734924,MEDIUM|SOFT,False,2025-10-25T18:52:25.670000+00:00
2025-20,2025,20,antonelli,1,15,7,77.253,0.8090509310610372,77.244,0,,,,MEDIUM|SOFT,False,2025-10-25T18:52:25.670000+00:00
2025-20,2025,20,russell,1,14,7,77.145,0.6681194785536263,77.142,0,,,,MEDIUM|SOFT,False,2025-10-25T18:52:25.670000+00:00
2025-20,2025,20,hamilton,1,26,19,76.978,0.45019769550976585,76.887,9,80.603,2.495533471938748,1.1666470340507942,MEDIUM|SOFT,False,2025-10-25T18:52:25.670000+00:00
2025-20,2025,20,ocon,1,23,18,77.574,1.2279305260136006,77.574,4,78.6405,0.0,0.878902516303091,MEDIUM|SOFT,False,2025-10-25T18:52:25.670000+00:00
2025-20,2025,20,bortoleto,1,19,12,77.526,1.1652943248991958,77.453,6,80.6575,2.5648361849174353,0.33136587245008897,MEDIUM|SOFT,False,2025-10-25T18:52:25.670000+00:00
2025-20,2025,20,tsunoda,1,20,15,77.415,1.0204481098221534,77.41499999999999,9,111.668,41.9980798697872,5.088560494905738,MEDIUM|SOFT,False,2025-10-25T18:52:25.670000+00:00
2025-20,2025,20,albon,1,17,10,77.994,1.775997285764624,77.53,4,80.48400000000001,2.344211951856875,3.6765367147803345,SOFT,False,2025-10-25T18:52:25.670000+00:00
2025-20,2025,20,hadjar,1,15,6,77.396,0.9956546135476952,77.336,0,,,,SOFT,False,2025-10-25T18:52:25.670000+00:00
2025-20,2025,20,stroll,1,18,9,77.598,1.259248626570803,77.584,0,,,,MEDIUM|SOFT,False,2025-10-25T18:52:25.670000+00:00
2025-20,2025,20,gasly,1,21,9,78.412,2.321454203802553,78.203,0,,,,SOFT,False,2025-10-25T18:52:25.670000+00:00
2025-20,2025,20,colapinto,1,19,9,78.581,2.541985828559508,78.265,0,,,,SOFT,False,2025-10-25T18:52:25.670000+00:00
2025-20,2025,20,sainz,1,20,14,77.801,1.524147560450467,77.774,9,80.621,2.5184224413629006,0.4639186039942367,SOFT,False,2025-10-25T18:52:25.670000+00:00
2025-20,2025,20,alonso,1,10,5,78.611,2.581133454256011,78.387,0,,,,MEDIUM|SOFT,False,2025-10-25T18:52:25.670000+00:00
2025-20,2025,20,hulkenberg,1,21,15,77.664,1.3453734031031097,77.519,7,80.756,2.690089712044045,0.3689729825426932,MEDIUM|SOFT,False,2025-10-25T18:52:25.670000+00:00
2025-20,2025,20,lawson,1,16,9,77.552,1.1992222671695107,77.497,0,,,,SOFT,False,2025-10-25T18:52:25.670000+00:00
2025-21,2025,21,norris,1,28,23,69.975,0.0,69.975,14,72.93100000000001,0.0,-0.0415166092833637,HARD|MEDIUM,False,2025-11-07T15:56:45.481000+00:00
2025-21,2025,21,antonelli,1,34,27,70.744,1.0989639156841808,70.666,17,74.385,1.9936652452317853,-0.036863374226331916,HARD|MEDIUM,False,2025-11-07T15:56:45.481000+00:00
2025-21,2025,21,max_verstappen,1,27,23,71.368,1.9907109682029307,70.725,19,74.693,2.415982229778813,-0.1838158955206524,HARD|SOFT,False,2025-11-07T15:56:45.481000+00:00
2025-21,2025,21,russell,1,31,26,70.645,0.9574848160057189,70.522,16,74.182,1.7153199599621427,-0.6692163262632884,HARD|MEDIUM,False,2025-11-07T15:56:45.481000+00:00
2025-21,2025,21,piastri,1,30,25,69.998,0.0328688817434946,69.80699999999999,18,73.19399999999999,0.36061482771383463,0.19486179011952123,HARD|MEDIUM,False,2025-11-07T15:56:45.481000+00:00
2025-21,2025,21,bearman,1,28,20,70.961,1.4090746695248364,70.856,11,74.342,1.9347054064800795,-0.36107508320212367,HARD|MEDIUM,False,2025-11-07T15:56:45.481000+00:00
2025-21,2025,21,lawson,1,33,24,70.794,1.170418006430872,70.514,8,74.8245,2.5962896436357497,0.10713959554245621,HARD|MEDIUM,False,2025-11-07T15:56:45.481000+00:00
2025-21,2025,21,hadjar,1,27,21,70.707,1.0460878885316176,70.634,6,75.0595,2.9185120182089754,0.11453770484938214,HARD|MEDIUM,False,2025-11-07T15:56:45.481000+00:00
2025-21,2025,21,hulkenberg,1,29,22,70.594,0.8846016434440869,70.53,12,74.0505,1.535012546105206,-0.40541144748091185,HARD|MEDIUM,False,2025-11-07T15:56:45.481000+00:00
2025-21,2025,21,gasly,1,30,27,70.681,1.0089317613433413,70.681,22,74.362,1.962128587294817,1.0006980538849644,HARD|MEDIUM,False,2025-11-07T15:56:45.481000+00:00
2025-21,2025,21,albon,1,32,29,70.807,1.1889960700250204,70.702,21,74.237,1.7907337072026752,-0.061246774634890803,HARD|MEDIUM,False,2025-11-07T15:56:45.481000+00:00
2025-21,2025,21,ocon,1,24,19,70.906,1.3304751697034822,70.90599999999999,11,73.848,1.2573528403559353,-0.1807956138358564,HARD|MEDIUM,False,2025-11-07T15:56:45.481000+00:00
2025-21,2025,21,sainz,1,33,29,70.686,1.0160771704180247,70.46000000000001,21,73.456,0.7198584963869842,-0.13115184104396854,HARD|MEDIUM,False,2025-11-07T15:56:45.481000+00:00
2025-21,2025,21,alonso,1,22,16,70.606,0.9017506252232944,70.594,5,73.396,0.6375889539427528,0.4410583384410484,HARD|MEDIUM,False,2025-11-07T15:56:45.481000+00:00
2025-21,2025,21,colapinto,1,27,22,71.16,1.6934619506966806,71.16,17,74.176,1.7070930057177196,-0.14008754508900167,HARD|MEDIUM,False,2025-11-07T15:56:45.481000+00:00
2025-21,2025,21,stroll,1,28,23,71.07,1.5648445873526244,70.994,16,73.8495,1.259409578917051,-0.10212180358039234,HARD|MEDIUM,False,2025-11-07T15:56:45.481000+00:00
2025-21,2025,21,tsunoda,1,17,14,71.763,2.555198285101838,71.55499999999999,9,74.61,2.302176029397633,0.4481613619012412,HARD|SOFT,False,2025-11-07T15:56:45.481000+00:00
2025-21,2025,21,hamilton,1,25,22,71.526,2.2165058949624896,71.44999999999999,13,73.284,0.48401914138020097,-0.3125764915810818,HARD,False,2025-11-07T15:56:45.481000+00:00
2025-21,2025,21,leclerc,1,27,24,71.493,2.169346195069669,71.201,14,73.634,0.9639248056381904,0.13204535000135348,HARD,False,2025-11-07T15:56:45.481000+00:00
2025-21,2025,21,bortoleto,1,29,22,70.616,0.9160414433726407,70.612,13,74.263,1.8263838422618548,-0.6217722088348594,HARD|MEDIUM,False,2025-11-07T15:56:45.481000+00:00
2025-22,2025,22,max_verstappen,1,23,20,94.281,0.24135071341995434,94.18299999999999,12,103.63499999999999,6.4402323228692175,-1.0920758702938285,INTERMEDIATE|SOFT,False,2025-11-22T02:06:09.781000+00:00
2025-22,2025,22,russell,1,16,13,94.054,0.0,94.054,4,97.36449999999999,0.0,-0.9197136289624843,INTERMEDIATE|SOFT,False,2025-11-22T02:06:09.781000+00:00
2025-22,2025,22,antonelli,1,18,14,95.385,1.4151444914623545,94.80600000000001,8,103.235,6.029404967929797,-1.130125154844546,INTERMEDIATE|SOFT,False,2025-11-22T02:06:09.781000+00:00
2025-22,2025,22,leclerc,1,23,21,95.908,1.9712080294299013,95.347,13,105.836,8.70080984342343,-0.2520571897189064,INTERMEDIATE|SOFT,False,2025-11-22T02:06:09.781000+00:00
2025-22,2025,22,sainz,1,17,13,95.662,1.709656154974806,95.261,0,,,,INTERMEDIATE|SOFT,False,2025-11-22T02:06:09.781000+00:00
2025-22,2025,22,hadjar,1,19,17,95.169,1.1854891870627458,95.169,14,103.8735,6.685188133251868,-1.0871602624180006,INTERMEDIATE|SOFT,False,2025-11-22T02:06:09.781000+00:00
2025-22,2025,22,hulkenberg,1,9,7,96.65,2.7601165288026066,96.65,0,,,,SOFT,False,2025-11-22T02:06:09.781000+00:00
2025-22,2025,22,hamilton,1,26,23,95.269,1.2918110872477548,95.247,16,106.27799999999999,9.154774070631493,0.12515761897514902,INTERMEDIATE|SOFT,False,2025-11-22T02:06:09.781000+00:00
2025-22,2025,22,ocon,1,20,17,95.817,1.8744551002615424,95.81700000000001,10,104.5985,7.429812714079577,-0.8838600361328143,INTERMEDIATE|SOFT,False,2025-11-22T02:06:09.781000+00:00
2025-22,2025,22,bearman,1,14,11,95.586,1.6288515108341977,95.37,4,101.70750000000001,4.460558006254865,-3.2805840277265763,INTERMEDIATE|SOFT,False,2025-11-22T02:06:09.781000+00:00
2025-22,2025,22,alonso,1,10,8,95.54,1.5799434367491059,95.194,6,103.16,5.952374838878651,-0.5551057181305932,INTERMEDIATE|SOFT,False,2025-11-22T02:06:09.781000+00:00
2025-22,2025,22,tsunoda,1,20,18,96.667,2.7781912518340524,95.45,13,106.075,8.946279187999744,-0.6291181603911982,INTERMEDIATE|SOFT,False,2025-11-22T02:06:09.781000+00:00
2025-22,2025,22,gasly,1,11,11,95.562,1.6033342547897969,95.562,7,99.163,1.8471824946464106,0.004048377674756396,SOFT,False,2025-11-22T02:06:09.781000+00:00
2025-22,2025,22,lawson,1,21,19,95.439,1.4725583175622419,95.232,13,104.555,7.3851352392299185,-0.5866732538751268,INTERMEDIATE|SOFT,False,2025-11-22T02:06:09.781000+00:00
2025-22,2025,22,colapinto,1,14,10,96.305,2.3933059731643573,95.987,9,100.426,3.144369867867662,-0.7279491339744367,INTERMEDIATE|SOFT,False,2025-11-22T02:06:09.781000+00:00
2025-22,2025,22,albon,1,19,15,94.875,0.8729028005188486,94.676,8,105.7505,8.612995496305134,-2.201220328023076,INTERMEDIATE|SOFT,False,2025-11-22T02:06:09.781000+00:00
2025-22,2025,22,bortoleto,1,14,12,95.738,1.7904607991153991,95.23,8,105.763,8.625833851146993,-2.089457225257333,SOFT,False,2025-11-22T02:06:09.781000+00:00
2025-22,2025,22,stroll,1,9,6,95.533,1.5725009037361508,95.533,0,,,,SOFT,False,2025-11-22T02:06:09.781000+00:00
2025-22,2025,22,norris,1,12,10,97.112,3.2513237076572956,95.982,4,104.0495,6.865952169425205,-0.6286911518075533,INTERMEDIATE|SOFT,False,2025-11-22T02:06:09.781000+00:00
2025-22,2025,22,piastri,1,13,12,97.023,3.156697216492647,97.023,5,103.896,6.708297171967205,-0.5049761299761348,INTERMEDIATE|SOFT,False,2025-11-22T02:06:09.781000+00:00
2025-23,2025,23,max_verstappen,1,21,18,81.504,0.7167218624882584,81.504,13,85.291,1.6421770166720122,0.39146749552576104,HARD|SOFT,False,2025-11-28T14:47:05.799000+00:00
2025-23,2025,23,piastri,1,26,23,80.924,0.0,80.90599999999999,14,84.303,0.46476708019018065,3.001960205752515,HARD|SOFT,False,2025-11-28T14:47:05.799000+00:00
2025-23,2025,23,sainz,1,18,11,81.404,0.5931491275764789,81.404,4,83.91300000000001,0.0,-1.0242650428702669,HARD|SOFT,False,2025-11-28T14:47:05.799000+00:00
2025-23,2025,23,norris,1,25,22,80.982,0.07167218624881706,80.714,12,84.0755,0.19365295007924194,1.4432482884194078,HARD|SOFT,False,2025-11-28T14:47:05.799000+00:00
2025-23,2025,23,antonelli,1,28,24,81.698,0.9564529682170761,81.69800000000001,17,85.501,1.8924362136975126,-0.60561931239036,HARD|SOFT,False,2025-11-28T14:47:05.799000+00:00
2025-23,2025,23,russell,1,28,24,81.824,1.112154614205911,81.459,16,85.23,1.569482678488426,-0.27193886793170907,HARD|SOFT,False,2025-11-28T14:47:05.799000+00:00
2025-23,2025,23,alonso,1,23,18,81.31,0.47699075675942326,81.27,9,85.175,1.50393860307698,-0.28687597771319784,HARD|SOFT,False,2025-11-28T14:47:05.799000+00:00
2025-23,2025,23,leclerc,1,27,22,81.668,0.9193811477435615,81.668,13,84.609,0.8294304815701783,-0.1291325846187398,HARD|SOFT,False,2025-11-28T14:47:05.799000+00:00
2025-23,2025,23,lawson,1,24,15,82.562,2.024121397854766,82.304,8,85.7575,2.198109947207205,-0.1330301528534898,HARD|SOFT,False,2025-11-28T14:47:05.799000+00:00
2025-23,2025,23,tsunoda,1,23,20,81.796,1.077554248430626,81.762,12,85.92699999999999,2.400104870520636,1.3099049062958223,HARD|SOFT,False,2025-11-28T14:47:05.799000+00:00
2025-23,2025,23,albon,1,24,17,81.609,0.8464732341456033,81.60900000000001,6,84.8655,1.1351042150798878,-0.4441313439669626,HARD|SOFT,False,2025-11-28T14:47:05.799000+00:00
2025-23,2025,23,hamilton,1,23,17,81.794,1.0750827937323788,81.742,4,84.8305,1.0933943489089766,0.1454665479986681,HARD|SOFT,False,2025-11-28T14:47:05.799000+00:00
2025-23,2025,23,bortoleto,1,25,19,81.926,1.2381988038159202,81.926,7,85.329,1.687462014229002,0.2212149199473965,HARD|SOFT,False,2025-11-28T14:47:05.799000+00:00
2025-23,2025,23,colapinto,1,21,16,83.529,3.2190697444515712,82.916,9,85.291,1.6421770166720122,-0.0554507335179113,HARD|SOFT,False,2025-11-28T14:47:05.799000+00:00
2025-23,2025,23,ocon,1,26,22,82.096,1.4482724531659297,82.096,13,85.38,1.7482392477923376,-0.24998381182039783,HARD|SOFT,False,2025-11-28T14:47:05.799000+00:00
2025-23,2025,23,gasly,1,18,12,82.424,1.853591023676536,82.273,4,84.146,0.27766853765207994,-0.29402611526782735,HARD|SOFT,False,2025-11-28T14:47:05.799000+00:00
2025-23,2025,23,stroll,1,22,19,81.669,0.9206168750926675,81.507,13,83.941,0.033367892936722064,-0.3986321983995118,HARD|SOFT,False,2025-11-28T14:47:05.799000+00:00
2025-23,2025,23,hadjar,1,24,17,81.503,0.7154861351391348,81.496,8,86.126,2.637255252463854,-0.16064503501514343,HARD|SOFT,False,2025-11-28T14:47:05.799000+00:00
2025-23,2025,23,bearman,1,21,18,81.926,1.2381988038159202,81.816,13,85.812,2.2630581673876353,0.11359792864558005,HARD|SOFT,False,2025-11-28T14:47:05.799000+00:00
2025-23,2025,23,hulkenberg,1,19,14,81.783,1.0614897928920897,81.539,5,116.735,39.114320784622144,1.1514113162290638,HARD|SOFT,False,2025-11-28T14:47:05.799000+00:00
2025-24,2025,24,max_verstappen,1,10,8,83.458,0.14879880960951739,83.395,4,105.1845,21.240361008333615,3.4659099011736556,SOFT,False,2025-12-06T12:10:00.043000+00:00
2025-24,2025,24,piastri,1,13,9,83.593,0.31079751361989144,83.588,4,86.77799999999999,0.024205539610621142,0.43375048975546243,SOFT,False,2025-12-06T12:10:00.043000+00:00
2025-24,2025,24,norris,1,17,14,83.338,0.004799961600296011,83.19,6,86.757,0.0,0.38871037845363765,SOFT,False,2025-12-06T12:10:00.043000+00:00
2025-24,2025,24,leclerc,1,13,6,83.675,0.4091967264261813,83.675,0,,,,SOFT,False,2025-12-06T12:10:00.043000+00:00
2025-24,2025,24,russell,1,9,7,83.334,0.0,83.334,0,,,,SOFT,False,2025-12-06T12:10:00.043000+00:00
2025-24,2025,24,alonso,1,9,8,83.585,0.3011975904192653,83.536,0,,,,HARD|SOFT,False,2025-12-06T12:10:00.043000+00:00
2025-24,2025,24,ocon,1,11,7,83.605,0.3251973984208136,83.60499999999999,0,,,,MEDIUM|SOFT,False,2025-12-06T12:10:00.043000+00:00
2025-24,2025,24,hamilton,1,4,2,84.47,1.363189094487239,84.47,0,,,,SOFT,False,2025-12-06T12:10:00.043000+00:00
2025-24,2025,24,hulkenberg,1,12,5,83.87,0.6431948544411661,83.75999999999999,0,,,,MEDIUM|SOFT,False,2025-12-06T12:10:00.043000+00:00
2025-24,2025,24,stroll,1,13,10,83.895,0.6731946144430758,83.895,0,,,,MEDIUM|SOFT,False,2025-12-06T12:10:00.043000+00:00
2025-24,2025,24,bortoleto,1,11,6,83.791,0.5483956128350896,83.636,0,,,,MEDIUM|SOFT,False,2025-12-06T12:10:00.043000+00:00
2025-24,2025,24,bearman,1,9,7,83.609,0.3299973600211096,83.609,0,,,,SOFT,False,2025-12-06T12:10:00.043000+00:00
2025-24,2025,24,sainz,1,14,10,83.811,0.572395420836638,83.81099999999999,0,,,,MEDIUM|SOFT,False,2025-12-06T12:10:00.043000+00:00
2025-24,2025,24,tsunoda,1,4,3,84.693,1.6307869537043638,84.65899999999999,0,,,,SOFT,False,2025-12-06T12:10:00.043000+00:00
2025-24,2025,24,antonelli,1,9,5,83.707,0.44759641922863475,83.707,0,,,,MEDIUM|SOFT,False,2025-12-06T12:10:00.043000+00:00
2025-24,2025,24,albon,1,13,11,83.722,0.46559627522978736,83.637,0,,,,MEDIUM|SOFT,False,2025-12-06T12:10:00.043000+00:00
2025-24,2025,24,hadjar,1,11,9,83.979,0.7739938080495309,83.876,4,103.98599999999999,19.85891628341227,5.760501783524117,MEDIUM|SOFT,False,2025-12-06T12:10:00.043000+00:00
2025-24,2025,24,lawson,1,11,8,83.947,0.7355941152470774,83.917,0,,,,MEDIUM|SOFT,False,2025-12-06T12:10:00.043000+00:00
2025-24,2025,24,gasly,1,12,9,84.072,0.8855929152566774,84.072,0,,,,SOFT,False,2025-12-06T12:10:00.043000+00:00
2025-24,2025,24,colapinto,1,11,8,84.501,1.4003887968896267,84.489,0,,,,SOFT,False,2025-12-06T12:10:00.043000+00:00
2026-01,2026,1,russell,1,16,11,79.053,0.0,79.053,7,82.221,2.1562890210037855,-0.20254644711900852,SOFT,False,2026-03-07T03:16:00.592000+00:00
2026-01,2026,1,antonelli,1,15,8,80.324,1.6077821208556295,80.265,7,81.268,0.9722248106801832,-0.24587959414706342,SOFT,False,2026-03-07T03:16:00.592000+00:00
2026-01,2026,1,leclerc,1,14,9,79.827,0.9790899776099591,79.535,0,,,,SOFT,False,2026-03-07T03:16:00.592000+00:00
2026-01,2026,1,hamilton,1,17,12,79.669,0.779224064867873,79.616,4,80.4855,0.0,-0.3862138569632503,SOFT,False,2026-03-07T03:16:00.592000+00:00
2026-01,2026,1,norris,1,16,13,80.443,1.758314042477832,80.443,6,81.44800000000001,1.195867578632183,0.021017130914064347,SOFT,False,2026-03-07T03:16:00.592000+00:00
2026-01,2026,1,max_verstappen,1,11,8,80.197,1.4471304061832007,79.96600000000001,5,82.062,1.9587379093128525,0.409627657927725,SOFT,False,2026-03-07T03:16:00.592000+00:00
2026-01,2026,1,bearman,1,13,7,80.778,2.1820803764563124,80.778,4,94.1525,16.980698386665924,-3.90526008337537,MEDIUM|SOFT,False,2026-03-07T03:16:00.592000+00:00
2026-01,2026,1,arvid_lindblad,1,12,8,80.838,2.257978824333038,80.80199999999999,0,,,,HARD|SOFT,False,2026-03-07T03:16:00.592000+00:00
2026-01,2026,1,bortoleto,1,14,9,80.459,1.778553628578303,80.36500000000001,0,,,,SOFT,False,2026-03-07T03:16:00.592000+00:00
2026-01,2026,1,gasly,1,22,16,81.071,2.552717796921054,81.071,8,84.488,4.972945437376916,-0.274500283470724,HARD|SOFT,False,2026-03-07T03:16:00.592000+00:00
2026-01,2026,1,ocon,1,14,9,80.983,2.4414000733685084,80.983,0,,,,MEDIUM|SOFT,False,2026-03-07T03:16:00.592000+00:00
2026-01,2026,1,albon,1,12,11,81.664,3.3028474567695145,81.664,5,82.309,2.2656254853358626,-0.14999455271409134,MEDIUM|SOFT,False,2026-03-07T03:16:00.592000+00:00
2026-01,2026,1,lawson,1,10,7,80.89,2.323757479159555,80.837,4,81.3415,1.0635456075939076,-0.2566955367186523,HARD|SOFT,False,2026-03-07T03:16:00.592000+00:00
2026-01,2026,1,colapinto,1,16,10,81.413,2.9853389498184755,81.41300000000001,0,,,,HARD|SOFT,False,2026-03-07T03:16:00.592000+00:00
2026-01,2026,1,sainz,0,0,0,,,,0,,,,,True,2026-03-07T03:16:00.592000+00:00
2026-01,2026,1,perez,1,16,14,84.397,6.760021757555068,84.37899999999999,10,86.297,7.220555255294425,-0.14267850878624946,MEDIUM|SOFT,False,2026-03-07T03:16:00.592000+00:00
2026-01,2026,1,stroll,0,0,0,,,,0,,,,,True,2026-03-07T03:16:00.592000+00:00
2026-01,2026,1,alonso,1,14,10,82.72,4.638660139400151,82.691,0,,,,MEDIUM|SOFT,False,2026-03-07T03:16:00.592000+00:00
2026-01,2026,1,bottas,1,9,5,83.514,5.6430495996356855,83.386,0,,,,SOFT,False,2026-03-07T03:16:00.592000+00:00
2026-01,2026,1,hadjar,1,12,10,80.137,1.3712319583064567,80.044,6,81.668,1.4692087394623932,0.19265626855166962,SOFT,False,2026-03-07T03:16:00.592000+00:00
2026-01,2026,1,piastri,1,13,11,80.087,1.3079832517425096,79.898,5,81.179,0.8616458865261448,0.08395432891699932,SOFT,False,2026-03-07T03:16:00.592000+00:00
2026-01,2026,1,hulkenberg,1,17,9,81.067,2.5476579003959317,80.741,0,,,,SOFT,False,2026-03-07T03:16:00.592000+00:00
2026-02,2026,2,antonelli,1,23,19,92.861,0.1293926095254575,92.64500000000001,9,96.222,1.2911137896005616,0.0997346414194952,MEDIUM|SOFT,False,2026-03-13T04:59:37.898000+00:00
2026-02,2026,2,russell,1,23,19,92.741,0.0,92.642,13,96.393,1.4711223163202554,-0.9295893526741614,MEDIUM|SOFT,False,2026-03-13T04:59:37.898000+00:00
2026-02,2026,2,hamilton,1,19,15,94.129,1.4966411835110742,94.057,5,106.44,12.047412772183952,-2.8532887453406084,MEDIUM|SOFT,False,2026-03-13T04:59:37.898000+00:00
2026-02,2026,2,leclerc,1,24,16,93.599,0.9251571581069906,93.416,4,95.125,0.1363222468432792,-0.48294492567065705,MEDIUM|SOFT,False,2026-03-13T04:59:37.898000+00:00
2026-02,2026,2,bearman,1,21,17,94.426,1.816887892086566,94.025,6,97.5355,2.673810864725178,0.20760206723267052,MEDIUM|SOFT,False,2026-03-13T04:59:37.898000+00:00
2026-02,2026,2,gasly,1,23,15,94.676,2.0864558285979258,94.428,10,97.936,3.0954097825686633,0.07654828823193906,MEDIUM|SOFT,False,2026-03-13T04:59:37.898000+00:00
2026-02,2026,2,lawson,1,23,16,94.773,2.191048187964327,94.687,11,99.316,4.548110173639815,-0.3714968407387846,MEDIUM|SOFT,False,2026-03-13T04:59:37.898000+00:00
2026-02,2026,2,hadjar,1,22,18,94.856,2.2805447428860965,94.838,10,101.1685,6.498202546436413,0.28479340122786423,MEDIUM|SOFT,False,2026-03-13T04:59:37.898000+00:00
2026-02,2026,2,sainz,1,14,12,95.679,3.1679623898815006,95.50800000000001,12,108.40899999999999,14.120142533067357,1.0054242989218447,MEDIUM|SOFT,False,2026-03-13T04:59:37.898000+00:00
2026-02,2026,2,colapinto,1,21,15,94.947,2.3786674717762404,94.947,6,98.61449999999999,3.8096541415119667,-0.10015913336419324,MEDIUM|SOFT,False,2026-03-13T04:59:37.898000+00:00
2026-02,2026,2,hulkenberg,1,23,17,94.639,2.046559773994238,94.451,4,94.99549999999999,0.0,-1.4490606111672093,MEDIUM|SOFT,False,2026-03-13T04:59:37.898000+00:00
2026-02,2026,2,arvid_lindblad,1,4,3,97.896,5.558490850864236,97.276,0,,,,MEDIUM,False,2026-03-13T04:59:37.898000+00:00
2026-02,2026,2,bottas,1,21,17,96.057,3.5755491098866763,95.97,12,100.084,5.356569521714198,2.5755292389103257,MEDIUM|SOFT,False,2026-03-13T04:59:37.898000+00:00
2026-02,2026,2,ocon,1,19,13,94.877,2.3031884495530517,94.721,4,97.723,2.87118863525115,0.30033871248324445,MEDIUM|SOFT,False,2026-03-13T04:59:37.898000+00:00
2026-02,2026,2,perez,1,11,7,99.2,6.96455720770749,98.436,0,,,,MEDIUM,False,2026-03-13T04:59:37.898000+00:00
2026-02,2026,2,max_verstappen,1,21,17,94.541,1.940889142881786,94.493,12,99.7125,4.965498365712074,2.123112759244355,MEDIUM|SOFT,False,2026-03-13T04:59:37.898000+00:00
2026-02,2026,2,alonso,1,13,10,95.856,3.358816488931535,95.797,0,,,,MEDIUM|SOFT,False,2026-03-13T04:59:37.898000+00:00
2026-02,2026,2,stroll,1,15,12,97.224,4.833892237521704,96.701,0,,,,MEDIUM|SOFT,False,2026-03-13T04:59:37.898000+00:00
2026-02,2026,2,piastri,1,24,19,93.472,0.7882166463592096,93.32900000000001,10,96.631,1.7216604997078888,1.0571861066726498,MEDIUM|SOFT,False,2026-03-13T04:59:37.898000+00:00
2026-02,2026,2,norris,1,23,17,93.296,0.5984408190552256,93.275,9,98.882,4.091246427462367,0.212243308628616,MEDIUM|SOFT,False,2026-03-13T04:59:37.898000+00:00
2026-02,2026,2,bortoleto,1,20,14,94.828,2.2503531339968337,94.781,5,98.752,3.9543978398976822,0.17191577919461792,MEDIUM|SOFT,False,2026-03-13T04:59:37.898000+00:00
2026-02,2026,2,albon,1,25,19,95.48,2.9533863124184605,95.36,17,98.304,3.4827965535209664,0.10166868303742238,MEDIUM|SOFT,False,2026-03-13T04:59:37.898000+00:00
2026-03,2026,3,antonelli,1,12,6,89.362,0.0,89.325,0,,,,SOFT,False,2026-03-28T03:54:19.206000+00:00
2026-03,2026,3,piastri,1,15,10,90.364,1.1212819766791362,90.144,0,,,,SOFT,False,2026-03-28T03:54:19.206000+00:00
2026-03,2026,3,leclerc,1,16,12,90.229,0.9702110516774519,90.012,5,102.251,11.932611206287879,-0.9364297385158321,SOFT,False,2026-03-28T03:54:19.206000+00:00
2026-03,2026,3,russell,1,13,8,89.616,0.28423714778094145,89.346,0,,,,SOFT,False,2026-03-28T03:54:19.206000+00:00
2026-03,2026,3,norris,1,10,9,90.6,1.385376334459837,90.39699999999999,4,104.8425,14.769486757051142,8.988312400573662,SOFT,False,2026-03-28T03:54:19.206000+00:00
2026-03,2026,3,hamilton,1,17,14,90.383,1.1425438105682515,90.288,4,97.338,6.554424989463656,3.550319016015856,SOFT,False,2026-03-28T03:54:19.206000+00:00
2026-03,2026,3,gasly,1,16,12,91.082,1.924755488910274,91.038,4,91.3505,0.0,-1.1236518009879868,MEDIUM|SOFT,False,2026-03-28T03:54:19.206000+00:00
2026-03,2026,3,max_verstappen,1,19,10,90.91,1.7322799400192497,90.828,0,,,,MEDIUM|SOFT,False,2026-03-28T03:54:19.206000+00:00
2026-03,2026,3,lawson,1,19,13,91.097,1.9415411472437945,91.01,6,91.7995,0.49151345641238753,1.3014936964606072,MEDIUM|SOFT,False,2026-03-28T03:54:19.206000+00:00
2026-03,2026,3,ocon,1,17,12,91.326,2.197802197802196,91.257,0,,,,MEDIUM|SOFT,False,2026-03-28T03:54:19.206000+00:00
2026-03,2026,3,hulkenberg,1,17,13,90.658,1.4502808800161215,90.65799999999999,4,91.963,0.6704944143710184,-0.16358671676266245,MEDIUM|SOFT,False,2026-03-28T03:54:19.206000+00:00
2026-03,2026,3,hadjar,1,19,17,91.094,1.9381840155770904,91.066,12,93.7595,2.637095582399665,1.4349130749405328,MEDIUM|SOFT,False,2026-03-28T03:54:19.206000+00:00
2026-03,2026,3,bortoleto,1,18,9,91.0,1.8329938900203724,90.61699999999999,0,,,,MEDIUM|SOFT,False,2026-03-28T03:54:19.206000+00:00
2026-03,2026,3,arvid_lindblad,1,12,8,91.288,2.1552785300239496,91.238,0,,,,SOFT,False,2026-03-28T03:54:19.206000+00:00
2026-03,2026,3,sainz,1,23,16,91.829,2.760681273919562,91.67,6,94.6,3.557178121630421,0.05635759589248176,MEDIUM|SOFT,False,2026-03-28T03:54:19.206000+00:00
2026-03,2026,3,colapinto,1,19,15,91.759,2.682348201696477,91.66999999999999,10,95.047,4.0465022085265,2.735477195006742,MEDIUM|SOFT,False,2026-03-28T03:54:19.206000+00:00
2026-03,2026,3,perez,1,13,11,92.54,3.556321478928417,92.41199999999999,0,,,,SOFT,False,2026-03-28T03:54:19.206000+00:00
2026-03,2026,3,alonso,1,11,7,93.529,4.663055885051814,93.459,0,,,,SOFT,False,2026-03-28T03:54:19.206000+00:00
2026-03,2026,3,bottas,1,16,9,92.503,3.514916855039061,92.39099999999999,4,106.374,16.445996464168232,5.187089218901497,SOFT,False,2026-03-28T03:54:19.206000+00:00
2026-03,2026,3,albon,1,18,16,91.733,2.6532530605850466,91.733,10,92.366,1.111652371908203,1.4079810354678903,SOFT,False,2026-03-28T03:54:19.206000+00:00
2026-03,2026,3,stroll,1,14,11,93.485,4.613817953940159,93.36699999999999,0,,,,SOFT,False,2026-03-28T03:54:19.206000+00:00
2026-03,2026,3,bearman,1,9,6,91.558,2.4574203800273184,91.07600000000001,4,92.16550000000001,0.8921680778977805,-0.2616488816314193,MEDIUM|SOFT,False,2026-03-28T03:54:19.206000+00:00
2026-04,2026,4,antonelli,1,20,16,90.079,0.8610457955436024,90.07900000000001,13,93.058,0.01128455896182864,0.10232895046667118,HARD,False,2026-05-01T17:42:05.211000+00:00
2026-04,2026,4,norris,1,26,23,90.208,1.0054865076699095,89.368,21,94.26,1.303097880115001,-0.5233774905462572,HARD|SOFT,False,2026-05-01T17:42:05.211000+00:00
2026-04,2026,4,piastri,1,31,25,89.758,0.5016235583921098,89.642,19,93.449,0.43150004030199485,-0.34203027208229175,HARD|SOFT,False,2026-05-01T17:42:05.211000+00:00
2026-04,2026,4,russell,1,26,19,90.1,0.8845593998432337,89.87,10,93.0475,0.0,0.08223002983743591,HARD|SOFT,False,2026-05-01T17:42:05.211000+00:00
2026-04,2026,4,max_verstappen,1,35,30,89.607,0.33254954652334234,89.416,21,93.748,0.752841290738607,1.0730596372726706,HARD|MEDIUM|SOFT,False,2026-05-01T17:42:05.211000+00:00
2026-04,2026,4,hamilton,1,25,22,89.777,0.5228977718060673,89.742,13,93.451,0.43364948010424137,-0.1461507065731534,HARD|SOFT,False,2026-05-01T17:42:05.211000+00:00
2026-04,2026,4,colapinto,1,25,19,91.015,1.9090807300414268,90.884,14,94.17949999999999,1.2165829280743607,-0.014350004863840748,HARD|SOFT,False,2026-05-01T17:42:05.211000+00:00
2026-04,2026,4,leclerc,1,35,30,89.31,0.0,89.3,21,93.5,0.48631075525941114,2.6170273185320982,HARD|SOFT,False,2026-05-01T17:42:05.211000+00:00
2026-04,2026,4,sainz,1,31,23,90.93,1.8139066174000722,90.872,8,94.593,1.6609796071898806,0.42819776598897713,HARD|SOFT,False,2026-05-01T17:42:05.211000+00:00
2026-04,2026,4,albon,1,34,26,91.024,1.919157989026983,91.024,21,94.858,1.9457803809882097,-0.25450884246088323,HARD|SOFT,False,2026-05-01T17:42:05.211000+00:00
2026-04,2026,4,bearman,1,24,20,91.091,1.994177583697225,90.983,14,94.6815,1.7560923184395072,-0.20424408694539492,HARD|MEDIUM|SOFT,False,2026-05-01T17:42:05.211000+00:00
2026-04,2026,4,bortoleto,1,23,19,91.111,2.0165714925540272,90.83,6,93.936,0.9548886321502541,-0.7671610984480901,HARD|SOFT,False,2026-05-01T17:42:05.211000+00:00
2026-04,2026,4,ocon,1,27,23,91.635,2.603291904601951,91.257,18,94.53,1.5932722534189547,-0.5734331200938404,HARD|MEDIUM|SOFT,False,2026-05-01T17:42:05.211000+00:00
2026-04,2026,4,arvid_lindblad,1,34,31,92.862,3.977158212966065,92.638,17,96.658,3.880276203014591,0.10209852325602455,HARD|MEDIUM,False,2026-05-01T17:42:05.211000+00:00
2026-04,2026,4,alonso,1,26,22,92.593,3.675960138842236,92.563,10,94.2945,1.340175716703834,-1.918574053312681,HARD|MEDIUM|SOFT,False,2026-05-01T17:42:05.211000+00:00
2026-04,2026,4,perez,1,20,17,92.047,3.064606427051836,92.047,12,97.231,4.49609070635965,2.733922862834663,MEDIUM|SOFT,False,2026-05-01T17:42:05.211000+00:00
2026-04,2026,4,stroll,1,23,16,92.959,4.08576867092151,92.724,4,95.828,2.988258685080205,-0.6324007066332858,HARD|MEDIUM|SOFT,False,2026-05-01T17:42:05.211000+00:00
2026-04,2026,4,bottas,1,27,21,92.762,3.8651886686821166,92.329,8,97.81,5.118353529111479,0.14017701958607381,MEDIUM|SOFT,False,2026-05-01T17:42:05.211000+00:00
2026-04,2026,4,hulkenberg,1,27,22,91.595,2.5585040868883624,91.511,12,94.5265,1.5895107337650114,0.08792327933484122,HARD|SOFT,False,2026-05-01T17:42:05.211000+00:00
2026-04,2026,4,lawson,1,34,28,91.648,2.6178479453588555,91.564,20,95.8315,2.992020204734148,0.5446236539461552,HARD|MEDIUM,False,2026-05-01T17:42:05.211000+00:00
2026-04,2026,4,gasly,1,25,22,90.587,1.4298510805061033,90.389,7,93.915,0.932319514226612,0.29824150716113573,HARD|SOFT,False,2026-05-01T17:42:05.211000+00:00
2026-04,2026,4,hadjar,1,32,25,90.873,1.7500839771582157,90.58099999999999,14,94.61349999999999,1.6830113651629417,-0.015136189994960508,HARD|MEDIUM|SOFT,False,2026-05-01T17:42:05.211000+00:00
2026-05,2026,5,antonelli,1,27,22,73.402,0.0,73.402,12,76.19,0.5357331362820539,-0.19825581848431428,HARD|SOFT,False,2026-05-22T18:19:14.051000+00:00
2026-05,2026,5,hamilton,1,31,25,74.176,1.0544671807307715,74.176,8,75.944,0.21112635912593236,-0.26031283988513343,HARD|SOFT,False,2026-05-22T18:19:14.051000+00:00
2026-05,2026,5,max_verstappen,1,26,20,74.366,1.313315713468296,74.366,13,76.752,1.277314472711904,-0.010709532285517126,HARD|SOFT,False,2026-05-22T18:19:14.051000+00:00
2026-05,2026,5,leclerc,1,31,24,74.355,1.2983297457834977,74.287,17,76.803,1.3446109996832987,0.18480457998873845,HARD|SOFT,False,2026-05-22T18:19:14.051000+00:00
2026-05,2026,5,hadjar,1,24,18,76.253,3.8840903517615306,76.211,12,77.043,1.6613005383722161,-0.2301874791833685,HARD|SOFT,False,2026-05-22T18:19:14.051000+00:00
2026-05,2026,5,colapinto,0,0,0,,,,0,,,,,True,2026-05-22T18:19:14.051000+00:00
2026-05,2026,5,lawson,1,4,3,77.431,5.488951254734198,77.431,0,,,,MEDIUM,False,2026-05-22T18:19:14.051000+00:00
2026-05,2026,5,gasly,1,25,19,76.809,4.64156290019345,76.651,10,77.84,2.7129737147682853,-0.0969376824600446,HARD|SOFT,False,2026-05-22T18:19:14.051000+00:00
2026-05,2026,5,sainz,1,31,25,76.66,4.438571156099283,76.593,15,77.232,1.9106935500897197,0.060769191552510184,HARD|SOFT,False,2026-05-22T18:19:14.051000+00:00
2026-05,2026,5,bearman,1,21,14,77.77,5.950791531565891,77.58,6,78.65950000000001,3.7943365354164498,-0.25720260834900616,HARD|MEDIUM,False,2026-05-22T18:19:14.051000+00:00
2026-05,2026,5,piastri,1,26,21,74.963,2.126645050543572,74.46000000000001,11,76.329,0.719149160772706,-1.320557959608829,HARD|SOFT,False,2026-05-22T18:19:14.051000+00:00
2026-05,2026,5,hulkenberg,1,20,15,75.698,3.1279801640282177,75.69800000000001,4,76.626,1.1110524649002411,-1.8846105694088875,HARD|SOFT,False,2026-05-22T18:19:14.051000+00:00
2026-05,2026,5,bortoleto,1,26,23,76.214,3.8309582845154053,75.952,7,77.067,1.692969492241089,-0.014931716224290245,HARD|SOFT,False,2026-05-22T18:19:14.051000+00:00
2026-05,2026,5,ocon,1,27,21,76.497,4.216506362224461,76.18,12,78.13300000000001,3.0995988599176654,0.9265988808007967,HARD|MEDIUM,False,2026-05-22T18:19:14.051000+00:00
2026-05,2026,5,stroll,1,24,17,76.978,4.871801858259984,76.94200000000001,5,77.748,2.5915760582708733,-0.08193136800946939,HARD|MEDIUM|SOFT,False,2026-05-22T18:19:14.051000+00:00
2026-05,2026,5,bottas,1,23,16,77.868,6.084302880030509,77.667,7,78.428,3.4888630845560953,-0.07695866636551127,MEDIUM|SOFT,False,2026-05-22T18:19:14.051000+00:00
2026-05,2026,5,perez,1,22,17,77.926,6.163319800550395,77.571,11,78.306,3.327879235722568,-0.023184105246783326,MEDIUM|SOFT,False,2026-05-22T18:19:14.051000+00:00
2026-05,2026,5,norris,1,25,20,74.799,1.9032178959701447,74.407,7,75.784,0.0,-0.32110255195905707,HARD|SOFT,False,2026-05-22T18:19:14.051000+00:00
2026-05,2026,5,russell,1,29,24,73.544,0.19345521920383082,73.544,12,76.07849999999999,0.3886044547661579,1.0546193758377576,HARD|SOFT,False,2026-05-22T18:19:14.051000+00:00
2026-05,2026,5,alonso,1,26,18,75.863,3.3527696793002897,75.855,6,77.54050000000001,2.3177715612794287,0.33022591230313636,HARD|MEDIUM|SOFT,False,2026-05-22T18:19:14.051000+00:00
2026-05,2026,5,albon,1,13,10,76.642,4.414048663524148,76.47800000000001,4,83.0655,9.608228649846925,2.845483846621509,HARD,False,2026-05-22T18:19:14.051000+00:00
2026-05,2026,5,arvid_lindblad,1,27,22,75.452,2.792839432168057,75.163,7,76.867,1.4290615433336828,0.15209060973731753,MEDIUM|SOFT,False,2026-05-22T18:19:14.051000+00:00
2026-06,2026,6,antonelli,1,19,14,72.72,0.0,72.61,0,,,,SOFT,False,2026-06-06T11:49:17.499000+00:00
2026-06,2026,6,hamilton,1,27,22,73.051,0.4551705170517094,73.051,9,75.422,2.0567778950501965,0.08334393489524484,SOFT,False,2026-06-06T11:49:17.499000+00:00
2026-06,2026,6,gasly,1,19,16,74.48,2.4202420242024276,74.352,9,75.282,1.8673378257692559,-0.5187716408526156,SOFT,False,2026-06-06T11:49:17.499000+00:00
2026-06,2026,6,hadjar,1,22,16,73.877,1.5910341034103361,73.87700000000001,5,75.596,2.292224838299373,0.3193163804419567,SOFT,False,2026-06-06T11:49:17.499000+00:00
2026-06,2026,6,piastri,1,17,13,73.698,1.3448844884488373,73.608,4,74.1745,0.36873156342182045,-0.20815779007610788,SOFT,False,2026-06-06T11:49:17.499000+00:00
2026-06,2026,6,lawson,1,23,16,74.587,2.5673817381738235,74.548,6,82.676,11.872479770506889,-0.729773401745513,SOFT,False,2026-06-06T11:49:17.499000+00:00
2026-06,2026,6,arvid_lindblad,1,20,15,74.918,3.022552255225533,74.63499999999999,4,84.393,14.195826905902411,-1.3623167798277207,SOFT,False,2026-06-06T11:49:17.499000+00:00
2026-06,2026,6,albon,1,21,18,74.801,2.861661166116616,74.737,8,78.1965,5.811074125192822,0.49945471632266764,SOFT,False,2026-06-06T11:49:17.499000+00:00
2026-06,2026,6,ocon,1,21,18,74.278,2.142464246424652,74.27799999999999,7,75.631,2.3395848556196035,-0.613550227633999,SOFT,False,2026-06-06T11:49:17.499000+00:00
2026-06,2026,6,alonso,1,22,18,75.567,3.915016501650157,75.567,12,81.30799999999999,10.021379664961696,-0.850220445409759,SOFT,False,2026-06-06T11:49:17.499000+00:00
2026-06,2026,6,bortoleto,1,24,19,73.82,1.512651265126505,73.732,8,75.05199999999999,1.5561148548077068,-0.24274534219458352,SOFT,False,2026-06-06T11:49:17.499000+00:00
2026-06,2026,6,russell,1,19,15,73.483,1.0492299229923066,73.188,5,73.902,0.0,-1.2768130246079716,SOFT,False,2026-06-06T11:49:17.499000+00:00
2026-06,2026,6,hulkenberg,1,19,16,74.05,1.8289328932893267,73.851,5,74.826,1.250304457254191,-0.9434249919359854,SOFT,False,2026-06-06T11:49:17.499000+00:00
2026-06,2026,6,colapinto,1,19,17,75.179,3.381463146314636,74.982,8,76.0735,2.938350788882567,-0.849866084532714,SOFT,False,2026-06-06T11:49:17.499000+00:00
2026-06,2026,6,perez,1,15,11,74.945,3.059680968096802,74.94500000000001,0,,,,SOFT,False,2026-06-06T11:49:17.499000+00:00
2026-06,2026,6,sainz,1,23,20,74.336,2.222222222222222,74.336,10,77.2365,4.5120565072663865,-0.3512784921973958,SOFT,False,2026-06-06T11:49:17.499000+00:00
2026-06,2026,6,leclerc,1,29,24,73.047,0.44966996699669715,72.973,9,75.184,1.7347297772725996,-0.518843047086799,SOFT,False,2026-06-06T11:49:17.499000+00:00
2026-06,2026,6,stroll,1,18,14,75.921,4.401815181518162,75.92099999999999,4,77.7515,5.208925333549826,-2.794580903813523,SOFT,False,2026-06-06T11:49:17.499000+00:00
2026-06,2026,6,norris,1,21,16,74.006,1.7684268426842702,73.798,8,74.39500000000001,0.6670996725393212,-1.0479811101698577,SOFT,False,2026-06-06T11:49:17.499000+00:00
2026-06,2026,6,bearman,1,16,14,74.487,2.429867986798674,74.392,5,75.085,1.6007685854239297,-0.13757741226610726,SOFT,False,2026-06-06T11:49:17.499000+00:00
2026-06,2026,6,bottas,1,14,11,75.451,3.755500550054998,75.451,4,76.4125,3.39706638521284,-0.44069460194583493,SOFT,False,2026-06-06T11:49:17.499000+00:00
2026-06,2026,6,max_verstappen,1,19,15,73.662,1.2953795379538053,73.545,6,78.75,6.560038970528536,-0.959328798185934,SOFT,False,2026-06-06T11:49:17.499000+00:00
2026-07,2026,7,hamilton,1,10,8,76.381,0.9276021089073563,76.381,0,,,,SOFT,False,2026-06-13T11:53:23.330000+00:00
2026-07,2026,7,russell,1,7,3,75.679,0.0,75.604,0,,,,SOFT,False,2026-06-13T11:53:23.330000+00:00
2026-07,2026,7,norris,1,10,6,75.925,0.3250571492752218,75.925,4,79.554,0.0,0.6792870251652826,SOFT,False,2026-06-13T11:53:23.330000+00:00
2026-07,2026,7,max_verstappen,1,8,4,76.434,0.9976347467593327,76.391,0,,,,SOFT,False,2026-06-13T11:53:23.330000+00:00
2026-07,2026,7,piastri,1,7,3,75.893,0.28277329245893656,75.893,0,,,,SOFT,False,2026-06-13T11:53:23.330000+00:00
2026-07,2026,7,hadjar,1,10,4,76.684,1.327977378136597,76.684,0,,,,SOFT,False,2026-06-13T11:53:23.330000+00:00
2026-07,2026,7,gasly,1,8,5,77.583,2.5158894805692418,77.538,0,,,,SOFT,False,2026-06-13T11:53:23.330000+00:00
2026-07,2026,7,lawson,1,11,5,77.324,2.1736545144623953,77.249,0,,,,SOFT,False,2026-06-13T11:53:23.330000+00:00
2026-07,2026,7,arvid_lindblad,1,10,6,77.02,1.7719578747076388,77.02,0,,,,SOFT,False,2026-06-13T11:53:23.330000+00:00
2026-07,2026,7,colapinto,1,9,5,77.625,2.571387042640624,77.625,0,,,,SOFT,False,2026-06-13T11:53:23.330000+00:00
2026-07,2026,7,bortoleto,1,8,4,77.027,1.781207468386209,77.027,0,,,,SOFT,False,2026-06-13T11:53:23.330000+00:00
2026-07,2026,7,sainz,1,15,11,77.73,2.7101309478190805,77.69200000000001,5,82.216,3.346154813082927,-0.14705166877492787,SOFT,False,2026-06-13T11:53:23.330000+00:00
2026-07,2026,7,ocon,1,9,5,78.04,3.1197558107268915,77.971,0,,,,SOFT,False,2026-06-13T11:53:23.330000+00:00
2026-07,2026,7,perez,1,16,9,78.691,3.9799680228332828,78.691,4,82.51,3.715715111747999,0.0227851169555287,MEDIUM|SOFT,False,2026-06-13T11:53:23.330000+00:00
2026-07,2026,7,leclerc,1,11,7,75.922,0.32109303769869446,75.922,0,,,,SOFT,False,2026-06-13T11:53:23.330000+00:00
2026-07,2026,7,antonelli,1,8,4,76.5,1.084845201442934,76.279,0,,,,SOFT,False,2026-06-13T11:53:23.330000+00:00
2026-07,2026,7,bearman,1,8,5,78.391,3.5835568651805696,78.156,0,,,,SOFT,False,2026-06-13T11:53:23.330000+00:00
2026-07,2026,7,albon,1,10,5,78.412,3.611305646216261,78.19,0,,,,SOFT,False,2026-06-13T11:53:23.330000+00:00
2026-07,2026,7,alonso,1,9,6,79.496,5.043671295868065,79.489,0,,,,SOFT,False,2026-06-13T11:53:23.330000+00:00
2026-07,2026,7,hulkenberg,1,15,10,76.961,1.6939970137026077,76.867,4,80.618,1.3374563189782953,0.7774584194242391,MEDIUM|SOFT,False,2026-06-13T11:53:23.330000+00:00
2026-07,2026,7,bottas,1,11,8,79.962,5.659429960755297,79.791,5,82.746,4.012368956934903,0.680624065440258,SOFT,False,2026-06-13T11:53:23.330000+00:00
2026-07,2026,7,stroll,1,13,8,80.103,5.845743204852062,79.91799999999999,0,,,,SOFT,False,2026-06-13T11:53:23.330000+00:00
2026-08,2026,8,russell,1,16,11,67.096,0.0,67.096,5,68.332,0.0,1.7619984369399722,SOFT,False,2026-06-27T11:50:30.805000+00:00
2026-08,2026,8,max_verstappen,1,13,6,67.369,0.40687969476570307,67.316,0,,,,SOFT,False,2026-06-27T11:50:30.805000+00:00
2026-08,2026,8,antonelli,1,13,5,67.134,0.056635268868482025,67.057,0,,,,SOFT,False,2026-06-27T11:50:30.805000+00:00
2026-08,2026,8,piastri,1,13,5,67.344,0.3696196494574795,67.224,0,,,,SOFT,False,2026-06-27T11:50:30.805000+00:00
2026-08,2026,8,hamilton,1,19,14,67.211,0.1713962084177818,67.164,0,,,,SOFT,False,2026-06-27T11:50:30.805000+00:00
2026-08,2026,8,hadjar,1,24,19,67.912,1.2161678788601442,67.84899999999999,11,69.819,2.1761400222443497,2.36870034049705,HARD|SOFT,False,2026-06-27T11:50:30.805000+00:00
2026-08,2026,8,norris,1,16,7,67.36,0.39346607845474507,67.36,0,,,,SOFT,False,2026-06-27T11:50:30.805000+00:00
2026-08,2026,8,leclerc,1,20,7,67.452,0.5305830451889748,67.346,0,,,,SOFT,False,2026-06-27T11:50:30.805000+00:00
2026-08,2026,8,lawson,1,17,11,68.031,1.3935256945272478,67.926,6,70.602,3.322016039337368,0.5428012966043139,SOFT,False,2026-06-27T11:50:30.805000+00:00
2026-08,2026,8,arvid_lindblad,1,20,14,68.109,1.5097770358888623,68.006,5,70.582,3.2927471755546454,0.4147179397243199,SOFT,False,2026-06-27T11:50:30.805000+00:00
2026-08,2026,8,bortoleto,1,17,10,68.311,1.8108382019792586,68.269,0,,,,SOFT,False,2026-06-27T11:50:30.805000+00:00
2026-08,2026,8,hulkenberg,1,16,10,68.303,1.798914987480615,68.215,4,70.305,2.8873734121641594,0.5645198979954751,SOFT,False,2026-06-27T11:50:30.805000+00:00
2026-08,2026,8,gasly,1,11,6,68.193,1.6349707881244697,68.059,0,,,,SOFT,False,2026-06-27T11:50:30.805000+00:00
2026-08,2026,8,bearman,1,12,9,68.529,2.1357457970668783,68.529,0,,,,SOFT,False,2026-06-27T11:50:30.805000+00:00
2026-08,2026,8,colapinto,1,13,7,68.394,1.9345415524025305,68.305,0,,,,SOFT,False,2026-06-27T11:50:30.805000+00:00
2026-08,2026,8,ocon,1,11,7,68.707,2.401037319661366,68.672,0,,,,SOFT,False,2026-06-27T11:50:30.805000+00:00
2026-08,2026,8,albon,1,22,12,68.992,2.825801836175034,68.991,7,71.396,4.4839899315108696,0.09129162898281036,SOFT,False,2026-06-27T11:50:30.805000+00:00
2026-08,2026,8,alonso,1,18,11,70.421,4.955586025992612,70.421,0,,,,MEDIUM|SOFT,False,2026-06-27T11:50:30.805000+00:00
2026-08,2026,8,stroll,1,16,11,70.567,5.173184690592568,70.563,0,,,,MEDIUM|SOFT,False,2026-06-27T11:50:30.805000+00:00
2026-08,2026,8,sainz,1,24,15,68.843,2.6037319661380702,68.843,8,72.02350000000001,5.402300532693349,0.2504969442843863,SOFT,False,2026-06-27T11:50:30.805000+00:00
2026-08,2026,8,perez,1,26,21,69.532,3.6306188148324683,69.469,13,73.955,8.22894105250835,3.5130249527751967,MEDIUM|SOFT,False,2026-06-27T11:50:30.805000+00:00
2026-08,2026,8,bottas,1,21,16,69.74,3.940622391796815,69.664,7,72.9,6.6850084879705145,0.03203997648442175,SOFT,False,2026-06-27T11:50:30.805000+00:00
2026-09,2026,9,leclerc,1,27,22,89.859,0.6710732691014896,89.687,14,92.31049999999999,0.055821112303395995,0.3402236616705864,HARD|SOFT,False,2026-07-03T12:56:39.197000+00:00
2026-09,2026,9,russell,1,25,20,89.938,0.7595787586824975,89.93799999999999,9,93.134,0.9484169566112791,0.05508192496831899,HARD|SOFT,False,2026-07-03T12:56:39.197000+00:00
2026-09,2026,9,hamilton,1,25,20,89.26,0.0,89.211,10,92.259,0.0,0.05629495356756663,HARD|SOFT,False,2026-07-03T12:56:39.197000+00:00
2026-09,2026,9,norris,1,22,17,90.288,1.151691687205906,90.288,10,93.566,1.4166639569039359,-0.2684984813784266,HARD|SOFT,False,2026-07-03T12:56:39.197000+00:00
2026-09,2026,9,hadjar,1,22,19,90.338,1.2077078198521047,90.244,12,94.15450000000001,2.0545421042933616,0.6046585689013804,HARD|SOFT,False,2026-07-03T12:56:39.197000+00:00
2026-09,2026,9,lawson,1,22,18,90.85,1.7813130181492147,90.62899999999999,6,94.488,2.4160244528989034,0.03413887780156007,HARD|MEDIUM,False,2026-07-03T12:56:39.197000+00:00
2026-09,2026,9,arvid_lindblad,1,25,21,91.339,2.329150795429076,91.131,11,94.647,2.5883653627288448,-0.17589953340149622,HARD|MEDIUM,False,2026-07-03T12:56:39.197000+00:00
2026-09,2026,9,bortoleto,1,23,16,91.035,1.9885727089401652,91.035,10,93.9725,1.8572713773181977,-0.34980413695864176,HARD|MEDIUM,False,2026-07-03T12:56:39.197000+00:00
2026-09,2026,9,colapinto,1,23,18,90.966,1.9112704458884033,90.961,7,93.774,1.642116216304101,-0.41151370011182103,HARD|MEDIUM,False,2026-07-03T12:56:39.197000+00:00
2026-09,2026,9,gasly,1,21,13,92.195,3.28814698633205,92.195,5,93.512,1.3581330818673518,-0.04975553646620269,HARD|MEDIUM,False,2026-07-03T12:56:39.197000+00:00
2026-09,2026,9,piastri,1,21,16,90.147,0.9937261931436258,90.064,0,,,,HARD|SOFT,False,2026-07-03T12:56:39.197000+00:00
2026-09,2026,9,bearman,1,20,17,91.373,2.3672417656285005,91.297,11,94.314,2.2274249666699104,-0.25942092115913995,HARD|SOFT,False,2026-07-03T12:56:39.197000+00:00
2026-09,2026,9,ocon,1,20,16,91.684,2.7156621106878696,91.547,10,94.55850000000001,2.492439761974451,2.4521192928473727,HARD|SOFT,False,2026-07-03T12:56:39.197000+00:00
2026-09,2026,9,perez,1,18,15,92.241,3.3396818283665635,92.241,10,95.432,3.4392308609458175,-0.07946359010031297,HARD|MEDIUM|SOFT,False,2026-07-03T12:56:39.197000+00:00
2026-09,2026,9,antonelli,1,23,19,89.473,0.2386287250728141,89.473,15,93.253,1.0774016627104128,0.18213541905155428,HARD|SOFT,False,2026-07-03T12:56:39.197000+00:00
2026-09,2026,9,bottas,1,17,15,92.15,3.2377324669504817,92.009,9,95.969,4.021287896031817,-0.07843126110483364,HARD|MEDIUM|SOFT,False,2026-07-03T12:56:39.197000+00:00
2026-09,2026,9,sainz,1,29,21,91.684,2.7156621106878696,91.588,10,93.888,1.7656813969368894,0.660692922433954,HARD|SOFT,False,2026-07-03T12:56:39.197000+00:00
2026-09,2026,9,alonso,1,20,16,92.957,4.1418328478601705,92.881,10,95.6445,3.6695606932656903,-0.13721843231557998,HARD|MEDIUM|SOFT,False,2026-07-03T12:56:39.197000+00:00
2026-09,2026,9,stroll,1,20,16,93.13,4.335648666816032,92.89,4,106.374,15.299320391506512,5.509052964070166,HARD|MEDIUM|SOFT,False,2026-07-03T12:56:39.197000+00:00
2026-09,2026,9,max_verstappen,1,21,18,90.24,1.0979161998655498,90.053,9,94.35,2.2664455500276333,0.2058646882176297,HARD|SOFT,False,2026-07-03T12:56:39.197000+00:00
2026-09,2026,9,albon,1,25,19,91.697,2.7302263051758877,91.682,6,94.4815,2.4089790697926454,0.34177247895713125,HARD|SOFT,False,2026-07-03T12:56:39.197000+00:00
2026-09,2026,9,hulkenberg,1,24,20,90.743,1.661438494286343,90.515,14,93.699,1.5608233343088453,0.4030761829752466,HARD|MEDIUM,False,2026-07-03T12:56:39.197000+00:00
2026-10,2026,10,antonelli,1,5,3,105.99,0.0,105.99,0,,,,SOFT,False,2026-07-18T11:57:34.288000+00:00
2026-10,2026,10,leclerc,1,9,6,106.75,0.7170487781866263,106.628,0,,,,SOFT,False,2026-07-18T11:57:34.288000+00:00
2026-10,2026,10,max_verstappen,1,6,4,106.138,0.13963581469950972,106.107,0,,,,SOFT,False,2026-07-18T11:57:34.288000+00:00
2026-10,2026,10,hamilton,1,11,9,106.382,0.36984621190679323,106.382,5,110.127,0.6834004543812945,-0.11041797197779751,SOFT,False,2026-07-18T11:57:34.288000+00:00
2026-10,2026,10,piastri,1,12,9,106.785,0.7500707613925859,106.679,5,110.492,1.0171010107012715,0.3764978459979107,SOFT,False,2026-07-18T11:57:34.288000+00:00
2026-10,2026,10,hadjar,1,12,10,107.096,1.0434946693084337,107.096,5,111.842,2.2513359450353962,0.040145920137335964,MEDIUM,False,2026-07-18T11:57:34.288000+00:00
2026-10,2026,10,norris,1,13,11,106.129,0.1311444475894047,106.129,8,109.37950000000001,0.0,0.26288642720905636,MEDIUM|SOFT,False,2026-07-18T11:57:34.288000+00:00
2026-10,2026,10,bortoleto,1,10,7,107.049,0.9991508632890006,107.049,0,,,,SOFT,False,2026-07-18T11:57:34.288000+00:00
2026-10,2026,10,arvid_lindblad,1,14,11,107.176,1.1189734880649185,107.05799999999999,6,110.27000000000001,0.8141379326107753,-0.010908290041327803,SOFT,False,2026-07-18T11:57:34.288000+00:00
2026-10,2026,10,colapinto,1,13,11,107.904,1.80583073874894,107.71000000000001,7,112.372,2.7358874377739815,-0.06133963214018284,MEDIUM|SOFT,False,2026-07-18T11:57:34.288000+00:00
2026-10,2026,10,gasly,1,13,11,107.949,1.8482875742994656,107.799,6,112.316,2.6846895442016057,-0.1500613066195863,MEDIUM|SOFT,False,2026-07-18T11:57:34.288000+00:00
2026-10,2026,10,lawson,1,17,13,107.294,1.2303047457307312,107.118,6,110.0365,0.6006610013759401,0.30826134964307156,SOFT,False,2026-07-18T11:57:34.288000+00:00
2026-10,2026,10,hulkenberg,1,12,8,106.924,0.8812152089819905,106.92399999999999,4,110.7655,1.2671478659163697,0.18155472597515315,SOFT,False,2026-07-18T11:57:34.288000+00:00
2026-10,2026,10,bearman,1,13,12,107.92,1.8209265025002423,107.92,7,111.977,2.3747594384688138,-0.10502794578989583,SOFT,False,2026-07-18T11:57:34.288000+00:00
2026-10,2026,10,albon,1,11,9,107.99,1.8869704689121616,107.656,5,111.036,1.5144519768329476,-0.01531034979645571,SOFT,False,2026-07-18T11:57:34.288000+00:00
2026-10,2026,10,sainz,1,13,11,108.692,2.5492971035003285,108.615,6,111.28999999999999,1.746670994107657,-0.09401435118031516,SOFT,False,2026-07-18T11:57:34.288000+00:00
2026-10,2026,10,ocon,1,13,12,108.73,2.58514954240967,108.647,7,112.167,2.548466577375097,0.0986411842546002,SOFT,False,2026-07-18T11:57:34.288000+00:00
2026-10,2026,10,bottas,1,16,14,108.644,2.5040098122464483,108.553,6,112.7115,3.0462746675565286,0.04958297448416515,SOFT,False,2026-07-18T11:57:34.288000+00:00
2026-10,2026,10,alonso,1,8,5,110.155,3.9296160015095825,110.116,0,,,,SOFT,False,2026-07-18T11:57:34.288000+00:00
2026-10,2026,10,stroll,1,8,5,110.631,4.378714973110676,110.56,0,,,,SOFT,False,2026-07-18T11:57:34.288000+00:00
2026-10,2026,10,perez,1,14,13,108.99,2.8304557033682425,108.79,5,113.021,3.3292344543538714,0.48663522708170937,SOFT,False,2026-07-18T11:57:34.288000+00:00
2026-10,2026,10,russell,1,6,4,106.357,0.34625908104538583,106.205,0,,,,SOFT,False,2026-07-18T11:57:34.288000+00:00
2026-11,2026,11,norris,1,15,12,77.939,0.0,77.926,0,,,,SOFT,False,2026-07-25T11:52:01.503000+00:00
2026-11,2026,11,max_verstappen,1,11,8,78.656,0.9199502174777878,78.559,0,,,,SOFT,False,2026-07-25T11:52:01.503000+00:00
2026-11,2026,11,antonelli,1,11,6,78.068,0.16551405586420778,77.965,0,,,,SOFT,False,2026-07-25T11:52:01.503000+00:00
2026-11,2026,11,leclerc,1,19,15,78.291,0.4516352532108494,78.188,8,79.522,0.0,0.12442111719962362,SOFT,False,2026-07-25T11:52:01.503000+00:00
2026-11,2026,11,hamilton,1,18,12,78.056,0.1501173995047466,78.056,4,80.8055,1.6140187621035553,-0.04913031909955672,SOFT,False,2026-07-25T11:52:01.503000+00:00
2026-11,2026,11,hadjar,1,12,9,78.943,1.2881869154082102,78.741,0,,,,SOFT,False,2026-07-25T11:52:01.503000+00:00
2026-11,2026,11,russell,1,15,10,78.541,0.7723989273662787,78.491,5,93.755,17.898191695379882,-1.860812384579815,SOFT,False,2026-07-25T11:52:01.503000+00:00
2026-11,2026,11,lawson,1,18,13,79.088,1.474229846418354,78.93599999999999,4,82.363,3.5725962626694416,-0.16123744885447025,MEDIUM|SOFT,False,2026-07-25T11:52:01.503000+00:00
2026-11,2026,11,hulkenberg,1,18,12,79.16,1.5666097845751212,79.16,5,82.154,3.3097759110686233,0.4653258317109085,MEDIUM|SOFT,False,2026-07-25T11:52:01.503000+00:00
2026-11,2026,11,arvid_lindblad,1,5,4,79.895,2.5096549865920825,79.63,0,,,,SOFT,False,2026-07-25T11:52:01.503000+00:00
2026-11,2026,11,bortoleto,1,17,9,79.338,1.7949935205737833,79.334,0,,,,MEDIUM|SOFT,False,2026-07-25T11:52:01.503000+00:00
2026-11,2026,11,gasly,1,17,15,79.723,2.288969578773151,79.723,11,93.724,17.859208772415176,1.097631804981209,SOFT,False,2026-07-25T11:52:01.503000+00:00
2026-11,2026,11,stroll,1,17,12,80.933,3.841465761685439,80.64,0,,,,MEDIUM|SOFT,False,2026-07-25T11:52:01.503000+00:00
2026-11,2026,11,alonso,1,12,9,80.393,3.148616225509704,80.294,0,,,,MEDIUM|SOFT,False,2026-07-25T11:52:01.503000+00:00
2026-11,2026,11,colapinto,1,22,20,80.055,2.7149437380515713,80.055,15,83.621,5.154548426850418,-0.15358938075720627,SOFT,False,2026-07-25T11:52:01.503000+00:00
2026-11,2026,11,ocon,1,16,12,80.295,3.0228768652407765,80.295,4,80.9645,1.8139634315032258,-1.8992274391863149,SOFT,False,2026-07-25T11:52:01.503000+00:00
2026-11,2026,11,albon,1,8,3,80.623,3.443718805732704,80.623,0,,,,SOFT,False,2026-07-25T11:52:01.503000+00:00
2026-11,2026,11,sainz,1,15,8,80.66,3.491191829507697,80.66,0,,,,SOFT,False,2026-07-25T11:52:01.503000+00:00
2026-11,2026,11,bearman,1,11,8,80.312,3.044688795083341,80.19200000000001,0,,,,SOFT,False,2026-07-25T11:52:01.503000+00:00
2026-11,2026,11,piastri,1,17,14,78.438,0.640244293614249,78.194,4,87.423,9.935615301426015,1.6165409233594936,SOFT,False,2026-07-25T11:52:01.503000+00:00
2026-11,2026,11,perez,0,0,0,,,,0,,,,,True,2026-07-25T11:52:01.503000+00:00
2026-11,2026,11,bottas,1,11,5,81.299,4.311063780648987,81.239,0,,,,SOFT,False,2026-07-25T11:52:01.503000+00:00
