race_id,season,round,race_date,circuit_id,driver_id,qualifying_position,qualifying_time_seconds,qualifying_gap_percent,qualifying_teammate_delta_percent,qualifying_missing,official_grid_position,source_grid_position,grid_change_from_qualifying,penalty_note,qualifying_cutoff,grid_recorded_at
2023-01,2023,1,2023-03-05,bahrain,max_verstappen,1,89.708,0.0,-0.15359615341807673,False,1,1,0,,2023-03-04T17:00:00+00:00,2023-03-05T13:00:00+00:00
2023-01,2023,1,2023-03-05,bahrain,perez,2,89.846,0.15383243411959382,0.15383243411959382,False,2,2,0,,2023-03-04T17:00:00+00:00,2023-03-05T13:00:00+00:00
2023-01,2023,1,2023-03-05,bahrain,alonso,5,90.336,0.700049048022473,-0.5504425558148751,False,5,5,0,,2023-03-04T17:00:00+00:00,2023-03-05T13:00:00+00:00
2023-01,2023,1,2023-03-05,bahrain,sainz,4,90.154,0.49716859142997055,0.17111111111110705,False,4,4,0,,2023-03-04T17:00:00+00:00,2023-03-05T13:00:00+00:00
2023-01,2023,1,2023-03-05,bahrain,hamilton,7,90.384,0.7535559816292883,0.04870489262784694,False,7,7,0,,2023-03-04T17:00:00+00:00,2023-03-05T13:00:00+00:00
2023-01,2023,1,2023-03-05,bahrain,stroll,8,90.836,1.2574129397601108,0.5534891958908962,False,8,8,0,,2023-03-04T17:00:00+00:00,2023-03-05T13:00:00+00:00
2023-01,2023,1,2023-03-05,bahrain,russell,6,90.34,0.7045079591563796,-0.0486811825101754,False,6,6,0,,2023-03-04T17:00:00+00:00,2023-03-05T13:00:00+00:00
2023-01,2023,1,2023-03-05,bahrain,bottas,12,91.443,1.9340527043296023,-0.0327965629202072,False,12,12,0,,2023-03-04T17:00:00+00:00,2023-03-05T13:00:00+00:00
2023-01,2023,1,2023-03-05,bahrain,gasly,20,92.181,2.756721808534355,1.3936247442638052,False,20,20,0,,2023-03-04T17:00:00+00:00,2023-03-05T13:00:00+00:00
2023-01,2023,1,2023-03-05,bahrain,albon,15,91.461,1.9541178044321577,-0.20839697988041997,False,15,15,0,,2023-03-04T17:00:00+00:00,2023-03-05T13:00:00+00:00
2023-01,2023,1,2023-03-05,bahrain,tsunoda,14,91.4,1.8861194096401739,-0.7826662758762971,False,14,14,0,,2023-03-04T17:00:00+00:00,2023-03-05T13:00:00+00:00
2023-01,2023,1,2023-03-05,bahrain,sargeant,16,91.652,2.1670308110759384,0.20883217983621707,False,16,16,0,,2023-03-04T17:00:00+00:00,2023-03-05T13:00:00+00:00
2023-01,2023,1,2023-03-05,bahrain,kevin_magnussen,17,91.892,2.4345654791099984,1.1926130669867507,False,17,17,0,,2023-03-04T17:00:00+00:00,2023-03-05T13:00:00+00:00
2023-01,2023,1,2023-03-05,bahrain,de_vries,19,92.12100000000001,2.689838141525852,0.7888402625820609,False,19,19,0,,2023-03-04T17:00:00+00:00,2023-03-05T13:00:00+00:00
2023-01,2023,1,2023-03-05,bahrain,hulkenberg,10,90.809,1.2273152896062771,-1.178557436991249,False,10,10,0,,2023-03-04T17:00:00+00:00,2023-03-05T13:00:00+00:00
2023-01,2023,1,2023-03-05,bahrain,zhou,13,91.473,1.9674945378338617,0.03280732259440432,False,13,13,0,,2023-03-04T17:00:00+00:00,2023-03-05T13:00:00+00:00
2023-01,2023,1,2023-03-05,bahrain,norris,11,91.381,1.8649395817541377,-0.7817504695931627,False,11,11,0,,2023-03-04T17:00:00+00:00,2023-03-05T13:00:00+00:00
2023-01,2023,1,2023-03-05,bahrain,ocon,9,90.914,1.3443617068711855,-1.3744697931243923,False,9,9,0,,2023-03-04T17:00:00+00:00,2023-03-05T13:00:00+00:00
2023-01,2023,1,2023-03-05,bahrain,leclerc,3,90.0,0.3255005127747822,-0.17081882112828756,False,3,3,0,,2023-03-04T17:00:00+00:00,2023-03-05T13:00:00+00:00
2023-01,2023,1,2023-03-05,bahrain,piastri,18,92.101,2.6675435858563348,0.7879099594007495,False,18,18,0,,2023-03-04T17:00:00+00:00,2023-03-05T13:00:00+00:00
2023-02,2023,2,2023-03-19,jeddah,perez,1,88.265,0.0,-0.5588039792251046,False,1,1,0,,2023-03-18T19:00:00+00:00,2023-03-19T15:00:00+00:00
2023-02,2023,2,2023-03-19,jeddah,max_verstappen,15,88.761,0.5619441454710192,0.5619441454710192,False,15,15,0,,2023-03-18T19:00:00+00:00,2023-03-19T15:00:00+00:00
2023-02,2023,2,2023-03-19,jeddah,alonso,3,88.73,0.5268226363790895,-0.241722412726954,False,2,2,-1,Official grid differs from qualifying order; the grid position is used without guessing the cause.,2023-03-18T19:00:00+00:00,2023-03-19T15:00:00+00:00
2023-02,2023,2,2023-03-19,jeddah,russell,4,88.857,0.6707075284654153,-0.4102081301906455,False,3,3,-1,Official grid differs from qualifying order; the grid position is used without guessing the cause.,2023-03-18T19:00:00+00:00,2023-03-19T15:00:00+00:00
2023-02,2023,2,2023-03-19,jeddah,hamilton,8,89.223,1.0853679261315339,0.411897768324386,False,7,7,-1,Official grid differs from qualifying order; the grid position is used without guessing the cause.,2023-03-18T19:00:00+00:00,2023-03-19T15:00:00+00:00
2023-02,2023,2,2023-03-19,jeddah,sainz,5,88.931,0.7545459695235901,0.5779235467088845,False,4,4,-1,Official grid differs from qualifying order; the grid position is used without guessing the cause.,2023-03-18T19:00:00+00:00,2023-03-19T15:00:00+00:00
2023-02,2023,2,2023-03-19,jeddah,leclerc,2,88.42,0.17560754545969653,-0.5746027819320548,False,12,12,10,Official grid differs from qualifying order; the grid position is used without guessing the cause.,2023-03-18T19:00:00+00:00,2023-03-19T15:00:00+00:00
2023-02,2023,2,2023-03-19,jeddah,ocon,7,89.078,0.921089899733759,-0.31223071499714217,False,6,6,-1,Official grid differs from qualifying order; the grid position is used without guessing the cause.,2023-03-18T19:00:00+00:00,2023-03-19T15:00:00+00:00
2023-02,2023,2,2023-03-19,jeddah,gasly,10,89.357,1.2371834815612062,0.31320864860009917,False,9,9,-1,Official grid differs from qualifying order; the grid position is used without guessing the cause.,2023-03-18T19:00:00+00:00,2023-03-19T15:00:00+00:00
2023-02,2023,2,2023-03-19,jeddah,kevin_magnussen,13,89.634,1.5510111595762757,0.2045812791360711,False,13,13,0,,2023-03-18T19:00:00+00:00,2023-03-19T15:00:00+00:00
2023-02,2023,2,2023-03-19,jeddah,tsunoda,16,89.939,1.8965614909647,-0.33797260759718856,False,16,16,0,,2023-03-18T19:00:00+00:00,2023-03-19T15:00:00+00:00
2023-02,2023,2,2023-03-19,jeddah,hulkenberg,11,89.451,1.3436809607432083,-0.20416359863445446,False,10,10,-1,Official grid differs from qualifying order; the grid position is used without guessing the cause.,2023-03-18T19:00:00+00:00,2023-03-19T15:00:00+00:00
2023-02,2023,2,2023-03-19,jeddah,zhou,12,89.461,1.35501047980513,-0.23085158585003326,False,11,11,-1,Official grid differs from qualifying order; the grid position is used without guessing the cause.,2023-03-18T19:00:00+00:00,2023-03-19T15:00:00+00:00
2023-02,2023,2,2023-03-19,jeddah,de_vries,18,90.244,2.24211182235314,0.3391187360322072,False,18,18,0,,2023-03-18T19:00:00+00:00,2023-03-19T15:00:00+00:00
2023-02,2023,2,2023-03-19,jeddah,piastri,9,89.243,1.108026964255361,-1.3311663183964175,False,8,8,-1,Official grid differs from qualifying order; the grid position is used without guessing the cause.,2023-03-18T19:00:00+00:00,2023-03-19T15:00:00+00:00
2023-02,2023,2,2023-03-19,jeddah,sargeant,20,128.51,45.595649464680214,42.79840878280773,False,20,20,0,,2023-03-18T19:00:00+00:00,2023-03-19T15:00:00+00:00
2023-02,2023,2,2023-03-19,jeddah,norris,19,90.447,2.472101059310035,1.349125421601703,False,19,19,0,,2023-03-18T19:00:00+00:00,2023-03-19T15:00:00+00:00
2023-02,2023,2,2023-03-19,jeddah,bottas,14,89.668,1.5895315243867965,0.2313857435083532,False,14,14,0,,2023-03-18T19:00:00+00:00,2023-03-19T15:00:00+00:00
2023-02,2023,2,2023-03-19,jeddah,albon,17,89.994,1.9588738458052448,-29.971208466267214,False,17,17,0,,2023-03-18T19:00:00+00:00,2023-03-19T15:00:00+00:00
2023-02,2023,2,2023-03-19,jeddah,stroll,6,88.945,0.7704072962102675,0.24230812577481028,False,5,5,-1,Official grid differs from qualifying order; the grid position is used without guessing the cause.,2023-03-18T19:00:00+00:00,2023-03-19T15:00:00+00:00
2023-03,2023,3,2023-04-02,albert_park,max_verstappen,1,76.732,0.0,0.0,False,1,1,0,,2023-04-01T08:00:00+00:00,2023-04-02T03:00:00+00:00
2023-03,2023,3,2023-04-02,albert_park,hamilton,3,77.104,0.48480425376635544,0.1766968090635013,False,3,3,0,,2023-04-01T08:00:00+00:00,2023-04-02T03:00:00+00:00
2023-03,2023,3,2023-04-02,albert_park,alonso,4,77.139,0.5304175572121104,-0.21860609510011508,False,4,4,0,,2023-04-01T08:00:00+00:00,2023-04-02T03:00:00+00:00
2023-03,2023,3,2023-04-02,albert_park,stroll,6,77.30799999999999,0.7506646509930581,0.21908502832548638,False,6,6,0,,2023-04-01T08:00:00+00:00,2023-04-02T03:00:00+00:00
2023-03,2023,3,2023-04-02,albert_park,perez,20,,,0.0,True,20,20,0,,2023-04-01T08:00:00+00:00,2023-04-02T03:00:00+00:00
2023-03,2023,3,2023-04-02,albert_park,norris,13,78.119,1.8075900536933749,-0.5068965956417032,False,13,13,0,,2023-04-01T08:00:00+00:00,2023-04-02T03:00:00+00:00
2023-03,2023,3,2023-04-02,albert_park,hulkenberg,10,77.412,0.8862013240890461,-0.9177130130937279,False,10,10,0,,2023-04-01T08:00:00+00:00,2023-04-02T03:00:00+00:00
2023-03,2023,3,2023-04-02,albert_park,piastri,16,78.517,2.326278475733718,0.5094791279970252,False,16,16,0,,2023-04-01T08:00:00+00:00,2023-04-02T03:00:00+00:00
2023-03,2023,3,2023-04-02,albert_park,zhou,17,78.53999999999999,2.3562529322837835,-0.22105343395076682,False,17,17,0,,2023-04-01T08:00:00+00:00,2023-04-02T03:00:00+00:00
2023-03,2023,3,2023-04-02,albert_park,tsunoda,12,78.099,1.7815253088672318,-0.3012701857407343,False,12,12,0,,2023-04-01T08:00:00+00:00,2023-04-02T03:00:00+00:00
2023-03,2023,3,2023-04-02,albert_park,bottas,19,78.714,2.5830162122712808,0.22154316271964172,False,19,19,0,,2023-04-01T08:00:00+00:00,2023-04-02T03:00:00+00:00
2023-03,2023,3,2023-04-02,albert_park,sainz,5,77.27,0.7011416358233811,-0.12795822616293834,False,5,5,0,,2023-04-01T08:00:00+00:00,2023-04-02T03:00:00+00:00
2023-03,2023,3,2023-04-02,albert_park,gasly,9,77.574,1.0973257571808357,-0.2494599321057538,False,9,9,0,,2023-04-01T08:00:00+00:00,2023-04-02T03:00:00+00:00
2023-03,2023,3,2023-04-02,albert_park,ocon,11,77.768,1.350153781994476,0.25008379096089234,False,11,11,0,,2023-04-01T08:00:00+00:00,2023-04-02T03:00:00+00:00
2023-03,2023,3,2023-04-02,albert_park,de_vries,15,78.33500000000001,2.089089297815786,0.30218056569226776,False,15,15,0,,2023-04-01T08:00:00+00:00,2023-04-02T03:00:00+00:00
2023-03,2023,3,2023-04-02,albert_park,sargeant,18,78.557,2.3784079653860224,1.2215078148152834,False,18,18,0,,2023-04-01T08:00:00+00:00,2023-04-02T03:00:00+00:00
2023-03,2023,3,2023-04-02,albert_park,kevin_magnussen,14,78.129,1.8206224261064556,0.9262129902340704,False,14,14,0,,2023-04-01T08:00:00+00:00,2023-04-02T03:00:00+00:00
2023-03,2023,3,2023-04-02,albert_park,russell,2,76.968,0.3075639889485537,-0.17638514214566778,False,2,2,0,,2023-04-01T08:00:00+00:00,2023-04-02T03:00:00+00:00
2023-03,2023,3,2023-04-02,albert_park,albon,8,77.60900000000001,1.1429390606266088,-1.2067670608602585,False,8,8,0,,2023-04-01T08:00:00+00:00,2023-04-02T03:00:00+00:00
2023-03,2023,3,2023-04-02,albert_park,leclerc,7,77.369,0.8301621227128192,0.1281221690177349,False,7,7,0,,2023-04-01T08:00:00+00:00,2023-04-02T03:00:00+00:00
2023-04,2023,4,2023-04-30,baku,perez,3,100.495,0.2914084408650455,0.10359494376987323,False,3,3,0,,2023-04-28T15:00:00+00:00,2023-04-30T09:00:00+00:00
2023-04,2023,4,2023-04-30,baku,max_verstappen,2,100.39099999999999,0.18761913315967402,-0.10348773570825753,False,2,2,0,,2023-04-28T15:00:00+00:00,2023-04-30T09:00:00+00:00
2023-04,2023,4,2023-04-30,baku,leclerc,1,100.203,0.0,-0.8048229983368855,False,1,1,0,,2023-04-28T15:00:00+00:00,2023-04-30T09:00:00+00:00
2023-04,2023,4,2023-04-30,baku,alonso,6,101.253,1.0478728181790937,-0.3179885012207542,False,6,6,0,,2023-04-28T15:00:00+00:00,2023-04-30T09:00:00+00:00
2023-04,2023,4,2023-04-30,baku,sainz,4,101.01599999999999,0.8113529535043743,0.8113529535043743,False,4,4,0,,2023-04-28T15:00:00+00:00,2023-04-30T09:00:00+00:00
2023-04,2023,4,2023-04-30,baku,hamilton,5,101.17699999999999,0.9720267856251704,-0.4692387904066775,False,5,5,0,,2023-04-28T15:00:00+00:00,2023-04-30T09:00:00+00:00
2023-04,2023,4,2023-04-30,baku,stroll,9,101.576,1.370218456533228,0.3190028937414134,False,9,9,0,,2023-04-28T15:00:00+00:00,2023-04-30T09:00:00+00:00
2023-04,2023,4,2023-04-30,baku,russell,11,101.654,1.4480604373122496,0.47145102147721707,False,11,11,0,,2023-04-28T15:00:00+00:00,2023-04-30T09:00:00+00:00
2023-04,2023,4,2023-04-30,baku,norris,7,101.281,1.075816093330542,-0.32476798771784954,False,7,7,0,,2023-04-28T15:00:00+00:00,2023-04-30T09:00:00+00:00
2023-04,2023,4,2023-04-30,baku,tsunoda,8,101.569,1.3632326377453765,-11.895178778994115,False,8,8,0,,2023-04-28T15:00:00+00:00,2023-04-30T09:00:00+00:00
2023-04,2023,4,2023-04-30,baku,piastri,10,101.61099999999999,1.4051475504725277,0.3258261668032346,False,10,10,0,,2023-04-28T15:00:00+00:00,2023-04-30T09:00:00+00:00
2023-04,2023,4,2023-04-30,baku,albon,13,101.818,1.6117281917707005,-0.4147023728017766,False,12,12,-1,Official grid differs from qualifying order; the grid position is used without guessing the cause.,2023-04-28T15:00:00+00:00,2023-04-30T09:00:00+00:00
2023-04,2023,4,2023-04-30,baku,kevin_magnussen,18,103.417,3.2074887977405853,0.6442508880346515,False,16,16,-2,Official grid differs from qualifying order; the grid position is used without guessing the cause.,2023-04-28T15:00:00+00:00,2023-04-30T09:00:00+00:00
2023-04,2023,4,2023-04-30,baku,gasly,19,104.85300000000001,4.640579623364576,3.001041277824718,False,17,17,-2,Official grid differs from qualifying order; the grid position is used without guessing the cause.,2023-04-28T15:00:00+00:00,2023-04-30T09:00:00+00:00
2023-04,2023,4,2023-04-30,baku,ocon,12,101.798,1.591768709519674,-2.913602853518742,False,19,19,7,Official grid differs from qualifying order; the grid position is used without guessing the cause.,2023-04-28T15:00:00+00:00,2023-04-30T09:00:00+00:00
2023-04,2023,4,2023-04-30,baku,sargeant,15,102.24199999999999,2.034869215492537,0.4164293150523408,False,14,14,-1,Official grid differs from qualifying order; the grid position is used without guessing the cause.,2023-04-28T15:00:00+00:00,2023-04-30T09:00:00+00:00
2023-04,2023,4,2023-04-30,baku,hulkenberg,17,102.755,2.5468299352314725,-0.6401268650221976,False,20,20,3,Official grid differs from qualifying order; the grid position is used without guessing the cause.,2023-04-28T15:00:00+00:00,2023-04-30T09:00:00+00:00
2023-04,2023,4,2023-04-30,baku,bottas,14,102.259,2.0518347754059234,-0.3731415989555889,False,13,13,-1,Official grid differs from qualifying order; the grid position is used without guessing the cause.,2023-04-28T15:00:00+00:00,2023-04-30T09:00:00+00:00
2023-04,2023,4,2023-04-30,baku,zhou,16,102.642,2.4340588605131512,0.3745391603672983,False,15,15,-1,Official grid differs from qualifying order; the grid position is used without guessing the cause.,2023-04-28T15:00:00+00:00,2023-04-30T09:00:00+00:00
2023-04,2023,4,2023-04-30,baku,de_vries,20,115.282,15.04845164316437,13.501166694562311,False,18,18,-2,Official grid differs from qualifying order; the grid position is used without guessing the cause.,2023-04-28T15:00:00+00:00,2023-04-30T09:00:00+00:00
2023-05,2023,5,2023-05-07,miami,max_verstappen,9,86.814,0.0,-0.03109130479844225,False,9,9,0,,2023-05-06T22:00:00+00:00,2023-05-07T17:30:00+00:00
2023-05,2023,5,2023-05-07,miami,perez,1,86.84100000000001,0.031100974497218464,0.031100974497218464,False,1,1,0,,2023-05-06T22:00:00+00:00,2023-05-07T17:30:00+00:00
2023-05,2023,5,2023-05-07,miami,alonso,2,87.09700000000001,0.32598428824845704,-1.558614765586137,False,2,2,0,,2023-05-06T22:00:00+00:00,2023-05-07T17:30:00+00:00
2023-05,2023,5,2023-05-07,miami,russell,6,87.743,1.070103900292582,-0.11725064317101364,False,6,6,0,,2023-05-06T22:00:00+00:00,2023-05-07T17:30:00+00:00
2023-05,2023,5,2023-05-07,miami,sainz,3,87.148,0.38473057340982236,0.21158180396485615,False,3,3,0,,2023-05-06T22:00:00+00:00,2023-05-07T17:30:00+00:00
2023-05,2023,5,2023-05-07,miami,hamilton,13,87.846,1.1887483585596916,0.11738828168629822,False,13,13,0,,2023-05-06T22:00:00+00:00,2023-05-07T17:30:00+00:00
2023-05,2023,5,2023-05-07,miami,leclerc,7,86.964,0.17278319165112274,-0.21113508055262026,False,7,7,0,,2023-05-06T22:00:00+00:00,2023-05-07T17:30:00+00:00
2023-05,2023,5,2023-05-07,miami,gasly,5,87.612,0.9192065795839403,0.1921229586935549,False,5,5,0,,2023-05-06T22:00:00+00:00,2023-05-07T17:30:00+00:00
2023-05,2023,5,2023-05-07,miami,ocon,8,87.444,0.7256894049346991,-0.1917545541706526,False,8,8,0,,2023-05-06T22:00:00+00:00,2023-05-07T17:30:00+00:00
2023-05,2023,5,2023-05-07,miami,kevin_magnussen,4,87.673,0.9894717441887355,-0.2616520482804794,False,4,4,0,,2023-05-06T22:00:00+00:00,2023-05-07T17:30:00+00:00
2023-05,2023,5,2023-05-07,miami,tsunoda,17,88.429,1.8602990301103615,0.11774695726011798,False,17,17,0,,2023-05-06T22:00:00+00:00,2023-05-07T17:30:00+00:00
2023-05,2023,5,2023-05-07,miami,stroll,18,88.476,1.9144377634943743,1.5832921914646778,False,18,18,0,,2023-05-06T22:00:00+00:00,2023-05-07T17:30:00+00:00
2023-05,2023,5,2023-05-07,miami,bottas,10,87.564,0.863915958255581,-0.5982449966512076,False,10,10,0,,2023-05-06T22:00:00+00:00,2023-05-07T17:30:00+00:00
2023-05,2023,5,2023-05-07,miami,albon,11,87.795,1.1300020733983098,-0.8828476918387352,False,11,11,0,,2023-05-06T22:00:00+00:00,2023-05-07T17:30:00+00:00
2023-05,2023,5,2023-05-07,miami,hulkenberg,12,87.90299999999999,1.2544059713871019,0.2623384622403588,False,12,12,0,,2023-05-06T22:00:00+00:00,2023-05-07T17:30:00+00:00
2023-05,2023,5,2023-05-07,miami,zhou,14,88.09100000000001,1.4709609049231867,0.6018455072861167,False,14,14,0,,2023-05-06T22:00:00+00:00,2023-05-07T17:30:00+00:00
2023-05,2023,5,2023-05-07,miami,norris,16,88.394,1.8199829520584383,-0.10171330410018015,False,16,16,0,,2023-05-06T22:00:00+00:00,2023-05-07T17:30:00+00:00
2023-05,2023,5,2023-05-07,miami,de_vries,15,88.325,1.740502683898922,-0.11760847685713872,False,15,15,0,,2023-05-06T22:00:00+00:00,2023-05-07T17:30:00+00:00
2023-05,2023,5,2023-05-07,miami,piastri,19,88.48400000000001,1.923652867049112,0.10181686539810779,False,19,19,0,,2023-05-06T22:00:00+00:00,2023-05-07T17:30:00+00:00
2023-05,2023,5,2023-05-07,miami,sargeant,20,88.577,2.0307784458727918,0.8907113161341722,False,20,20,0,,2023-05-06T22:00:00+00:00,2023-05-07T17:30:00+00:00
2023-06,2023,6,2023-05-28,monaco,max_verstappen,1,71.365,0.0,-3.364928909952606,False,1,1,0,,2023-05-27T16:00:00+00:00,2023-05-28T11:00:00+00:00
2023-06,2023,6,2023-05-28,monaco,alonso,2,71.449,0.11770475723394268,-1.616567754017331,False,2,2,0,,2023-05-27T16:00:00+00:00,2023-05-28T11:00:00+00:00
2023-06,2023,6,2023-05-28,monaco,ocon,4,71.553,0.2634344566664365,-0.5282693617671937,False,3,3,-1,Official grid differs from qualifying order; the grid position is used without guessing the cause.,2023-05-27T16:00:00+00:00,2023-05-28T11:00:00+00:00
2023-06,2023,6,2023-05-28,monaco,hamilton,6,71.725,0.5044489595740201,-0.3321104996942976,False,5,5,-1,Official grid differs from qualifying order; the grid position is used without guessing the cause.,2023-05-27T16:00:00+00:00,2023-05-28T11:00:00+00:00
2023-06,2023,6,2023-05-28,monaco,russell,8,71.964,0.839347018846779,0.3332171488323518,False,8,8,0,,2023-05-27T16:00:00+00:00,2023-05-28T11:00:00+00:00
2023-06,2023,6,2023-05-28,monaco,leclerc,3,71.471,0.14853219365236286,-0.22197403322629042,False,6,6,3,Official grid differs from qualifying order; the grid position is used without guessing the cause.,2023-05-27T16:00:00+00:00,2023-05-28T11:00:00+00:00
2023-06,2023,6,2023-05-28,monaco,gasly,7,71.93299999999999,0.7959083584390076,0.5310748675806681,False,7,7,0,,2023-05-27T16:00:00+00:00,2023-05-28T11:00:00+00:00
2023-06,2023,6,2023-05-28,monaco,sainz,5,71.63,0.37133048413087727,0.2224678540946563,False,4,4,-1,Official grid differs from qualifying order; the grid position is used without guessing the cause.,2023-05-27T16:00:00+00:00,2023-05-28T11:00:00+00:00
2023-06,2023,6,2023-05-28,monaco,norris,10,72.254,1.2457086807258602,-0.19476483182539006,False,10,10,0,,2023-05-27T16:00:00+00:00,2023-05-28T11:00:00+00:00
2023-06,2023,6,2023-05-28,monaco,piastri,11,72.395,1.4432845232256726,0.1951449054723491,False,11,11,0,,2023-05-27T16:00:00+00:00,2023-05-28T11:00:00+00:00
2023-06,2023,6,2023-05-28,monaco,bottas,15,72.625,1.7655713585090802,-1.2213865049032224,False,15,15,0,,2023-05-27T16:00:00+00:00,2023-05-28T11:00:00+00:00
2023-06,2023,6,2023-05-28,monaco,de_vries,12,72.428,1.4895256778532928,0.48000887877695353,False,12,12,0,,2023-05-27T16:00:00+00:00,2023-05-28T11:00:00+00:00
2023-06,2023,6,2023-05-28,monaco,zhou,19,73.523,3.0238912632242716,1.2364888123924216,False,19,19,0,,2023-05-27T16:00:00+00:00,2023-05-28T11:00:00+00:00
2023-06,2023,6,2023-05-28,monaco,albon,13,72.527,1.6282491417361538,-0.8014990494166544,False,13,13,0,,2023-05-27T16:00:00+00:00,2023-05-28T11:00:00+00:00
2023-06,2023,6,2023-05-28,monaco,tsunoda,9,72.082,1.0046941778182565,-0.47771580051914125,False,9,9,0,,2023-05-27T16:00:00+00:00,2023-05-28T11:00:00+00:00
2023-06,2023,6,2023-05-28,monaco,perez,20,73.85,3.4820990681706716,3.4820990681706716,False,20,20,0,,2023-05-27T16:00:00+00:00,2023-05-28T11:00:00+00:00
2023-06,2023,6,2023-05-28,monaco,hulkenberg,18,73.279,2.68198696840188,0.012283335608025579,False,18,18,0,,2023-05-27T16:00:00+00:00,2023-05-28T11:00:00+00:00
2023-06,2023,6,2023-05-28,monaco,sargeant,16,73.113,2.4493799481538634,0.8079749610489866,False,16,16,0,,2023-05-27T16:00:00+00:00,2023-05-28T11:00:00+00:00
2023-06,2023,6,2023-05-28,monaco,kevin_magnussen,17,73.27,2.669375744412529,-0.0122818269899976,False,17,17,0,,2023-05-27T16:00:00+00:00,2023-05-28T11:00:00+00:00
2023-06,2023,6,2023-05-28,monaco,stroll,14,72.623,1.7627688642892312,1.643130064801476,False,14,14,0,,2023-05-27T16:00:00+00:00,2023-05-28T11:00:00+00:00
2023-07,2023,7,2023-06-04,catalunya,max_verstappen,1,72.272,0.0,-1.448168653012242,False,1,1,0,,2023-06-03T16:00:00+00:00,2023-06-04T11:00:00+00:00
2023-07,2023,7,2023-06-04,catalunya,hamilton,5,72.818,0.7554793004206224,-0.6927965523825049,False,4,4,-1,Official grid differs from qualifying order; the grid position is used without guessing the cause.,2023-06-03T16:00:00+00:00,2023-06-04T11:00:00+00:00
2023-07,2023,7,2023-06-04,catalunya,russell,12,73.326,1.458379455390729,0.6976297069405856,False,12,12,0,,2023-06-03T16:00:00+00:00,2023-06-04T11:00:00+00:00
2023-07,2023,7,2023-06-04,catalunya,perez,11,73.334,1.4694487491697996,1.4694487491697996,False,11,11,0,,2023-06-03T16:00:00+00:00,2023-06-04T11:00:00+00:00
2023-07,2023,7,2023-06-04,catalunya,sainz,2,72.734,0.6392517157405206,-1.815629260654184,False,2,2,0,,2023-06-03T16:00:00+00:00,2023-06-04T11:00:00+00:00
2023-07,2023,7,2023-06-04,catalunya,stroll,6,72.994,0.9990037635598769,-0.14227475443924484,False,5,5,-1,Official grid differs from qualifying order; the grid position is used without guessing the cause.,2023-06-03T16:00:00+00:00,2023-06-04T11:00:00+00:00
2023-07,2023,7,2023-06-04,catalunya,alonso,9,73.098,1.1429045826876154,0.14247746390114147,False,8,8,-1,Official grid differs from qualifying order; the grid position is used without guessing the cause.,2023-06-03T16:00:00+00:00,2023-06-04T11:00:00+00:00
2023-07,2023,7,2023-06-04,catalunya,ocon,7,73.001,1.0086893956165586,0.25406504065040963,False,6,6,-1,Official grid differs from qualifying order; the grid position is used without guessing the cause.,2023-06-03T16:00:00+00:00,2023-06-04T11:00:00+00:00
2023-07,2023,7,2023-06-04,catalunya,zhou,13,73.521,1.7281934912552512,-0.6164078024250822,False,13,13,0,,2023-06-03T16:00:00+00:00,2023-06-04T11:00:00+00:00
2023-07,2023,7,2023-06-04,catalunya,gasly,4,72.816,0.7527119769758647,-0.25342118601115365,False,10,10,6,Official grid differs from qualifying order; the grid position is used without guessing the cause.,2023-06-03T16:00:00+00:00,2023-06-04T11:00:00+00:00
2023-07,2023,7,2023-06-04,catalunya,leclerc,19,74.07900000000001,2.5002767323444792,1.8492039486347693,False,19,19,0,,2023-06-03T16:00:00+00:00,2023-06-04T11:00:00+00:00
2023-07,2023,7,2023-06-04,catalunya,tsunoda,15,73.862,2.200022138587543,0.3818920645275162,False,15,15,0,,2023-06-03T16:00:00+00:00,2023-06-04T11:00:00+00:00
2023-07,2023,7,2023-06-04,catalunya,piastri,10,73.059,1.0889417755147108,0.3888644608112582,False,9,9,-1,Official grid differs from qualifying order; the grid position is used without guessing the cause.,2023-06-03T16:00:00+00:00,2023-06-04T11:00:00+00:00
2023-07,2023,7,2023-06-04,catalunya,de_vries,14,73.581,1.811213194598181,-0.3804391974222086,False,14,14,0,,2023-06-03T16:00:00+00:00,2023-06-04T11:00:00+00:00
2023-07,2023,7,2023-06-04,catalunya,hulkenberg,8,73.229,1.3241642683196724,-1.0980254450176958,False,7,7,-1,Official grid differs from qualifying order; the grid position is used without guessing the cause.,2023-06-03T16:00:00+00:00,2023-06-04T11:00:00+00:00
2023-07,2023,7,2023-06-04,catalunya,albon,18,74.063,2.478138144786358,-0.8514170203081644,False,18,18,0,,2023-06-03T16:00:00+00:00,2023-06-04T11:00:00+00:00
2023-07,2023,7,2023-06-04,catalunya,norris,3,72.776,0.6973655080805715,-0.3873581625809295,False,3,3,0,,2023-06-03T16:00:00+00:00,2023-06-04T11:00:00+00:00
2023-07,2023,7,2023-06-04,catalunya,kevin_magnussen,17,74.042,2.4490812486163325,1.1102158980731711,False,17,17,0,,2023-06-03T16:00:00+00:00,2023-06-04T11:00:00+00:00
2023-07,2023,7,2023-06-04,catalunya,bottas,16,73.977,2.3591432366614984,0.6202309544211899,False,16,16,0,,2023-06-03T16:00:00+00:00,2023-06-04T11:00:00+00:00
2023-07,2023,7,2023-06-04,catalunya,sargeant,20,74.699,3.358147000221375,0.8587283798927882,False,20,20,0,,2023-06-03T16:00:00+00:00,2023-06-04T11:00:00+00:00
2023-08,2023,8,2023-06-18,villeneuve,max_verstappen,1,79.092,0.46617973959987863,-2.3061055596042492,False,1,1,0,,2023-06-17T22:00:00+00:00,2023-06-18T16:00:00+00:00
2023-08,2023,8,2023-06-18,villeneuve,alonso,3,79.776,1.3350269926960967,-2.0961170291100246,False,2,2,-1,Official grid differs from qualifying order; the grid position is used without guessing the cause.,2023-06-17T22:00:00+00:00,2023-06-18T16:00:00+00:00
2023-08,2023,8,2023-06-18,villeneuve,hamilton,4,80.426,2.160685932041928,0.4094983645034869,False,3,3,-1,Official grid differs from qualifying order; the grid position is used without guessing the cause.,2023-06-17T22:00:00+00:00,2023-06-18T16:00:00+00:00
2023-08,2023,8,2023-06-18,villeneuve,leclerc,11,80.615,2.400762146713243,0.9504608294930881,False,10,10,-1,Official grid differs from qualifying order; the grid position is used without guessing the cause.,2023-06-17T22:00:00+00:00,2023-06-18T16:00:00+00:00
2023-08,2023,8,2023-06-18,villeneuve,sainz,8,79.856,1.4366465544617342,-0.9415121255349506,False,11,11,3,Official grid differs from qualifying order; the grid position is used without guessing the cause.,2023-06-17T22:00:00+00:00,2023-06-18T16:00:00+00:00
2023-08,2023,8,2023-06-18,villeneuve,perez,12,80.959,2.8377262623055053,2.360542153441567,False,12,12,0,,2023-06-17T22:00:00+00:00,2023-06-18T16:00:00+00:00
2023-08,2023,8,2023-06-18,villeneuve,albon,10,78.725,0.0,-5.534156497114138,False,9,9,-1,Official grid differs from qualifying order; the grid position is used without guessing the cause.,2023-06-17T22:00:00+00:00,2023-06-18T16:00:00+00:00
2023-08,2023,8,2023-06-18,villeneuve,ocon,6,80.406,2.135281041600523,-2.9920613855174456,False,6,6,0,,2023-06-17T22:00:00+00:00,2023-06-18T16:00:00+00:00
2023-08,2023,8,2023-06-18,villeneuve,stroll,13,81.48400000000001,3.504604636392524,2.1409947853991333,False,16,16,3,Official grid differs from qualifying order; the grid position is used without guessing the cause.,2023-06-17T22:00:00+00:00,2023-06-18T16:00:00+00:00
2023-08,2023,8,2023-06-18,villeneuve,bottas,15,81.821,3.932677040330269,-1.8250101989393115,False,14,14,-1,Official grid differs from qualifying order; the grid position is used without guessing the cause.,2023-06-17T22:00:00+00:00,2023-06-18T16:00:00+00:00
2023-08,2023,8,2023-06-18,villeneuve,piastri,9,79.65899999999999,1.1864083836138426,0.3932095731407405,False,8,8,-1,Official grid differs from qualifying order; the grid position is used without guessing the cause.,2023-06-17T22:00:00+00:00,2023-06-18T16:00:00+00:00
2023-08,2023,8,2023-06-18,villeneuve,gasly,17,82.886,5.285487456335346,3.084346939283125,False,15,15,-2,Official grid differs from qualifying order; the grid position is used without guessing the cause.,2023-06-17T22:00:00+00:00,2023-06-18T16:00:00+00:00
2023-08,2023,8,2023-06-18,villeneuve,norris,7,79.34700000000001,0.7900920927278682,-0.39166949120624595,False,7,7,0,,2023-06-17T22:00:00+00:00,2023-06-18T16:00:00+00:00
2023-08,2023,8,2023-06-18,villeneuve,tsunoda,16,82.746,5.107653223245476,-0.47030804575580704,False,19,19,3,Official grid differs from qualifying order; the grid position is used without guessing the cause.,2023-06-17T22:00:00+00:00,2023-06-18T16:00:00+00:00
2023-08,2023,8,2023-06-18,villeneuve,hulkenberg,2,80.305,2.006986344871404,-1.6809912093831763,False,5,5,3,Official grid differs from qualifying order; the grid position is used without guessing the cause.,2023-06-17T22:00:00+00:00,2023-06-18T16:00:00+00:00
2023-08,2023,8,2023-06-18,villeneuve,zhou,20,83.342,5.864718958399498,1.858935969983257,False,20,20,0,,2023-06-17T22:00:00+00:00,2023-06-18T16:00:00+00:00
2023-08,2023,8,2023-06-18,villeneuve,kevin_magnussen,14,81.678,3.7510320736741862,1.7097316480916385,False,13,13,-1,Official grid differs from qualifying order; the grid position is used without guessing the cause.,2023-06-17T22:00:00+00:00,2023-06-18T16:00:00+00:00
2023-08,2023,8,2023-06-18,villeneuve,de_vries,18,83.137,5.604318831375048,0.47253039421845816,False,17,17,-1,Official grid differs from qualifying order; the grid position is used without guessing the cause.,2023-06-17T22:00:00+00:00,2023-06-18T16:00:00+00:00
2023-08,2023,8,2023-06-18,villeneuve,russell,5,80.098,1.7440457288028006,-0.40782831422674626,False,4,4,-1,Official grid differs from qualifying order; the grid position is used without guessing the cause.,2023-06-17T22:00:00+00:00,2023-06-18T16:00:00+00:00
2023-08,2023,8,2023-06-18,villeneuve,sargeant,19,83.337,5.858367735789152,5.858367735789152,False,18,18,-1,Official grid differs from qualifying order; the grid position is used without guessing the cause.,2023-06-17T22:00:00+00:00,2023-06-18T16:00:00+00:00
2023-09,2023,9,2023-07-02,red_bull_ring,max_verstappen,1,64.391,0.0,-1.2059468831029156,False,1,1,0,,2023-06-30T17:00:00+00:00,2023-07-02T11:00:00+00:00
2023-09,2023,9,2023-07-02,red_bull_ring,leclerc,2,64.439,0.07454457921136122,-0.2198789117542468,False,2,2,0,,2023-06-30T17:00:00+00:00,2023-07-02T11:00:00+00:00
2023-09,2023,9,2023-07-02,red_bull_ring,perez,15,65.17699999999999,1.2206674845863352,1.2206674845863352,False,15,15,0,,2023-06-30T17:00:00+00:00,2023-07-02T11:00:00+00:00
2023-09,2023,9,2023-07-02,red_bull_ring,norris,4,64.658,0.4146542218632975,-1.443487539059527,False,4,4,0,,2023-06-30T17:00:00+00:00,2023-07-02T11:00:00+00:00
2023-09,2023,9,2023-07-02,red_bull_ring,alonso,7,64.911,0.8075662747899488,0.027737968656096467,False,7,7,0,,2023-06-30T17:00:00+00:00,2023-07-02T11:00:00+00:00
2023-09,2023,9,2023-07-02,red_bull_ring,sainz,3,64.581,0.2950722927117108,0.22036344449791298,False,3,3,0,,2023-06-30T17:00:00+00:00,2023-07-02T11:00:00+00:00
2023-09,2023,9,2023-07-02,red_bull_ring,russell,11,65.428,1.610473513379186,0.9395393326030865,False,11,11,0,,2023-06-30T17:00:00+00:00,2023-07-02T11:00:00+00:00
2023-09,2023,9,2023-07-02,red_bull_ring,hamilton,5,64.819,0.6646891646348049,-0.9307941554074627,False,5,5,0,,2023-06-30T17:00:00+00:00,2023-07-02T11:00:00+00:00
2023-09,2023,9,2023-07-02,red_bull_ring,stroll,6,64.893,0.7796120575856802,-0.027730276840598173,False,6,6,0,,2023-06-30T17:00:00+00:00,2023-07-02T11:00:00+00:00
2023-09,2023,9,2023-07-02,red_bull_ring,gasly,9,65.17,1.2097964001180233,-0.4323713198783879,False,9,9,0,,2023-06-30T17:00:00+00:00,2023-07-02T11:00:00+00:00
2023-09,2023,9,2023-07-02,red_bull_ring,albon,10,65.387,1.5468000186361373,-0.8506702250257885,False,10,10,0,,2023-06-30T17:00:00+00:00,2023-07-02T11:00:00+00:00
2023-09,2023,9,2023-07-02,red_bull_ring,zhou,17,65.818,2.2161482194716533,0.21010962241167935,False,17,17,0,,2023-06-30T17:00:00+00:00,2023-07-02T11:00:00+00:00
2023-09,2023,9,2023-07-02,red_bull_ring,sargeant,18,65.94800000000001,2.4180397881691573,0.8579687093764924,False,18,18,0,,2023-06-30T17:00:00+00:00,2023-07-02T11:00:00+00:00
2023-09,2023,9,2023-07-02,red_bull_ring,ocon,12,65.453,1.649298815051789,0.43424888752493673,False,12,12,0,,2023-06-30T17:00:00+00:00,2023-07-02T11:00:00+00:00
2023-09,2023,9,2023-07-02,red_bull_ring,bottas,14,65.68,2.0018325542389483,-0.20966908748365343,False,14,14,0,,2023-06-30T17:00:00+00:00,2023-07-02T11:00:00+00:00
2023-09,2023,9,2023-07-02,red_bull_ring,piastri,13,65.605,1.885356649221162,1.4646292802128162,False,13,13,0,,2023-06-30T17:00:00+00:00,2023-07-02T11:00:00+00:00
2023-09,2023,9,2023-07-02,red_bull_ring,de_vries,20,65.974,2.4584181019086495,0.28882403015930574,False,20,20,0,,2023-06-30T17:00:00+00:00,2023-07-02T11:00:00+00:00
2023-09,2023,9,2023-07-02,red_bull_ring,kevin_magnussen,19,65.971,2.453759065707938,1.3535105238899987,False,19,19,0,,2023-06-30T17:00:00+00:00,2023-07-02T11:00:00+00:00
2023-09,2023,9,2023-07-02,red_bull_ring,tsunoda,16,65.784,2.1633458091969384,-0.2879922393670199,False,16,16,0,,2023-06-30T17:00:00+00:00,2023-07-02T11:00:00+00:00
2023-09,2023,9,2023-07-02,red_bull_ring,hulkenberg,8,65.09,1.085555434765725,-1.3354352670112628,False,8,8,0,,2023-06-30T17:00:00+00:00,2023-07-02T11:00:00+00:00
2023-10,2023,10,2023-07-09,silverstone,max_verstappen,1,86.72,0.0,-3.610172505779838,False,1,1,0,,2023-07-08T16:00:00+00:00,2023-07-09T12:00:00+00:00
2023-10,2023,10,2023-07-09,silverstone,norris,2,86.961,0.2779059040590402,-0.15041565241354,False,2,2,0,,2023-07-08T16:00:00+00:00,2023-07-09T12:00:00+00:00
2023-10,2023,10,2023-07-09,silverstone,hamilton,7,87.211,0.5661900369003686,0.06425334174745842,False,7,7,0,,2023-07-08T16:00:00+00:00,2023-07-09T12:00:00+00:00
2023-10,2023,10,2023-07-09,silverstone,piastri,3,87.092,0.4289667896678966,0.15064224192454115,False,3,3,0,,2023-07-08T16:00:00+00:00,2023-07-09T12:00:00+00:00
2023-10,2023,10,2023-07-09,silverstone,russell,6,87.155,0.5016143911439142,-0.06421208333810802,False,6,6,0,,2023-07-08T16:00:00+00:00,2023-07-09T12:00:00+00:00
2023-10,2023,10,2023-07-09,silverstone,perez,15,89.968,3.745387453874544,3.745387453874544,False,15,15,0,,2023-07-08T16:00:00+00:00,2023-07-09T12:00:00+00:00
2023-10,2023,10,2023-07-09,silverstone,alonso,9,87.65899999999999,1.0827952029520214,-1.4347557204700179,False,9,9,0,,2023-07-08T16:00:00+00:00,2023-07-09T12:00:00+00:00
2023-10,2023,10,2023-07-09,silverstone,albon,8,87.53,0.9340405904059067,-1.6859296200199985,False,8,8,0,,2023-07-08T16:00:00+00:00,2023-07-09T12:00:00+00:00
2023-10,2023,10,2023-07-09,silverstone,leclerc,4,87.136,0.47970479704796687,-0.013769679166475944,False,4,4,0,,2023-07-08T16:00:00+00:00,2023-07-09T12:00:00+00:00
2023-10,2023,10,2023-07-09,silverstone,sainz,5,87.148,0.4935424354243511,0.013771575468234088,False,5,5,0,,2023-07-08T16:00:00+00:00,2023-07-09T12:00:00+00:00
2023-10,2023,10,2023-07-09,silverstone,sargeant,14,89.031,2.664898523985248,1.7148406260710667,False,14,14,0,,2023-07-08T16:00:00+00:00,2023-07-09T12:00:00+00:00
2023-10,2023,10,2023-07-09,silverstone,bottas,15,89.798,3.549354243542439,-0.36061826614737946,False,20,20,5,Official grid differs from qualifying order; the grid position is used without guessing the cause.,2023-07-08T16:00:00+00:00,2023-07-09T12:00:00+00:00
2023-10,2023,10,2023-07-09,silverstone,hulkenberg,11,88.896,2.5092250922509245,-3.769295719760115,False,11,11,0,,2023-07-08T16:00:00+00:00,2023-07-09T12:00:00+00:00
2023-10,2023,10,2023-07-09,silverstone,stroll,12,88.935,2.5541974169741737,1.4556406073535069,False,12,12,0,,2023-07-08T16:00:00+00:00,2023-07-09T12:00:00+00:00
2023-10,2023,10,2023-07-09,silverstone,zhou,17,90.123,3.9241236162361695,0.3619234281387145,False,17,17,0,,2023-07-08T16:00:00+00:00,2023-07-09T12:00:00+00:00
2023-10,2023,10,2023-07-09,silverstone,tsunoda,16,90.025,3.8111162361623694,-0.5391490725089207,False,16,16,0,,2023-07-08T16:00:00+00:00,2023-07-09T12:00:00+00:00
2023-10,2023,10,2023-07-09,silverstone,de_vries,18,90.513,4.373846863468643,0.542071646764787,False,18,18,0,,2023-07-08T16:00:00+00:00,2023-07-09T12:00:00+00:00
2023-10,2023,10,2023-07-09,silverstone,gasly,10,87.689,1.117389298892982,-1.4242996537614214,False,10,10,0,,2023-07-08T16:00:00+00:00,2023-07-09T12:00:00+00:00
2023-10,2023,10,2023-07-09,silverstone,kevin_magnussen,19,92.378,6.524446494464946,3.916936645068394,False,19,19,0,,2023-07-08T16:00:00+00:00,2023-07-09T12:00:00+00:00
2023-10,2023,10,2023-07-09,silverstone,ocon,13,88.956,2.5784132841328464,1.4448790612277598,False,13,13,0,,2023-07-08T16:00:00+00:00,2023-07-09T12:00:00+00:00
2023-11,2023,11,2023-07-23,hungaroring,max_verstappen,2,76.612,0.003915988982999259,-0.5620092153936102,False,2,2,0,,2023-07-22T16:00:00+00:00,2023-07-23T11:00:00+00:00
2023-11,2023,11,2023-07-23,hungaroring,norris,3,76.694,0.11095302118549223,-0.27436447565177624,False,3,3,0,,2023-07-22T16:00:00+00:00,2023-07-23T11:00:00+00:00
2023-11,2023,11,2023-07-23,hungaroring,perez,9,77.045,0.5691237321985574,0.5651856106093132,False,9,9,0,,2023-07-22T16:00:00+00:00,2023-07-23T11:00:00+00:00
2023-11,2023,11,2023-07-23,hungaroring,hamilton,1,76.60900000000001,0.0,-3.059713768711949,False,1,1,0,,2023-07-22T16:00:00+00:00,2023-07-23T11:00:00+00:00
2023-11,2023,11,2023-07-23,hungaroring,piastri,4,76.905,0.38637757965773245,0.27511930529115514,False,4,4,0,,2023-07-22T16:00:00+00:00,2023-07-23T11:00:00+00:00
2023-11,2023,11,2023-07-23,hungaroring,russell,18,79.027,3.156287120312224,3.156287120312224,False,18,18,0,,2023-07-22T16:00:00+00:00,2023-07-23T11:00:00+00:00
2023-11,2023,11,2023-07-23,hungaroring,leclerc,6,76.992,0.4999412601652489,-0.9150225860005387,False,6,6,0,,2023-07-22T16:00:00+00:00,2023-07-23T11:00:00+00:00
2023-11,2023,11,2023-07-23,hungaroring,sainz,11,77.703,1.4280306491404324,0.9234725685785516,False,11,11,0,,2023-07-22T16:00:00+00:00,2023-07-23T11:00:00+00:00
2023-11,2023,11,2023-07-23,hungaroring,alonso,8,77.035,0.5560704355884918,-1.4191748566748679,False,8,8,0,,2023-07-22T16:00:00+00:00,2023-07-23T11:00:00+00:00
2023-11,2023,11,2023-07-23,hungaroring,stroll,14,78.144,2.003681029644032,1.439605374180579,False,14,14,0,,2023-07-22T16:00:00+00:00,2023-07-23T11:00:00+00:00
2023-11,2023,11,2023-07-23,hungaroring,albon,16,78.917,3.0127008576015775,-0.41767615586513607,False,16,16,0,,2023-07-22T16:00:00+00:00,2023-07-23T11:00:00+00:00
2023-11,2023,11,2023-07-23,hungaroring,bottas,7,77.03399999999999,0.5547651059274796,0.08184900806795829,False,7,7,0,,2023-07-22T16:00:00+00:00,2023-07-23T11:00:00+00:00
2023-11,2023,11,2023-07-23,hungaroring,ricciardo,13,78.002,1.8183242177811827,-1.1619508610093914,False,13,13,0,,2023-07-22T16:00:00+00:00,2023-07-23T11:00:00+00:00
2023-11,2023,11,2023-07-23,hungaroring,hulkenberg,10,77.186,0.7531752144003944,-2.5503118450622377,False,10,10,0,,2023-07-22T16:00:00+00:00,2023-07-23T11:00:00+00:00
2023-11,2023,11,2023-07-23,hungaroring,tsunoda,17,78.919,3.015311516923583,1.1756108817722644,False,17,17,0,,2023-07-22T16:00:00+00:00,2023-07-23T11:00:00+00:00
2023-11,2023,11,2023-07-23,hungaroring,zhou,5,76.971,0.4725293372841243,-0.08178207025467739,False,5,5,0,,2023-07-22T16:00:00+00:00,2023-07-23T11:00:00+00:00
2023-11,2023,11,2023-07-23,hungaroring,kevin_magnussen,19,79.206,3.3899411296322803,2.617054906330158,False,19,19,0,,2023-07-22T16:00:00+00:00,2023-07-23T11:00:00+00:00
2023-11,2023,11,2023-07-23,hungaroring,sargeant,20,79.248,3.4447649753945297,0.4194280066398913,False,20,20,0,,2023-07-22T16:00:00+00:00,2023-07-23T11:00:00+00:00
2023-11,2023,11,2023-07-23,hungaroring,ocon,12,77.84100000000001,1.6081661423592515,-0.48071391129804336,False,12,12,0,,2023-07-22T16:00:00+00:00,2023-07-23T11:00:00+00:00
2023-11,2023,11,2023-07-23,hungaroring,gasly,15,78.217,2.0989700948974526,0.4830359322207969,False,15,15,0,,2023-07-22T16:00:00+00:00,2023-07-23T11:00:00+00:00
2023-12,2023,12,2023-07-30,spa,max_verstappen,1,106.168,0.0,-0.8192816105376199,False,6,6,5,Official grid differs from qualifying order; the grid position is used without guessing the cause.,2023-07-28T17:00:00+00:00,2023-07-30T11:00:00+00:00
2023-12,2023,12,2023-07-30,spa,perez,3,107.045,0.8260492803857992,0.8260492803857992,False,2,2,-1,Official grid differs from qualifying order; the grid position is used without guessing the cause.,2023-07-28T17:00:00+00:00,2023-07-30T11:00:00+00:00
2023-12,2023,12,2023-07-30,spa,leclerc,2,106.988,0.7723607866777118,-0.1530536060922815,False,1,1,-1,Official grid differs from qualifying order; the grid position is used without guessing the cause.,2023-07-28T17:00:00+00:00,2023-07-30T11:00:00+00:00
2023-12,2023,12,2023-07-30,spa,hamilton,4,107.087,0.865609223118074,-0.6660173461342271,False,3,3,-1,Official grid differs from qualifying order; the grid position is used without guessing the cause.,2023-07-28T17:00:00+00:00,2023-07-30T11:00:00+00:00
2023-12,2023,12,2023-07-30,spa,alonso,9,107.843,1.5776881922989952,-0.9169338760209889,False,9,9,0,,2023-07-28T17:00:00+00:00,2023-07-30T11:00:00+00:00
2023-12,2023,12,2023-07-30,spa,russell,8,107.805,1.5418958631602746,0.6704828784072796,False,8,8,0,,2023-07-28T17:00:00+00:00,2023-07-30T11:00:00+00:00
2023-12,2023,12,2023-07-30,spa,norris,7,107.669,1.4137970009795706,0.28314627671959,False,7,7,0,,2023-07-28T17:00:00+00:00,2023-07-30T11:00:00+00:00
2023-12,2023,12,2023-07-30,spa,ocon,15,116.372,9.61118227714565,2.3761557477280997,False,14,14,-1,Official grid differs from qualifying order; the grid position is used without guessing the cause.,2023-07-28T17:00:00+00:00,2023-07-30T11:00:00+00:00
2023-12,2023,12,2023-07-30,spa,stroll,10,108.84100000000001,2.5177077838896857,0.9254193596246438,False,10,10,0,,2023-07-28T17:00:00+00:00,2023-07-30T11:00:00+00:00
2023-12,2023,12,2023-07-30,spa,tsunoda,11,113.148,6.5744857207444705,-7.376452001080566,False,11,11,0,,2023-07-28T17:00:00+00:00,2023-07-30T11:00:00+00:00
2023-12,2023,12,2023-07-30,spa,gasly,12,113.67099999999999,7.067101198101108,-2.3210050527618393,False,12,12,0,,2023-07-28T17:00:00+00:00,2023-07-30T11:00:00+00:00
2023-12,2023,12,2023-07-30,spa,bottas,14,114.694,8.030668374651492,-5.079780190677959,False,13,13,-1,Official grid differs from qualifying order; the grid position is used without guessing the cause.,2023-07-28T17:00:00+00:00,2023-07-30T11:00:00+00:00
2023-12,2023,12,2023-07-30,spa,zhou,17,120.832,13.81207143395372,5.351631297190778,False,17,17,0,,2023-07-28T17:00:00+00:00,2023-07-30T11:00:00+00:00
2023-12,2023,12,2023-07-30,spa,albon,16,120.314,13.324165473589014,-1.0046488665816462,False,15,15,-1,Official grid differs from qualifying order; the grid position is used without guessing the cause.,2023-07-28T17:00:00+00:00,2023-07-30T11:00:00+00:00
2023-12,2023,12,2023-07-30,spa,kevin_magnussen,13,114.16,7.527691959912581,-7.312082880015589,False,16,16,3,Official grid differs from qualifying order; the grid position is used without guessing the cause.,2023-07-28T17:00:00+00:00,2023-07-30T11:00:00+00:00
2023-12,2023,12,2023-07-30,spa,ricciardo,19,122.159,15.061977243613894,7.96390568105491,False,19,19,0,,2023-07-28T17:00:00+00:00,2023-07-30T11:00:00+00:00
2023-12,2023,12,2023-07-30,spa,sargeant,18,121.535,14.47422952302011,1.0148444902505143,False,18,18,0,,2023-07-28T17:00:00+00:00,2023-07-30T11:00:00+00:00
2023-12,2023,12,2023-07-30,spa,hulkenberg,20,123.166,16.01047396579006,7.888927820602663,False,20,20,0,,2023-07-28T17:00:00+00:00,2023-07-30T11:00:00+00:00
2023-12,2023,12,2023-07-30,spa,sainz,5,107.152,0.926832944013257,0.15328821923954228,False,4,4,-1,Official grid differs from qualifying order; the grid position is used without guessing the cause.,2023-07-28T17:00:00+00:00,2023-07-30T11:00:00+00:00
2023-12,2023,12,2023-07-30,spa,piastri,6,107.36500000000001,1.1274583678697938,-0.28234682220508023,False,5,5,-1,Official grid differs from qualifying order; the grid position is used without guessing the cause.,2023-07-28T17:00:00+00:00,2023-07-30T11:00:00+00:00
2023-13,2023,13,2023-08-27,zandvoort,max_verstappen,1,70.56700000000001,0.0,-1.8266555370061048,False,1,1,0,,2023-08-26T15:00:00+00:00,2023-08-27T11:00:00+00:00
2023-13,2023,13,2023-08-27,zandvoort,alonso,5,71.506,1.3306503039664332,-10.75248686361877,False,5,5,0,,2023-08-26T15:00:00+00:00,2023-08-27T11:00:00+00:00
2023-13,2023,13,2023-08-27,zandvoort,gasly,12,80.128,13.548825938469811,-2.4138350992570934,False,12,12,0,,2023-08-26T15:00:00+00:00,2023-08-27T11:00:00+00:00
2023-13,2023,13,2023-08-27,zandvoort,perez,7,71.88,1.8606430767922515,1.8606430767922515,False,7,7,0,,2023-08-26T15:00:00+00:00,2023-08-27T11:00:00+00:00
2023-13,2023,13,2023-08-27,zandvoort,sainz,6,71.754,1.6820893618830297,-1.2536984793229027,False,6,6,0,,2023-08-26T15:00:00+00:00,2023-08-27T11:00:00+00:00
2023-13,2023,13,2023-08-27,zandvoort,hamilton,13,80.151,13.581419076905618,12.423205318820656,False,13,13,0,,2023-08-26T15:00:00+00:00,2023-08-27T11:00:00+00:00
2023-13,2023,13,2023-08-27,zandvoort,norris,2,71.104,0.7609789278274433,-1.1593316466957702,False,2,2,0,,2023-08-26T15:00:00+00:00,2023-08-27T11:00:00+00:00
2023-13,2023,13,2023-08-27,zandvoort,albon,4,71.419,1.207363215100528,-6.94350341376975,False,4,4,0,,2023-08-26T15:00:00+00:00,2023-08-27T11:00:00+00:00
2023-13,2023,13,2023-08-27,zandvoort,piastri,8,71.938,1.942834469369528,1.1729297929793023,False,8,8,0,,2023-08-26T15:00:00+00:00,2023-08-27T11:00:00+00:00
2023-13,2023,13,2023-08-27,zandvoort,ocon,17,82.11,16.35750421585159,2.47354233226837,False,16,16,-1,Official grid differs from qualifying order; the grid position is used without guessing the cause.,2023-08-26T15:00:00+00:00,2023-08-27T11:00:00+00:00
2023-13,2023,13,2023-08-27,zandvoort,stroll,11,80.121,13.538906287641513,12.047940033004217,False,11,11,0,,2023-08-26T15:00:00+00:00,2023-08-27T11:00:00+00:00
2023-13,2023,13,2023-08-27,zandvoort,hulkenberg,15,80.25,13.721711281477166,-2.362760365972366,False,14,14,-1,Official grid differs from qualifying order; the grid position is used without guessing the cause.,2023-08-26T15:00:00+00:00,2023-08-27T11:00:00+00:00
2023-13,2023,13,2023-08-27,zandvoort,lawson,20,83.42,18.213896013717452,3.97606880219369,False,19,19,-1,Official grid differs from qualifying order; the grid position is used without guessing the cause.,2023-08-26T15:00:00+00:00,2023-08-27T11:00:00+00:00
2023-13,2023,13,2023-08-27,zandvoort,bottas,19,82.26,16.570068162172117,0.23517369953817957,False,18,18,-1,Official grid differs from qualifying order; the grid position is used without guessing the cause.,2023-08-26T15:00:00+00:00,2023-08-27T11:00:00+00:00
2023-13,2023,13,2023-08-27,zandvoort,tsunoda,14,80.23,13.693369421967768,-3.8240230160632915,False,17,17,3,Official grid differs from qualifying order; the grid position is used without guessing the cause.,2023-08-26T15:00:00+00:00,2023-08-27T11:00:00+00:00
2023-13,2023,13,2023-08-27,zandvoort,kevin_magnussen,18,82.19200000000001,16.47370583984015,2.419937694704059,False,20,0,2,Official grid differs from qualifying order; the grid position is used without guessing the cause.,2023-08-26T15:00:00+00:00,2023-08-27T11:00:00+00:00
2023-13,2023,13,2023-08-27,zandvoort,russell,3,71.294,1.030226593166763,-11.050392384374492,False,3,3,0,,2023-08-26T15:00:00+00:00,2023-08-27T11:00:00+00:00
2023-13,2023,13,2023-08-27,zandvoort,zhou,16,82.06700000000001,16.296569217906384,-0.2346219304643786,False,15,15,-1,Official grid differs from qualifying order; the grid position is used without guessing the cause.,2023-08-26T15:00:00+00:00,2023-08-27T11:00:00+00:00
2023-13,2023,13,2023-08-27,zandvoort,leclerc,9,72.66499999999999,2.973061062536291,1.269615631184306,False,9,9,0,,2023-08-26T15:00:00+00:00,2023-08-27T11:00:00+00:00
2023-13,2023,13,2023-08-27,zandvoort,sargeant,10,76.748,8.75905168138081,7.4615998543804976,False,10,10,0,,2023-08-26T15:00:00+00:00,2023-08-27T11:00:00+00:00
2023-14,2023,14,2023-09-03,monza,max_verstappen,2,80.307,0.016190499912826898,-0.4721891731112436,False,2,2,0,,2023-09-02T16:00:00+00:00,2023-09-03T11:00:00+00:00
2023-14,2023,14,2023-09-03,monza,perez,5,80.688,0.4906966896654862,0.47442937726474677,False,5,5,0,,2023-09-02T16:00:00+00:00,2023-09-03T11:00:00+00:00
2023-14,2023,14,2023-09-03,monza,sainz,1,80.294,0.0,-0.08337377583654668,False,1,1,0,,2023-09-02T16:00:00+00:00,2023-09-03T11:00:00+00:00
2023-14,2023,14,2023-09-03,monza,leclerc,3,80.361,0.0834433457045449,0.0834433457045449,False,3,3,0,,2023-09-02T16:00:00+00:00,2023-09-03T11:00:00+00:00
2023-14,2023,14,2023-09-03,monza,russell,4,80.67099999999999,0.4695244974717854,-0.18436030685474006,False,4,4,0,,2023-09-02T16:00:00+00:00,2023-09-03T11:00:00+00:00
2023-14,2023,14,2023-09-03,monza,hamilton,8,80.82,0.6550925349341125,0.18470082185667827,False,8,8,0,,2023-09-02T16:00:00+00:00,2023-09-03T11:00:00+00:00
2023-14,2023,14,2023-09-03,monza,albon,6,80.76,0.5803671507211102,-1.4280483339436123,False,6,6,0,,2023-09-02T16:00:00+00:00,2023-09-03T11:00:00+00:00
2023-14,2023,14,2023-09-03,monza,norris,9,80.979,0.8531148030986155,0.24014359101318639,False,9,9,0,,2023-09-02T16:00:00+00:00,2023-09-03T11:00:00+00:00
2023-14,2023,14,2023-09-03,monza,alonso,10,81.417,1.3986101078536437,-1.7414916727009389,False,10,10,0,,2023-09-02T16:00:00+00:00,2023-09-03T11:00:00+00:00
2023-14,2023,14,2023-09-03,monza,bottas,14,81.94,2.049966373577105,-0.5461827891734469,False,14,14,0,,2023-09-02T16:00:00+00:00,2023-09-03T11:00:00+00:00
2023-14,2023,14,2023-09-03,monza,lawson,12,81.758,1.823299374797617,0.20099517121357144,False,12,12,0,,2023-09-02T16:00:00+00:00,2023-09-03T11:00:00+00:00
2023-14,2023,14,2023-09-03,monza,piastri,7,80.785,0.6115027274765233,-0.23956828313513703,False,7,7,0,,2023-09-02T16:00:00+00:00,2023-09-03T11:00:00+00:00
2023-14,2023,14,2023-09-03,monza,sargeant,15,81.93,2.037512142874947,1.4487369985141179,False,15,15,0,,2023-09-02T16:00:00+00:00,2023-09-03T11:00:00+00:00
2023-14,2023,14,2023-09-03,monza,zhou,16,82.39,2.6104067551747376,0.5491823285330765,False,16,16,0,,2023-09-02T16:00:00+00:00,2023-09-03T11:00:00+00:00
2023-14,2023,14,2023-09-03,monza,gasly,17,82.545,2.8034473310583667,-0.00363424916412283,False,17,17,0,,2023-09-02T16:00:00+00:00,2023-09-03T11:00:00+00:00
2023-14,2023,14,2023-09-03,monza,stroll,20,82.86,3.1957555981767043,1.7723571244334695,False,20,20,0,,2023-09-02T16:00:00+00:00,2023-09-03T11:00:00+00:00
2023-14,2023,14,2023-09-03,monza,hulkenberg,13,81.776,1.8457169900615231,-0.9879891514916729,False,13,13,0,,2023-09-02T16:00:00+00:00,2023-09-03T11:00:00+00:00
2023-14,2023,14,2023-09-03,monza,kevin_magnussen,19,82.592,2.8619822153585597,0.9978477792995532,False,19,19,0,,2023-09-02T16:00:00+00:00,2023-09-03T11:00:00+00:00
2023-14,2023,14,2023-09-03,monza,ocon,18,82.548,2.807183600269018,0.0036343812465929057,False,18,18,0,,2023-09-02T16:00:00+00:00,2023-09-03T11:00:00+00:00
2023-14,2023,14,2023-09-03,monza,tsunoda,11,81.594,1.619049991282035,-0.20059199099782465,False,11,11,0,,2023-09-02T16:00:00+00:00,2023-09-03T11:00:00+00:00
2023-15,2023,15,2023-09-17,marina_bay,sainz,1,90.98400000000001,0.0,-0.08675312695605626,False,1,1,0,,2023-09-16T15:00:00+00:00,2023-09-17T10:00:00+00:00
2023-15,2023,15,2023-09-17,marina_bay,norris,4,91.27,0.31434098302996916,-1.756689845213241,False,4,4,0,,2023-09-16T15:00:00+00:00,2023-09-17T10:00:00+00:00
2023-15,2023,15,2023-09-17,marina_bay,hamilton,5,91.485,0.5506462674755898,0.4711386399578304,False,5,5,0,,2023-09-16T15:00:00+00:00,2023-09-17T10:00:00+00:00
2023-15,2023,15,2023-09-17,marina_bay,leclerc,3,91.063,0.08682845335442882,0.08682845335442882,False,3,3,0,,2023-09-16T15:00:00+00:00,2023-09-17T10:00:00+00:00
2023-15,2023,15,2023-09-17,marina_bay,max_verstappen,11,92.173,1.306823177701566,0.08034832082868683,False,11,11,0,,2023-09-16T15:00:00+00:00,2023-09-17T10:00:00+00:00
2023-15,2023,15,2023-09-17,marina_bay,gasly,12,92.274,1.4178317066736918,0.6555910682534651,False,12,12,0,,2023-09-16T15:00:00+00:00,2023-09-17T10:00:00+00:00
2023-15,2023,15,2023-09-17,marina_bay,piastri,17,92.902,2.108062956124145,1.7881012380848087,False,17,17,0,,2023-09-16T15:00:00+00:00,2023-09-17T10:00:00+00:00
2023-15,2023,15,2023-09-17,marina_bay,perez,13,92.09899999999999,1.22549019607841,-0.08028381413213444,False,13,13,0,,2023-09-16T15:00:00+00:00,2023-09-17T10:00:00+00:00
2023-15,2023,15,2023-09-17,marina_bay,lawson,10,92.166,1.2991295172777497,0.19023600134795488,False,10,10,0,,2023-09-16T15:00:00+00:00,2023-09-17T10:00:00+00:00
2023-15,2023,15,2023-09-17,marina_bay,kevin_magnussen,6,91.575,0.6495647586388749,-0.2537905193447084,False,6,6,0,,2023-09-16T15:00:00+00:00,2023-09-17T10:00:00+00:00
2023-15,2023,15,2023-09-17,marina_bay,albon,14,92.668,1.850874879099619,-0.6262600265946072,False,14,14,0,,2023-09-16T15:00:00+00:00,2023-09-17T10:00:00+00:00
2023-15,2023,15,2023-09-17,marina_bay,zhou,19,93.25800000000001,2.4993405433922455,0.4837892876768549,False,19,19,0,,2023-09-16T15:00:00+00:00,2023-09-17T10:00:00+00:00
2023-15,2023,15,2023-09-17,marina_bay,hulkenberg,9,91.80799999999999,0.9056537413171368,0.25443625443624335,False,9,9,0,,2023-09-16T15:00:00+00:00,2023-09-17T10:00:00+00:00
2023-15,2023,15,2023-09-17,marina_bay,sargeant,18,93.25200000000001,2.492745977314693,0.630206759614973,False,18,18,0,,2023-09-16T15:00:00+00:00,2023-09-17T10:00:00+00:00
2023-15,2023,15,2023-09-17,marina_bay,alonso,7,91.615,0.6935285324892134,-1.9079841964945303,False,7,7,0,,2023-09-16T15:00:00+00:00,2023-09-17T10:00:00+00:00
2023-15,2023,15,2023-09-17,marina_bay,russell,2,91.056,0.07913479293061254,-0.4689293326774904,False,2,2,0,,2023-09-16T15:00:00+00:00,2023-09-17T10:00:00+00:00
2023-15,2023,15,2023-09-17,marina_bay,bottas,16,92.809,2.0058471819220833,-0.4814600356001761,False,16,16,0,,2023-09-16T15:00:00+00:00,2023-09-17T10:00:00+00:00
2023-15,2023,15,2023-09-17,marina_bay,ocon,8,91.673,0.7572760045722247,-0.651321065522248,False,8,8,0,,2023-09-16T15:00:00+00:00,2023-09-17T10:00:00+00:00
2023-15,2023,15,2023-09-17,marina_bay,tsunoda,15,91.991,1.1067880066824833,-0.18987479113772668,False,15,15,0,,2023-09-16T15:00:00+00:00,2023-09-17T10:00:00+00:00
2023-15,2023,15,2023-09-17,marina_bay,stroll,20,93.39699999999999,2.652114657522182,1.9450963270206807,False,20,0,0,,2023-09-16T15:00:00+00:00,2023-09-17T10:00:00+00:00
2023-16,2023,16,2023-09-24,suzuka,max_verstappen,1,88.877,0.0,-0.862242052426113,False,1,1,0,,2023-09-23T08:00:00+00:00,2023-09-24T03:00:00+00:00
2023-16,2023,16,2023-09-24,suzuka,norris,3,89.493,0.6930927011487783,0.039124505354464205,False,3,3,0,,2023-09-23T08:00:00+00:00,2023-09-24T03:00:00+00:00
2023-16,2023,16,2023-09-24,suzuka,piastri,2,89.458,0.653712434038056,-0.039109204071823035,False,2,2,0,,2023-09-23T08:00:00+00:00,2023-09-24T03:00:00+00:00
2023-16,2023,16,2023-09-24,suzuka,leclerc,4,89.542,0.7482250751038022,-0.3427935447968756,False,4,4,0,,2023-09-23T08:00:00+00:00,2023-09-24T03:00:00+00:00
2023-16,2023,16,2023-09-24,suzuka,hamilton,7,89.908,1.1600301540331086,-0.34471674480984366,False,7,7,0,,2023-09-23T08:00:00+00:00,2023-09-24T03:00:00+00:00
2023-16,2023,16,2023-09-24,suzuka,sainz,6,89.85,1.0947714256781835,0.34397266087421846,False,6,6,0,,2023-09-23T08:00:00+00:00,2023-09-24T03:00:00+00:00
2023-16,2023,16,2023-09-24,suzuka,russell,8,90.219,1.5099519560741235,0.3459091515771598,False,8,8,0,,2023-09-23T08:00:00+00:00,2023-09-24T03:00:00+00:00
2023-16,2023,16,2023-09-24,suzuka,alonso,10,90.465,1.7867389763380943,-0.7852513133218478,False,10,10,0,,2023-09-23T08:00:00+00:00,2023-09-24T03:00:00+00:00
2023-16,2023,16,2023-09-24,suzuka,ocon,14,90.586,1.9228821854923133,0.08507441248936369,False,14,14,0,,2023-09-23T08:00:00+00:00,2023-09-24T03:00:00+00:00
2023-16,2023,16,2023-09-24,suzuka,gasly,12,90.509,1.836245597848718,-0.08500209745435076,False,12,12,0,,2023-09-23T08:00:00+00:00,2023-09-24T03:00:00+00:00
2023-16,2023,16,2023-09-24,suzuka,lawson,11,90.425,1.741732956782972,0.24500022171964594,False,11,11,0,,2023-09-23T08:00:00+00:00,2023-09-24T03:00:00+00:00
2023-16,2023,16,2023-09-24,suzuka,tsunoda,9,90.20400000000001,1.4930746987409707,-0.24440143765550393,False,9,9,0,,2023-09-23T08:00:00+00:00,2023-09-24T03:00:00+00:00
2023-16,2023,16,2023-09-24,suzuka,zhou,19,91.398,2.8365043824611553,0.38331008577797615,False,19,19,0,,2023-09-23T08:00:00+00:00,2023-09-24T03:00:00+00:00
2023-16,2023,16,2023-09-24,suzuka,hulkenberg,18,91.299,2.725114484062256,0.6992775602492853,False,18,18,0,,2023-09-23T08:00:00+00:00,2023-09-24T03:00:00+00:00
2023-16,2023,16,2023-09-24,suzuka,kevin_magnussen,15,90.66499999999999,2.011769074113659,-0.6944216256476133,False,15,15,0,,2023-09-23T08:00:00+00:00,2023-09-24T03:00:00+00:00
2023-16,2023,16,2023-09-24,suzuka,albon,13,90.537,1.8677498115373052,0.0,False,13,13,0,,2023-09-23T08:00:00+00:00,2023-09-24T03:00:00+00:00
2023-16,2023,16,2023-09-24,suzuka,sargeant,20,,,0.0,True,20,20,0,,2023-09-23T08:00:00+00:00,2023-09-24T03:00:00+00:00
2023-16,2023,16,2023-09-24,suzuka,stroll,17,91.181,2.592346726374655,0.791466312938699,False,17,17,0,,2023-09-23T08:00:00+00:00,2023-09-24T03:00:00+00:00
2023-16,2023,16,2023-09-24,suzuka,perez,5,89.65,0.8697413279026187,0.8697413279026187,False,5,5,0,,2023-09-23T08:00:00+00:00,2023-09-24T03:00:00+00:00
2023-16,2023,16,2023-09-24,suzuka,bottas,16,91.049,2.4438268618427843,-0.38184642989998635,False,16,16,0,,2023-09-23T08:00:00+00:00,2023-09-24T03:00:00+00:00
2023-17,2023,17,2023-10-08,losail,max_verstappen,1,83.77799999999999,0.0,-1.9704664061220327,False,1,1,0,,2023-10-06T19:00:00+00:00,2023-10-08T15:00:00+00:00
2023-17,2023,17,2023-10-08,losail,piastri,6,84.53999999999999,0.9095466590274304,-0.171222766723753,False,6,6,0,,2023-10-06T19:00:00+00:00,2023-10-08T15:00:00+00:00
2023-17,2023,17,2023-10-08,losail,norris,10,84.685,1.0826231230156016,0.17151644192099627,False,10,10,0,,2023-10-06T19:00:00+00:00,2023-10-08T15:00:00+00:00
2023-17,2023,17,2023-10-08,losail,russell,2,84.219,0.526391176681232,-0.10201055690648565,False,2,2,0,,2023-10-06T19:00:00+00:00,2023-10-08T15:00:00+00:00
2023-17,2023,17,2023-10-08,losail,leclerc,5,84.424,0.7710854878369202,-1.059441215075938,False,5,5,0,,2023-10-06T19:00:00+00:00,2023-10-08T15:00:00+00:00
2023-17,2023,17,2023-10-08,losail,alonso,4,84.369,0.7054357946000241,-2.2884938328797255,False,4,4,0,,2023-10-06T19:00:00+00:00,2023-10-08T15:00:00+00:00
2023-17,2023,17,2023-10-08,losail,ocon,8,84.763,1.1757263243333735,0.24836493087177033,False,8,8,0,,2023-10-06T19:00:00+00:00,2023-10-08T15:00:00+00:00
2023-17,2023,17,2023-10-08,losail,bottas,9,85.05799999999999,1.5278474062403034,-2.7152529966145225,False,9,9,0,,2023-10-06T19:00:00+00:00,2023-10-08T15:00:00+00:00
2023-17,2023,17,2023-10-08,losail,zhou,20,87.432,4.361526892501624,2.7910367043664435,False,19,19,-1,Official grid differs from qualifying order; the grid position is used without guessing the cause.,2023-10-06T19:00:00+00:00,2023-10-08T15:00:00+00:00
2023-17,2023,17,2023-10-08,losail,perez,13,85.462,2.0100742438349113,2.0100742438349113,False,20,20,7,Official grid differs from qualifying order; the grid position is used without guessing the cause.,2023-10-06T19:00:00+00:00,2023-10-08T15:00:00+00:00
2023-17,2023,17,2023-10-08,losail,stroll,17,86.345,3.064050227983489,2.3420924747241276,False,16,16,-1,Official grid differs from qualifying order; the grid position is used without guessing the cause.,2023-10-06T19:00:00+00:00,2023-10-08T15:00:00+00:00
2023-17,2023,17,2023-10-08,losail,gasly,7,84.553,0.9250638592470646,-0.24774960772979715,False,7,7,0,,2023-10-06T19:00:00+00:00,2023-10-08T15:00:00+00:00
2023-17,2023,17,2023-10-08,losail,albon,14,85.707,2.3025137864355822,-0.5834589954761794,False,13,13,-1,Official grid differs from qualifying order; the grid position is used without guessing the cause.,2023-10-06T19:00:00+00:00,2023-10-08T15:00:00+00:00
2023-17,2023,17,2023-10-08,losail,kevin_magnussen,19,87.04599999999999,3.9007854090572716,1.4723196903815337,False,18,18,-1,Official grid differs from qualifying order; the grid position is used without guessing the cause.,2023-10-06T19:00:00+00:00,2023-10-08T15:00:00+00:00
2023-17,2023,17,2023-10-08,losail,tsunoda,11,85.301,1.8178996872687467,-1.5397933860449047,False,11,11,0,,2023-10-06T19:00:00+00:00,2023-10-08T15:00:00+00:00
2023-17,2023,17,2023-10-08,losail,hulkenberg,15,85.783,2.3932297261811097,-1.450956965282714,False,14,14,-1,Official grid differs from qualifying order; the grid position is used without guessing the cause.,2023-10-06T19:00:00+00:00,2023-10-08T15:00:00+00:00
2023-17,2023,17,2023-10-08,losail,lawson,18,86.635,3.410203155959815,1.5638738115614157,False,17,17,-1,Official grid differs from qualifying order; the grid position is used without guessing the cause.,2023-10-06T19:00:00+00:00,2023-10-08T15:00:00+00:00
2023-17,2023,17,2023-10-08,losail,sargeant,16,86.21000000000001,2.902910071856593,0.5868832184069147,False,15,15,-1,Official grid differs from qualifying order; the grid position is used without guessing the cause.,2023-10-06T19:00:00+00:00,2023-10-08T15:00:00+00:00
2023-17,2023,17,2023-10-08,losail,hamilton,3,84.305,0.6290434242880174,0.10211472470584161,False,3,3,0,,2023-10-06T19:00:00+00:00,2023-10-08T15:00:00+00:00
2023-17,2023,17,2023-10-08,losail,sainz,12,85.328,1.8501277184941292,1.0707855586089219,False,12,12,0,,2023-10-06T19:00:00+00:00,2023-10-08T15:00:00+00:00
2023-18,2023,18,2023-10-22,americas,max_verstappen,6,95.00800000000001,0.3008772948492033,-0.17336849736794263,False,6,6,0,,2023-10-20T23:00:00+00:00,2023-10-22T17:00:00+00:00
2023-18,2023,18,2023-10-22,americas,norris,2,94.85300000000001,0.1372422748435012,-0.6431541789309292,False,2,2,0,,2023-10-20T23:00:00+00:00,2023-10-22T17:00:00+00:00
2023-18,2023,18,2023-10-22,americas,sainz,4,94.945,0.234367577040417,0.234367577040417,False,4,4,0,,2023-10-20T23:00:00+00:00,2023-10-22T17:00:00+00:00
2023-18,2023,18,2023-10-22,americas,perez,9,95.173,0.4750694129197796,0.17366958571908894,False,9,9,0,,2023-10-20T23:00:00+00:00,2023-10-22T17:00:00+00:00
2023-18,2023,18,2023-10-22,americas,russell,5,95.07900000000001,0.37583269110987694,0.22875334696718705,False,5,5,0,,2023-10-20T23:00:00+00:00,2023-10-22T17:00:00+00:00
2023-18,2023,18,2023-10-22,americas,gasly,7,95.089,0.3863897891747513,-0.06831031801080115,False,7,7,0,,2023-10-20T23:00:00+00:00,2023-10-22T17:00:00+00:00
2023-18,2023,18,2023-10-22,americas,stroll,19,96.589,1.9699544989073399,0.33344413512278015,False,20,20,1,Official grid differs from qualifying order; the grid position is used without guessing the cause.,2023-10-20T23:00:00+00:00,2023-10-22T17:00:00+00:00
2023-18,2023,18,2023-10-22,americas,tsunoda,11,95.697,1.028261351519698,-0.28861983453850715,False,11,11,0,,2023-10-20T23:00:00+00:00,2023-10-22T17:00:00+00:00
2023-18,2023,18,2023-10-22,americas,albon,18,96.315,1.6806900119295194,-0.5287781300670272,False,15,15,-3,Official grid differs from qualifying order; the grid position is used without guessing the cause.,2023-10-20T23:00:00+00:00,2023-10-22T17:00:00+00:00
2023-18,2023,18,2023-10-22,americas,sargeant,20,96.827,2.221213432851577,0.5315890567409027,False,16,16,-4,Official grid differs from qualifying order; the grid position is used without guessing the cause.,2023-10-20T23:00:00+00:00,2023-10-22T17:00:00+00:00
2023-18,2023,18,2023-10-22,americas,hulkenberg,16,96.235,1.5962332274104498,0.3702544847726366,False,18,18,2,Official grid differs from qualifying order; the grid position is used without guessing the cause.,2023-10-20T23:00:00+00:00,2023-10-22T17:00:00+00:00
2023-18,2023,18,2023-10-22,americas,bottas,13,95.858,1.1982306303643309,0.16719262680515432,False,13,13,0,,2023-10-20T23:00:00+00:00,2023-10-22T17:00:00+00:00
2023-18,2023,18,2023-10-22,americas,zhou,12,95.69800000000001,1.0293170613261915,-0.16691355964029772,False,12,12,0,,2023-10-20T23:00:00+00:00,2023-10-22T17:00:00+00:00
2023-18,2023,18,2023-10-22,americas,kevin_magnussen,14,95.88,1.2214562461070664,-0.3688886579726752,False,17,17,3,Official grid differs from qualifying order; the grid position is used without guessing the cause.,2023-10-20T23:00:00+00:00,2023-10-22T17:00:00+00:00
2023-18,2023,18,2023-10-22,americas,ricciardo,15,95.97399999999999,1.320692967916969,0.2894552598304929,False,14,14,-1,Official grid differs from qualifying order; the grid position is used without guessing the cause.,2023-10-20T23:00:00+00:00,2023-10-22T17:00:00+00:00
2023-18,2023,18,2023-10-22,americas,alonso,17,96.268,1.6310716510245682,-0.33233598028760825,False,19,19,2,Official grid differs from qualifying order; the grid position is used without guessing the cause.,2023-10-20T23:00:00+00:00,2023-10-22T17:00:00+00:00
2023-18,2023,18,2023-10-22,americas,piastri,10,95.467,0.7854480960273638,0.6473174280201892,False,10,10,0,,2023-10-20T23:00:00+00:00,2023-10-22T17:00:00+00:00
2023-18,2023,18,2023-10-22,americas,ocon,8,95.154,0.4550109265964944,0.06835701290369836,False,8,8,0,,2023-10-20T23:00:00+00:00,2023-10-22T17:00:00+00:00
2023-18,2023,18,2023-10-22,americas,hamilton,3,94.862,0.1467436631018821,-0.2282312603203788,False,3,3,0,,2023-10-20T23:00:00+00:00,2023-10-22T17:00:00+00:00
2023-18,2023,18,2023-10-22,americas,leclerc,1,94.723,0.0,-0.23381957975669518,False,1,1,0,,2023-10-20T23:00:00+00:00,2023-10-22T17:00:00+00:00
2023-19,2023,19,2023-10-29,rodriguez,max_verstappen,3,77.263,0.1257030298318021,-0.20665693656923215,False,3,3,0,,2023-10-28T23:00:00+00:00,2023-10-29T18:00:00+00:00
2023-19,2023,19,2023-10-29,rodriguez,hamilton,6,77.45400000000001,0.3732213669232705,-0.2819512571936118,False,6,6,0,,2023-10-28T23:00:00+00:00,2023-10-29T18:00:00+00:00
2023-19,2023,19,2023-10-29,rodriguez,leclerc,1,77.166,0.0,-0.08675048230679538,False,1,1,0,,2023-10-28T23:00:00+00:00,2023-10-29T18:00:00+00:00
2023-19,2023,19,2023-10-29,rodriguez,sainz,2,77.233,0.08682580411062811,0.08682580411062811,False,2,2,0,,2023-10-28T23:00:00+00:00,2023-10-29T18:00:00+00:00
2023-19,2023,19,2023-10-29,rodriguez,norris,19,81.554,5.68644221548351,5.064220656248788,False,17,17,-2,Official grid differs from qualifying order; the grid position is used without guessing the cause.,2023-10-28T23:00:00+00:00,2023-10-29T18:00:00+00:00
2023-19,2023,19,2023-10-29,rodriguez,russell,8,77.673,0.6570251146878224,0.28274847005964066,False,8,8,0,,2023-10-28T23:00:00+00:00,2023-10-29T18:00:00+00:00
2023-19,2023,19,2023-10-29,rodriguez,ricciardo,4,77.382,0.2799160251924529,-1.9115223729243194,False,4,4,0,,2023-10-28T23:00:00+00:00,2023-10-29T18:00:00+00:00
2023-19,2023,19,2023-10-29,rodriguez,piastri,7,77.623,0.5922297384858719,-4.820119184834585,False,7,7,0,,2023-10-28T23:00:00+00:00,2023-10-29T18:00:00+00:00
2023-19,2023,19,2023-10-29,rodriguez,albon,14,78.828,2.1537983049529665,0.0,False,14,14,0,,2023-10-28T23:00:00+00:00,2023-10-29T18:00:00+00:00
2023-19,2023,19,2023-10-29,rodriguez,ocon,16,79.08,2.48036700101081,0.7119114631754531,False,15,15,-1,Official grid differs from qualifying order; the grid position is used without guessing the cause.,2023-10-28T23:00:00+00:00,2023-10-29T18:00:00+00:00
2023-19,2023,19,2023-10-29,rodriguez,gasly,11,78.521,1.7559546950729648,-0.7068791097622629,False,11,11,0,,2023-10-28T23:00:00+00:00,2023-10-29T18:00:00+00:00
2023-19,2023,19,2023-10-29,rodriguez,tsunoda,15,78.89,2.234144571443387,1.9487736166033387,False,18,18,3,Official grid differs from qualifying order; the grid position is used without guessing the cause.,2023-10-28T23:00:00+00:00,2023-10-29T18:00:00+00:00
2023-19,2023,19,2023-10-29,rodriguez,hulkenberg,12,78.524,1.759842417645082,-0.8071952806235183,False,12,12,0,,2023-10-28T23:00:00+00:00,2023-10-29T18:00:00+00:00
2023-19,2023,19,2023-10-29,rodriguez,zhou,10,78.05,1.1455822512505514,0.04358080393766155,False,10,10,0,,2023-10-28T23:00:00+00:00,2023-10-29T18:00:00+00:00
2023-19,2023,19,2023-10-29,rodriguez,bottas,9,78.01599999999999,1.1015213954332146,-0.04356181934658043,False,9,9,0,,2023-10-28T23:00:00+00:00,2023-10-29T18:00:00+00:00
2023-19,2023,19,2023-10-29,rodriguez,sargeant,20,,,0.0,True,19,19,-1,Official grid differs from qualifying order; the grid position is used without guessing the cause.,2023-10-28T23:00:00+00:00,2023-10-29T18:00:00+00:00
2023-19,2023,19,2023-10-29,rodriguez,stroll,18,79.227,2.6708654070445625,0.6210470166882628,False,20,0,2,Official grid differs from qualifying order; the grid position is used without guessing the cause.,2023-10-28T23:00:00+00:00,2023-10-29T18:00:00+00:00
2023-19,2023,19,2023-10-29,rodriguez,alonso,13,78.738,2.037166627789445,-0.6172138286190368,False,13,13,0,,2023-10-28T23:00:00+00:00,2023-10-29T18:00:00+00:00
2023-19,2023,19,2023-10-29,rodriguez,kevin_magnussen,17,79.163,2.587927325506052,0.813763944781208,False,16,16,-1,Official grid differs from qualifying order; the grid position is used without guessing the cause.,2023-10-28T23:00:00+00:00,2023-10-29T18:00:00+00:00
2023-19,2023,19,2023-10-29,rodriguez,perez,5,77.423,0.33304823367805125,0.20708489186285362,False,5,5,0,,2023-10-28T23:00:00+00:00,2023-10-29T18:00:00+00:00
2023-20,2023,20,2023-11-05,interlagos,max_verstappen,1,70.162,0.20136816098028498,-0.08117461086029132,False,1,1,0,,2023-11-03T20:00:00+00:00,2023-11-05T15:00:00+00:00
2023-20,2023,20,2023-11-05,interlagos,norris,7,70.021,0.0,-0.43935731551258,False,6,6,-1,Official grid differs from qualifying order; the grid position is used without guessing the cause.,2023-11-03T20:00:00+00:00,2023-11-05T15:00:00+00:00
2023-20,2023,20,2023-11-05,interlagos,alonso,4,70.237,0.30847888490594816,-0.19609236234459002,False,4,4,0,,2023-11-03T20:00:00+00:00,2023-11-05T15:00:00+00:00
2023-20,2023,20,2023-11-05,interlagos,perez,9,70.219,0.2827723111637841,0.08124055756675685,False,9,9,0,,2023-11-03T20:00:00+00:00,2023-11-05T15:00:00+00:00
2023-20,2023,20,2023-11-05,interlagos,stroll,3,70.375,0.5055626169292058,0.19647763999032594,False,3,3,0,,2023-11-03T20:00:00+00:00,2023-11-05T15:00:00+00:00
2023-20,2023,20,2023-11-05,interlagos,sainz,8,70.254,0.33275731566245,-0.06969830590443137,False,7,7,-1,Official grid differs from qualifying order; the grid position is used without guessing the cause.,2023-11-03T20:00:00+00:00,2023-11-05T15:00:00+00:00
2023-20,2023,20,2023-11-05,interlagos,gasly,13,70.56700000000001,0.7797660701789556,0.007085966951063835,False,15,15,2,Official grid differs from qualifying order; the grid position is used without guessing the cause.,2023-11-03T20:00:00+00:00,2023-11-05T15:00:00+00:00
2023-20,2023,20,2023-11-05,interlagos,hamilton,5,70.266,0.34989503149055934,-0.07110757153421292,False,5,5,0,,2023-11-03T20:00:00+00:00,2023-11-05T15:00:00+00:00
2023-20,2023,20,2023-11-05,interlagos,tsunoda,16,70.837,1.1653646763113958,-0.008469432406871853,False,16,16,0,,2023-11-03T20:00:00+00:00,2023-11-05T15:00:00+00:00
2023-20,2023,20,2023-11-05,interlagos,ocon,12,70.562,0.7726253552505631,-0.0070854648773642954,False,14,14,2,Official grid differs from qualifying order; the grid position is used without guessing the cause.,2023-11-03T20:00:00+00:00,2023-11-05T15:00:00+00:00
2023-20,2023,20,2023-11-05,interlagos,sargeant,19,71.035,1.44813698747518,0.5862278925532087,False,19,19,0,,2023-11-03T20:00:00+00:00,2023-11-05T15:00:00+00:00
2023-20,2023,20,2023-11-05,interlagos,hulkenberg,11,70.475,0.6483769154967703,-0.17988158975667765,False,11,11,0,,2023-11-03T20:00:00+00:00,2023-11-05T15:00:00+00:00
2023-20,2023,20,2023-11-05,interlagos,ricciardo,17,70.843,1.1739335342254507,0.008470149780482272,False,17,17,0,,2023-11-03T20:00:00+00:00,2023-11-05T15:00:00+00:00
2023-20,2023,20,2023-11-05,interlagos,piastri,10,70.33,0.4412961825737957,0.4412961825737957,False,10,10,0,,2023-11-03T20:00:00+00:00,2023-11-05T15:00:00+00:00
2023-20,2023,20,2023-11-05,interlagos,russell,6,70.316,0.42130218077434156,0.0711581703811191,False,8,8,2,Official grid differs from qualifying order; the grid position is used without guessing the cause.,2023-11-03T20:00:00+00:00,2023-11-05T15:00:00+00:00
2023-20,2023,20,2023-11-05,interlagos,bottas,18,70.955,1.3338855486211243,-0.4489652753419956,False,18,18,0,,2023-11-03T20:00:00+00:00,2023-11-05T15:00:00+00:00
2023-20,2023,20,2023-11-05,interlagos,zhou,20,71.275,1.790891304037367,0.4509900641251602,False,20,20,0,,2023-11-03T20:00:00+00:00,2023-11-05T15:00:00+00:00
2023-20,2023,20,2023-11-05,interlagos,kevin_magnussen,14,70.602,0.8297510746776012,0.18020574671870815,False,12,12,-2,Official grid differs from qualifying order; the grid position is used without guessing the cause.,2023-11-03T20:00:00+00:00,2023-11-05T15:00:00+00:00
2023-20,2023,20,2023-11-05,interlagos,albon,15,70.621,0.8568857914054274,-0.582811290209054,False,13,13,-2,Official grid differs from qualifying order; the grid position is used without guessing the cause.,2023-11-03T20:00:00+00:00,2023-11-05T15:00:00+00:00
2023-20,2023,20,2023-11-05,interlagos,leclerc,2,70.303,0.4027363219605497,0.06974691832492438,False,2,2,0,,2023-11-03T20:00:00+00:00,2023-11-05T15:00:00+00:00
2023-21,2023,21,2023-11-19,vegas,max_verstappen,3,93.104,0.4076526540560362,-0.8001704757338348,False,2,2,-1,Official grid differs from qualifying order; the grid position is used without guessing the cause.,2023-11-18T10:00:00+00:00,2023-11-19T04:00:00+00:00
2023-21,2023,21,2023-11-19,vegas,leclerc,1,92.726,0.0,-0.04742912579498883,False,1,1,0,,2023-11-18T10:00:00+00:00,2023-11-19T04:00:00+00:00
2023-21,2023,21,2023-11-19,vegas,perez,12,93.85499999999999,1.217565731294341,0.8066248496305106,False,11,11,-1,Official grid differs from qualifying order; the grid position is used without guessing the cause.,2023-11-18T10:00:00+00:00,2023-11-19T04:00:00+00:00
2023-21,2023,21,2023-11-19,vegas,ocon,17,94.834,2.273364536375994,1.71065755745986,False,16,16,-1,Official grid differs from qualifying order; the grid position is used without guessing the cause.,2023-11-18T10:00:00+00:00,2023-11-19T04:00:00+00:00
2023-21,2023,21,2023-11-19,vegas,stroll,14,94.199,1.588551215408838,0.6883651328095678,False,19,19,5,Official grid differs from qualifying order; the grid position is used without guessing the cause.,2023-11-18T10:00:00+00:00,2023-11-19T04:00:00+00:00
2023-21,2023,21,2023-11-19,vegas,sainz,2,92.77000000000001,0.04745163168907442,0.04745163168907442,False,12,12,10,Official grid differs from qualifying order; the grid position is used without guessing the cause.,2023-11-18T10:00:00+00:00,2023-11-19T04:00:00+00:00
2023-21,2023,21,2023-11-19,vegas,hamilton,11,93.837,1.19815370014883,0.7786321848956188,False,10,10,-1,Official grid differs from qualifying order; the grid position is used without guessing the cause.,2023-11-18T10:00:00+00:00,2023-11-19T04:00:00+00:00
2023-21,2023,21,2023-11-19,vegas,russell,4,93.112,0.4162802234540427,-0.7726163453648438,False,3,3,-1,Official grid differs from qualifying order; the grid position is used without guessing the cause.,2023-11-18T10:00:00+00:00,2023-11-19T04:00:00+00:00
2023-21,2023,21,2023-11-19,vegas,alonso,10,93.555,0.8940318788689341,-0.6836590621981032,False,9,9,-1,Official grid differs from qualifying order; the grid position is used without guessing the cause.,2023-11-18T10:00:00+00:00,2023-11-19T04:00:00+00:00
2023-21,2023,21,2023-11-19,vegas,piastri,19,94.85,2.290619675172007,0.15522211545567866,False,18,18,-1,Official grid differs from qualifying order; the grid position is used without guessing the cause.,2023-11-18T10:00:00+00:00,2023-11-19T04:00:00+00:00
2023-21,2023,21,2023-11-19,vegas,gasly,5,93.239,0.5532428876474832,-1.6818862433304498,False,4,4,-1,Official grid differs from qualifying order; the grid position is used without guessing the cause.,2023-11-18T10:00:00+00:00,2023-11-19T04:00:00+00:00
2023-21,2023,21,2023-11-19,vegas,albon,6,93.32300000000001,0.6438323663266057,-0.20318030648144933,False,5,5,-1,Official grid differs from qualifying order; the grid position is used without guessing the cause.,2023-11-18T10:00:00+00:00,2023-11-19T04:00:00+00:00
2023-21,2023,21,2023-11-19,vegas,kevin_magnussen,9,93.537,0.8746198477234077,-0.4703178369635696,False,8,8,-1,Official grid differs from qualifying order; the grid position is used without guessing the cause.,2023-11-18T10:00:00+00:00,2023-11-19T04:00:00+00:00
2023-21,2023,21,2023-11-19,vegas,ricciardo,15,94.30799999999999,1.7061018484567365,-2.2177983763103155,False,14,14,-1,Official grid differs from qualifying order; the grid position is used without guessing the cause.,2023-11-18T10:00:00+00:00,2023-11-19T04:00:00+00:00
2023-21,2023,21,2023-11-19,vegas,zhou,18,94.84899999999999,2.2895412289972503,1.415664260892792,False,17,17,-1,Official grid differs from qualifying order; the grid position is used without guessing the cause.,2023-11-18T10:00:00+00:00,2023-11-19T04:00:00+00:00
2023-21,2023,21,2023-11-19,vegas,sargeant,7,93.513,0.8487371395293727,0.2035939693323165,False,6,6,-1,Official grid differs from qualifying order; the grid position is used without guessing the cause.,2023-11-18T10:00:00+00:00,2023-11-19T04:00:00+00:00
2023-21,2023,21,2023-11-19,vegas,bottas,8,93.525,0.8616784936263902,-1.3959029615493934,False,7,7,-1,Official grid differs from qualifying order; the grid position is used without guessing the cause.,2023-11-18T10:00:00+00:00,2023-11-19T04:00:00+00:00
2023-21,2023,21,2023-11-19,vegas,tsunoda,20,96.447,4.012898216250031,2.2681002672095794,False,20,20,0,,2023-11-18T10:00:00+00:00,2023-11-19T04:00:00+00:00
2023-21,2023,21,2023-11-19,vegas,hulkenberg,13,93.979,1.351293056963527,0.4725402781786813,False,13,13,0,,2023-11-18T10:00:00+00:00,2023-11-19T04:00:00+00:00
2023-21,2023,21,2023-11-19,vegas,norris,16,94.703,2.1320880874835577,-0.15498154981548906,False,15,15,-1,Official grid differs from qualifying order; the grid position is used without guessing the cause.,2023-11-18T10:00:00+00:00,2023-11-19T04:00:00+00:00
2023-22,2023,22,2023-11-26,yas_marina,max_verstappen,1,83.445,0.0,-0.7977079271482316,False,1,1,0,,2023-11-25T16:00:00+00:00,2023-11-26T11:00:00+00:00
2023-22,2023,22,2023-11-26,yas_marina,leclerc,2,83.584,0.16657678710529095,-1.3618447449786357,False,2,2,0,,2023-11-25T16:00:00+00:00,2023-11-26T11:00:00+00:00
2023-22,2023,22,2023-11-26,yas_marina,russell,4,83.788,0.4110491940799372,-0.6768690951765812,False,4,4,0,,2023-11-25T16:00:00+00:00,2023-11-26T11:00:00+00:00
2023-22,2023,22,2023-11-26,yas_marina,perez,9,84.116,0.8041224758823255,0.8041224758823255,False,9,9,0,,2023-11-25T16:00:00+00:00,2023-11-26T11:00:00+00:00
2023-22,2023,22,2023-11-26,yas_marina,norris,5,83.816,0.4446042303313672,0.040581509154718226,False,5,5,0,,2023-11-25T16:00:00+00:00,2023-11-26T11:00:00+00:00
2023-22,2023,22,2023-11-26,yas_marina,piastri,3,83.782,0.40385882916891763,-0.04056504724635634,False,3,3,0,,2023-11-25T16:00:00+00:00,2023-11-26T11:00:00+00:00
2023-22,2023,22,2023-11-26,yas_marina,alonso,7,84.084,0.7657738630235605,-0.38030922338723766,False,7,7,0,,2023-11-25T16:00:00+00:00,2023-11-26T11:00:00+00:00
2023-22,2023,22,2023-11-26,yas_marina,tsunoda,6,83.968,0.6267601414105224,-0.5613320385590154,False,6,6,0,,2023-11-25T16:00:00+00:00,2023-11-26T11:00:00+00:00
2023-22,2023,22,2023-11-26,yas_marina,hamilton,11,84.35900000000001,1.0953322547786157,0.6814818351076672,False,11,11,0,,2023-11-25T16:00:00+00:00,2023-11-26T11:00:00+00:00
2023-22,2023,22,2023-11-26,yas_marina,stroll,13,84.405,1.1504583857630872,0.38176109604680786,False,13,13,0,,2023-11-25T16:00:00+00:00,2023-11-26T11:00:00+00:00
2023-22,2023,22,2023-11-26,yas_marina,ricciardo,15,84.44200000000001,1.1947989693810466,0.5645007621951263,False,15,15,0,,2023-11-25T16:00:00+00:00,2023-11-26T11:00:00+00:00
2023-22,2023,22,2023-11-26,yas_marina,ocon,12,84.39099999999999,1.1336808676373635,0.3722733652084828,False,12,12,0,,2023-11-25T16:00:00+00:00,2023-11-26T11:00:00+00:00
2023-22,2023,22,2023-11-26,yas_marina,gasly,10,84.078,0.758583498112541,-0.3708926307307511,False,10,10,0,,2023-11-25T16:00:00+00:00,2023-11-26T11:00:00+00:00
2023-22,2023,22,2023-11-26,yas_marina,albon,14,84.298,1.0222302115165782,0.0,False,14,14,0,,2023-11-25T16:00:00+00:00,2023-11-26T11:00:00+00:00
2023-22,2023,22,2023-11-26,yas_marina,hulkenberg,8,84.108,0.7945353226676385,-0.7739134538247271,False,8,8,0,,2023-11-25T16:00:00+00:00,2023-11-26T11:00:00+00:00
2023-22,2023,22,2023-11-26,yas_marina,sargeant,20,,,0.0,True,20,20,0,,2023-11-25T16:00:00+00:00,2023-11-26T11:00:00+00:00
2023-22,2023,22,2023-11-26,yas_marina,zhou,19,85.15899999999999,2.0540475762478265,0.4375619191394951,False,19,19,0,,2023-11-25T16:00:00+00:00,2023-11-26T11:00:00+00:00
2023-22,2023,22,2023-11-26,yas_marina,sainz,16,84.738,1.5495236383246527,1.3806470137825377,False,16,16,0,,2023-11-25T16:00:00+00:00,2023-11-26T11:00:00+00:00
2023-22,2023,22,2023-11-26,yas_marina,bottas,18,84.788,1.6094433459164763,-0.4356556558907399,False,18,18,0,,2023-11-25T16:00:00+00:00,2023-11-26T11:00:00+00:00
2023-22,2023,22,2023-11-26,yas_marina,kevin_magnussen,17,84.764,1.5806818862723984,0.77994958862414,False,17,17,0,,2023-11-25T16:00:00+00:00,2023-11-26T11:00:00+00:00
2024-01,2024,1,2024-03-02,bahrain,max_verstappen,1,89.179,0.015701228060348797,-0.39983470520567366,False,1,1,0,,2024-03-01T18:00:00+00:00,2024-03-02T13:00:00+00:00
2024-01,2024,1,2024-03-02,bahrain,perez,5,89.537,0.41720405988898573,0.4014398008499805,False,5,5,0,,2024-03-01T18:00:00+00:00,2024-03-02T13:00:00+00:00
2024-01,2024,1,2024-03-02,bahrain,sainz,4,89.507,0.3835585711882611,0.3835585711882611,False,4,4,0,,2024-03-01T18:00:00+00:00,2024-03-02T13:00:00+00:00
2024-01,2024,1,2024-03-02,bahrain,leclerc,2,89.16499999999999,0.0,-0.38209302065761663,False,2,2,0,,2024-03-01T18:00:00+00:00,2024-03-02T13:00:00+00:00
2024-01,2024,1,2024-03-02,bahrain,russell,3,89.485,0.3588852128077244,-0.25080815962546926,False,3,3,0,,2024-03-01T18:00:00+00:00,2024-03-02T13:00:00+00:00
2024-01,2024,1,2024-03-02,bahrain,norris,7,89.614,0.5035608142208403,-0.07693765819607776,False,7,7,0,,2024-03-01T18:00:00+00:00,2024-03-02T13:00:00+00:00
2024-01,2024,1,2024-03-02,bahrain,hamilton,9,89.71000000000001,0.6112263780631593,0.2514387886238012,False,9,9,0,,2024-03-01T18:00:00+00:00,2024-03-02T13:00:00+00:00
2024-01,2024,1,2024-03-02,bahrain,piastri,8,89.68299999999999,0.5809454382324911,0.07699689780613342,False,8,8,0,,2024-03-01T18:00:00+00:00,2024-03-02T13:00:00+00:00
2024-01,2024,1,2024-03-02,bahrain,alonso,6,89.542,0.4228116413391012,-0.4701828488856798,False,6,6,0,,2024-03-01T18:00:00+00:00,2024-03-02T13:00:00+00:00
2024-01,2024,1,2024-03-02,bahrain,stroll,12,89.965,0.8972130320193028,0.47240401152531974,False,12,12,0,,2024-03-01T18:00:00+00:00,2024-03-02T13:00:00+00:00
2024-01,2024,1,2024-03-02,bahrain,zhou,17,90.757,1.7854539337184019,0.001101855524708862,False,17,17,0,,2024-03-01T18:00:00+00:00,2024-03-02T13:00:00+00:00
2024-01,2024,1,2024-03-02,bahrain,kevin_magnussen,15,90.529,1.5297482195928946,0.7545825867269115,False,15,15,0,,2024-03-01T18:00:00+00:00,2024-03-02T13:00:00+00:00
2024-01,2024,1,2024-03-02,bahrain,ricciardo,14,90.27799999999999,1.2482476307968369,0.16531859889712155,False,14,14,0,,2024-03-01T18:00:00+00:00,2024-03-02T13:00:00+00:00
2024-01,2024,1,2024-03-02,bahrain,tsunoda,11,90.129,1.0811417035832591,-0.16504574757968354,False,11,11,0,,2024-03-01T18:00:00+00:00,2024-03-02T13:00:00+00:00
2024-01,2024,1,2024-03-02,bahrain,albon,13,90.221,1.184321202265476,-0.6048253828357303,False,13,13,0,,2024-03-01T18:00:00+00:00,2024-03-02T13:00:00+00:00
2024-01,2024,1,2024-03-02,bahrain,hulkenberg,10,89.851,0.7693601749565493,-0.7489312816887376,False,10,10,0,,2024-03-01T18:00:00+00:00,2024-03-02T13:00:00+00:00
2024-01,2024,1,2024-03-02,bahrain,ocon,19,90.793,1.8258285201592714,-0.1704270572195113,False,19,19,0,,2024-03-01T18:00:00+00:00,2024-03-02T13:00:00+00:00
2024-01,2024,1,2024-03-02,bahrain,gasly,20,90.94800000000001,1.9996635451130105,0.1707180068948059,False,20,20,0,,2024-03-01T18:00:00+00:00,2024-03-02T13:00:00+00:00
2024-01,2024,1,2024-03-02,bahrain,bottas,16,90.756,1.7843324174283723,-0.001101843383986662,False,16,16,0,,2024-03-01T18:00:00+00:00,2024-03-02T13:00:00+00:00
2024-01,2024,1,2024-03-02,bahrain,sargeant,18,90.77,1.8000336454887054,0.6085057802507092,False,18,18,0,,2024-03-01T18:00:00+00:00,2024-03-02T13:00:00+00:00
2024-02,2024,2,2024-03-09,jeddah,max_verstappen,1,87.47200000000001,0.0,-0.38151855774595844,False,1,1,0,,2024-03-08T19:00:00+00:00,2024-03-09T15:00:00+00:00
2024-02,2024,2,2024-03-09,jeddah,perez,3,87.807,0.38297969635997087,0.38297969635997087,False,3,3,0,,2024-03-08T19:00:00+00:00,2024-03-09T15:00:00+00:00
2024-02,2024,2,2024-03-09,jeddah,leclerc,2,87.791,0.3646881287726225,-0.9600415153087691,False,2,2,0,,2024-03-08T19:00:00+00:00,2024-03-09T15:00:00+00:00
2024-02,2024,2,2024-03-09,jeddah,piastri,5,88.089,0.7053685750868737,-0.048790450687612175,False,5,5,0,,2024-03-08T19:00:00+00:00,2024-03-09T15:00:00+00:00
2024-02,2024,2,2024-03-09,jeddah,alonso,4,87.846,0.4275653923541192,-0.4577903682719505,False,4,4,0,,2024-03-08T19:00:00+00:00,2024-03-09T15:00:00+00:00
2024-02,2024,2,2024-03-09,jeddah,russell,7,88.316,0.9648801902322961,-0.16278543974678436,False,7,7,0,,2024-03-08T19:00:00+00:00,2024-03-09T15:00:00+00:00
2024-02,2024,2,2024-03-09,jeddah,bearman,11,88.642,1.3375708798243866,0.9693476552266168,False,11,11,0,,2024-03-08T19:00:00+00:00,2024-03-09T15:00:00+00:00
2024-02,2024,2,2024-03-09,jeddah,norris,6,88.132,0.7545271629778633,0.048814267388670965,False,6,6,0,,2024-03-08T19:00:00+00:00,2024-03-09T15:00:00+00:00
2024-02,2024,2,2024-03-09,jeddah,hamilton,8,88.46000000000001,1.1295042985183823,0.16305086281082187,False,8,8,0,,2024-03-08T19:00:00+00:00,2024-03-09T15:00:00+00:00
2024-02,2024,2,2024-03-09,jeddah,hulkenberg,15,89.055,1.8097219681726704,0.039317007414076385,False,15,15,0,,2024-03-08T19:00:00+00:00,2024-03-09T15:00:00+00:00
2024-02,2024,2,2024-03-09,jeddah,albon,12,88.98,1.7239802451070003,-0.6098786944574675,False,12,12,0,,2024-03-08T19:00:00+00:00,2024-03-09T15:00:00+00:00
2024-02,2024,2,2024-03-09,jeddah,kevin_magnussen,13,89.02,1.7697091640753468,-0.03930155521869721,False,13,13,0,,2024-03-08T19:00:00+00:00,2024-03-09T15:00:00+00:00
2024-02,2024,2,2024-03-09,jeddah,ocon,17,89.475,2.28987561734039,-0.004470322645542405,False,17,17,0,,2024-03-08T19:00:00+00:00,2024-03-09T15:00:00+00:00
2024-02,2024,2,2024-03-09,jeddah,sargeant,19,89.526,2.3481799890250454,0.6136210384355948,False,19,19,0,,2024-03-08T19:00:00+00:00,2024-03-09T15:00:00+00:00
2024-02,2024,2,2024-03-09,jeddah,tsunoda,9,88.547,1.2289646972745432,-0.5369278292614531,False,9,9,0,,2024-03-08T19:00:00+00:00,2024-03-09T15:00:00+00:00
2024-02,2024,2,2024-03-09,jeddah,ricciardo,14,89.025,1.7754252789464025,0.539826306933051,False,14,14,0,,2024-03-08T19:00:00+00:00,2024-03-09T15:00:00+00:00
2024-02,2024,2,2024-03-09,jeddah,bottas,16,89.179,1.9514816169745672,0.0,False,16,16,0,,2024-03-08T19:00:00+00:00,2024-03-09T15:00:00+00:00
2024-02,2024,2,2024-03-09,jeddah,zhou,20,,,0.0,True,20,20,0,,2024-03-08T19:00:00+00:00,2024-03-09T15:00:00+00:00
2024-02,2024,2,2024-03-09,jeddah,stroll,10,88.25,0.8894274739345065,0.4598957266124768,False,10,10,0,,2024-03-08T19:00:00+00:00,2024-03-09T15:00:00+00:00
2024-02,2024,2,2024-03-09,jeddah,gasly,18,89.479,2.2944485092372306,0.004470522492321754,False,18,18,0,,2024-03-08T19:00:00+00:00,2024-03-09T15:00:00+00:00
2024-03,2024,3,2024-03-24,albert_park,sainz,2,76.185,0.35566093657381315,-0.15595512686097684,False,2,2,0,,2024-03-23T07:00:00+00:00,2024-03-24T02:00:00+00:00
2024-03,2024,3,2024-03-24,albert_park,leclerc,5,76.304,0.512415201211895,0.15619872678348726,False,4,4,-1,Official grid differs from qualifying order; the grid position is used without guessing the cause.,2024-03-23T07:00:00+00:00,2024-03-24T02:00:00+00:00
2024-03,2024,3,2024-03-24,albert_park,norris,4,76.315,0.5269050912204515,-0.33563182364311367,False,3,3,-1,Official grid differs from qualifying order; the grid position is used without guessing the cause.,2024-03-23T07:00:00+00:00,2024-03-24T02:00:00+00:00
2024-03,2024,3,2024-03-24,albert_park,piastri,6,76.572,0.8654416123295933,0.3367621044355697,False,5,5,-1,Official grid differs from qualifying order; the grid position is used without guessing the cause.,2024-03-23T07:00:00+00:00,2024-03-24T02:00:00+00:00
2024-03,2024,3,2024-03-24,albert_park,perez,3,76.274,0.47289731937036017,0.47289731937036017,False,6,6,3,Official grid differs from qualifying order; the grid position is used without guessing the cause.,2024-03-23T07:00:00+00:00,2024-03-24T02:00:00+00:00
2024-03,2024,3,2024-03-24,albert_park,stroll,9,76.78,1.1394322597642221,0.09125277017337136,False,9,9,0,,2024-03-23T07:00:00+00:00,2024-03-24T02:00:00+00:00
2024-03,2024,3,2024-03-24,albert_park,tsunoda,8,76.788,1.1499703615886252,-1.6610104373439343,False,8,8,0,,2024-03-23T07:00:00+00:00,2024-03-24T02:00:00+00:00
2024-03,2024,3,2024-03-24,albert_park,alonso,10,76.71000000000001,1.0472238688006534,-0.09116957541025421,False,10,10,0,,2024-03-23T07:00:00+00:00,2024-03-24T02:00:00+00:00
2024-03,2024,3,2024-03-24,albert_park,hulkenberg,16,77.976,2.7148784825133467,0.7090549808206525,False,16,16,0,,2024-03-23T07:00:00+00:00,2024-03-24T02:00:00+00:00
2024-03,2024,3,2024-03-24,albert_park,kevin_magnussen,14,77.42699999999999,1.991701244813279,-0.7040627885503317,False,14,14,0,,2024-03-23T07:00:00+00:00,2024-03-24T02:00:00+00:00
2024-03,2024,3,2024-03-24,albert_park,albon,12,77.13,1.6004742145821031,0.0,False,12,12,0,,2024-03-23T07:00:00+00:00,2024-03-24T02:00:00+00:00
2024-03,2024,3,2024-03-24,albert_park,ricciardo,18,78.08500000000001,2.8584601198709296,1.6890659998958317,False,18,18,0,,2024-03-23T07:00:00+00:00,2024-03-24T02:00:00+00:00
2024-03,2024,3,2024-03-24,albert_park,gasly,17,77.982,2.722782058881654,0.47025780434697917,False,17,17,0,,2024-03-23T07:00:00+00:00,2024-03-24T02:00:00+00:00
2024-03,2024,3,2024-03-24,albert_park,bottas,13,77.34,1.8770993874728465,-1.0845654064562325,False,13,13,0,,2024-03-23T07:00:00+00:00,2024-03-24T02:00:00+00:00
2024-03,2024,3,2024-03-24,albert_park,zhou,19,78.188,2.9941381808601863,1.0964572019653465,False,19,19,0,,2024-03-23T07:00:00+00:00,2024-03-24T02:00:00+00:00
2024-03,2024,3,2024-03-24,albert_park,ocon,15,77.617,2.2419811631430053,-0.46805673104048995,False,15,15,0,,2024-03-23T07:00:00+00:00,2024-03-24T02:00:00+00:00
2024-03,2024,3,2024-03-24,albert_park,russell,7,76.724,1.0656655469933634,-0.3066528066528121,False,7,7,0,,2024-03-23T07:00:00+00:00,2024-03-24T02:00:00+00:00
2024-03,2024,3,2024-03-24,albert_park,hamilton,11,76.96000000000001,1.3765395508134308,0.3075960585996614,False,11,11,0,,2024-03-23T07:00:00+00:00,2024-03-24T02:00:00+00:00
2024-03,2024,3,2024-03-24,albert_park,max_verstappen,1,75.91499999999999,0.0,-0.47067152633926224,False,1,1,0,,2024-03-23T07:00:00+00:00,2024-03-24T02:00:00+00:00
2024-04,2024,4,2024-04-07,suzuka,max_verstappen,1,88.197,0.0,-0.07477652017266861,False,1,1,0,,2024-04-06T08:00:00+00:00,2024-04-07T03:00:00+00:00
2024-04,2024,4,2024-04-07,suzuka,perez,2,88.263,0.07483247729514893,0.07483247729514893,False,2,2,0,,2024-04-06T08:00:00+00:00,2024-04-07T03:00:00+00:00
2024-04,2024,4,2024-04-07,suzuka,sainz,4,88.682,0.5499053255779669,-0.11713558443898722,False,4,4,0,,2024-04-06T08:00:00+00:00,2024-04-07T03:00:00+00:00
2024-04,2024,4,2024-04-07,suzuka,leclerc,8,88.786,0.6678231685884992,0.1172729527976356,False,8,8,0,,2024-04-06T08:00:00+00:00,2024-04-07T03:00:00+00:00
2024-04,2024,4,2024-04-07,suzuka,norris,3,88.489,0.3310770207603451,-0.3053177106804876,False,3,3,0,,2024-04-06T08:00:00+00:00,2024-04-07T03:00:00+00:00
2024-04,2024,4,2024-04-07,suzuka,alonso,5,88.686,0.5544406272322236,-1.4862703279125498,False,5,5,0,,2024-04-06T08:00:00+00:00,2024-04-07T03:00:00+00:00
2024-04,2024,4,2024-04-07,suzuka,russell,9,89.008,0.9195324103994386,0.2726269066985157,False,9,9,0,,2024-04-06T08:00:00+00:00,2024-04-07T03:00:00+00:00
2024-04,2024,4,2024-04-07,suzuka,piastri,6,88.76,0.6383437078358701,0.30625275457966616,False,6,6,0,,2024-04-06T08:00:00+00:00,2024-04-07T03:00:00+00:00
2024-04,2024,4,2024-04-07,suzuka,hamilton,7,88.76599999999999,0.6451466603172312,-0.2718856731979198,False,7,7,0,,2024-04-06T08:00:00+00:00,2024-04-07T03:00:00+00:00
2024-04,2024,4,2024-04-07,suzuka,tsunoda,10,89.413,1.3787317028923818,-0.06594241773964112,False,10,10,0,,2024-04-06T08:00:00+00:00,2024-04-07T03:00:00+00:00
2024-04,2024,4,2024-04-07,suzuka,hulkenberg,12,89.494,1.4705715613909738,-0.7067490652494707,False,12,12,0,,2024-04-06T08:00:00+00:00,2024-04-07T03:00:00+00:00
2024-04,2024,4,2024-04-07,suzuka,stroll,16,90.024,2.071499030579269,1.508693593126304,False,16,16,0,,2024-04-06T08:00:00+00:00,2024-04-07T03:00:00+00:00
2024-04,2024,4,2024-04-07,suzuka,kevin_magnussen,18,90.131,2.1928183498304903,0.7117795606409373,False,18,18,0,,2024-04-06T08:00:00+00:00,2024-04-07T03:00:00+00:00
2024-04,2024,4,2024-04-07,suzuka,bottas,13,89.593,1.582820277333697,-0.6101416638008466,False,13,13,0,,2024-04-06T08:00:00+00:00,2024-04-07T03:00:00+00:00
2024-04,2024,4,2024-04-07,suzuka,ocon,15,89.811,1.8299942174903956,-0.34177032590240985,False,15,15,0,,2024-04-06T08:00:00+00:00,2024-04-07T03:00:00+00:00
2024-04,2024,4,2024-04-07,suzuka,gasly,17,90.119,2.1792124448677357,0.3429424012648703,False,17,17,0,,2024-04-06T08:00:00+00:00,2024-04-07T03:00:00+00:00
2024-04,2024,4,2024-04-07,suzuka,sargeant,19,90.139,2.2018889531389876,0.47372762333637686,False,19,19,0,,2024-04-06T08:00:00+00:00,2024-04-07T03:00:00+00:00
2024-04,2024,4,2024-04-07,suzuka,zhou,20,90.143,2.2064242547932444,0.6138872456553492,False,20,20,0,,2024-04-06T08:00:00+00:00,2024-04-07T03:00:00+00:00
2024-04,2024,4,2024-04-07,suzuka,ricciardo,11,89.47200000000001,1.4456274022926014,0.06598593045755283,False,11,11,0,,2024-04-06T08:00:00+00:00,2024-04-07T03:00:00+00:00
2024-04,2024,4,2024-04-07,suzuka,albon,14,89.714,1.7200131523747928,-0.4714940258933394,False,14,14,0,,2024-04-06T08:00:00+00:00,2024-04-07T03:00:00+00:00
2024-05,2024,5,2024-04-21,shanghai,max_verstappen,1,93.66,0.0,-0.34261879934455824,False,1,1,0,,2024-04-20T09:00:00+00:00,2024-04-21T05:00:00+00:00
2024-05,2024,5,2024-04-21,shanghai,norris,4,94.16499999999999,0.5391842835788976,-0.11456090290963912,False,4,4,0,,2024-04-20T09:00:00+00:00,2024-04-21T05:00:00+00:00
2024-05,2024,5,2024-04-21,shanghai,perez,2,93.982,0.3437967115097189,0.3437967115097189,False,2,2,0,,2024-04-20T09:00:00+00:00,2024-04-21T05:00:00+00:00
2024-05,2024,5,2024-04-21,shanghai,leclerc,6,94.289,0.6715780482596679,-0.008483832995742777,False,6,6,0,,2024-04-20T09:00:00+00:00,2024-04-21T05:00:00+00:00
2024-05,2024,5,2024-04-21,shanghai,sainz,7,94.297,0.6801195814648734,0.0084845528110337,False,7,7,0,,2024-04-20T09:00:00+00:00,2024-04-21T05:00:00+00:00
2024-05,2024,5,2024-04-21,shanghai,russell,8,94.43299999999999,0.8253256459534446,-1.19280549946116,False,8,8,0,,2024-04-20T09:00:00+00:00,2024-04-21T05:00:00+00:00
2024-05,2024,5,2024-04-21,shanghai,alonso,3,94.148,0.52103352551783,-0.727556464708237,False,3,3,0,,2024-04-20T09:00:00+00:00,2024-04-21T05:00:00+00:00
2024-05,2024,5,2024-04-21,shanghai,piastri,5,94.273,0.6544949818492415,0.11469229543886168,False,5,5,0,,2024-04-20T09:00:00+00:00,2024-04-21T05:00:00+00:00
2024-05,2024,5,2024-04-21,shanghai,hamilton,18,95.57300000000001,2.0424941276959334,1.2072051083837374,False,18,18,0,,2024-04-20T09:00:00+00:00,2024-04-21T05:00:00+00:00
2024-05,2024,5,2024-04-21,shanghai,hulkenberg,9,94.604,1.0079009182148224,-0.9548138531764228,False,9,9,0,,2024-04-20T09:00:00+00:00,2024-04-21T05:00:00+00:00
2024-05,2024,5,2024-04-21,shanghai,ocon,13,95.223,1.6688020499679719,-0.06716551051036045,False,13,13,0,,2024-04-20T09:00:00+00:00,2024-04-21T05:00:00+00:00
2024-05,2024,5,2024-04-21,shanghai,albon,14,95.241,1.6880204996796957,-1.1592187467568904,False,14,14,0,,2024-04-20T09:00:00+00:00,2024-04-21T05:00:00+00:00
2024-05,2024,5,2024-04-21,shanghai,gasly,15,95.287,1.7371343156096624,0.06721065288849035,False,15,15,0,,2024-04-20T09:00:00+00:00,2024-04-21T05:00:00+00:00
2024-05,2024,5,2024-04-21,shanghai,zhou,16,95.505,1.9698910954516324,0.8873395658374303,False,16,16,0,,2024-04-20T09:00:00+00:00,2024-04-21T05:00:00+00:00
2024-05,2024,5,2024-04-21,shanghai,stroll,11,94.838,1.257740764467219,0.732888643412497,False,11,11,0,,2024-04-20T09:00:00+00:00,2024-04-21T05:00:00+00:00
2024-05,2024,5,2024-04-21,shanghai,kevin_magnussen,17,95.51599999999999,1.9816357036087922,0.9640184347384803,False,17,17,0,,2024-04-20T09:00:00+00:00,2024-04-21T05:00:00+00:00
2024-05,2024,5,2024-04-21,shanghai,sargeant,20,96.358,2.880632073457194,1.172814229166015,False,20,20,0,,2024-04-20T09:00:00+00:00,2024-04-21T05:00:00+00:00
2024-05,2024,5,2024-04-21,shanghai,ricciardo,12,94.934,1.3602391629297468,-0.8480772042696424,False,12,12,0,,2024-04-20T09:00:00+00:00,2024-04-21T05:00:00+00:00
2024-05,2024,5,2024-04-21,shanghai,tsunoda,19,95.74600000000001,2.2272047832586086,0.8553310721132702,False,19,19,0,,2024-04-20T09:00:00+00:00,2024-04-21T05:00:00+00:00
2024-05,2024,5,2024-04-21,shanghai,bottas,10,94.66499999999999,1.0730301089045435,-0.8795351028741986,False,10,10,0,,2024-04-20T09:00:00+00:00,2024-04-21T05:00:00+00:00
2024-06,2024,6,2024-05-05,miami,norris,5,87.594,0.4046262651734785,-0.09238665526091026,False,5,5,0,,2024-05-04T22:00:00+00:00,2024-05-05T18:00:00+00:00
2024-06,2024,6,2024-05-05,miami,max_verstappen,1,87.241,0.0,-0.25040018294078237,False,1,1,0,,2024-05-04T22:00:00+00:00,2024-05-05T18:00:00+00:00
2024-06,2024,6,2024-05-05,miami,leclerc,2,87.382,0.16162125606080324,-0.08347149962837264,False,2,2,0,,2024-05-04T22:00:00+00:00,2024-05-05T18:00:00+00:00
2024-06,2024,6,2024-05-05,miami,perez,4,87.46000000000001,0.251028759413588,0.251028759413588,False,4,4,0,,2024-05-04T22:00:00+00:00,2024-05-05T18:00:00+00:00
2024-06,2024,6,2024-05-05,miami,sainz,3,87.455,0.24529750919865503,0.08354123274815556,False,3,3,0,,2024-05-04T22:00:00+00:00,2024-05-05T18:00:00+00:00
2024-06,2024,6,2024-05-05,miami,hamilton,8,87.697,0.5226900196008792,-0.420134670194289,False,8,8,0,,2024-05-04T22:00:00+00:00,2024-05-05T18:00:00+00:00
2024-06,2024,6,2024-05-05,miami,tsunoda,10,88.167,1.0614275398035349,-0.5078032431700495,False,10,10,0,,2024-05-04T22:00:00+00:00,2024-05-05T18:00:00+00:00
2024-06,2024,6,2024-05-05,miami,russell,7,88.06700000000001,0.9468025355051038,0.4219072488226559,False,7,7,0,,2024-05-04T22:00:00+00:00,2024-05-05T18:00:00+00:00
2024-06,2024,6,2024-05-05,miami,alonso,15,88.42699999999999,1.3594525509794624,0.2835206459734398,False,15,15,0,,2024-05-04T22:00:00+00:00,2024-05-05T18:00:00+00:00
2024-06,2024,6,2024-05-05,miami,ocon,13,88.209,1.1095700416088805,0.2648449577157453,False,13,13,0,,2024-05-04T22:00:00+00:00,2024-05-05T18:00:00+00:00
2024-06,2024,6,2024-05-05,miami,hulkenberg,9,88.146,1.037356288900862,-0.533745585032554,False,9,9,0,,2024-05-04T22:00:00+00:00,2024-05-05T18:00:00+00:00
2024-06,2024,6,2024-05-05,miami,gasly,12,87.976,0.8424937815935162,-0.26414538199050447,False,12,12,0,,2024-05-04T22:00:00+00:00,2024-05-05T18:00:00+00:00
2024-06,2024,6,2024-05-05,miami,piastri,6,87.675,0.49747251865521663,0.09247208712925893,False,6,6,0,,2024-05-04T22:00:00+00:00,2024-05-05T18:00:00+00:00
2024-06,2024,6,2024-05-05,miami,zhou,20,88.824,1.8145138180442661,0.4080802143268985,False,19,19,-1,Official grid differs from qualifying order; the grid position is used without guessing the cause.,2024-05-04T22:00:00+00:00,2024-05-05T18:00:00+00:00
2024-06,2024,6,2024-05-05,miami,ricciardo,18,88.617,1.5772400591465077,0.5103950457654257,False,20,20,2,Official grid differs from qualifying order; the grid position is used without guessing the cause.,2024-05-04T22:00:00+00:00,2024-05-05T18:00:00+00:00
2024-06,2024,6,2024-05-05,miami,bottas,16,88.463,1.4007175525269016,-0.4064216878321222,False,16,16,0,,2024-05-04T22:00:00+00:00,2024-05-05T18:00:00+00:00
2024-06,2024,6,2024-05-05,miami,stroll,11,88.17699999999999,1.0728900402333683,-0.28271907901432825,False,11,11,0,,2024-05-04T22:00:00+00:00,2024-05-05T18:00:00+00:00
2024-06,2024,6,2024-05-05,miami,albon,14,88.343,1.2631675473687873,-0.16273576909601553,False,14,14,0,,2024-05-04T22:00:00+00:00,2024-05-05T18:00:00+00:00
2024-06,2024,6,2024-05-05,miami,kevin_magnussen,19,88.619,1.5795325592324712,0.5366097156989529,False,18,18,-1,Official grid differs from qualifying order; the grid position is used without guessing the cause.,2024-05-04T22:00:00+00:00,2024-05-05T18:00:00+00:00
2024-06,2024,6,2024-05-05,miami,sargeant,17,88.487,1.4282275535585276,0.16300103007594405,False,17,17,0,,2024-05-04T22:00:00+00:00,2024-05-05T18:00:00+00:00
2024-07,2024,7,2024-05-19,imola,max_verstappen,1,74.746,0.0,-1.2680632974929436,False,1,1,0,,2024-05-18T16:00:00+00:00,2024-05-19T11:00:00+00:00
2024-07,2024,7,2024-05-19,imola,norris,3,74.837,0.12174564525193078,0.022721197540778025,False,2,2,-1,Official grid differs from qualifying order; the grid position is used without guessing the cause.,2024-05-18T16:00:00+00:00,2024-05-19T11:00:00+00:00
2024-07,2024,7,2024-05-19,imola,leclerc,4,74.97,0.2996815883124231,-0.3495806361570125,False,3,3,-1,Official grid differs from qualifying order; the grid position is used without guessing the cause.,2024-05-18T16:00:00+00:00,2024-05-19T11:00:00+00:00
2024-07,2024,7,2024-05-19,imola,piastri,2,74.82,0.09900195328177838,-0.022716036185322926,False,5,5,3,Official grid differs from qualifying order; the grid position is used without guessing the cause.,2024-05-18T16:00:00+00:00,2024-05-19T11:00:00+00:00
2024-07,2024,7,2024-05-19,imola,sainz,5,75.233,0.6515398817328137,0.35080698946245864,False,4,4,-1,Official grid differs from qualifying order; the grid position is used without guessing the cause.,2024-05-18T16:00:00+00:00,2024-05-19T11:00:00+00:00
2024-07,2024,7,2024-05-19,imola,hamilton,8,75.504,1.0141010890214992,0.3588802934843425,False,8,8,0,,2024-05-18T16:00:00+00:00,2024-05-19T11:00:00+00:00
2024-07,2024,7,2024-05-19,imola,russell,6,75.234,0.6528777459663387,-0.35759694850605295,False,6,6,0,,2024-05-18T16:00:00+00:00,2024-05-19T11:00:00+00:00
2024-07,2024,7,2024-05-19,imola,perez,11,75.706,1.284349664196088,1.284349664196088,False,11,11,0,,2024-05-18T16:00:00+00:00,2024-05-19T11:00:00+00:00
2024-07,2024,7,2024-05-19,imola,stroll,13,75.992,1.666978834987838,-1.2025950050053917,False,13,13,0,,2024-05-18T16:00:00+00:00,2024-05-19T11:00:00+00:00
2024-07,2024,7,2024-05-19,imola,tsunoda,7,75.358,0.8187729109250114,-0.417580675000664,False,7,7,0,,2024-05-18T16:00:00+00:00,2024-05-19T11:00:00+00:00
2024-07,2024,7,2024-05-19,imola,hulkenberg,10,75.569,1.101062264201439,-1.6720014573086588,False,10,10,0,,2024-05-18T16:00:00+00:00,2024-05-19T11:00:00+00:00
2024-07,2024,7,2024-05-19,imola,kevin_magnussen,18,76.854,2.8202178042972257,1.7004327171194493,False,18,18,0,,2024-05-18T16:00:00+00:00,2024-05-19T11:00:00+00:00
2024-07,2024,7,2024-05-19,imola,ricciardo,9,75.674,1.2415380087228902,0.41933172324106593,False,9,9,0,,2024-05-18T16:00:00+00:00,2024-05-19T11:00:00+00:00
2024-07,2024,7,2024-05-19,imola,ocon,12,75.906,1.5519225109036079,-0.14339275143063165,False,12,12,0,,2024-05-18T16:00:00+00:00,2024-05-19T11:00:00+00:00
2024-07,2024,7,2024-05-19,imola,zhou,17,76.834,2.7934605196264792,0.27144833346383523,False,17,17,0,,2024-05-18T16:00:00+00:00,2024-05-19T11:00:00+00:00
2024-07,2024,7,2024-05-19,imola,gasly,15,76.015,1.6977497123591971,0.14359866150237746,False,15,15,0,,2024-05-18T16:00:00+00:00,2024-05-19T11:00:00+00:00
2024-07,2024,7,2024-05-19,imola,sargeant,20,,,0.0,True,19,19,-1,Official grid differs from qualifying order; the grid position is used without guessing the cause.,2024-05-18T16:00:00+00:00,2024-05-19T11:00:00+00:00
2024-07,2024,7,2024-05-19,imola,bottas,16,76.626,2.5151847590506646,-0.2707134862170372,False,16,16,0,,2024-05-18T16:00:00+00:00,2024-05-19T11:00:00+00:00
2024-07,2024,7,2024-05-19,imola,alonso,19,76.917,2.9045032510100963,1.2172333929887318,False,20,20,1,Official grid differs from qualifying order; the grid position is used without guessing the cause.,2024-05-18T16:00:00+00:00,2024-05-19T11:00:00+00:00
2024-07,2024,7,2024-05-19,imola,albon,14,76.2,1.9452545955636527,0.0,False,14,14,0,,2024-05-18T16:00:00+00:00,2024-05-19T11:00:00+00:00
2024-08,2024,8,2024-05-26,monaco,leclerc,1,70.27,0.0,-0.3516832581752243,False,1,1,0,,2024-05-25T16:00:00+00:00,2024-05-26T11:00:00+00:00
2024-08,2024,8,2024-05-26,monaco,piastri,2,70.424,0.21915468905651142,-0.16727623259901195,False,2,2,0,,2024-05-25T16:00:00+00:00,2024-05-26T11:00:00+00:00
2024-08,2024,8,2024-05-26,monaco,sainz,3,70.518,0.35292443432475407,0.35292443432475407,False,3,3,0,,2024-05-25T16:00:00+00:00,2024-05-26T11:00:00+00:00
2024-08,2024,8,2024-05-26,monaco,norris,4,70.542,0.3870784118400535,0.16755651482448453,False,4,4,0,,2024-05-25T16:00:00+00:00,2024-05-26T11:00:00+00:00
2024-08,2024,8,2024-05-26,monaco,russell,5,70.543,0.388501494236531,-0.1104487333795737,False,5,5,0,,2024-05-25T16:00:00+00:00,2024-05-26T11:00:00+00:00
2024-08,2024,8,2024-05-26,monaco,max_verstappen,6,70.56700000000001,0.4226554717518305,-2.0718845406605535,False,6,6,0,,2024-05-25T16:00:00+00:00,2024-05-26T11:00:00+00:00
2024-08,2024,8,2024-05-26,monaco,hamilton,7,70.621,0.49950192116123393,0.11057085749115964,False,7,7,0,,2024-05-25T16:00:00+00:00,2024-05-26T11:00:00+00:00
2024-08,2024,8,2024-05-26,monaco,tsunoda,8,70.858,0.8367724491248159,-0.8729470356173515,False,8,8,0,,2024-05-25T16:00:00+00:00,2024-05-26T11:00:00+00:00
2024-08,2024,8,2024-05-26,monaco,albon,9,70.94800000000001,0.9648498648071888,-1.4884754234934583,False,9,9,0,,2024-05-25T16:00:00+00:00,2024-05-26T11:00:00+00:00
2024-08,2024,8,2024-05-26,monaco,gasly,10,70.896,0.8908495801906998,-0.5456968506698405,False,10,10,0,,2024-05-25T16:00:00+00:00,2024-05-26T11:00:00+00:00
2024-08,2024,8,2024-05-26,monaco,alonso,14,72.019,2.488971111427365,0.6372007881167685,False,14,14,0,,2024-05-25T16:00:00+00:00,2024-05-26T11:00:00+00:00
2024-08,2024,8,2024-05-26,monaco,ricciardo,12,71.482,1.7247758645225608,0.88063450845352,False,12,12,0,,2024-05-25T16:00:00+00:00,2024-05-26T11:00:00+00:00
2024-08,2024,8,2024-05-26,monaco,bottas,17,72.512,3.1905507328874405,-0.7065782987347392,False,17,17,0,,2024-05-25T16:00:00+00:00,2024-05-26T11:00:00+00:00
2024-08,2024,8,2024-05-26,monaco,stroll,13,71.563,1.8400455386366963,-0.6331662477957247,False,13,13,0,,2024-05-25T16:00:00+00:00,2024-05-26T11:00:00+00:00
2024-08,2024,8,2024-05-26,monaco,sargeant,15,72.02,2.4903941938238225,1.510965777752704,False,15,15,0,,2024-05-25T16:00:00+00:00,2024-05-26T11:00:00+00:00
2024-08,2024,8,2024-05-26,monaco,zhou,18,73.028,3.924861249466358,0.7116063548102456,False,18,18,0,,2024-05-25T16:00:00+00:00,2024-05-26T11:00:00+00:00
2024-08,2024,8,2024-05-26,monaco,ocon,11,71.285,1.4444286324178177,0.5486910403971956,False,11,11,0,,2024-05-25T16:00:00+00:00,2024-05-26T11:00:00+00:00
2024-08,2024,8,2024-05-26,monaco,perez,16,72.06,2.5473174896826616,2.1157198123768826,False,16,16,0,,2024-05-25T16:00:00+00:00,2024-05-26T11:00:00+00:00
2024-08,2024,8,2024-05-26,monaco,hulkenberg,14,71.44,1.6650064038707866,-0.39735099337747876,False,19,19,5,Official grid differs from qualifying order; the grid position is used without guessing the cause.,2024-05-25T16:00:00+00:00,2024-05-26T11:00:00+00:00
2024-08,2024,8,2024-05-26,monaco,kevin_magnussen,15,71.725,2.070584886864947,0.3989361702127612,False,20,20,5,Official grid differs from qualifying order; the grid position is used without guessing the cause.,2024-05-25T16:00:00+00:00,2024-05-26T11:00:00+00:00
2024-09,2024,9,2024-06-09,villeneuve,max_verstappen,2,72.0,0.35962197875720714,-1.8083626544472542,False,2,2,0,,2024-06-08T22:00:00+00:00,2024-06-09T16:00:00+00:00
2024-09,2024,9,2024-06-09,villeneuve,norris,3,72.021,0.3888935351676791,-0.11372619724559815,False,3,3,0,,2024-06-08T22:00:00+00:00,2024-06-09T16:00:00+00:00
2024-09,2024,9,2024-06-09,villeneuve,russell,1,71.742,0.0,-0.32926270162129895,False,1,1,0,,2024-06-08T22:00:00+00:00,2024-06-09T16:00:00+00:00
2024-09,2024,9,2024-06-09,villeneuve,hamilton,7,71.979,0.3303504223467352,0.3303504223467352,False,7,7,0,,2024-06-08T22:00:00+00:00,2024-06-09T16:00:00+00:00
2024-09,2024,9,2024-06-09,villeneuve,piastri,4,72.103,0.503191993532366,0.11385568098192698,False,4,4,0,,2024-06-08T22:00:00+00:00,2024-06-09T16:00:00+00:00
2024-09,2024,9,2024-06-09,villeneuve,alonso,6,72.228,0.6774274483565972,-0.5931818494611976,False,6,6,0,,2024-06-08T22:00:00+00:00,2024-06-09T16:00:00+00:00
2024-09,2024,9,2024-06-09,villeneuve,stroll,9,72.659,1.2781912965905629,0.5967214930498028,False,9,9,0,,2024-06-08T22:00:00+00:00,2024-06-09T16:00:00+00:00
2024-09,2024,9,2024-06-09,villeneuve,ricciardo,5,72.178,0.6077332664269086,-0.17288355946502912,False,5,5,0,,2024-06-08T22:00:00+00:00,2024-06-09T16:00:00+00:00
2024-09,2024,9,2024-06-09,villeneuve,gasly,15,72.94,1.669872599035423,-0.6740655001021373,False,15,15,0,,2024-06-08T22:00:00+00:00,2024-06-09T16:00:00+00:00
2024-09,2024,9,2024-06-09,villeneuve,ocon,18,73.435,2.3598450001393854,0.6786399780641686,False,18,18,0,,2024-06-08T22:00:00+00:00,2024-06-09T16:00:00+00:00
2024-09,2024,9,2024-06-09,villeneuve,hulkenberg,19,73.978,3.116723815895835,1.4564704591584805,False,17,17,-2,Official grid differs from qualifying order; the grid position is used without guessing the cause.,2024-06-08T22:00:00+00:00,2024-06-09T16:00:00+00:00
2024-09,2024,9,2024-06-09,villeneuve,kevin_magnussen,14,72.916,1.6364193917091694,-1.4355619238151853,False,14,14,0,,2024-06-08T22:00:00+00:00,2024-06-09T16:00:00+00:00
2024-09,2024,9,2024-06-09,villeneuve,bottas,17,73.366,2.263667029076406,-1.2464329941312684,False,19,19,2,Official grid differs from qualifying order; the grid position is used without guessing the cause.,2024-06-08T22:00:00+00:00,2024-06-09T16:00:00+00:00
2024-09,2024,9,2024-06-09,villeneuve,tsunoda,8,72.303,0.7819687212511399,0.173182964338164,False,8,8,0,,2024-06-08T22:00:00+00:00,2024-06-09T16:00:00+00:00
2024-09,2024,9,2024-06-09,villeneuve,zhou,20,74.292,3.5544032784143136,1.2621650355750647,False,20,20,0,,2024-06-08T22:00:00+00:00,2024-06-09T16:00:00+00:00
2024-09,2024,9,2024-06-09,villeneuve,sainz,12,72.728,1.3743692676535222,0.050900386567789585,False,12,12,0,,2024-06-08T22:00:00+00:00,2024-06-09T16:00:00+00:00
2024-09,2024,9,2024-06-09,villeneuve,albon,10,72.485,1.0356555434752235,-0.34508358996921024,False,10,10,0,,2024-06-08T22:00:00+00:00,2024-06-09T16:00:00+00:00
2024-09,2024,9,2024-06-09,villeneuve,perez,16,73.326,2.207911683532643,1.8416666666666575,False,16,16,0,,2024-06-08T22:00:00+00:00,2024-06-09T16:00:00+00:00
2024-09,2024,9,2024-06-09,villeneuve,leclerc,11,72.691,1.3227955730255612,-0.05087449125507636,False,11,11,0,,2024-06-08T22:00:00+00:00,2024-06-09T16:00:00+00:00
2024-09,2024,9,2024-06-09,villeneuve,sargeant,13,72.736,1.3855203367622866,0.34627854038767303,False,13,13,0,,2024-06-08T22:00:00+00:00,2024-06-09T16:00:00+00:00
2024-10,2024,10,2024-06-23,catalunya,max_verstappen,2,71.403,0.028017875404522413,-0.9034890498792519,False,2,2,0,,2024-06-22T16:00:00+00:00,2024-06-23T11:00:00+00:00
2024-10,2024,10,2024-06-23,catalunya,norris,1,71.383,0.0,-0.8720889864048551,False,1,1,0,,2024-06-22T16:00:00+00:00,2024-06-23T11:00:00+00:00
2024-10,2024,10,2024-06-23,catalunya,hamilton,3,71.701,0.4454842189316754,-0.002789283572527718,False,3,3,0,,2024-06-22T16:00:00+00:00,2024-06-23T11:00:00+00:00
2024-10,2024,10,2024-06-23,catalunya,russell,4,71.703,0.44828600647213956,0.0027893613757263495,False,4,4,0,,2024-06-22T16:00:00+00:00,2024-06-23T11:00:00+00:00
2024-10,2024,10,2024-06-23,catalunya,leclerc,5,71.731,0.4875110320384391,-0.006970001115213649,False,5,5,0,,2024-06-22T16:00:00+00:00,2024-06-23T11:00:00+00:00
2024-10,2024,10,2024-06-23,catalunya,sainz,6,71.736,0.4945155008895797,0.006970486958232373,False,6,6,0,,2024-06-22T16:00:00+00:00,2024-06-23T11:00:00+00:00
2024-10,2024,10,2024-06-23,catalunya,piastri,10,72.011,0.8797612877015538,0.8797612877015538,False,9,9,-1,Official grid differs from qualifying order; the grid position is used without guessing the cause.,2024-06-22T16:00:00+00:00,2024-06-23T11:00:00+00:00
2024-10,2024,10,2024-06-23,catalunya,perez,8,72.054,0.9399997198212551,0.9117263980504967,False,11,11,3,Official grid differs from qualifying order; the grid position is used without guessing the cause.,2024-06-22T16:00:00+00:00,2024-06-23T11:00:00+00:00
2024-10,2024,10,2024-06-23,catalunya,gasly,7,71.857,0.6640236470868467,-0.3494709398271996,False,7,7,0,,2024-06-22T16:00:00+00:00,2024-06-23T11:00:00+00:00
2024-10,2024,10,2024-06-23,catalunya,ocon,9,72.109,1.017048877183642,0.3506965222594811,False,8,8,-1,Official grid differs from qualifying order; the grid position is used without guessing the cause.,2024-06-22T16:00:00+00:00,2024-06-23T11:00:00+00:00
2024-10,2024,10,2024-06-23,catalunya,hulkenberg,13,72.31,1.2986285249989589,-0.859645995859434,False,13,13,0,,2024-06-22T16:00:00+00:00,2024-06-23T11:00:00+00:00
2024-10,2024,10,2024-06-23,catalunya,alonso,11,72.128,1.0436658588179322,-0.3371469629138338,False,10,10,-1,Official grid differs from qualifying order; the grid position is used without guessing the cause.,2024-06-22T16:00:00+00:00,2024-06-23T11:00:00+00:00
2024-10,2024,10,2024-06-23,catalunya,zhou,15,72.738,1.8982110586554277,0.707491658244141,False,15,15,0,,2024-06-22T16:00:00+00:00,2024-06-23T11:00:00+00:00
2024-10,2024,10,2024-06-23,catalunya,stroll,14,72.372,1.3854839387529305,0.3382874889086066,False,14,14,0,,2024-06-22T16:00:00+00:00,2024-06-23T11:00:00+00:00
2024-10,2024,10,2024-06-23,catalunya,ricciardo,18,73.075,2.3703122592213934,0.1233130095225093,False,18,18,0,,2024-06-22T16:00:00+00:00,2024-06-23T11:00:00+00:00
2024-10,2024,10,2024-06-23,catalunya,bottas,12,72.227,1.1823543420702525,-0.7025213780967248,False,12,12,0,,2024-06-22T16:00:00+00:00,2024-06-23T11:00:00+00:00
2024-10,2024,10,2024-06-23,catalunya,kevin_magnussen,16,72.937,2.1769889189302805,0.8670999861706475,False,16,16,0,,2024-06-22T16:00:00+00:00,2024-06-23T11:00:00+00:00
2024-10,2024,10,2024-06-23,catalunya,albon,19,73.153,2.4795819732989792,-0.48429444013657447,False,20,20,1,Official grid differs from qualifying order; the grid position is used without guessing the cause.,2024-06-22T16:00:00+00:00,2024-06-23T11:00:00+00:00
2024-10,2024,10,2024-06-23,catalunya,tsunoda,17,72.985,2.2442318199011027,-0.12316113581936833,False,17,17,0,,2024-06-22T16:00:00+00:00,2024-06-23T11:00:00+00:00
2024-10,2024,10,2024-06-23,catalunya,sargeant,20,73.509,2.9783001554992152,0.48665126515658214,False,19,19,-1,Official grid differs from qualifying order; the grid position is used without guessing the cause.,2024-06-22T16:00:00+00:00,2024-06-23T11:00:00+00:00
2024-11,2024,11,2024-06-30,red_bull_ring,russell,3,64.84,0.8178623627826143,-0.09706793214489681,False,3,3,0,,2024-06-29T16:00:00+00:00,2024-06-30T11:00:00+00:00
2024-11,2024,11,2024-06-30,red_bull_ring,piastri,7,65.048,1.1412756165065288,0.5099045087919872,False,7,7,0,,2024-06-29T16:00:00+00:00,2024-06-30T11:00:00+00:00
2024-11,2024,11,2024-06-30,red_bull_ring,sainz,4,64.851,0.8349659483160838,-0.2967222188057282,False,4,4,0,,2024-06-29T16:00:00+00:00,2024-06-30T11:00:00+00:00
2024-11,2024,11,2024-06-30,red_bull_ring,hamilton,5,64.903,0.9158192617470737,0.09716224552745588,False,5,5,0,,2024-06-29T16:00:00+00:00,2024-06-30T11:00:00+00:00
2024-11,2024,11,2024-06-30,red_bull_ring,max_verstappen,1,64.314,0.0,-1.2741004543780126,False,1,1,0,,2024-06-29T16:00:00+00:00,2024-06-30T11:00:00+00:00
2024-11,2024,11,2024-06-30,red_bull_ring,hulkenberg,9,65.262,1.4740180987032492,-0.1300748312852828,False,9,9,0,,2024-06-29T16:00:00+00:00,2024-06-30T11:00:00+00:00
2024-11,2024,11,2024-06-30,red_bull_ring,perez,8,65.144,1.2905432720714194,1.2905432720714194,False,8,8,0,,2024-06-29T16:00:00+00:00,2024-06-30T11:00:00+00:00
2024-11,2024,11,2024-06-30,red_bull_ring,kevin_magnussen,12,65.347,1.6061821687346478,0.13024424626887585,False,12,12,0,,2024-06-29T16:00:00+00:00,2024-06-30T11:00:00+00:00
2024-11,2024,11,2024-06-30,red_bull_ring,ricciardo,11,65.289,1.5159996268308746,-0.18803889194643897,False,11,11,0,,2024-06-29T16:00:00+00:00,2024-06-30T11:00:00+00:00
2024-11,2024,11,2024-06-30,red_bull_ring,gasly,13,65.359,1.624840625680259,0.1302203021110913,False,13,13,0,,2024-06-29T16:00:00+00:00,2024-06-30T11:00:00+00:00
2024-11,2024,11,2024-06-30,red_bull_ring,leclerc,6,65.044,1.1350561308579845,0.29760527979521956,False,6,6,0,,2024-06-29T16:00:00+00:00,2024-06-30T11:00:00+00:00
2024-11,2024,11,2024-06-30,red_bull_ring,ocon,10,65.274,1.4926765556488604,-0.13005094937192085,False,10,10,0,,2024-06-29T16:00:00+00:00,2024-06-30T11:00:00+00:00
2024-11,2024,11,2024-06-30,red_bull_ring,stroll,17,65.819,2.340081475262011,0.27422721248039555,False,17,17,0,,2024-06-29T16:00:00+00:00,2024-06-30T11:00:00+00:00
2024-11,2024,11,2024-06-30,red_bull_ring,tsunoda,14,65.412,1.7072488105233905,0.1883931443275355,False,14,14,0,,2024-06-29T16:00:00+00:00,2024-06-30T11:00:00+00:00
2024-11,2024,11,2024-06-30,red_bull_ring,albon,16,65.736,2.2110271480548738,-0.18221574344021857,False,16,16,0,,2024-06-29T16:00:00+00:00,2024-06-30T11:00:00+00:00
2024-11,2024,11,2024-06-30,red_bull_ring,bottas,18,65.847,2.383617874801756,-0.323943022358143,False,18,18,0,,2024-06-29T16:00:00+00:00,2024-06-30T11:00:00+00:00
2024-11,2024,11,2024-06-30,red_bull_ring,zhou,20,66.061,2.716360356998498,0.32499582365181845,False,20,20,0,,2024-06-29T16:00:00+00:00,2024-06-30T11:00:00+00:00
2024-11,2024,11,2024-06-30,red_bull_ring,alonso,15,65.639,2.0602046210778413,-0.27347726340419454,False,15,15,0,,2024-06-29T16:00:00+00:00,2024-06-30T11:00:00+00:00
2024-11,2024,11,2024-06-30,red_bull_ring,sargeant,19,65.856,2.397611717510965,0.18254837531944496,False,19,19,0,,2024-06-29T16:00:00+00:00,2024-06-30T11:00:00+00:00
2024-11,2024,11,2024-06-30,red_bull_ring,norris,2,64.718,0.6281680505022399,-0.5073176731029367,False,2,2,0,,2024-06-29T16:00:00+00:00,2024-06-30T11:00:00+00:00
2024-12,2024,12,2024-07-07,silverstone,hamilton,2,85.99,0.19925657488434062,0.19925657488434062,False,2,2,0,,2024-07-06T16:00:00+00:00,2024-07-07T12:00:00+00:00
2024-12,2024,12,2024-07-07,silverstone,max_verstappen,4,86.203,0.4474533611438031,-12.349005572050267,False,4,4,0,,2024-07-06T16:00:00+00:00,2024-07-07T12:00:00+00:00
2024-12,2024,12,2024-07-07,silverstone,norris,3,86.03,0.24586630000349402,-0.24003617936615798,False,3,3,0,,2024-07-06T16:00:00+00:00,2024-07-07T12:00:00+00:00
2024-12,2024,12,2024-07-07,silverstone,piastri,5,86.237,0.48707162749506766,0.24061373939322753,False,5,5,0,,2024-07-06T16:00:00+00:00,2024-07-07T12:00:00+00:00
2024-12,2024,12,2024-07-07,silverstone,sainz,7,86.509,0.8040177583052677,-0.6751093608275922,False,7,7,0,,2024-07-06T16:00:00+00:00,2024-07-07T12:00:00+00:00
2024-12,2024,12,2024-07-07,silverstone,hulkenberg,6,86.338,0.6047611834209106,-7.068510844410965,False,6,6,0,,2024-07-06T16:00:00+00:00,2024-07-07T12:00:00+00:00
2024-12,2024,12,2024-07-07,silverstone,stroll,8,86.58500000000001,0.8925762360316543,-0.16718551827510206,False,8,8,0,,2024-07-06T16:00:00+00:00,2024-07-07T12:00:00+00:00
2024-12,2024,12,2024-07-07,silverstone,alonso,10,86.73,1.0615364895885542,0.1674654963330785,False,10,10,0,,2024-07-06T16:00:00+00:00,2024-07-07T12:00:00+00:00
2024-12,2024,12,2024-07-07,silverstone,albon,9,86.64,0.9566646080704715,-0.6137080585030072,False,9,9,0,,2024-07-06T16:00:00+00:00,2024-07-07T12:00:00+00:00
2024-12,2024,12,2024-07-07,silverstone,tsunoda,13,87.269,1.6896025355690496,-0.7731753629944543,False,13,13,0,,2024-07-06T16:00:00+00:00,2024-07-07T12:00:00+00:00
2024-12,2024,12,2024-07-07,silverstone,sargeant,12,87.175,1.5800696815390467,0.6174976915974106,False,12,12,0,,2024-07-06T16:00:00+00:00,2024-07-07T12:00:00+00:00
2024-12,2024,12,2024-07-07,silverstone,kevin_magnussen,17,92.905,8.25691280485673,7.606152563181921,False,17,17,0,,2024-07-06T16:00:00+00:00,2024-07-07T12:00:00+00:00
2024-12,2024,12,2024-07-07,silverstone,ricciardo,15,87.949,2.4819678625945247,0.7791999449976424,False,15,15,0,,2024-07-06T16:00:00+00:00,2024-07-07T12:00:00+00:00
2024-12,2024,12,2024-07-07,silverstone,leclerc,11,87.09700000000001,1.489180717556725,0.6796980660971784,False,11,11,0,,2024-07-06T16:00:00+00:00,2024-07-07T12:00:00+00:00
2024-12,2024,12,2024-07-07,silverstone,bottas,16,92.431,7.704587562194845,5.194213982496264,False,16,16,0,,2024-07-06T16:00:00+00:00,2024-07-07T12:00:00+00:00
2024-12,2024,12,2024-07-07,silverstone,ocon,18,94.557,10.181894452277467,-5.257304316460262,False,18,18,0,,2024-07-06T16:00:00+00:00,2024-07-07T12:00:00+00:00
2024-12,2024,12,2024-07-07,silverstone,perez,19,98.348,14.599331150444536,14.088836815424052,False,20,20,1,Official grid differs from qualifying order; the grid position is used without guessing the cause.,2024-07-06T16:00:00+00:00,2024-07-07T12:00:00+00:00
2024-12,2024,12,2024-07-07,silverstone,zhou,14,87.867,2.386417926100283,-4.9377373392043715,False,14,14,0,,2024-07-06T16:00:00+00:00,2024-07-07T12:00:00+00:00
2024-12,2024,12,2024-07-07,silverstone,russell,1,85.819,0.0,-0.19886033259680463,False,1,1,0,,2024-07-06T16:00:00+00:00,2024-07-07T12:00:00+00:00
2024-12,2024,12,2024-07-07,silverstone,gasly,20,99.804,16.295925144781457,5.549033916050636,False,19,19,-1,Official grid differs from qualifying order; the grid position is used without guessing the cause.,2024-07-06T16:00:00+00:00,2024-07-07T12:00:00+00:00
2024-13,2024,13,2024-07-21,hungaroring,piastri,2,75.249,0.029244819014438116,0.029244819014438116,False,2,2,0,,2024-07-20T16:00:00+00:00,2024-07-21T11:00:00+00:00
2024-13,2024,13,2024-07-21,hungaroring,norris,1,75.227,0.0,-0.029236268920505733,False,1,1,0,,2024-07-20T16:00:00+00:00,2024-07-21T11:00:00+00:00
2024-13,2024,13,2024-07-21,hungaroring,hamilton,5,75.854,0.8334773419118073,-2.7113687666735125,False,5,5,0,,2024-07-20T16:00:00+00:00,2024-07-21T11:00:00+00:00
2024-13,2024,13,2024-07-21,hungaroring,leclerc,6,75.891,0.8826618102542989,0.257609384908063,False,6,6,0,,2024-07-20T16:00:00+00:00,2024-07-21T11:00:00+00:00
2024-13,2024,13,2024-07-21,hungaroring,max_verstappen,3,75.273,0.061148257939293425,-3.3549033202372693,False,3,3,0,,2024-07-20T16:00:00+00:00,2024-07-21T11:00:00+00:00
2024-13,2024,13,2024-07-21,hungaroring,sainz,4,75.696,0.6234463689898495,-0.2569474641261907,False,4,4,0,,2024-07-20T16:00:00+00:00,2024-07-21T11:00:00+00:00
2024-13,2024,13,2024-07-21,hungaroring,perez,16,77.886,3.5346351708827837,3.4713642341875564,False,16,16,0,,2024-07-20T16:00:00+00:00,2024-07-21T11:00:00+00:00
2024-13,2024,13,2024-07-21,hungaroring,russell,17,77.968,3.6436385872093786,2.786932791942421,False,17,17,0,,2024-07-20T16:00:00+00:00,2024-07-21T11:00:00+00:00
2024-13,2024,13,2024-07-21,hungaroring,tsunoda,10,76.121,1.188403099950804,-0.1062964226660758,False,10,10,0,,2024-07-20T16:00:00+00:00,2024-07-21T11:00:00+00:00
2024-13,2024,13,2024-07-21,hungaroring,stroll,8,76.075,1.1272548420115105,0.0420814539142281,False,8,8,0,,2024-07-20T16:00:00+00:00,2024-07-21T11:00:00+00:00
2024-13,2024,13,2024-07-21,hungaroring,alonso,7,76.043,1.084716923445043,-0.042063752875447225,False,7,7,0,,2024-07-20T16:00:00+00:00,2024-07-21T11:00:00+00:00
2024-13,2024,13,2024-07-21,hungaroring,ricciardo,9,76.202,1.2960772063221906,0.10640953219217178,False,9,9,0,,2024-07-20T16:00:00+00:00,2024-07-21T11:00:00+00:00
2024-13,2024,13,2024-07-21,hungaroring,hulkenberg,11,76.31700000000001,1.4489478511704619,-0.3017714375293862,False,11,11,0,,2024-07-20T16:00:00+00:00,2024-07-21T11:00:00+00:00
2024-13,2024,13,2024-07-21,hungaroring,albon,13,76.429,1.5978305661531074,-0.14893589224358114,False,13,13,0,,2024-07-20T16:00:00+00:00,2024-07-21T11:00:00+00:00
2024-13,2024,13,2024-07-21,hungaroring,kevin_magnussen,15,76.548,1.7560184508221752,0.3026848539643782,False,15,15,0,,2024-07-20T16:00:00+00:00,2024-07-21T11:00:00+00:00
2024-13,2024,13,2024-07-21,hungaroring,bottas,12,76.384,1.5380116181690038,-2.118225969732314,False,12,12,0,,2024-07-20T16:00:00+00:00,2024-07-21T11:00:00+00:00
2024-13,2024,13,2024-07-21,hungaroring,sargeant,14,76.543,1.7493719010461701,0.14915804210444245,False,14,14,0,,2024-07-20T16:00:00+00:00,2024-07-21T11:00:00+00:00
2024-13,2024,13,2024-07-21,hungaroring,ocon,19,78.049,3.7513126935807652,-0.14968144717650927,False,19,19,0,,2024-07-20T16:00:00+00:00,2024-07-21T11:00:00+00:00
2024-13,2024,13,2024-07-21,hungaroring,zhou,18,78.037,3.735360974118338,2.1640657729367483,False,18,18,0,,2024-07-20T16:00:00+00:00,2024-07-21T11:00:00+00:00
2024-13,2024,13,2024-07-21,hungaroring,gasly,20,78.166,3.9068419583394167,0.14990582838984512,False,20,20,0,,2024-07-20T16:00:00+00:00,2024-07-21T11:00:00+00:00
2024-14,2024,14,2024-07-28,spa,hamilton,4,113.83500000000001,0.5973895138698788,-0.22788027520924745,False,3,3,-1,Official grid differs from qualifying order; the grid position is used without guessing the cause.,2024-07-27T16:00:00+00:00,2024-07-28T11:00:00+00:00
2024-14,2024,14,2024-07-28,spa,piastri,6,114.027,0.7670622752056923,0.04035760346023152,False,5,5,-1,Official grid differs from qualifying order; the grid position is used without guessing the cause.,2024-07-27T16:00:00+00:00,2024-07-28T11:00:00+00:00
2024-14,2024,14,2024-07-28,spa,leclerc,2,113.75399999999999,0.5258088176813147,-0.31372686483455214,False,1,1,-1,Official grid differs from qualifying order; the grid position is used without guessing the cause.,2024-07-27T16:00:00+00:00,2024-07-28T11:00:00+00:00
2024-14,2024,14,2024-07-28,spa,max_verstappen,1,113.15899999999999,0.0,-0.5326770096251121,False,11,11,10,Official grid differs from qualifying order; the grid position is used without guessing the cause.,2024-07-27T16:00:00+00:00,2024-07-28T11:00:00+00:00
2024-14,2024,14,2024-07-28,spa,norris,5,113.981,0.7264115094689797,-0.040341322669198064,False,4,4,-1,Official grid differs from qualifying order; the grid position is used without guessing the cause.,2024-07-27T16:00:00+00:00,2024-07-28T11:00:00+00:00
2024-14,2024,14,2024-07-28,spa,sainz,8,114.112,0.8421778205887319,0.3147142078520352,False,7,7,-1,Official grid differs from qualifying order; the grid position is used without guessing the cause.,2024-07-27T16:00:00+00:00,2024-07-28T11:00:00+00:00
2024-14,2024,14,2024-07-28,spa,perez,3,113.765,0.5355296529661882,0.5355296529661882,False,2,2,-1,Official grid differs from qualifying order; the grid position is used without guessing the cause.,2024-07-27T16:00:00+00:00,2024-07-28T11:00:00+00:00
2024-14,2024,14,2024-07-28,spa,alonso,9,114.25800000000001,0.9711998161878578,-1.2599813336098709,False,8,8,-1,Official grid differs from qualifying order; the grid position is used without guessing the cause.,2024-07-27T16:00:00+00:00,2024-07-28T11:00:00+00:00
2024-14,2024,14,2024-07-28,spa,ocon,10,114.46000000000001,1.1497097005099164,-0.15265843764991752,False,9,9,-1,Official grid differs from qualifying order; the grid position is used without guessing the cause.,2024-07-27T16:00:00+00:00,2024-07-28T11:00:00+00:00
2024-14,2024,14,2024-07-28,spa,ricciardo,13,114.682,1.3458938308044526,-1.6390349334865741,False,13,13,0,,2024-07-27T16:00:00+00:00,2024-07-28T11:00:00+00:00
2024-14,2024,14,2024-07-28,spa,stroll,15,115.71600000000001,2.259652347581736,1.2760594444152693,False,15,15,0,,2024-07-27T16:00:00+00:00,2024-07-28T11:00:00+00:00
2024-14,2024,14,2024-07-28,spa,albon,11,114.473,1.1611979603920213,-2.351787085217087,False,10,10,-1,Official grid differs from qualifying order; the grid position is used without guessing the cause.,2024-07-27T16:00:00+00:00,2024-07-28T11:00:00+00:00
2024-14,2024,14,2024-07-28,spa,gasly,12,114.63499999999999,1.3043593527691117,0.15289183994407035,False,12,12,0,,2024-07-27T16:00:00+00:00,2024-07-28T11:00:00+00:00
2024-14,2024,14,2024-07-28,spa,kevin_magnussen,17,116.5,2.9524827897029917,0.16507892836262963,False,17,17,0,,2024-07-27T16:00:00+00:00,2024-07-28T11:00:00+00:00
2024-14,2024,14,2024-07-28,spa,bottas,14,114.76400000000001,1.4183582392916325,-2.5565697304181665,False,14,14,0,,2024-07-27T16:00:00+00:00,2024-07-28T11:00:00+00:00
2024-14,2024,14,2024-07-28,spa,tsunoda,18,116.593,3.0346680334750324,1.66634694197869,False,20,20,2,Official grid differs from qualifying order; the grid position is used without guessing the cause.,2024-07-27T16:00:00+00:00,2024-07-28T11:00:00+00:00
2024-14,2024,14,2024-07-28,spa,sargeant,19,117.22999999999999,3.5975927676985466,2.408428188306405,False,18,18,-1,Official grid differs from qualifying order; the grid position is used without guessing the cause.,2024-07-27T16:00:00+00:00,2024-07-28T11:00:00+00:00
2024-14,2024,14,2024-07-28,spa,hulkenberg,16,116.30799999999999,2.7828100283671655,-0.16480686695279595,False,16,16,0,,2024-07-27T16:00:00+00:00,2024-07-28T11:00:00+00:00
2024-14,2024,14,2024-07-28,spa,zhou,20,117.775,4.079215970448673,2.623645045484643,False,19,19,-1,Official grid differs from qualifying order; the grid position is used without guessing the cause.,2024-07-27T16:00:00+00:00,2024-07-28T11:00:00+00:00
2024-14,2024,14,2024-07-28,spa,russell,7,114.095,0.8271547115121264,0.22840075547941396,False,6,6,-1,Official grid differs from qualifying order; the grid position is used without guessing the cause.,2024-07-27T16:00:00+00:00,2024-07-28T11:00:00+00:00
2024-15,2024,15,2024-08-25,zandvoort,norris,1,69.673,0.0,-0.711109844382368,False,1,1,0,,2024-08-24T15:00:00+00:00,2024-08-25T11:00:00+00:00
2024-15,2024,15,2024-08-25,zandvoort,max_verstappen,2,70.029,0.5109583339313573,-0.5495910020449905,False,2,2,0,,2024-08-24T15:00:00+00:00,2024-08-25T11:00:00+00:00
2024-15,2024,15,2024-08-25,zandvoort,leclerc,6,70.582,1.3046660829876593,-0.46817271624786055,False,6,6,0,,2024-08-24T15:00:00+00:00,2024-08-25T11:00:00+00:00
2024-15,2024,15,2024-08-25,zandvoort,piastri,3,70.172,0.7162028332352492,0.7162028332352492,False,3,3,0,,2024-08-24T15:00:00+00:00,2024-08-25T11:00:00+00:00
2024-15,2024,15,2024-08-25,zandvoort,sainz,10,70.914,1.7811777876652355,0.4703748831146863,False,10,10,0,,2024-08-24T15:00:00+00:00,2024-08-25T11:00:00+00:00
2024-15,2024,15,2024-08-25,zandvoort,perez,5,70.416,1.0664102306488812,0.5526281968898605,False,5,5,0,,2024-08-24T15:00:00+00:00,2024-08-25T11:00:00+00:00
2024-15,2024,15,2024-08-25,zandvoort,russell,4,70.244,0.8195427209966528,-0.992276033151051,False,4,4,0,,2024-08-24T15:00:00+00:00,2024-08-25T11:00:00+00:00
2024-15,2024,15,2024-08-25,zandvoort,hamilton,11,70.94800000000001,1.8299771791081276,1.0022208302488578,False,14,14,3,Official grid differs from qualifying order; the grid position is used without guessing the cause.,2024-08-24T15:00:00+00:00,2024-08-25T11:00:00+00:00
2024-15,2024,15,2024-08-25,zandvoort,gasly,9,70.815,1.6390854419933056,-1.6390027085214345,False,9,9,0,,2024-08-24T15:00:00+00:00,2024-08-25T11:00:00+00:00
2024-15,2024,15,2024-08-25,zandvoort,alonso,7,70.633,1.3778651701519868,-0.03962581905153592,False,7,7,0,,2024-08-24T15:00:00+00:00,2024-08-25T11:00:00+00:00
2024-15,2024,15,2024-08-25,zandvoort,hulkenberg,13,71.215,2.2131959295566452,-0.11220983238656049,False,12,12,-1,Official grid differs from qualifying order; the grid position is used without guessing the cause.,2024-08-24T15:00:00+00:00,2024-08-25T11:00:00+00:00
2024-15,2024,15,2024-08-25,zandvoort,ricciardo,15,71.943,3.258077016921901,1.3924318229863992,False,13,13,-2,Official grid differs from qualifying order; the grid position is used without guessing the cause.,2024-08-24T15:00:00+00:00,2024-08-25T11:00:00+00:00
2024-15,2024,15,2024-08-25,zandvoort,stroll,8,70.661,1.4180529042814283,0.039641527331425536,False,8,8,0,,2024-08-24T15:00:00+00:00,2024-08-25T11:00:00+00:00
2024-15,2024,15,2024-08-25,zandvoort,albon,10,70.653,1.406570694530168,0.0,False,19,19,9,Official grid differs from qualifying order; the grid position is used without guessing the cause.,2024-08-24T15:00:00+00:00,2024-08-25T11:00:00+00:00
2024-15,2024,15,2024-08-25,zandvoort,ocon,16,71.995,3.3327113803051436,1.6663136341170754,False,15,15,-1,Official grid differs from qualifying order; the grid position is used without guessing the cause.,2024-08-24T15:00:00+00:00,2024-08-25T11:00:00+00:00
2024-15,2024,15,2024-08-25,zandvoort,sargeant,20,,,0.0,True,18,18,-2,Official grid differs from qualifying order; the grid position is used without guessing the cause.,2024-08-24T15:00:00+00:00,2024-08-25T11:00:00+00:00
2024-15,2024,15,2024-08-25,zandvoort,tsunoda,12,70.955,1.8400241126404724,-1.3733094255174227,False,11,11,-1,Official grid differs from qualifying order; the grid position is used without guessing the cause.,2024-08-24T15:00:00+00:00,2024-08-25T11:00:00+00:00
2024-15,2024,15,2024-08-25,zandvoort,kevin_magnussen,14,71.295,2.3280180270693096,0.11233588429403678,False,20,20,6,Official grid differs from qualifying order; the grid position is used without guessing the cause.,2024-08-24T15:00:00+00:00,2024-08-25T11:00:00+00:00
2024-15,2024,15,2024-08-25,zandvoort,bottas,17,72.168,3.581014166176287,-1.4919261271344773,False,16,16,-1,Official grid differs from qualifying order; the grid position is used without guessing the cause.,2024-08-24T15:00:00+00:00,2024-08-25T11:00:00+00:00
2024-15,2024,15,2024-08-25,zandvoort,zhou,18,73.261,5.149771073443075,1.5145216716550123,False,17,17,-1,Official grid differs from qualifying order; the grid position is used without guessing the cause.,2024-08-24T15:00:00+00:00,2024-08-25T11:00:00+00:00
2024-16,2024,16,2024-09-01,monza,leclerc,4,79.461,0.16892104831898389,-0.00755030389973225,False,4,4,0,,2024-08-31T16:00:00+00:00,2024-09-01T11:00:00+00:00
2024-16,2024,16,2024-09-01,monza,piastri,2,79.436,0.1374059273639604,0.1374059273639604,False,2,2,0,,2024-08-31T16:00:00+00:00,2024-09-01T11:00:00+00:00
2024-16,2024,16,2024-09-01,monza,norris,1,79.327,0.0,-0.1372173825469672,False,1,1,0,,2024-08-31T16:00:00+00:00,2024-09-01T11:00:00+00:00
2024-16,2024,16,2024-09-01,monza,sainz,5,79.467,0.17648467734819237,0.0075508740136673675,False,5,5,0,,2024-08-31T16:00:00+00:00,2024-09-01T11:00:00+00:00
2024-16,2024,16,2024-09-01,monza,hamilton,6,79.513,0.23447249990546354,0.09189325276939515,False,6,6,0,,2024-08-31T16:00:00+00:00,2024-09-01T11:00:00+00:00
2024-16,2024,16,2024-09-01,monza,max_verstappen,7,79.662,0.42230262079746866,-0.4996128000799275,False,7,7,0,,2024-08-31T16:00:00+00:00,2024-09-01T11:00:00+00:00
2024-16,2024,16,2024-09-01,monza,russell,3,79.44,0.14244834671675413,-0.09180888659716964,False,3,3,0,,2024-08-31T16:00:00+00:00,2024-09-01T11:00:00+00:00
2024-16,2024,16,2024-09-01,monza,perez,8,80.062,0.9265445560780055,0.502121463181933,False,8,8,0,,2024-08-31T16:00:00+00:00,2024-09-01T11:00:00+00:00
2024-16,2024,16,2024-09-01,monza,albon,9,80.299,1.2253079027317415,-0.9400328147937977,False,9,9,0,,2024-08-31T16:00:00+00:00,2024-09-01T11:00:00+00:00
2024-16,2024,16,2024-09-01,monza,kevin_magnussen,13,80.69800000000001,1.7282892331740887,0.4468564458108874,False,13,13,0,,2024-08-31T16:00:00+00:00,2024-09-01T11:00:00+00:00
2024-16,2024,16,2024-09-01,monza,alonso,11,80.42099999999999,1.3791016929922901,-0.7307469171614592,False,11,11,0,,2024-08-31T16:00:00+00:00,2024-09-01T11:00:00+00:00
2024-16,2024,16,2024-09-01,monza,colapinto,18,81.061,2.185888789441185,0.9489532870895035,False,18,18,0,,2024-08-31T16:00:00+00:00,2024-09-01T11:00:00+00:00
2024-16,2024,16,2024-09-01,monza,ricciardo,12,80.479,1.4522167736079785,-0.5756995490765261,False,12,12,0,,2024-08-31T16:00:00+00:00,2024-09-01T11:00:00+00:00
2024-16,2024,16,2024-09-01,monza,ocon,15,80.764,1.8114891524953645,0.032202927989294076,False,15,15,0,,2024-08-31T16:00:00+00:00,2024-09-01T11:00:00+00:00
2024-16,2024,16,2024-09-01,monza,gasly,14,80.738,1.7787134267021336,-0.032192561042043794,False,14,14,0,,2024-08-31T16:00:00+00:00,2024-09-01T11:00:00+00:00
2024-16,2024,16,2024-09-01,monza,bottas,19,81.101,2.23631298296923,-0.42237092516421404,False,19,19,0,,2024-08-31T16:00:00+00:00,2024-09-01T11:00:00+00:00
2024-16,2024,16,2024-09-01,monza,hulkenberg,10,80.339,1.275732096259786,-0.444868522144302,False,10,10,0,,2024-08-31T16:00:00+00:00,2024-09-01T11:00:00+00:00
2024-16,2024,16,2024-09-01,monza,zhou,20,81.445,2.669961047310493,0.42416246408798175,False,20,20,0,,2024-08-31T16:00:00+00:00,2024-09-01T11:00:00+00:00
2024-16,2024,16,2024-09-01,monza,stroll,17,81.013,2.125379757207517,0.7361261362082205,False,17,17,0,,2024-08-31T16:00:00+00:00,2024-09-01T11:00:00+00:00
2024-16,2024,16,2024-09-01,monza,tsunoda,16,80.945,2.039658628209809,0.5790330396749388,False,16,16,0,,2024-08-31T16:00:00+00:00,2024-09-01T11:00:00+00:00
2024-17,2024,17,2024-09-15,baku,piastri,2,101.686,0.3166773541163103,-1.8560163692343348,False,2,2,0,,2024-09-14T14:00:00+00:00,2024-09-15T09:00:00+00:00
2024-17,2024,17,2024-09-15,baku,leclerc,1,101.36500000000001,0.0,-0.4321988114532663,False,1,1,0,,2024-09-14T14:00:00+00:00,2024-09-15T09:00:00+00:00
2024-17,2024,17,2024-09-15,baku,russell,5,101.874,0.5021457110442323,-0.4057132242958737,False,5,5,0,,2024-09-14T14:00:00+00:00,2024-09-15T09:00:00+00:00
2024-17,2024,17,2024-09-15,baku,norris,16,103.60900000000001,2.2137818773738465,1.8911157878174003,False,15,15,-1,Official grid differs from qualifying order; the grid position is used without guessing the cause.,2024-09-14T14:00:00+00:00,2024-09-15T09:00:00+00:00
2024-17,2024,17,2024-09-15,baku,max_verstappen,6,102.023,0.6491392492477551,0.20626049718601136,False,6,6,0,,2024-09-14T14:00:00+00:00,2024-09-15T09:00:00+00:00
2024-17,2024,17,2024-09-15,baku,alonso,8,102.369,0.9904799487002325,-0.9683660636548368,False,7,7,-1,Official grid differs from qualifying order; the grid position is used without guessing the cause.,2024-09-14T14:00:00+00:00,2024-09-15T09:00:00+00:00
2024-17,2024,17,2024-09-15,baku,albon,10,102.84,1.4551373748335168,0.3581431206269012,False,9,9,-1,Official grid differs from qualifying order; the grid position is used without guessing the cause.,2024-09-14T14:00:00+00:00,2024-09-15T09:00:00+00:00
2024-17,2024,17,2024-09-15,baku,colapinto,9,102.473,1.093079465298663,-0.35686503306107004,False,8,8,-1,Official grid differs from qualifying order; the grid position is used without guessing the cause.,2024-09-14T14:00:00+00:00,2024-09-15T09:00:00+00:00
2024-17,2024,17,2024-09-15,baku,hamilton,7,102.289,0.9115572436245176,0.4073659618744786,False,19,19,12,Official grid differs from qualifying order; the grid position is used without guessing the cause.,2024-09-14T14:00:00+00:00,2024-09-15T09:00:00+00:00
2024-17,2024,17,2024-09-15,baku,bearman,11,102.968,1.581413702954663,-0.12899971872241353,False,10,10,-1,Official grid differs from qualifying order; the grid position is used without guessing the cause.,2024-09-14T14:00:00+00:00,2024-09-15T09:00:00+00:00
2024-17,2024,17,2024-09-15,baku,hulkenberg,13,103.101,1.7126227001430374,0.12916634294149207,False,12,12,-1,Official grid differs from qualifying order; the grid position is used without guessing the cause.,2024-09-14T14:00:00+00:00,2024-09-15T09:00:00+00:00
2024-17,2024,17,2024-09-15,baku,gasly,15,103.179,1.789572337591864,-1.2678940519023087,False,18,18,3,Official grid differs from qualifying order; the grid position is used without guessing the cause.,2024-09-14T14:00:00+00:00,2024-09-15T09:00:00+00:00
2024-17,2024,17,2024-09-15,baku,ricciardo,15,103.547,2.152616780940155,0.4969185228320478,False,14,14,-1,Official grid differs from qualifying order; the grid position is used without guessing the cause.,2024-09-14T14:00:00+00:00,2024-09-15T09:00:00+00:00
2024-17,2024,17,2024-09-15,baku,zhou,18,104.24600000000001,2.842203916539239,0.6060723040398526,False,17,17,-1,Official grid differs from qualifying order; the grid position is used without guessing the cause.,2024-09-14T14:00:00+00:00,2024-09-15T09:00:00+00:00
2024-17,2024,17,2024-09-15,baku,ocon,19,104.50399999999999,3.0967296404084066,1.2841760435747474,False,20,20,1,Official grid differs from qualifying order; the grid position is used without guessing the cause.,2024-09-14T14:00:00+00:00,2024-09-15T09:00:00+00:00
2024-17,2024,17,2024-09-15,baku,bottas,17,103.618,2.2226606816948506,-0.6024211960171271,False,16,16,-1,Official grid differs from qualifying order; the grid position is used without guessing the cause.,2024-09-14T14:00:00+00:00,2024-09-15T09:00:00+00:00
2024-17,2024,17,2024-09-15,baku,perez,4,101.813,0.4419671484240056,-0.20583593895493543,False,4,4,0,,2024-09-14T14:00:00+00:00,2024-09-15T09:00:00+00:00
2024-17,2024,17,2024-09-15,baku,sainz,3,101.805,0.43407487791643834,0.43407487791643834,False,3,3,0,,2024-09-14T14:00:00+00:00,2024-09-15T09:00:00+00:00
2024-17,2024,17,2024-09-15,baku,stroll,14,103.37,1.9780002959601393,0.9778350867938582,False,13,13,-1,Official grid differs from qualifying order; the grid position is used without guessing the cause.,2024-09-14T14:00:00+00:00,2024-09-15T09:00:00+00:00
2024-17,2024,17,2024-09-15,baku,tsunoda,12,103.035,1.647511468455569,-0.4944614522873676,False,11,11,-1,Official grid differs from qualifying order; the grid position is used without guessing the cause.,2024-09-14T14:00:00+00:00,2024-09-15T09:00:00+00:00
2024-18,2024,18,2024-09-22,marina_bay,norris,1,89.525,0.0,-0.12829094154394788,False,1,1,0,,2024-09-21T15:00:00+00:00,2024-09-22T10:00:00+00:00
2024-18,2024,18,2024-09-22,marina_bay,max_verstappen,2,89.68,0.17313599553197556,-0.9925037812296457,False,2,2,0,,2024-09-21T15:00:00+00:00,2024-09-22T10:00:00+00:00
2024-18,2024,18,2024-09-22,marina_bay,piastri,5,89.64,0.12845573862049134,0.12845573862049134,False,5,5,0,,2024-09-21T15:00:00+00:00,2024-09-22T10:00:00+00:00
2024-18,2024,18,2024-09-22,marina_bay,russell,4,89.867,0.38201619659312896,0.02894001625092802,False,4,4,0,,2024-09-21T15:00:00+00:00,2024-09-22T10:00:00+00:00
2024-18,2024,18,2024-09-22,marina_bay,leclerc,9,89.747,0.2479754258586922,-0.40063035468549324,False,9,9,0,,2024-09-21T15:00:00+00:00,2024-09-22T10:00:00+00:00
2024-18,2024,18,2024-09-22,marina_bay,hamilton,3,89.84100000000001,0.352974029600673,-0.02893164342861812,False,3,3,0,,2024-09-21T15:00:00+00:00,2024-09-22T10:00:00+00:00
2024-18,2024,18,2024-09-22,marina_bay,sainz,10,90.108,0.651214744484779,0.40224185766655624,False,10,10,0,,2024-09-21T15:00:00+00:00,2024-09-22T10:00:00+00:00
2024-18,2024,18,2024-09-22,marina_bay,alonso,7,90.214,0.7696174253001875,-0.9660350846378417,False,7,7,0,,2024-09-21T15:00:00+00:00,2024-09-22T10:00:00+00:00
2024-18,2024,18,2024-09-22,marina_bay,hulkenberg,6,90.115,0.6590337894442773,-0.5934718100890172,False,6,6,0,,2024-09-21T15:00:00+00:00,2024-09-22T10:00:00+00:00
2024-18,2024,18,2024-09-22,marina_bay,perez,13,90.57900000000001,1.1773247696174276,1.0024531668153445,False,13,13,0,,2024-09-21T15:00:00+00:00,2024-09-22T10:00:00+00:00
2024-18,2024,18,2024-09-22,marina_bay,colapinto,12,90.481,1.0678581401842935,0.0077370294228074265,False,12,12,0,,2024-09-21T15:00:00+00:00,2024-09-22T10:00:00+00:00
2024-18,2024,18,2024-09-22,marina_bay,tsunoda,8,90.289,0.8533929070092104,-0.8739089861118805,False,8,8,0,,2024-09-21T15:00:00+00:00,2024-09-22T10:00:00+00:00
2024-18,2024,18,2024-09-22,marina_bay,ocon,15,90.769,1.3895559899469418,-0.5946644471701333,False,15,15,0,,2024-09-21T15:00:00+00:00,2024-09-22T10:00:00+00:00
2024-18,2024,18,2024-09-22,marina_bay,stroll,17,91.094,1.7525830773526818,0.9754583545791069,False,17,17,0,,2024-09-21T15:00:00+00:00,2024-09-22T10:00:00+00:00
2024-18,2024,18,2024-09-22,marina_bay,zhou,20,92.054,2.824909243228144,0.5263617699733536,False,20,20,0,,2024-09-21T15:00:00+00:00,2024-09-22T10:00:00+00:00
2024-18,2024,18,2024-09-22,marina_bay,bottas,19,91.572,2.2865121474448444,-0.5236057096921365,False,19,19,0,,2024-09-21T15:00:00+00:00,2024-09-22T10:00:00+00:00
2024-18,2024,18,2024-09-22,marina_bay,gasly,18,91.312,1.9960904775202366,0.5982218598860758,False,18,18,0,,2024-09-21T15:00:00+00:00,2024-09-22T10:00:00+00:00
2024-18,2024,18,2024-09-22,marina_bay,ricciardo,16,91.08500000000001,1.7425300195476148,0.8816134855851837,False,16,16,0,,2024-09-21T15:00:00+00:00,2024-09-22T10:00:00+00:00
2024-18,2024,18,2024-09-22,marina_bay,kevin_magnussen,14,90.65299999999999,1.2599832449036423,0.5970149253731307,False,14,14,0,,2024-09-21T15:00:00+00:00,2024-09-22T10:00:00+00:00
2024-18,2024,18,2024-09-22,marina_bay,albon,11,90.474,1.0600390952247953,-0.007736430852876065,False,11,11,0,,2024-09-21T15:00:00+00:00,2024-09-22T10:00:00+00:00
2024-19,2024,19,2024-10-20,americas,leclerc,4,92.74000000000001,0.44405935232320026,0.09497906143419253,False,4,4,0,,2024-10-20T00:00:00+00:00,2024-10-20T17:00:00+00:00
2024-19,2024,19,2024-10-20,americas,sainz,3,92.652,0.3487490523123608,-0.09488893681260305,False,3,3,0,,2024-10-20T00:00:00+00:00,2024-10-20T17:00:00+00:00
2024-19,2024,19,2024-10-20,americas,max_verstappen,2,92.36099999999999,0.033575219321988196,-0.7084497957428727,False,2,2,0,,2024-10-20T00:00:00+00:00,2024-10-20T17:00:00+00:00
2024-19,2024,19,2024-10-20,americas,norris,1,92.33,0.0,-0.6670252824099027,False,1,1,0,,2024-10-20T00:00:00+00:00,2024-10-20T17:00:00+00:00
2024-19,2024,19,2024-10-20,americas,piastri,5,92.95,0.6715043864399486,0.6715043864399486,False,5,5,0,,2024-10-20T00:00:00+00:00,2024-10-20T17:00:00+00:00
2024-19,2024,19,2024-10-20,americas,russell,6,92.97399999999999,0.6974981046247063,-1.253265926036076,False,20,20,14,Official grid differs from qualifying order; the grid position is used without guessing the cause.,2024-10-20T00:00:00+00:00,2024-10-20T17:00:00+00:00
2024-19,2024,19,2024-10-20,americas,perez,10,93.02000000000001,0.7473193978122084,0.713504617749938,False,9,9,-1,Official grid differs from qualifying order; the grid position is used without guessing the cause.,2024-10-20T00:00:00+00:00,2024-10-20T17:00:00+00:00
2024-19,2024,19,2024-10-20,americas,hulkenberg,12,93.544,1.3148489115130495,0.07488713439031966,False,11,11,-1,Official grid differs from qualifying order; the grid position is used without guessing the cause.,2024-10-20T00:00:00+00:00,2024-10-20T17:00:00+00:00
2024-19,2024,19,2024-10-20,americas,lawson,15,93.339,1.0928192353514572,-0.17859816482364937,False,19,19,4,Official grid differs from qualifying order; the grid position is used without guessing the cause.,2024-10-20T00:00:00+00:00,2024-10-20T17:00:00+00:00
2024-19,2024,19,2024-10-20,americas,colapinto,17,94.062,1.875879995667713,0.011695782075677749,False,15,15,-2,Official grid differs from qualifying order; the grid position is used without guessing the cause.,2024-10-20T00:00:00+00:00,2024-10-20T17:00:00+00:00
2024-19,2024,19,2024-10-20,americas,kevin_magnussen,9,93.47399999999999,1.2390339001407897,-0.07483109552724641,False,8,8,-1,Official grid differs from qualifying order; the grid position is used without guessing the cause.,2024-10-20T00:00:00+00:00,2024-10-20T17:00:00+00:00
2024-19,2024,19,2024-10-20,americas,gasly,7,93.018,0.7451532546301337,-0.6186095708195858,False,6,6,-1,Official grid differs from qualifying order; the grid position is used without guessing the cause.,2024-10-20T00:00:00+00:00,2024-10-20T17:00:00+00:00
2024-19,2024,19,2024-10-20,americas,alonso,8,93.309,1.0603270876204909,-0.4799539244232584,False,7,7,-1,Official grid differs from qualifying order; the grid position is used without guessing the cause.,2024-10-20T00:00:00+00:00,2024-10-20T17:00:00+00:00
2024-19,2024,19,2024-10-20,americas,tsunoda,11,93.506,1.2736921910538308,0.1789177085676958,False,10,10,-1,Official grid differs from qualifying order; the grid position is used without guessing the cause.,2024-10-20T00:00:00+00:00,2024-10-20T17:00:00+00:00
2024-19,2024,19,2024-10-20,americas,stroll,14,93.759,1.5477093035849692,0.4822685914542036,False,13,13,-1,Official grid differs from qualifying order; the grid position is used without guessing the cause.,2024-10-20T00:00:00+00:00,2024-10-20T17:00:00+00:00
2024-19,2024,19,2024-10-20,americas,albon,16,94.051,1.863966208166364,-0.011694414322463566,False,14,14,-2,Official grid differs from qualifying order; the grid position is used without guessing the cause.,2024-10-20T00:00:00+00:00,2024-10-20T17:00:00+00:00
2024-19,2024,19,2024-10-20,americas,bottas,18,94.152,1.9733564388606117,-0.08065543150656664,False,16,16,-2,Official grid differs from qualifying order; the grid position is used without guessing the cause.,2024-10-20T00:00:00+00:00,2024-10-20T17:00:00+00:00
2024-19,2024,19,2024-10-20,americas,ocon,13,93.59700000000001,1.372251705837767,0.6224601689995568,False,12,12,-1,Official grid differs from qualifying order; the grid position is used without guessing the cause.,2024-10-20T00:00:00+00:00,2024-10-20T17:00:00+00:00
2024-19,2024,19,2024-10-20,americas,zhou,20,94.22800000000001,2.0556698797790647,0.08072053700400163,False,18,18,-2,Official grid differs from qualifying order; the grid position is used without guessing the cause.,2024-10-20T00:00:00+00:00,2024-10-20T17:00:00+00:00
2024-19,2024,19,2024-10-20,americas,hamilton,19,94.154,1.975522582042671,1.269172026588086,False,17,17,-2,Official grid differs from qualifying order; the grid position is used without guessing the cause.,2024-10-20T00:00:00+00:00,2024-10-20T17:00:00+00:00
2024-20,2024,20,2024-10-27,rodriguez,sainz,1,75.946,0.0,-0.41827837146791136,False,1,1,0,,2024-10-26T23:00:00+00:00,2024-10-27T18:00:00+00:00
2024-20,2024,20,2024-10-27,rodriguez,norris,3,76.26,0.4134516630237368,-1.7230047553384837,False,3,3,0,,2024-10-26T23:00:00+00:00,2024-10-27T18:00:00+00:00
2024-20,2024,20,2024-10-27,rodriguez,leclerc,4,76.265,0.420035288231115,0.420035288231115,False,4,4,0,,2024-10-26T23:00:00+00:00,2024-10-27T18:00:00+00:00
2024-20,2024,20,2024-10-27,rodriguez,hamilton,6,76.651,0.9282911542411691,0.38634815862538857,False,6,6,0,,2024-10-26T23:00:00+00:00,2024-10-27T18:00:00+00:00
2024-20,2024,20,2024-10-27,rodriguez,russell,5,76.356,0.5398572670054994,-0.3848612542563068,False,5,5,0,,2024-10-26T23:00:00+00:00,2024-10-27T18:00:00+00:00
2024-20,2024,20,2024-10-27,rodriguez,max_verstappen,2,76.17099999999999,0.2962631343322813,-1.8554070943551968,False,2,2,0,,2024-10-26T23:00:00+00:00,2024-10-27T18:00:00+00:00
2024-20,2024,20,2024-10-27,rodriguez,kevin_magnussen,7,76.886,1.2377215389882255,-0.14156763426197658,False,7,7,0,,2024-10-26T23:00:00+00:00,2024-10-27T18:00:00+00:00
2024-20,2024,20,2024-10-27,rodriguez,piastri,17,77.59700000000001,2.1739130434782745,1.753212693417261,False,17,17,0,,2024-10-26T23:00:00+00:00,2024-10-27T18:00:00+00:00
2024-20,2024,20,2024-10-27,rodriguez,hulkenberg,10,76.995,1.3812445685092127,0.14176833233619757,False,10,10,0,,2024-10-26T23:00:00+00:00,2024-10-27T18:00:00+00:00
2024-20,2024,20,2024-10-27,rodriguez,gasly,8,76.892,1.2456218892370867,-0.934073720963202,False,8,8,0,,2024-10-26T23:00:00+00:00,2024-10-27T18:00:00+00:00
2024-20,2024,20,2024-10-27,rodriguez,stroll,14,77.294,1.7749453559107775,0.16328011611029253,False,14,14,0,,2024-10-26T23:00:00+00:00,2024-10-27T18:00:00+00:00
2024-20,2024,20,2024-10-27,rodriguez,colapinto,16,77.55799999999999,2.122560766860657,0.7403751233958451,False,16,16,0,,2024-10-26T23:00:00+00:00,2024-10-27T18:00:00+00:00
2024-20,2024,20,2024-10-27,rodriguez,ocon,19,77.617,2.200247544307806,0.9428809238932641,False,20,0,1,Official grid differs from qualifying order; the grid position is used without guessing the cause.,2024-10-26T23:00:00+00:00,2024-10-27T18:00:00+00:00
2024-20,2024,20,2024-10-27,rodriguez,bottas,15,77.393,1.9053011350169895,-0.8697100112716494,False,15,15,0,,2024-10-26T23:00:00+00:00,2024-10-27T18:00:00+00:00
2024-20,2024,20,2024-10-27,rodriguez,zhou,20,78.072,2.7993574381797655,0.8773403279366379,False,19,19,-1,Official grid differs from qualifying order; the grid position is used without guessing the cause.,2024-10-26T23:00:00+00:00,2024-10-27T18:00:00+00:00
2024-20,2024,20,2024-10-27,rodriguez,lawson,12,77.162,1.601137650435847,0.04278546331470815,False,12,12,0,,2024-10-26T23:00:00+00:00,2024-10-27T18:00:00+00:00
2024-20,2024,20,2024-10-27,rodriguez,perez,18,77.611,2.192347194058945,1.8904832547820196,False,18,18,0,,2024-10-26T23:00:00+00:00,2024-10-27T18:00:00+00:00
2024-20,2024,20,2024-10-27,rodriguez,alonso,13,77.168,1.609038000684708,-0.16301394674876518,False,13,13,0,,2024-10-26T23:00:00+00:00,2024-10-27T18:00:00+00:00
2024-20,2024,20,2024-10-27,rodriguez,albon,9,76.988,1.372027493218868,-0.7349338559529555,False,9,9,0,,2024-10-26T23:00:00+00:00,2024-10-27T18:00:00+00:00
2024-20,2024,20,2024-10-27,rodriguez,tsunoda,11,77.129,1.5576857240671096,-0.04276716518493721,False,11,11,0,,2024-10-26T23:00:00+00:00,2024-10-27T18:00:00+00:00
2024-21,2024,21,2024-11-03,interlagos,max_verstappen,12,87.771,5.234698159582758,-0.4389845504662089,False,17,17,5,Official grid differs from qualifying order; the grid position is used without guessing the cause.,2024-11-03T12:30:00+00:00,2024-11-03T13:30:00+00:00
2024-21,2024,21,2024-11-03,interlagos,ocon,4,84.475,1.2828967088303977,-5.530082755535683,False,4,4,0,,2024-11-03T12:30:00+00:00,2024-11-03T13:30:00+00:00
2024-21,2024,21,2024-11-03,interlagos,gasly,15,89.42,7.2117978538456935,5.85380290026636,False,13,13,-2,Official grid differs from qualifying order; the grid position is used without guessing the cause.,2024-11-03T12:30:00+00:00,2024-11-03T13:30:00+00:00
2024-21,2024,21,2024-11-03,interlagos,russell,2,83.578,0.2074216174090304,-8.307185957213386,False,2,2,0,,2024-11-03T12:30:00+00:00,2024-11-03T13:30:00+00:00
2024-21,2024,21,2024-11-03,interlagos,leclerc,6,84.525,1.3428451531682806,-5.4593651432789745,False,6,6,0,,2024-11-03T12:30:00+00:00,2024-11-03T13:30:00+00:00
2024-21,2024,21,2024-11-03,interlagos,norris,1,83.405,0.0,-1.512646718465869,False,1,1,0,,2024-11-03T12:30:00+00:00,2024-11-03T13:30:00+00:00
2024-21,2024,21,2024-11-03,interlagos,tsunoda,3,84.111,0.8464720340507201,-0.4415037166800869,False,3,3,0,,2024-11-03T12:30:00+00:00,2024-11-03T13:30:00+00:00
2024-21,2024,21,2024-11-03,interlagos,piastri,8,84.686,1.5358791439362218,1.5358791439362218,False,8,8,0,,2024-11-03T12:30:00+00:00,2024-11-03T13:30:00+00:00
2024-21,2024,21,2024-11-03,interlagos,lawson,5,84.48400000000001,1.2936874288112317,0.4434616161976491,False,5,5,0,,2024-11-03T12:30:00+00:00,2024-11-03T13:30:00+00:00
2024-21,2024,21,2024-11-03,interlagos,hamilton,16,91.15,9.28601402793598,9.059800425949415,False,14,14,-2,Official grid differs from qualifying order; the grid position is used without guessing the cause.,2024-11-03T12:30:00+00:00,2024-11-03T13:30:00+00:00
2024-21,2024,21,2024-11-03,interlagos,perez,13,88.158,5.698699118757868,0.4409201216802822,False,12,12,-1,Official grid differs from qualifying order; the grid position is used without guessing the cause.,2024-11-03T12:30:00+00:00,2024-11-03T13:30:00+00:00
2024-21,2024,21,2024-11-03,interlagos,bearman,17,91.229,9.380732569989807,-0.4300230291520747,False,15,15,-2,Official grid differs from qualifying order; the grid position is used without guessing the cause.,2024-11-03T12:30:00+00:00,2024-11-03T13:30:00+00:00
2024-21,2024,21,2024-11-03,interlagos,bottas,11,86.47200000000001,3.6772375756849196,-6.276622264613113,False,11,11,0,,2024-11-03T12:30:00+00:00,2024-11-03T13:30:00+00:00
2024-21,2024,21,2024-11-03,interlagos,alonso,9,88.998,6.705832983634079,3.085690457988743,False,9,9,0,,2024-11-03T12:30:00+00:00,2024-11-03T13:30:00+00:00
2024-21,2024,21,2024-11-03,interlagos,zhou,20,92.263,10.620466398896953,6.696965491719858,False,19,19,-1,Official grid differs from qualifying order; the grid position is used without guessing the cause.,2024-11-03T12:30:00+00:00,2024-11-03T13:30:00+00:00
2024-21,2024,21,2024-11-03,interlagos,sainz,14,89.406,7.195012289431095,5.774622892635315,False,20,20,6,Official grid differs from qualifying order; the grid position is used without guessing the cause.,2024-11-03T12:30:00+00:00,2024-11-03T13:30:00+00:00
2024-21,2024,21,2024-11-03,interlagos,colapinto,18,91.27,9.429890294346857,7.811521787920668,False,16,16,-2,Official grid differs from qualifying order; the grid position is used without guessing the cause.,2024-11-03T12:30:00+00:00,2024-11-03T13:30:00+00:00
2024-21,2024,21,2024-11-03,interlagos,albon,7,84.657,1.501109046220245,-7.2455352251561305,False,7,7,0,,2024-11-03T12:30:00+00:00,2024-11-03T13:30:00+00:00
2024-21,2024,21,2024-11-03,interlagos,stroll,10,86.334,3.511779869312394,-2.993325692712197,False,10,10,0,,2024-11-03T12:30:00+00:00,2024-11-03T13:30:00+00:00
2024-21,2024,21,2024-11-03,interlagos,hulkenberg,19,91.623,9.853126311372224,0.4318802135285989,False,18,18,-1,Official grid differs from qualifying order; the grid position is used without guessing the cause.,2024-11-03T12:30:00+00:00,2024-11-03T13:30:00+00:00
2024-22,2024,22,2024-11-23,vegas,russell,1,92.312,0.0,-0.2754761416055502,False,1,1,0,,2024-11-23T08:00:00+00:00,2024-11-24T04:00:00+00:00
2024-22,2024,22,2024-11-23,vegas,hamilton,10,92.56700000000001,0.27623710893492687,0.27623710893492687,False,10,10,0,,2024-11-23T08:00:00+00:00,2024-11-24T04:00:00+00:00
2024-22,2024,22,2024-11-23,vegas,sainz,2,92.41,0.10616171245341774,-0.4020132998501931,False,2,2,0,,2024-11-23T08:00:00+00:00,2024-11-24T04:00:00+00:00
2024-22,2024,22,2024-11-23,vegas,leclerc,4,92.783,0.5102261894444965,0.40363597013310754,False,4,4,0,,2024-11-23T08:00:00+00:00,2024-11-24T04:00:00+00:00
2024-22,2024,22,2024-11-23,vegas,max_verstappen,5,92.797,0.525392148366409,-1.4423025861611216,False,5,5,0,,2024-11-23T08:00:00+00:00,2024-11-24T04:00:00+00:00
2024-22,2024,22,2024-11-23,vegas,norris,6,93.00800000000001,0.7539648149753143,-0.017199862401091257,False,6,6,0,,2024-11-23T08:00:00+00:00,2024-11-24T04:00:00+00:00
2024-22,2024,22,2024-11-23,vegas,piastri,8,93.024,0.7712973394574956,0.017202821262677543,False,8,8,0,,2024-11-23T08:00:00+00:00,2024-11-24T04:00:00+00:00
2024-22,2024,22,2024-11-23,vegas,hulkenberg,9,93.062,0.8124620851026952,-0.2518837690386609,False,9,9,0,,2024-11-23T08:00:00+00:00,2024-11-24T04:00:00+00:00
2024-22,2024,22,2024-11-23,vegas,tsunoda,7,93.029,0.7767137533581753,-1.1244911624347753,False,7,7,0,,2024-11-23T08:00:00+00:00,2024-11-24T04:00:00+00:00
2024-22,2024,22,2024-11-23,vegas,perez,16,94.155,1.9964901637923602,1.4634093774583274,False,15,15,-1,Official grid differs from qualifying order; the grid position is used without guessing the cause.,2024-11-23T08:00:00+00:00,2024-11-24T04:00:00+00:00
2024-22,2024,22,2024-11-23,vegas,alonso,17,94.25800000000001,2.108068290146473,-0.2391939375978992,False,16,16,-1,Official grid differs from qualifying order; the grid position is used without guessing the cause.,2024-11-23T08:00:00+00:00,2024-11-24T04:00:00+00:00
2024-22,2024,22,2024-11-23,vegas,kevin_magnussen,12,93.297,1.0670335384348724,0.2525198254926817,False,12,12,0,,2024-11-23T08:00:00+00:00,2024-11-24T04:00:00+00:00
2024-22,2024,22,2024-11-23,vegas,zhou,13,93.566,1.3584366062917117,-0.9149634650005339,False,13,13,0,,2024-11-23T08:00:00+00:00,2024-11-24T04:00:00+00:00
2024-22,2024,22,2024-11-23,vegas,colapinto,14,93.74600000000001,1.553427506716366,-0.719089224252039,False,20,20,6,Official grid differs from qualifying order; the grid position is used without guessing the cause.,2024-11-23T08:00:00+00:00,2024-11-24T04:00:00+00:00
2024-22,2024,22,2024-11-23,vegas,stroll,20,94.48400000000001,2.3528901984574175,0.239767446794966,False,18,18,-2,Official grid differs from qualifying order; the grid position is used without guessing the cause.,2024-11-23T08:00:00+00:00,2024-11-24T04:00:00+00:00
2024-22,2024,22,2024-11-23,vegas,lawson,15,94.087,1.9228269347430513,1.1372797729740263,False,14,14,-1,Official grid differs from qualifying order; the grid position is used without guessing the cause.,2024-11-23T08:00:00+00:00,2024-11-24T04:00:00+00:00
2024-22,2024,22,2024-11-23,vegas,ocon,11,93.221,0.9847040471444732,0.6010964344297701,False,11,11,0,,2024-11-23T08:00:00+00:00,2024-11-24T04:00:00+00:00
2024-22,2024,22,2024-11-23,vegas,bottas,19,94.43,2.294392928330021,0.9234123506401943,False,19,19,0,,2024-11-23T08:00:00+00:00,2024-11-24T04:00:00+00:00
2024-22,2024,22,2024-11-23,vegas,albon,18,94.425,2.288976514429326,0.7242975700296416,False,17,17,-1,Official grid differs from qualifying order; the grid position is used without guessing the cause.,2024-11-23T08:00:00+00:00,2024-11-24T04:00:00+00:00
2024-22,2024,22,2024-11-23,vegas,gasly,3,92.664,0.3813155386082025,-0.5975048540564917,False,3,3,0,,2024-11-23T08:00:00+00:00,2024-11-24T04:00:00+00:00
2024-23,2024,23,2024-12-01,losail,max_verstappen,1,80.52,0.0,-1.111452256677926,False,2,2,1,Official grid differs from qualifying order; the grid position is used without guessing the cause.,2024-11-30T20:00:00+00:00,2024-12-01T14:00:00+00:00
2024-23,2024,23,2024-12-01,losail,leclerc,5,80.852,0.41231992051665156,-0.23321528608974837,False,5,5,0,,2024-11-30T20:00:00+00:00,2024-12-01T14:00:00+00:00
2024-23,2024,23,2024-12-01,losail,piastri,4,80.82900000000001,0.383755588673636,0.0705690090625667,False,4,4,0,,2024-11-30T20:00:00+00:00,2024-12-01T14:00:00+00:00
2024-23,2024,23,2024-12-01,losail,russell,2,80.575,0.06830601092897022,-0.5381985162508707,False,1,1,-1,Official grid differs from qualifying order; the grid position is used without guessing the cause.,2024-11-30T20:00:00+00:00,2024-12-01T14:00:00+00:00
2024-23,2024,23,2024-12-01,losail,gasly,11,81.437,1.1388474913065096,-1.5438740721038773,False,11,11,0,,2024-11-30T20:00:00+00:00,2024-12-01T14:00:00+00:00
2024-23,2024,23,2024-12-01,losail,sainz,7,81.041,0.6470442126179842,0.23376045119476693,False,7,7,0,,2024-11-30T20:00:00+00:00,2024-12-01T14:00:00+00:00
2024-23,2024,23,2024-12-01,losail,alonso,8,81.208,0.8544461003477426,-0.8582485868808865,False,8,8,0,,2024-11-30T20:00:00+00:00,2024-12-01T14:00:00+00:00
2024-23,2024,23,2024-12-01,losail,zhou,12,81.501,1.2183308494784015,-0.2814109701337189,False,12,12,0,,2024-11-30T20:00:00+00:00,2024-12-01T14:00:00+00:00
2024-23,2024,23,2024-12-01,losail,kevin_magnussen,10,81.387,1.07675111773473,-1.2796875379054446,False,10,10,0,,2024-11-30T20:00:00+00:00,2024-12-01T14:00:00+00:00
2024-23,2024,23,2024-12-01,losail,norris,3,80.77199999999999,0.3129657228017826,-0.07051924433064416,False,3,3,0,,2024-11-30T20:00:00+00:00,2024-12-01T14:00:00+00:00
2024-23,2024,23,2024-12-01,losail,bottas,13,81.731,1.5039741679085923,0.2822051263174559,False,13,13,0,,2024-11-30T20:00:00+00:00,2024-12-01T14:00:00+00:00
2024-23,2024,23,2024-12-01,losail,hamilton,6,81.011,0.6097863884749126,0.5411107663667302,False,6,6,0,,2024-11-30T20:00:00+00:00,2024-12-01T14:00:00+00:00
2024-23,2024,23,2024-12-01,losail,tsunoda,14,81.771,1.5536512667660267,-0.7765953574158796,False,14,14,0,,2024-11-30T20:00:00+00:00,2024-12-01T14:00:00+00:00
2024-23,2024,23,2024-12-01,losail,lawson,17,82.411,2.3484848484848553,0.7826735639774498,False,17,17,0,,2024-11-30T20:00:00+00:00,2024-12-01T14:00:00+00:00
2024-23,2024,23,2024-12-01,losail,albon,16,82.39,2.3224043715847054,-0.24699130687458357,False,16,16,0,,2024-11-30T20:00:00+00:00,2024-12-01T14:00:00+00:00
2024-23,2024,23,2024-12-01,losail,hulkenberg,18,82.44200000000001,2.3869846000993684,1.2962758180053409,False,18,18,0,,2024-11-30T20:00:00+00:00,2024-12-01T14:00:00+00:00
2024-23,2024,23,2024-12-01,losail,perez,9,81.425,1.1239443616492812,1.1239443616492812,False,9,9,0,,2024-11-30T20:00:00+00:00,2024-12-01T14:00:00+00:00
2024-23,2024,23,2024-12-01,losail,stroll,15,81.911,1.727521112767021,0.8656782582996786,False,15,15,0,,2024-11-30T20:00:00+00:00,2024-12-01T14:00:00+00:00
2024-23,2024,23,2024-12-01,losail,colapinto,19,82.594,2.5757575757575735,0.24760286442528645,False,19,19,0,,2024-11-30T20:00:00+00:00,2024-12-01T14:00:00+00:00
2024-23,2024,23,2024-12-01,losail,ocon,20,82.714,2.7247888723298592,1.5680833036580437,False,20,20,0,,2024-11-30T20:00:00+00:00,2024-12-01T14:00:00+00:00
2024-24,2024,24,2024-12-08,yas_marina,norris,1,82.595,0.0,-0.25240326554273124,False,1,1,0,,2024-12-07T16:00:00+00:00,2024-12-08T11:00:00+00:00
2024-24,2024,24,2024-12-08,yas_marina,sainz,3,82.824,0.27725649252375956,-0.5738157547237696,False,3,3,0,,2024-12-07T16:00:00+00:00,2024-12-08T11:00:00+00:00
2024-24,2024,24,2024-12-08,yas_marina,leclerc,14,83.30199999999999,0.8559840184030434,0.5771274026852053,False,19,19,5,Official grid differs from qualifying order; the grid position is used without guessing the cause.,2024-12-07T16:00:00+00:00,2024-12-08T11:00:00+00:00
2024-24,2024,24,2024-12-08,yas_marina,hamilton,18,83.887,1.5642593377323104,0.9081941971803823,False,16,16,-2,Official grid differs from qualifying order; the grid position is used without guessing the cause.,2024-12-07T16:00:00+00:00,2024-12-08T11:00:00+00:00
2024-24,2024,24,2024-12-08,yas_marina,russell,7,83.132,0.6501604213330179,-0.900020265356963,False,6,6,-1,Official grid differs from qualifying order; the grid position is used without guessing the cause.,2024-12-07T16:00:00+00:00,2024-12-08T11:00:00+00:00
2024-24,2024,24,2024-12-08,yas_marina,max_verstappen,5,82.945,0.42375446455595894,-0.3831187548040001,False,4,4,-1,Official grid differs from qualifying order; the grid position is used without guessing the cause.,2024-12-07T16:00:00+00:00,2024-12-08T11:00:00+00:00
2024-24,2024,24,2024-12-08,yas_marina,gasly,6,82.98400000000001,0.4709728191779285,-1.3328577373521135,False,5,5,-1,Official grid differs from qualifying order; the grid position is used without guessing the cause.,2024-12-07T16:00:00+00:00,2024-12-08T11:00:00+00:00
2024-24,2024,24,2024-12-08,yas_marina,hulkenberg,4,82.886,0.35232156910224205,-0.8920030610292822,False,7,7,3,Official grid differs from qualifying order; the grid position is used without guessing the cause.,2024-12-07T16:00:00+00:00,2024-12-08T11:00:00+00:00
2024-24,2024,24,2024-12-08,yas_marina,alonso,8,83.196,0.7276469519946718,-0.6365775298880928,False,8,8,0,,2024-12-07T16:00:00+00:00,2024-12-08T11:00:00+00:00
2024-24,2024,24,2024-12-08,yas_marina,piastri,2,82.804,0.2530419516919949,0.2530419516919949,False,2,2,0,,2024-12-07T16:00:00+00:00,2024-12-08T11:00:00+00:00
2024-24,2024,24,2024-12-08,yas_marina,albon,16,83.821,1.484351352987468,-0.10844694441797142,False,18,18,2,Official grid differs from qualifying order; the grid position is used without guessing the cause.,2024-12-07T16:00:00+00:00,2024-12-08T11:00:00+00:00
2024-24,2024,24,2024-12-08,yas_marina,tsunoda,11,83.419,0.9976390822689002,-0.06349434540925278,False,11,11,0,,2024-12-07T16:00:00+00:00,2024-12-08T11:00:00+00:00
2024-24,2024,24,2024-12-08,yas_marina,zhou,17,83.88,1.5557842484411848,0.8124609393778996,False,15,15,-2,Official grid differs from qualifying order; the grid position is used without guessing the cause.,2024-12-07T16:00:00+00:00,2024-12-08T11:00:00+00:00
2024-24,2024,24,2024-12-08,yas_marina,stroll,13,83.729,1.37296446516133,0.6406558007596534,False,13,13,0,,2024-12-07T16:00:00+00:00,2024-12-08T11:00:00+00:00
2024-24,2024,24,2024-12-08,yas_marina,doohan,20,84.105,1.8281978327986017,1.3508628169285586,False,17,17,-3,Official grid differs from qualifying order; the grid position is used without guessing the cause.,2024-12-07T16:00:00+00:00,2024-12-08T11:00:00+00:00
2024-24,2024,24,2024-12-08,yas_marina,kevin_magnussen,15,83.632,1.2555239421272548,0.9000313683855047,False,14,14,-1,Official grid differs from qualifying order; the grid position is used without guessing the cause.,2024-12-07T16:00:00+00:00,2024-12-08T11:00:00+00:00
2024-24,2024,24,2024-12-08,yas_marina,lawson,12,83.47200000000001,1.0618076154731033,0.06353468634245374,False,12,12,0,,2024-12-07T16:00:00+00:00,2024-12-08T11:00:00+00:00
2024-24,2024,24,2024-12-08,yas_marina,bottas,9,83.20400000000001,0.7373327683273913,-0.8059132093466712,False,9,9,0,,2024-12-07T16:00:00+00:00,2024-12-08T11:00:00+00:00
2024-24,2024,24,2024-12-08,yas_marina,colapinto,19,83.912,1.5945275137720287,0.10856467949560157,False,20,20,1,Official grid differs from qualifying order; the grid position is used without guessing the cause.,2024-12-07T16:00:00+00:00,2024-12-08T11:00:00+00:00
2024-24,2024,24,2024-12-08,yas_marina,perez,10,83.264,0.8099763908226852,0.38459219965037394,False,10,10,0,,2024-12-07T16:00:00+00:00,2024-12-08T11:00:00+00:00
2025-01,2025,1,2025-03-16,albert_park,norris,1,75.096,0.0,-0.1117318435754232,False,1,1,0,,2025-03-15T07:00:00+00:00,2025-03-16T02:00:00+00:00
2025-01,2025,1,2025-03-16,albert_park,max_verstappen,3,75.481,0.5126771066368261,-2.092251018237476,False,3,3,0,,2025-03-15T07:00:00+00:00,2025-03-16T02:00:00+00:00
2025-01,2025,1,2025-03-16,albert_park,russell,4,75.54599999999999,0.5992329817833022,-1.2793204835021408,False,4,4,0,,2025-03-15T07:00:00+00:00,2025-03-16T02:00:00+00:00
2025-01,2025,1,2025-03-16,albert_park,antonelli,16,76.525,1.9028976243741371,1.2958991872501702,False,16,16,0,,2025-03-15T07:00:00+00:00,2025-03-16T02:00:00+00:00
2025-01,2025,1,2025-03-16,albert_park,albon,6,75.737,0.8535740918291136,-0.2554951205699946,False,6,6,0,,2025-03-15T07:00:00+00:00,2025-03-16T02:00:00+00:00
2025-01,2025,1,2025-03-16,albert_park,stroll,13,76.369,1.695163524022579,0.10617659395973558,False,13,13,0,,2025-03-15T07:00:00+00:00,2025-03-16T02:00:00+00:00
2025-01,2025,1,2025-03-16,albert_park,hulkenberg,17,76.57900000000001,1.9748055821881378,0.08233572063361468,False,17,17,0,,2025-03-15T07:00:00+00:00,2025-03-16T02:00:00+00:00
2025-01,2025,1,2025-03-16,albert_park,leclerc,7,75.755,0.8775434111004472,-0.21601970521213593,False,7,7,0,,2025-03-15T07:00:00+00:00,2025-03-16T02:00:00+00:00
2025-01,2025,1,2025-03-16,albert_park,piastri,2,75.18,0.11185682326622347,0.11185682326622347,False,2,2,0,,2025-03-15T07:00:00+00:00,2025-03-16T02:00:00+00:00
2025-01,2025,1,2025-03-16,albert_park,hamilton,8,75.919,1.095930542239258,0.21648736057026133,False,8,8,0,,2025-03-15T07:00:00+00:00,2025-03-16T02:00:00+00:00
2025-01,2025,1,2025-03-16,albert_park,gasly,9,75.98,1.177159901992117,-0.4389700583109398,False,9,9,0,,2025-03-15T07:00:00+00:00,2025-03-16T02:00:00+00:00
2025-01,2025,1,2025-03-16,albert_park,tsunoda,5,75.67,0.7643549589858288,-0.6629471611421011,False,5,5,0,,2025-03-15T07:00:00+00:00,2025-03-16T02:00:00+00:00
2025-01,2025,1,2025-03-16,albert_park,ocon,19,77.14699999999999,2.731170768083503,0.0,False,19,19,0,,2025-03-15T07:00:00+00:00,2025-03-16T02:00:00+00:00
2025-01,2025,1,2025-03-16,albert_park,bearman,20,,,0.0,True,20,20,0,,2025-03-15T07:00:00+00:00,2025-03-16T02:00:00+00:00
2025-01,2025,1,2025-03-16,albert_park,lawson,18,77.094,2.660594439117916,2.136961619480399,False,18,18,0,,2025-03-15T07:00:00+00:00,2025-03-16T02:00:00+00:00
2025-01,2025,1,2025-03-16,albert_park,bortoleto,15,76.51599999999999,1.8909129647384515,-0.08226798469556483,False,15,15,0,,2025-03-15T07:00:00+00:00,2025-03-16T02:00:00+00:00
2025-01,2025,1,2025-03-16,albert_park,alonso,12,76.288,1.5873015873015779,-0.10606397883958553,False,12,12,0,,2025-03-15T07:00:00+00:00,2025-03-16T02:00:00+00:00
2025-01,2025,1,2025-03-16,albert_park,sainz,10,75.931,1.1119100884201472,0.2561495702232761,False,10,10,0,,2025-03-15T07:00:00+00:00,2025-03-16T02:00:00+00:00
2025-01,2025,1,2025-03-16,albert_park,doohan,14,76.315,1.6232555662085786,0.44090550144774115,False,14,14,0,,2025-03-15T07:00:00+00:00,2025-03-16T02:00:00+00:00
2025-01,2025,1,2025-03-16,albert_park,hadjar,11,76.175,1.4368275274315456,0.66737148143253,False,11,11,0,,2025-03-15T07:00:00+00:00,2025-03-16T02:00:00+00:00
2025-02,2025,2,2025-03-23,shanghai,piastri,1,90.64099999999999,0.0,-0.16081597585559057,False,1,1,0,,2025-03-22T09:00:00+00:00,2025-03-23T05:00:00+00:00
2025-02,2025,2,2025-03-23,shanghai,norris,3,90.787,0.16107501020511142,0.16107501020511142,False,3,3,0,,2025-03-22T09:00:00+00:00,2025-03-23T05:00:00+00:00
2025-02,2025,2,2025-03-23,shanghai,russell,2,90.723,0.09046678655355507,-0.41711030372217117,False,2,2,0,,2025-03-22T09:00:00+00:00,2025-03-23T05:00:00+00:00
2025-02,2025,2,2025-03-23,shanghai,max_verstappen,4,90.81700000000001,0.194172615041776,-1.4722155922494404,False,4,4,0,,2025-03-22T09:00:00+00:00,2025-03-23T05:00:00+00:00
2025-02,2025,2,2025-03-23,shanghai,ocon,11,91.625,1.0856014386425668,-0.4270903518876749,False,11,11,0,,2025-03-22T09:00:00+00:00,2025-03-23T05:00:00+00:00
2025-02,2025,2,2025-03-23,shanghai,antonelli,8,91.10300000000001,0.5097031144846345,0.4188574011000624,False,8,8,0,,2025-03-22T09:00:00+00:00,2025-03-23T05:00:00+00:00
2025-02,2025,2,2025-03-23,shanghai,albon,10,91.503,0.9510045123068028,-0.1364211812982931,False,10,10,0,,2025-03-22T09:00:00+00:00,2025-03-23T05:00:00+00:00
2025-02,2025,2,2025-03-23,shanghai,bearman,17,92.018,1.519180062002857,0.42892223738062835,False,17,17,0,,2025-03-22T09:00:00+00:00,2025-03-23T05:00:00+00:00
2025-02,2025,2,2025-03-23,shanghai,stroll,14,91.773,1.2488829558367682,0.0927056975831011,False,14,14,0,,2025-03-22T09:00:00+00:00,2025-03-23T05:00:00+00:00
2025-02,2025,2,2025-03-23,shanghai,sainz,15,91.628,1.0889111991262332,0.13660754292209,False,15,15,0,,2025-03-22T09:00:00+00:00,2025-03-23T05:00:00+00:00
2025-02,2025,2,2025-03-23,shanghai,hadjar,7,91.07900000000001,0.4832250306153028,-0.17426949297440958,False,7,7,0,,2025-03-22T09:00:00+00:00,2025-03-23T05:00:00+00:00
2025-02,2025,2,2025-03-23,shanghai,lawson,20,92.174,1.6912876071535128,1.494213638415714,False,20,20,0,,2025-03-22T09:00:00+00:00,2025-03-23T05:00:00+00:00
2025-02,2025,2,2025-03-23,shanghai,doohan,18,92.092,1.600820820599958,0.10870510479171484,False,18,18,0,,2025-03-22T09:00:00+00:00,2025-03-23T05:00:00+00:00
2025-02,2025,2,2025-03-23,shanghai,bortoleto,19,92.14099999999999,1.6548802418331663,0.5554828007682754,False,19,19,0,,2025-03-22T09:00:00+00:00,2025-03-23T05:00:00+00:00
2025-02,2025,2,2025-03-23,shanghai,hulkenberg,12,91.632,1.0933242131044605,-0.5524142347054907,False,12,12,0,,2025-03-22T09:00:00+00:00,2025-03-23T05:00:00+00:00
2025-02,2025,2,2025-03-23,shanghai,tsunoda,9,91.238,0.6586423362496094,0.17457372171410732,False,9,9,0,,2025-03-22T09:00:00+00:00,2025-03-23T05:00:00+00:00
2025-02,2025,2,2025-03-23,shanghai,alonso,13,91.688,1.1551064087995624,-0.09261983372015054,False,13,13,0,,2025-03-22T09:00:00+00:00,2025-03-23T05:00:00+00:00
2025-02,2025,2,2025-03-23,shanghai,leclerc,6,91.021,0.41923632793107946,0.10337963421206936,False,6,6,0,,2025-03-22T09:00:00+00:00,2025-03-23T05:00:00+00:00
2025-02,2025,2,2025-03-23,shanghai,hamilton,5,90.92699999999999,0.31553049944285855,-0.10327287109569033,False,5,5,0,,2025-03-22T09:00:00+00:00,2025-03-23T05:00:00+00:00
2025-02,2025,2,2025-03-23,shanghai,gasly,16,91.992,1.4904954711444196,-0.10858706510879806,False,16,16,0,,2025-03-22T09:00:00+00:00,2025-03-23T05:00:00+00:00
2025-03,2025,3,2025-04-06,suzuka,max_verstappen,1,86.983,0.0,-1.1186012936669372,False,1,1,0,,2025-04-05T08:00:00+00:00,2025-04-06T03:00:00+00:00
2025-03,2025,3,2025-04-06,suzuka,norris,2,86.995,0.013795799179150471,-0.036770197754715746,False,2,2,0,,2025-04-05T08:00:00+00:00,2025-04-06T03:00:00+00:00
2025-03,2025,3,2025-04-06,suzuka,piastri,3,87.027,0.05058459699021295,0.036783723202478844,False,3,3,0,,2025-04-05T08:00:00+00:00,2025-04-06T03:00:00+00:00
2025-03,2025,3,2025-04-06,suzuka,leclerc,4,87.299,0.3632893783842849,-0.3549823079557046,False,4,4,0,,2025-04-05T08:00:00+00:00,2025-04-06T03:00:00+00:00
2025-03,2025,3,2025-04-06,suzuka,russell,5,87.318,0.38513272708459556,-0.2706869967449134,False,5,5,0,,2025-04-05T08:00:00+00:00,2025-04-06T03:00:00+00:00
2025-03,2025,3,2025-04-06,suzuka,antonelli,6,87.555,0.6575997608728174,0.27142169999313887,False,6,6,0,,2025-04-05T08:00:00+00:00,2025-04-06T03:00:00+00:00
2025-03,2025,3,2025-04-06,suzuka,hamilton,8,87.61,0.7208305071105794,0.3562469214996653,False,8,8,0,,2025-04-05T08:00:00+00:00,2025-04-06T03:00:00+00:00
2025-03,2025,3,2025-04-06,suzuka,hadjar,7,87.569,0.6736948599151541,-0.38336404796032497,False,7,7,0,,2025-04-05T08:00:00+00:00,2025-04-06T03:00:00+00:00
2025-03,2025,3,2025-04-06,suzuka,albon,9,87.615,0.7265787567685533,-0.25160526435630454,False,9,9,0,,2025-04-05T08:00:00+00:00,2025-04-06T03:00:00+00:00
2025-03,2025,3,2025-04-06,suzuka,bearman,10,87.711,0.8369451502017572,-1.1105348606476046,False,10,10,0,,2025-04-05T08:00:00+00:00,2025-04-06T03:00:00+00:00
2025-03,2025,3,2025-04-06,suzuka,alonso,13,87.89699999999999,1.0507800374785732,-1.5391336492254029,False,12,12,-1,Official grid differs from qualifying order; the grid position is used without guessing the cause.,2025-04-05T08:00:00+00:00,2025-04-06T03:00:00+00:00
2025-03,2025,3,2025-04-06,suzuka,tsunoda,15,87.967,1.1312555326902896,1.1312555326902896,False,14,14,-1,Official grid differs from qualifying order; the grid position is used without guessing the cause.,2025-04-05T08:00:00+00:00,2025-04-06T03:00:00+00:00
2025-03,2025,3,2025-04-06,suzuka,gasly,11,87.822,0.964556292608899,-1.187033765766163,False,11,11,0,,2025-04-05T08:00:00+00:00,2025-04-06T03:00:00+00:00
2025-03,2025,3,2025-04-06,suzuka,sainz,12,87.836,0.9806513916512357,0.25223991325686657,False,15,15,3,Official grid differs from qualifying order; the grid position is used without guessing the cause.,2025-04-05T08:00:00+00:00,2025-04-06T03:00:00+00:00
2025-03,2025,3,2025-04-06,suzuka,doohan,19,88.877,2.17743697044249,1.201293525540289,False,19,19,0,,2025-04-05T08:00:00+00:00,2025-04-06T03:00:00+00:00
2025-03,2025,3,2025-04-06,suzuka,hulkenberg,16,88.57,1.8244944414425681,-0.05867617521609387,False,16,16,0,,2025-04-05T08:00:00+00:00,2025-04-06T03:00:00+00:00
2025-03,2025,3,2025-04-06,suzuka,lawson,14,87.906,1.0611268868629522,0.38483938380020705,False,13,13,-1,Official grid differs from qualifying order; the grid position is used without guessing the cause.,2025-04-05T08:00:00+00:00,2025-04-06T03:00:00+00:00
2025-03,2025,3,2025-04-06,suzuka,ocon,18,88.696,1.9693503328236481,1.1230062363899618,False,18,18,0,,2025-04-05T08:00:00+00:00,2025-04-06T03:00:00+00:00
2025-03,2025,3,2025-04-06,suzuka,bortoleto,17,88.622,1.8842762378855589,0.05871062436491669,False,17,17,0,,2025-04-05T08:00:00+00:00,2025-04-06T03:00:00+00:00
2025-03,2025,3,2025-04-06,suzuka,stroll,20,89.271,2.630399043491253,1.563193283047214,False,20,20,0,,2025-04-05T08:00:00+00:00,2025-04-06T03:00:00+00:00
2025-04,2025,4,2025-04-13,bahrain,piastri,1,89.84100000000001,0.0,-0.47193326464819674,False,1,1,0,,2025-04-12T18:00:00+00:00,2025-04-13T13:00:00+00:00
2025-04,2025,4,2025-04-13,bahrain,russell,2,90.009,0.18699702808293778,-0.2261314888098096,False,3,3,1,Official grid differs from qualifying order; the grid position is used without guessing the cause.,2025-04-12T18:00:00+00:00,2025-04-13T13:00:00+00:00
2025-04,2025,4,2025-04-13,bahrain,norris,6,90.267,0.47417103549602924,0.47417103549602924,False,6,6,0,,2025-04-12T18:00:00+00:00,2025-04-13T13:00:00+00:00
2025-04,2025,4,2025-04-13,bahrain,leclerc,3,90.175,0.37176790106965524,-0.6576917992332374,False,2,2,-1,Official grid differs from qualifying order; the grid position is used without guessing the cause.,2025-04-12T18:00:00+00:00,2025-04-13T13:00:00+00:00
2025-04,2025,4,2025-04-13,bahrain,hamilton,9,90.77199999999999,1.0362751972929767,0.6620460216246125,False,9,9,0,,2025-04-12T18:00:00+00:00,2025-04-13T13:00:00+00:00
2025-04,2025,4,2025-04-13,bahrain,max_verstappen,7,90.423,0.6478111330016291,-0.8824045249265651,False,7,7,0,,2025-04-12T18:00:00+00:00,2025-04-13T13:00:00+00:00
2025-04,2025,4,2025-04-13,bahrain,gasly,5,90.21600000000001,0.4174040805422914,-1.1277330264671996,False,4,4,-1,Official grid differs from qualifying order; the grid position is used without guessing the cause.,2025-04-12T18:00:00+00:00,2025-04-13T13:00:00+00:00
2025-04,2025,4,2025-04-13,bahrain,ocon,14,91.594,1.951224941841682,-0.8433200177541018,False,14,14,0,,2025-04-12T18:00:00+00:00,2025-04-13T13:00:00+00:00
2025-04,2025,4,2025-04-13,bahrain,tsunoda,10,91.22800000000001,1.5438385592324222,0.890260221403854,False,10,10,0,,2025-04-12T18:00:00+00:00,2025-04-13T13:00:00+00:00
2025-04,2025,4,2025-04-13,bahrain,bearman,20,92.37299999999999,2.8183123518215316,0.8504923903312405,False,20,20,0,,2025-04-12T18:00:00+00:00,2025-04-13T13:00:00+00:00
2025-04,2025,4,2025-04-13,bahrain,antonelli,4,90.213,0.414064847897937,0.2266440022664328,False,5,5,1,Official grid differs from qualifying order; the grid position is used without guessing the cause.,2025-04-12T18:00:00+00:00,2025-04-13T13:00:00+00:00
2025-04,2025,4,2025-04-13,bahrain,albon,15,92.03999999999999,2.4476575282999784,1.4997794441993662,False,15,15,0,,2025-04-12T18:00:00+00:00,2025-04-13T13:00:00+00:00
2025-04,2025,4,2025-04-13,bahrain,hadjar,12,91.271,1.591700893801263,-0.9699994574947012,False,12,12,0,,2025-04-12T18:00:00+00:00,2025-04-13T13:00:00+00:00
2025-04,2025,4,2025-04-13,bahrain,doohan,11,91.245,1.5627608775503348,1.1405959031657313,False,11,11,0,,2025-04-12T18:00:00+00:00,2025-04-13T13:00:00+00:00
2025-04,2025,4,2025-04-13,bahrain,alonso,13,91.634,1.9957480437662003,-0.7032714584484693,False,13,13,0,,2025-04-12T18:00:00+00:00,2025-04-13T13:00:00+00:00
2025-04,2025,4,2025-04-13,bahrain,lawson,17,92.16499999999999,2.5867922218140755,0.9795006080792269,False,17,17,0,,2025-04-12T18:00:00+00:00,2025-04-13T13:00:00+00:00
2025-04,2025,4,2025-04-13,bahrain,stroll,19,92.283,2.7181353724913935,0.7082523953990887,False,19,19,0,,2025-04-12T18:00:00+00:00,2025-04-13T13:00:00+00:00
2025-04,2025,4,2025-04-13,bahrain,bortoleto,18,92.186,2.6101668503244606,0.12925369567814718,False,18,18,0,,2025-04-12T18:00:00+00:00,2025-04-13T13:00:00+00:00
2025-04,2025,4,2025-04-13,bahrain,sainz,8,90.68,0.9338720628666184,-1.4776184267709533,False,8,8,0,,2025-04-12T18:00:00+00:00,2025-04-13T13:00:00+00:00
2025-04,2025,4,2025-04-13,bahrain,hulkenberg,16,92.06700000000001,2.4777106220990404,-0.1290868461588525,False,16,16,0,,2025-04-12T18:00:00+00:00,2025-04-13T13:00:00+00:00
2025-05,2025,5,2025-04-20,jeddah,piastri,2,87.304,0.011455541045209426,-0.20232964872371428,False,2,2,0,,2025-04-19T19:00:00+00:00,2025-04-20T15:00:00+00:00
2025-05,2025,5,2025-04-20,jeddah,max_verstappen,1,87.294,0.0,-0.7909989771564927,False,1,1,0,,2025-04-19T19:00:00+00:00,2025-04-20T15:00:00+00:00
2025-05,2025,5,2025-04-20,jeddah,leclerc,4,87.67,0.43072834329965953,-0.49034074141336426,False,4,4,0,,2025-04-19T19:00:00+00:00,2025-04-20T15:00:00+00:00
2025-05,2025,5,2025-04-20,jeddah,norris,10,87.481,0.2142186175453039,0.20273985155318483,False,10,10,0,,2025-04-19T19:00:00+00:00,2025-04-20T15:00:00+00:00
2025-05,2025,5,2025-04-20,jeddah,russell,3,87.407,0.12944761381079975,-0.44534044055673855,False,3,3,0,,2025-04-19T19:00:00+00:00,2025-04-20T15:00:00+00:00
2025-05,2025,5,2025-04-20,jeddah,antonelli,5,87.798,0.5773592686782653,0.44733259349938265,False,5,5,0,,2025-04-19T19:00:00+00:00,2025-04-20T15:00:00+00:00
2025-05,2025,5,2025-04-20,jeddah,hamilton,7,88.102,0.925607716452456,0.4927569293943221,False,7,7,0,,2025-04-19T19:00:00+00:00,2025-04-20T15:00:00+00:00
2025-05,2025,5,2025-04-20,jeddah,sainz,6,88.024,0.8362544962998649,-0.0964714160869014,False,6,6,0,,2025-04-19T19:00:00+00:00,2025-04-20T15:00:00+00:00
2025-05,2025,5,2025-04-20,jeddah,albon,11,88.10900000000001,0.9336265951841043,0.09656457329820044,False,11,11,0,,2025-04-19T19:00:00+00:00,2025-04-20T15:00:00+00:00
2025-05,2025,5,2025-04-20,jeddah,hadjar,14,88.418,1.2876028134808915,0.2573958793981289,False,14,14,0,,2025-04-19T19:00:00+00:00,2025-04-20T15:00:00+00:00
2025-05,2025,5,2025-04-20,jeddah,alonso,13,88.303,1.15586409146104,-0.3858085622426519,False,13,13,0,,2025-04-19T19:00:00+00:00,2025-04-20T15:00:00+00:00
2025-05,2025,5,2025-04-20,jeddah,lawson,12,88.191,1.0275620317547662,-0.25673505394829543,False,12,12,0,,2025-04-19T19:00:00+00:00,2025-04-20T15:00:00+00:00
2025-05,2025,5,2025-04-20,jeddah,bearman,15,88.536,1.422778197814288,-0.6240739909307204,False,15,15,0,,2025-04-19T19:00:00+00:00,2025-04-20T15:00:00+00:00
2025-05,2025,5,2025-04-20,jeddah,ocon,19,89.092,2.059706279927603,0.6279931327369628,False,19,19,0,,2025-04-19T19:00:00+00:00,2025-04-20T15:00:00+00:00
2025-05,2025,5,2025-04-20,jeddah,hulkenberg,18,88.782,1.70458450752629,-0.7600992600210221,False,18,18,0,,2025-04-19T19:00:00+00:00,2025-04-20T15:00:00+00:00
2025-05,2025,5,2025-04-20,jeddah,stroll,16,88.645,1.5476435952070007,0.38730280964406505,False,16,16,0,,2025-04-19T19:00:00+00:00,2025-04-20T15:00:00+00:00
2025-05,2025,5,2025-04-20,jeddah,doohan,17,88.739,1.6553256810319237,0.811133200795227,False,17,17,0,,2025-04-19T19:00:00+00:00,2025-04-20T15:00:00+00:00
2025-05,2025,5,2025-04-20,jeddah,bortoleto,20,89.462,2.48356129860014,0.7659210200265897,False,20,20,0,,2025-04-19T19:00:00+00:00,2025-04-20T15:00:00+00:00
2025-05,2025,5,2025-04-20,jeddah,tsunoda,8,87.99,0.7973056567461658,0.7973056567461658,False,8,8,0,,2025-04-19T19:00:00+00:00,2025-04-20T15:00:00+00:00
2025-05,2025,5,2025-04-20,jeddah,gasly,9,88.025,0.8374000504043907,-0.804606768162813,False,9,9,0,,2025-04-19T19:00:00+00:00,2025-04-20T15:00:00+00:00
2025-06,2025,6,2025-05-04,miami,piastri,4,,,0.0,True,4,4,0,,2025-05-03T22:00:00+00:00,2025-05-04T18:00:00+00:00
2025-06,2025,6,2025-05-04,miami,norris,2,,,0.0,True,2,2,0,,2025-05-03T22:00:00+00:00,2025-05-04T18:00:00+00:00
2025-06,2025,6,2025-05-04,miami,russell,5,,,0.0,True,5,5,0,,2025-05-03T22:00:00+00:00,2025-05-04T18:00:00+00:00
2025-06,2025,6,2025-05-04,miami,max_verstappen,1,,,0.0,True,1,1,0,,2025-05-03T22:00:00+00:00,2025-05-04T18:00:00+00:00
2025-06,2025,6,2025-05-04,miami,albon,7,,,0.0,True,7,7,0,,2025-05-03T22:00:00+00:00,2025-05-04T18:00:00+00:00
2025-06,2025,6,2025-05-04,miami,antonelli,3,,,0.0,True,3,3,0,,2025-05-03T22:00:00+00:00,2025-05-04T18:00:00+00:00
2025-06,2025,6,2025-05-04,miami,leclerc,8,,,0.0,True,8,8,0,,2025-05-03T22:00:00+00:00,2025-05-04T18:00:00+00:00
2025-06,2025,6,2025-05-04,miami,hamilton,12,,,0.0,True,12,12,0,,2025-05-03T22:00:00+00:00,2025-05-04T18:00:00+00:00
2025-06,2025,6,2025-05-04,miami,sainz,6,,,0.0,True,6,6,0,,2025-05-03T22:00:00+00:00,2025-05-04T18:00:00+00:00
2025-06,2025,6,2025-05-04,miami,tsunoda,10,,,0.0,True,10,10,0,,2025-05-03T22:00:00+00:00,2025-05-04T18:00:00+00:00
2025-06,2025,6,2025-05-04,miami,hadjar,11,,,0.0,True,11,11,0,,2025-05-03T22:00:00+00:00,2025-05-04T18:00:00+00:00
2025-06,2025,6,2025-05-04,miami,ocon,9,,,0.0,True,9,9,0,,2025-05-03T22:00:00+00:00,2025-05-04T18:00:00+00:00
2025-06,2025,6,2025-05-04,miami,gasly,18,,,0.0,True,20,20,2,Official grid differs from qualifying order; the grid position is used without guessing the cause.,2025-05-03T22:00:00+00:00,2025-05-04T18:00:00+00:00
2025-06,2025,6,2025-05-04,miami,hulkenberg,16,,,0.0,True,16,16,0,,2025-05-03T22:00:00+00:00,2025-05-04T18:00:00+00:00
2025-06,2025,6,2025-05-04,miami,alonso,17,,,0.0,True,17,17,0,,2025-05-03T22:00:00+00:00,2025-05-04T18:00:00+00:00
2025-06,2025,6,2025-05-04,miami,stroll,19,,,0.0,True,18,18,-1,Official grid differs from qualifying order; the grid position is used without guessing the cause.,2025-05-03T22:00:00+00:00,2025-05-04T18:00:00+00:00
2025-06,2025,6,2025-05-04,miami,lawson,15,,,0.0,True,15,15,0,,2025-05-03T22:00:00+00:00,2025-05-04T18:00:00+00:00
2025-06,2025,6,2025-05-04,miami,bortoleto,13,,,0.0,True,13,13,0,,2025-05-03T22:00:00+00:00,2025-05-04T18:00:00+00:00
2025-06,2025,6,2025-05-04,miami,bearman,20,,,0.0,True,19,19,-1,Official grid differs from qualifying order; the grid position is used without guessing the cause.,2025-05-03T22:00:00+00:00,2025-05-04T18:00:00+00:00
2025-06,2025,6,2025-05-04,miami,doohan,14,,,0.0,True,14,14,0,,2025-05-03T22:00:00+00:00,2025-05-04T18:00:00+00:00
2025-07,2025,7,2025-05-18,imola,max_verstappen,2,74.70400000000001,0.04553368153208253,0.0,False,2,2,0,,2025-05-17T16:00:00+00:00,2025-05-18T11:00:00+00:00
2025-07,2025,7,2025-05-18,imola,norris,4,74.962,0.3910539708048769,0.3910539708048769,False,4,4,0,,2025-05-17T16:00:00+00:00,2025-05-18T11:00:00+00:00
2025-07,2025,7,2025-05-18,imola,piastri,1,74.67,0.0,-0.3895306955524153,False,1,1,0,,2025-05-17T16:00:00+00:00,2025-05-18T11:00:00+00:00
2025-07,2025,7,2025-05-18,imola,hamilton,12,75.765,1.466452390518279,0.21295169567747918,False,12,12,0,,2025-05-17T16:00:00+00:00,2025-05-18T11:00:00+00:00
2025-07,2025,7,2025-05-18,imola,albon,7,75.473,1.075398419713402,0.3657012154578465,False,7,7,0,,2025-05-17T16:00:00+00:00,2025-05-18T11:00:00+00:00
2025-07,2025,7,2025-05-18,imola,leclerc,11,75.604,1.2508370162046303,-0.2124991750808439,False,11,11,0,,2025-05-17T16:00:00+00:00,2025-05-18T11:00:00+00:00
2025-07,2025,7,2025-05-18,imola,russell,3,74.807,0.1834739520557124,-1.2735575146492153,False,3,3,0,,2025-05-17T16:00:00+00:00,2025-05-18T11:00:00+00:00
2025-07,2025,7,2025-05-18,imola,sainz,6,75.19800000000001,0.7071112896745758,-0.3643687146396612,False,6,6,0,,2025-05-17T16:00:00+00:00,2025-05-18T11:00:00+00:00
2025-07,2025,7,2025-05-18,imola,hadjar,9,75.51,1.1249497790277265,-1.137747286557823,False,9,9,0,,2025-05-17T16:00:00+00:00,2025-05-18T11:00:00+00:00
2025-07,2025,7,2025-05-18,imola,tsunoda,20,,,0.0,True,20,20,0,,2025-05-17T16:00:00+00:00,2025-05-18T11:00:00+00:00
2025-07,2025,7,2025-05-18,imola,alonso,5,75.431,1.0191509307620137,-0.08742069221293892,False,5,5,0,,2025-05-17T16:00:00+00:00,2025-05-18T11:00:00+00:00
2025-07,2025,7,2025-05-18,imola,hulkenberg,17,76.518,2.474889513860987,0.3383162863886645,False,17,17,0,,2025-05-17T16:00:00+00:00,2025-05-18T11:00:00+00:00
2025-07,2025,7,2025-05-18,imola,gasly,10,75.505,1.1182536493906439,-0.9848405371380675,False,10,10,0,,2025-05-17T16:00:00+00:00,2025-05-18T11:00:00+00:00
2025-07,2025,7,2025-05-18,imola,lawson,16,76.379,2.288737109950453,1.1508409482187785,False,15,15,-1,Official grid differs from qualifying order; the grid position is used without guessing the cause.,2025-05-17T16:00:00+00:00,2025-05-18T11:00:00+00:00
2025-07,2025,7,2025-05-18,imola,stroll,8,75.497,1.107539841971338,0.08749718285585834,False,8,8,0,,2025-05-17T16:00:00+00:00,2025-05-18T11:00:00+00:00
2025-07,2025,7,2025-05-18,imola,colapinto,15,76.256,2.12401232087853,0.9946361168134625,False,16,16,1,Official grid differs from qualifying order; the grid position is used without guessing the cause.,2025-05-17T16:00:00+00:00,2025-05-18T11:00:00+00:00
2025-07,2025,7,2025-05-18,imola,bearman,16,76.918,3.0105798848265763,0.39810476028873276,False,19,19,3,Official grid differs from qualifying order; the grid position is used without guessing the cause.,2025-05-17T16:00:00+00:00,2025-05-18T11:00:00+00:00
2025-07,2025,7,2025-05-18,imola,bortoleto,14,76.26,2.1293692245881926,-0.3371755665333589,False,14,14,0,,2025-05-17T16:00:00+00:00,2025-05-18T11:00:00+00:00
2025-07,2025,7,2025-05-18,imola,antonelli,13,75.772,1.4758269720101833,1.2899862312350494,False,13,13,0,,2025-05-17T16:00:00+00:00,2025-05-18T11:00:00+00:00
2025-07,2025,7,2025-05-18,imola,ocon,18,76.613,2.6021159769653113,-0.39652617072727686,False,18,18,0,,2025-05-17T16:00:00+00:00,2025-05-18T11:00:00+00:00
2025-08,2025,8,2025-05-25,monaco,norris,1,69.95400000000001,0.0,-0.24954013318312984,False,1,1,0,,2025-05-24T16:00:00+00:00,2025-05-25T11:00:00+00:00
2025-08,2025,8,2025-05-25,monaco,leclerc,2,70.063,0.1558166795322564,-0.4532408854536708,False,2,2,0,,2025-05-24T16:00:00+00:00,2025-05-25T11:00:00+00:00
2025-08,2025,8,2025-05-25,monaco,piastri,3,70.129,0.25016439374445654,0.25016439374445654,False,3,3,0,,2025-05-24T16:00:00+00:00,2025-05-25T11:00:00+00:00
2025-08,2025,8,2025-05-25,monaco,max_verstappen,5,70.669,1.0221002372987806,-1.0445984737099983,False,4,4,-1,Official grid differs from qualifying order; the grid position is used without guessing the cause.,2025-05-24T16:00:00+00:00,2025-05-25T11:00:00+00:00
2025-08,2025,8,2025-05-25,monaco,hamilton,4,70.382,0.611830631557877,0.45530451165380104,False,7,7,3,Official grid differs from qualifying order; the grid position is used without guessing the cause.,2025-05-24T16:00:00+00:00,2025-05-25T11:00:00+00:00
2025-08,2025,8,2025-05-25,monaco,hadjar,6,70.923,1.385195985933605,-0.28961464381616925,False,5,5,-1,Official grid differs from qualifying order; the grid position is used without guessing the cause.,2025-05-24T16:00:00+00:00,2025-05-25T11:00:00+00:00
2025-08,2025,8,2025-05-25,monaco,ocon,8,70.94200000000001,1.4123566915401542,-1.440697981355662,False,8,8,0,,2025-05-24T16:00:00+00:00,2025-05-25T11:00:00+00:00
2025-08,2025,8,2025-05-25,monaco,lawson,9,71.129,1.6796752151413745,0.29045584648139966,False,9,9,0,,2025-05-24T16:00:00+00:00,2025-05-25T11:00:00+00:00
2025-08,2025,8,2025-05-25,monaco,albon,10,70.732,1.11215941904679,-0.8828227908410575,False,10,10,0,,2025-05-24T16:00:00+00:00,2025-05-25T11:00:00+00:00
2025-08,2025,8,2025-05-25,monaco,sainz,11,71.362,2.012751236526842,0.8906859695752919,False,11,11,0,,2025-05-24T16:00:00+00:00,2025-05-25T11:00:00+00:00
2025-08,2025,8,2025-05-25,monaco,russell,14,71.507,2.2200303056294097,-0.5189204229270875,False,14,14,0,,2025-05-24T16:00:00+00:00,2025-05-25T11:00:00+00:00
2025-08,2025,8,2025-05-25,monaco,bearman,17,71.979,2.8947594133287464,1.461757492035736,False,20,20,3,Official grid differs from qualifying order; the grid position is used without guessing the cause.,2025-05-24T16:00:00+00:00,2025-05-25T11:00:00+00:00
2025-08,2025,8,2025-05-25,monaco,colapinto,20,72.597,3.7781971009520348,0.8375697974831158,False,18,18,-2,Official grid differs from qualifying order; the grid position is used without guessing the cause.,2025-05-24T16:00:00+00:00,2025-05-25T11:00:00+00:00
2025-08,2025,8,2025-05-25,monaco,bortoleto,16,71.902,2.7846870800811865,0.42739817866919566,False,16,16,0,,2025-05-24T16:00:00+00:00,2025-05-25T11:00:00+00:00
2025-08,2025,8,2025-05-25,monaco,stroll,19,72.563,3.729593733024551,2.310924369747893,False,19,19,0,,2025-05-24T16:00:00+00:00,2025-05-25T11:00:00+00:00
2025-08,2025,8,2025-05-25,monaco,hulkenberg,13,71.596,2.3472567687337333,-0.42557926066033963,False,13,13,0,,2025-05-24T16:00:00+00:00,2025-05-25T11:00:00+00:00
2025-08,2025,8,2025-05-25,monaco,tsunoda,12,71.41499999999999,2.0885153100608744,1.0556255217988018,False,12,12,0,,2025-05-24T16:00:00+00:00,2025-05-25T11:00:00+00:00
2025-08,2025,8,2025-05-25,monaco,antonelli,15,71.88,2.753237842010446,0.5216272532758897,False,15,15,0,,2025-05-24T16:00:00+00:00,2025-05-25T11:00:00+00:00
2025-08,2025,8,2025-05-25,monaco,alonso,7,70.924,1.3866254967550087,-2.2587268993839777,False,6,6,-1,Official grid differs from qualifying order; the grid position is used without guessing the cause.,2025-05-24T16:00:00+00:00,2025-05-25T11:00:00+00:00
2025-08,2025,8,2025-05-25,monaco,gasly,18,71.994,2.916202075649701,-0.8306128352411182,False,17,17,-1,Official grid differs from qualifying order; the grid position is used without guessing the cause.,2025-05-24T16:00:00+00:00,2025-05-25T11:00:00+00:00
2025-09,2025,9,2025-06-01,catalunya,piastri,1,71.54599999999999,0.0,-0.2912689011218775,False,1,1,0,,2025-05-31T16:00:00+00:00,2025-06-01T11:00:00+00:00
2025-09,2025,9,2025-06-01,catalunya,norris,2,71.755,0.292119755122583,0.292119755122583,False,2,2,0,,2025-05-31T16:00:00+00:00,2025-06-01T11:00:00+00:00
2025-09,2025,9,2025-06-01,catalunya,leclerc,7,72.131,0.8176557739077069,0.1193698382955077,False,7,7,0,,2025-05-31T16:00:00+00:00,2025-06-01T11:00:00+00:00
2025-09,2025,9,2025-06-01,catalunya,russell,4,71.848,0.4221060576412472,-0.36471550803622915,False,4,4,0,,2025-05-31T16:00:00+00:00,2025-06-01T11:00:00+00:00
2025-09,2025,9,2025-06-01,catalunya,hulkenberg,16,73.19,2.297822380007276,0.5965143768211523,False,15,15,-1,Official grid differs from qualifying order; the grid position is used without guessing the cause.,2025-05-31T16:00:00+00:00,2025-06-01T11:00:00+00:00
2025-09,2025,9,2025-06-01,catalunya,hamilton,5,72.045,0.6974533866323896,-0.11922751660173646,False,5,5,0,,2025-05-31T16:00:00+00:00,2025-06-01T11:00:00+00:00
2025-09,2025,9,2025-06-01,catalunya,hadjar,9,72.252,0.9867777373997192,-0.702280004947583,False,9,9,0,,2025-05-31T16:00:00+00:00,2025-06-01T11:00:00+00:00
2025-09,2025,9,2025-06-01,catalunya,gasly,8,72.199,0.9126995219858636,-1.547713202607256,False,8,8,0,,2025-05-31T16:00:00+00:00,2025-06-01T11:00:00+00:00
2025-09,2025,9,2025-06-01,catalunya,alonso,10,72.284,1.031504207083574,0.0,False,10,10,0,,2025-05-31T16:00:00+00:00,2025-06-01T11:00:00+00:00
2025-09,2025,9,2025-06-01,catalunya,max_verstappen,3,71.848,0.4221060576412472,-2.094433467329844,False,3,3,0,,2025-05-31T16:00:00+00:00,2025-06-01T11:00:00+00:00
2025-09,2025,9,2025-06-01,catalunya,lawson,13,72.763,1.7010035501635494,0.7072468582184713,False,13,13,0,,2025-05-31T16:00:00+00:00,2025-06-01T11:00:00+00:00
2025-09,2025,9,2025-06-01,catalunya,bortoleto,12,72.756,1.6912196349202027,-0.5929771826752255,False,12,12,0,,2025-05-31T16:00:00+00:00,2025-06-01T11:00:00+00:00
2025-09,2025,9,2025-06-01,catalunya,tsunoda,20,73.385,2.570374304643185,2.139238392161238,False,19,19,-1,Official grid differs from qualifying order; the grid position is used without guessing the cause.,2025-05-31T16:00:00+00:00,2025-06-01T11:00:00+00:00
2025-09,2025,9,2025-06-01,catalunya,sainz,18,73.203,2.3159925083163433,0.7736677633843113,False,17,17,-1,Official grid differs from qualifying order; the grid position is used without guessing the cause.,2025-05-31T16:00:00+00:00,2025-06-01T11:00:00+00:00
2025-09,2025,9,2025-06-01,catalunya,colapinto,19,73.334,2.4990914935845625,1.5720439341265187,False,18,18,-1,Official grid differs from qualifying order; the grid position is used without guessing the cause.,2025-05-31T16:00:00+00:00,2025-06-01T11:00:00+00:00
2025-09,2025,9,2025-06-01,catalunya,ocon,17,73.201,2.31319710396109,0.1737964255412258,False,16,16,-1,Official grid differs from qualifying order; the grid position is used without guessing the cause.,2025-05-31T16:00:00+00:00,2025-06-01T11:00:00+00:00
2025-09,2025,9,2025-06-01,catalunya,bearman,15,73.074,2.1356889274033573,-0.17349489761068201,False,14,14,-1,Official grid differs from qualifying order; the grid position is used without guessing the cause.,2025-05-31T16:00:00+00:00,2025-06-01T11:00:00+00:00
2025-09,2025,9,2025-06-01,catalunya,antonelli,6,72.111,0.7897017303553127,0.3660505511635748,False,6,6,0,,2025-05-31T16:00:00+00:00,2025-06-01T11:00:00+00:00
2025-09,2025,9,2025-06-01,catalunya,albon,11,72.641,1.5304838844939104,-0.7677280985751918,False,11,11,0,,2025-05-31T16:00:00+00:00,2025-06-01T11:00:00+00:00
2025-10,2025,10,2025-06-15,villeneuve,russell,1,70.899,0.0,-0.6891624994747299,False,1,1,0,,2025-06-14T22:00:00+00:00,2025-06-15T16:00:00+00:00
2025-10,2025,10,2025-06-15,villeneuve,max_verstappen,2,71.059,0.22567314066488467,-1.4465618152062443,False,2,2,0,,2025-06-14T22:00:00+00:00,2025-06-15T16:00:00+00:00
2025-10,2025,10,2025-06-15,villeneuve,antonelli,4,71.391,0.6939449075445414,0.6939449075445414,False,4,4,0,,2025-06-14T22:00:00+00:00,2025-06-15T16:00:00+00:00
2025-10,2025,10,2025-06-15,villeneuve,piastri,3,71.12,0.31171102554338376,-0.6690037570357117,False,3,3,0,,2025-06-14T22:00:00+00:00,2025-06-15T16:00:00+00:00
2025-10,2025,10,2025-06-15,villeneuve,leclerc,8,71.626,1.025402332896097,0.13980930011465556,False,8,8,0,,2025-06-14T22:00:00+00:00,2025-06-15T16:00:00+00:00
2025-10,2025,10,2025-06-15,villeneuve,hamilton,5,71.526,0.8843566199805291,-0.1396141066093437,False,5,5,0,,2025-06-14T22:00:00+00:00,2025-06-15T16:00:00+00:00
2025-10,2025,10,2025-06-15,villeneuve,alonso,6,71.586,0.9689840477298659,-1.2838368934180915,False,6,6,0,,2025-06-14T22:00:00+00:00,2025-06-15T16:00:00+00:00
2025-10,2025,10,2025-06-15,villeneuve,hulkenberg,13,72.18299999999999,1.8110269538357266,-0.27906334185261084,False,11,11,-2,Official grid differs from qualifying order; the grid position is used without guessing the cause.,2025-06-14T22:00:00+00:00,2025-06-15T16:00:00+00:00
2025-10,2025,10,2025-06-15,villeneuve,ocon,15,72.378,2.086066094021071,0.0995767986059286,False,14,14,-1,Official grid differs from qualifying order; the grid position is used without guessing the cause.,2025-06-14T22:00:00+00:00,2025-06-15T16:00:00+00:00
2025-10,2025,10,2025-06-15,villeneuve,sainz,17,72.398,2.114275236604177,0.703833528069883,False,16,16,-1,Official grid differs from qualifying order; the grid position is used without guessing the cause.,2025-06-14T22:00:00+00:00,2025-06-15T16:00:00+00:00
2025-10,2025,10,2025-06-15,villeneuve,bearman,14,72.306,1.984513180721867,-0.09947774185526366,False,13,13,-1,Official grid differs from qualifying order; the grid position is used without guessing the cause.,2025-06-14T22:00:00+00:00,2025-06-15T16:00:00+00:00
2025-10,2025,10,2025-06-15,villeneuve,tsunoda,11,72.102,1.6967799263741419,1.4677943680603533,False,18,18,7,Official grid differs from qualifying order; the grid position is used without guessing the cause.,2025-06-14T22:00:00+00:00,2025-06-15T16:00:00+00:00
2025-10,2025,10,2025-06-15,villeneuve,colapinto,12,72.142,1.7531982115403533,-0.72247375012042,False,10,10,-2,Official grid differs from qualifying order; the grid position is used without guessing the cause.,2025-06-14T22:00:00+00:00,2025-06-15T16:00:00+00:00
2025-10,2025,10,2025-06-15,villeneuve,bortoleto,16,72.385,2.095939293925167,0.2798442846653816,False,15,15,-1,Official grid differs from qualifying order; the grid position is used without guessing the cause.,2025-06-14T22:00:00+00:00,2025-06-15T16:00:00+00:00
2025-10,2025,10,2025-06-15,villeneuve,gasly,20,72.667,2.4936882043470296,0.7277314185911199,False,20,20,0,,2025-06-14T22:00:00+00:00,2025-06-15T16:00:00+00:00
2025-10,2025,10,2025-06-15,villeneuve,hadjar,9,71.867,1.3653225010225862,-0.9072733540158582,False,12,12,3,Official grid differs from qualifying order; the grid position is used without guessing the cause.,2025-06-14T22:00:00+00:00,2025-06-15T16:00:00+00:00
2025-10,2025,10,2025-06-15,villeneuve,stroll,18,72.517,2.282119634973688,1.3005336238929364,False,17,17,-1,Official grid differs from qualifying order; the grid position is used without guessing the cause.,2025-06-14T22:00:00+00:00,2025-06-15T16:00:00+00:00
2025-10,2025,10,2025-06-15,villeneuve,norris,7,71.599,0.9873199904088956,0.6735095613048357,False,7,7,0,,2025-06-14T22:00:00+00:00,2025-06-15T16:00:00+00:00
2025-10,2025,10,2025-06-15,villeneuve,lawson,19,72.525,2.2934032920069463,0.9155801689231514,False,19,19,0,,2025-06-14T22:00:00+00:00,2025-06-15T16:00:00+00:00
2025-10,2025,10,2025-06-15,villeneuve,albon,10,71.892,1.4005839292514632,-0.6989143346501289,False,9,9,-1,Official grid differs from qualifying order; the grid position is used without guessing the cause.,2025-06-14T22:00:00+00:00,2025-06-15T16:00:00+00:00
2025-11,2025,11,2025-06-29,red_bull_ring,norris,1,63.971000000000004,0.0,-0.9031198686371076,False,1,1,0,,2025-06-28T16:00:00+00:00,2025-06-29T11:00:00+00:00
2025-11,2025,11,2025-06-29,red_bull_ring,piastri,3,64.554,0.9113504556752253,0.9113504556752253,False,3,3,0,,2025-06-28T16:00:00+00:00,2025-06-29T11:00:00+00:00
2025-11,2025,11,2025-06-29,red_bull_ring,leclerc,2,64.492,0.8144315392912426,-0.13935771577217987,False,2,2,0,,2025-06-28T16:00:00+00:00,2025-06-29T11:00:00+00:00
2025-11,2025,11,2025-06-29,red_bull_ring,hamilton,4,64.582,0.9551202888808834,0.13955219251998574,False,4,4,0,,2025-06-28T16:00:00+00:00,2025-06-29T11:00:00+00:00
2025-11,2025,11,2025-06-29,red_bull_ring,russell,5,64.763,1.238060996388991,-0.4442599766340578,False,5,5,0,,2025-06-28T16:00:00+00:00,2025-06-29T11:00:00+00:00
2025-11,2025,11,2025-06-29,red_bull_ring,lawson,6,64.926,1.4928639539791442,-0.21056514455220393,False,6,6,0,,2025-06-28T16:00:00+00:00,2025-06-29T11:00:00+00:00
2025-11,2025,11,2025-06-29,red_bull_ring,alonso,11,65.128,1.8086320363914843,-0.3076734681381828,False,11,11,0,,2025-06-28T16:00:00+00:00,2025-06-29T11:00:00+00:00
2025-11,2025,11,2025-06-29,red_bull_ring,bortoleto,8,64.846,1.3678072876772287,-1.1584306313446802,False,8,8,0,,2025-06-28T16:00:00+00:00,2025-06-29T11:00:00+00:00
2025-11,2025,11,2025-06-29,red_bull_ring,hulkenberg,20,65.606,2.555845617545436,1.172007525521992,False,20,20,0,,2025-06-28T16:00:00+00:00,2025-06-29T11:00:00+00:00
2025-11,2025,11,2025-06-29,red_bull_ring,ocon,17,65.364,2.177549201982149,0.22386457726394676,False,17,17,0,,2025-06-28T16:00:00+00:00,2025-06-29T11:00:00+00:00
2025-11,2025,11,2025-06-29,red_bull_ring,bearman,15,65.218,1.9493207859811474,-0.2233645431736136,False,15,15,0,,2025-06-28T16:00:00+00:00,2025-06-29T11:00:00+00:00
2025-11,2025,11,2025-06-29,red_bull_ring,hadjar,13,65.063,1.7070234950211796,0.21100945692018674,False,13,13,0,,2025-06-28T16:00:00+00:00,2025-06-29T11:00:00+00:00
2025-11,2025,11,2025-06-29,red_bull_ring,gasly,10,64.846,1.3678072876772287,-0.6617849811575143,False,10,10,0,,2025-06-28T16:00:00+00:00,2025-06-29T11:00:00+00:00
2025-11,2025,11,2025-06-29,red_bull_ring,stroll,16,65.329,2.1228369104750433,0.30862301928509,False,16,16,0,,2025-06-28T16:00:00+00:00,2025-06-29T11:00:00+00:00
2025-11,2025,11,2025-06-29,red_bull_ring,colapinto,14,65.278,2.0431132857075895,0.6661937513493541,False,14,14,0,,2025-06-28T16:00:00+00:00,2025-06-29T11:00:00+00:00
2025-11,2025,11,2025-06-29,red_bull_ring,tsunoda,18,65.369,2.185365243626012,0.8220741563329035,False,18,18,0,,2025-06-28T16:00:00+00:00,2025-06-29T11:00:00+00:00
2025-11,2025,11,2025-06-29,red_bull_ring,albon,12,65.143,1.8320801613230946,-0.6693909914305648,False,12,12,0,,2025-06-28T16:00:00+00:00,2025-06-29T11:00:00+00:00
2025-11,2025,11,2025-06-29,red_bull_ring,max_verstappen,7,64.836,1.352175204389481,-0.8153712004161012,False,7,7,0,,2025-06-28T16:00:00+00:00,2025-06-29T11:00:00+00:00
2025-11,2025,11,2025-06-29,red_bull_ring,antonelli,9,65.05199999999999,1.6898282034046503,0.44624245325260914,False,9,9,0,,2025-06-28T16:00:00+00:00,2025-06-29T11:00:00+00:00
2025-11,2025,11,2025-06-29,red_bull_ring,sainz,19,65.582,2.518328617654859,0.6739020309165881,False,19,19,0,,2025-06-28T16:00:00+00:00,2025-06-29T11:00:00+00:00
2025-12,2025,12,2025-07-06,silverstone,norris,3,85.01,0.13900014135608682,0.017648096946879896,False,3,3,0,,2025-07-05T16:00:00+00:00,2025-07-06T12:00:00+00:00
2025-12,2025,12,2025-07-06,silverstone,piastri,2,84.995,0.1213306318616697,-0.017644982943183823,False,2,2,0,,2025-07-05T16:00:00+00:00,2025-07-06T12:00:00+00:00
2025-12,2025,12,2025-07-06,silverstone,hulkenberg,19,86.574,1.981340997973899,0.1480693149480602,False,19,19,0,,2025-07-05T16:00:00+00:00,2025-07-06T12:00:00+00:00
2025-12,2025,12,2025-07-06,silverstone,hamilton,5,85.084,0.22616972152853893,-0.04346753445094857,False,5,5,0,,2025-07-05T16:00:00+00:00,2025-07-06T12:00:00+00:00
2025-12,2025,12,2025-07-06,silverstone,max_verstappen,1,84.892,0.0,-1.0882483163610066,False,1,1,0,,2025-07-05T16:00:00+00:00,2025-07-06T12:00:00+00:00
2025-12,2025,12,2025-07-06,silverstone,gasly,10,85.711,0.9647552183951404,-1.549506087755575,False,8,8,-2,Official grid differs from qualifying order; the grid position is used without guessing the cause.,2025-07-05T16:00:00+00:00,2025-07-06T12:00:00+00:00
2025-12,2025,12,2025-07-06,silverstone,stroll,18,86.504,1.8988832869999634,1.0643393735469038,False,17,17,-1,Official grid differs from qualifying order; the grid position is used without guessing the cause.,2025-07-05T16:00:00+00:00,2025-07-06T12:00:00+00:00
2025-12,2025,12,2025-07-06,silverstone,albon,14,85.889,1.174433397728879,0.16677162783103666,False,13,13,-1,Official grid differs from qualifying order; the grid position is used without guessing the cause.,2025-07-05T16:00:00+00:00,2025-07-06T12:00:00+00:00
2025-12,2025,12,2025-07-06,silverstone,alonso,9,85.593,0.8257550770390704,-1.0531304910755588,False,7,7,-2,Official grid differs from qualifying order; the grid position is used without guessing the cause.,2025-07-05T16:00:00+00:00,2025-07-06T12:00:00+00:00
2025-12,2025,12,2025-07-06,silverstone,russell,4,85.029,0.161381520049004,-0.40410429404736675,False,4,4,0,,2025-07-05T16:00:00+00:00,2025-07-06T12:00:00+00:00
2025-12,2025,12,2025-07-06,silverstone,bearman,8,85.471,0.6820430664844835,-0.5573007562536348,False,18,18,10,Official grid differs from qualifying order; the grid position is used without guessing the cause.,2025-07-05T16:00:00+00:00,2025-07-06T12:00:00+00:00
2025-12,2025,12,2025-07-06,silverstone,sainz,11,85.746,1.0059840738821082,-0.1664939631384702,False,9,9,-2,Official grid differs from qualifying order; the grid position is used without guessing the cause.,2025-07-05T16:00:00+00:00,2025-07-06T12:00:00+00:00
2025-12,2025,12,2025-07-06,silverstone,ocon,15,85.95,1.2462894030061809,0.5604240034631619,False,14,14,-1,Official grid differs from qualifying order; the grid position is used without guessing the cause.,2025-07-05T16:00:00+00:00,2025-07-06T12:00:00+00:00
2025-12,2025,12,2025-07-06,silverstone,leclerc,6,85.121,0.2697545116147566,0.04348643693290387,False,6,6,0,,2025-07-05T16:00:00+00:00,2025-07-06T12:00:00+00:00
2025-12,2025,12,2025-07-06,silverstone,tsunoda,12,85.826,1.100221457852327,1.100221457852327,False,11,11,-1,Official grid differs from qualifying order; the grid position is used without guessing the cause.,2025-07-05T16:00:00+00:00,2025-07-06T12:00:00+00:00
2025-12,2025,12,2025-07-06,silverstone,antonelli,7,85.374,0.5677802384205807,0.4057439226616788,False,10,10,3,Official grid differs from qualifying order; the grid position is used without guessing the cause.,2025-07-05T16:00:00+00:00,2025-07-06T12:00:00+00:00
2025-12,2025,12,2025-07-06,silverstone,hadjar,13,85.864,1.1449842152381948,-0.6663581675150317,False,12,12,-1,Official grid differs from qualifying order; the grid position is used without guessing the cause.,2025-07-05T16:00:00+00:00,2025-07-06T12:00:00+00:00
2025-12,2025,12,2025-07-06,silverstone,bortoleto,17,86.446,1.830561183621545,-0.14785039388269008,False,16,16,-1,Official grid differs from qualifying order; the grid position is used without guessing the cause.,2025-07-05T16:00:00+00:00,2025-07-06T12:00:00+00:00
2025-12,2025,12,2025-07-06,silverstone,lawson,16,86.44,1.8234933798237782,0.6708282865927436,False,15,15,-1,Official grid differs from qualifying order; the grid position is used without guessing the cause.,2025-07-05T16:00:00+00:00,2025-07-06T12:00:00+00:00
2025-12,2025,12,2025-07-06,silverstone,colapinto,20,87.06,2.553833105592996,1.573893665923865,False,20,20,0,,2025-07-05T16:00:00+00:00,2025-07-06T12:00:00+00:00
2025-13,2025,13,2025-07-27,spa,piastri,2,100.626,0.06364233010481808,0.06364233010481808,False,2,2,0,,2025-07-26T16:00:00+00:00,2025-07-27T11:00:00+00:00
2025-13,2025,13,2025-07-27,spa,norris,1,100.562,0.0,-0.06360185240395838,False,1,1,0,,2025-07-26T16:00:00+00:00,2025-07-27T11:00:00+00:00
2025-13,2025,13,2025-07-27,spa,leclerc,3,100.9,0.3361110558660409,-1.0192369946732727,False,3,3,0,,2025-07-26T16:00:00+00:00,2025-07-27T11:00:00+00:00
2025-13,2025,13,2025-07-27,spa,max_verstappen,4,100.90299999999999,0.33909429008968994,-0.3377944589856417,False,4,4,0,,2025-07-26T16:00:00+00:00,2025-07-27T11:00:00+00:00
2025-13,2025,13,2025-07-27,spa,russell,6,101.25399999999999,0.6881326942582616,-0.8664662861394954,False,6,6,0,,2025-07-26T16:00:00+00:00,2025-07-27T11:00:00+00:00
2025-13,2025,13,2025-07-27,spa,albon,5,101.201,0.6354288896402178,-0.48185188463090056,False,5,5,0,,2025-07-26T16:00:00+00:00,2025-07-27T11:00:00+00:00
2025-13,2025,13,2025-07-27,spa,hamilton,16,101.939,1.3693045086613187,1.0297324083250616,False,18,18,2,Official grid differs from qualifying order; the grid position is used without guessing the cause.,2025-07-26T16:00:00+00:00,2025-07-27T11:00:00+00:00
2025-13,2025,13,2025-07-27,spa,lawson,9,101.297,0.7308923847974378,0.015797632329845806,False,9,9,0,,2025-07-26T16:00:00+00:00,2025-07-27T11:00:00+00:00
2025-13,2025,13,2025-07-27,spa,bortoleto,10,101.336,0.7696744297050585,-0.3647733194372021,False,10,10,0,,2025-07-26T16:00:00+00:00,2025-07-27T11:00:00+00:00
2025-13,2025,13,2025-07-27,spa,gasly,13,101.63300000000001,1.0650146178477082,-0.3812903099331336,False,13,13,0,,2025-07-26T16:00:00+00:00,2025-07-27T11:00:00+00:00
2025-13,2025,13,2025-07-27,spa,bearman,12,101.61699999999999,1.0491040353214858,0.09061807436590448,False,12,12,0,,2025-07-26T16:00:00+00:00,2025-07-27T11:00:00+00:00
2025-13,2025,13,2025-07-27,spa,hulkenberg,14,101.707,1.1386010620313798,0.36610878661087387,False,14,14,0,,2025-07-26T16:00:00+00:00,2025-07-27T11:00:00+00:00
2025-13,2025,13,2025-07-27,spa,tsunoda,7,101.245,0.6791829915872863,0.3389393774218933,False,7,7,0,,2025-07-26T16:00:00+00:00,2025-07-27T11:00:00+00:00
2025-13,2025,13,2025-07-27,spa,stroll,20,102.50200000000001,1.929158131302094,0.11427455193633701,False,16,16,-4,Official grid differs from qualifying order; the grid position is used without guessing the cause.,2025-07-26T16:00:00+00:00,2025-07-27T11:00:00+00:00
2025-13,2025,13,2025-07-27,spa,ocon,11,101.525,0.9576181857958355,-0.09053603235677549,False,11,11,0,,2025-07-26T16:00:00+00:00,2025-07-27T11:00:00+00:00
2025-13,2025,13,2025-07-27,spa,antonelli,18,102.13900000000001,1.56818679023887,0.8740395441167947,False,19,19,1,Official grid differs from qualifying order; the grid position is used without guessing the cause.,2025-07-26T16:00:00+00:00,2025-07-27T11:00:00+00:00
2025-13,2025,13,2025-07-27,spa,alonso,19,102.38499999999999,1.812811996579218,-0.11414411426120333,False,20,20,1,Official grid differs from qualifying order; the grid position is used without guessing the cause.,2025-07-26T16:00:00+00:00,2025-07-27T11:00:00+00:00
2025-13,2025,13,2025-07-27,spa,sainz,15,101.691,1.1226904795051857,0.4841849388840121,False,17,17,2,Official grid differs from qualifying order; the grid position is used without guessing the cause.,2025-07-26T16:00:00+00:00,2025-07-27T11:00:00+00:00
2025-13,2025,13,2025-07-27,spa,colapinto,17,102.02199999999999,1.4518406555159937,0.3827496974407737,False,15,15,-2,Official grid differs from qualifying order; the grid position is used without guessing the cause.,2025-07-26T16:00:00+00:00,2025-07-27T11:00:00+00:00
2025-13,2025,13,2025-07-27,spa,hadjar,8,101.281,0.714981802271244,-0.015795137072165153,False,8,8,0,,2025-07-26T16:00:00+00:00,2025-07-27T11:00:00+00:00
2025-14,2025,14,2025-08-03,hungaroring,norris,3,74.89,0.0,-0.06805353544788825,False,3,3,0,,2025-08-02T16:00:00+00:00,2025-08-03T11:00:00+00:00
2025-14,2025,14,2025-08-03,hungaroring,piastri,2,74.941,0.06809987982374408,0.06809987982374408,False,2,2,0,,2025-08-02T16:00:00+00:00,2025-08-03T11:00:00+00:00
2025-14,2025,14,2025-08-03,hungaroring,russell,4,75.201,0.41527573774868853,-0.7666728246813268,False,4,4,0,,2025-08-02T16:00:00+00:00,2025-08-03T11:00:00+00:00
2025-14,2025,14,2025-08-03,hungaroring,leclerc,1,75.372,0.6436106289224187,-0.4359197907584982,False,1,1,0,,2025-08-02T16:00:00+00:00,2025-08-03T11:00:00+00:00
2025-14,2025,14,2025-08-03,hungaroring,alonso,5,75.281,0.5220990786486919,0.20231867853957994,False,5,5,0,,2025-08-02T16:00:00+00:00,2025-08-03T11:00:00+00:00
2025-14,2025,14,2025-08-03,hungaroring,bortoleto,7,75.586,0.929363065829881,-0.6506223630078528,False,7,7,0,,2025-08-02T16:00:00+00:00,2025-08-03T11:00:00+00:00
2025-14,2025,14,2025-08-03,hungaroring,stroll,6,75.129,0.3191347309387159,-0.20191017653857016,False,6,6,0,,2025-08-02T16:00:00+00:00,2025-08-03T11:00:00+00:00
2025-14,2025,14,2025-08-03,hungaroring,lawson,9,75.63,0.9881159033248696,0.21333262664140423,False,9,9,0,,2025-08-02T16:00:00+00:00,2025-08-03T11:00:00+00:00
2025-14,2025,14,2025-08-03,hungaroring,max_verstappen,8,75.547,0.8772866871411357,-0.4637742262743961,False,8,8,0,,2025-08-02T16:00:00+00:00,2025-08-03T11:00:00+00:00
2025-14,2025,14,2025-08-03,hungaroring,antonelli,15,75.782,1.1910802510348457,0.7725961090942981,False,15,15,0,,2025-08-02T16:00:00+00:00,2025-08-03T11:00:00+00:00
2025-14,2025,14,2025-08-03,hungaroring,hadjar,10,75.469,0.7731339297636447,-0.2128784873727375,False,10,10,0,,2025-08-02T16:00:00+00:00,2025-08-03T11:00:00+00:00
2025-14,2025,14,2025-08-03,hungaroring,hamilton,12,75.702,1.0842569101348614,0.4378283712784566,False,12,12,0,,2025-08-02T16:00:00+00:00,2025-08-03T11:00:00+00:00
2025-14,2025,14,2025-08-03,hungaroring,hulkenberg,19,76.081,1.5903324876485543,0.6548831794247673,False,18,18,-1,Official grid differs from qualifying order; the grid position is used without guessing the cause.,2025-08-02T16:00:00+00:00,2025-08-03T11:00:00+00:00
2025-14,2025,14,2025-08-03,hungaroring,sainz,13,75.652,1.0174923220723733,-0.7491177203731131,False,13,13,0,,2025-08-02T16:00:00+00:00,2025-08-03T11:00:00+00:00
2025-14,2025,14,2025-08-03,hungaroring,albon,20,76.223,1.7799439177460255,0.7547718500502273,False,19,19,-1,Official grid differs from qualifying order; the grid position is used without guessing the cause.,2025-08-02T16:00:00+00:00,2025-08-03T11:00:00+00:00
2025-14,2025,14,2025-08-03,hungaroring,ocon,18,76.023,1.512885565496055,0.4346447538774454,False,17,17,-1,Official grid differs from qualifying order; the grid position is used without guessing the cause.,2025-08-02T16:00:00+00:00,2025-08-03T11:00:00+00:00
2025-14,2025,14,2025-08-03,hungaroring,tsunoda,16,75.899,1.3473093871010822,0.46593511324076914,False,20,20,4,Official grid differs from qualifying order; the grid position is used without guessing the cause.,2025-08-02T16:00:00+00:00,2025-08-03T11:00:00+00:00
2025-14,2025,14,2025-08-03,hungaroring,colapinto,14,75.875,1.315262384831085,-0.11979043256192769,False,14,14,0,,2025-08-02T16:00:00+00:00,2025-08-03T11:00:00+00:00
2025-14,2025,14,2025-08-03,hungaroring,gasly,17,75.966,1.4367739351048114,0.11993410214167245,False,16,16,-1,Official grid differs from qualifying order; the grid position is used without guessing the cause.,2025-08-02T16:00:00+00:00,2025-08-03T11:00:00+00:00
2025-14,2025,14,2025-08-03,hungaroring,bearman,11,75.694,1.0735745760448685,-0.4327637688594156,False,11,11,0,,2025-08-02T16:00:00+00:00,2025-08-03T11:00:00+00:00
2025-15,2025,15,2025-08-31,zandvoort,piastri,1,68.662,0.0,-0.01747386201473695,False,1,1,0,,2025-08-30T15:00:00+00:00,2025-08-31T11:00:00+00:00
2025-15,2025,15,2025-08-31,zandvoort,max_verstappen,3,68.925,0.3830357402930165,-1.0011203355261309,False,3,3,0,,2025-08-30T15:00:00+00:00,2025-08-31T11:00:00+00:00
2025-15,2025,15,2025-08-31,zandvoort,hadjar,4,69.208,0.7951996737642251,-0.252223167058209,False,4,4,0,,2025-08-30T15:00:00+00:00,2025-08-31T11:00:00+00:00
2025-15,2025,15,2025-08-31,zandvoort,russell,5,69.255,0.8636509277329371,-0.34248053760810376,False,5,5,0,,2025-08-30T15:00:00+00:00,2025-08-31T11:00:00+00:00
2025-15,2025,15,2025-08-31,zandvoort,albon,15,69.652,1.4418455623197617,0.2590971902349246,False,15,15,0,,2025-08-30T15:00:00+00:00,2025-08-31T11:00:00+00:00
2025-15,2025,15,2025-08-31,zandvoort,bearman,19,70.262,2.330255454254164,0.09259654971009833,False,20,20,1,Official grid differs from qualifying order; the grid position is used without guessing the cause.,2025-08-30T15:00:00+00:00,2025-08-31T11:00:00+00:00
2025-15,2025,15,2025-08-31,zandvoort,stroll,20,,,0.0,True,19,19,-1,Official grid differs from qualifying order; the grid position is used without guessing the cause.,2025-08-30T15:00:00+00:00,2025-08-31T11:00:00+00:00
2025-15,2025,15,2025-08-31,zandvoort,alonso,10,69.366,1.0253123998718263,0.0,False,10,10,0,,2025-08-30T15:00:00+00:00,2025-08-31T11:00:00+00:00
2025-15,2025,15,2025-08-31,zandvoort,tsunoda,12,69.622,1.3981532725524943,1.0112441059122275,False,12,12,0,,2025-08-30T15:00:00+00:00,2025-08-31T11:00:00+00:00
2025-15,2025,15,2025-08-31,zandvoort,ocon,18,70.197,2.235588826425092,-0.09251088781987095,False,18,18,0,,2025-08-30T15:00:00+00:00,2025-08-31T11:00:00+00:00
2025-15,2025,15,2025-08-31,zandvoort,colapinto,16,70.104,2.100142728146563,0.6706205034679822,False,16,16,0,,2025-08-30T15:00:00+00:00,2025-08-31T11:00:00+00:00
2025-15,2025,15,2025-08-31,zandvoort,lawson,8,69.383,1.050071364073271,0.2528609409316801,False,8,8,0,,2025-08-30T15:00:00+00:00,2025-08-31T11:00:00+00:00
2025-15,2025,15,2025-08-31,zandvoort,sainz,9,69.472,1.1796918237161573,-0.2584276115545954,False,9,9,0,,2025-08-30T15:00:00+00:00,2025-08-31T11:00:00+00:00
2025-15,2025,15,2025-08-31,zandvoort,hulkenberg,17,70.195,2.23267600710726,0.8230157134239082,False,17,17,0,,2025-08-30T15:00:00+00:00,2025-08-31T11:00:00+00:00
2025-15,2025,15,2025-08-31,zandvoort,bortoleto,13,69.622,1.3981532725524943,-0.8162974570838285,False,13,13,0,,2025-08-30T15:00:00+00:00,2025-08-31T11:00:00+00:00
2025-15,2025,15,2025-08-31,zandvoort,antonelli,11,69.493,1.2102764265532446,0.3436574976535984,False,11,11,0,,2025-08-30T15:00:00+00:00,2025-08-31T11:00:00+00:00
2025-15,2025,15,2025-08-31,zandvoort,gasly,14,69.637,1.4199994174361281,-0.6661531439004889,False,14,14,0,,2025-08-30T15:00:00+00:00,2025-08-31T11:00:00+00:00
2025-15,2025,15,2025-08-31,zandvoort,norris,2,68.674,0.017476915906906955,0.017476915906906955,False,2,2,0,,2025-08-30T15:00:00+00:00,2025-08-31T11:00:00+00:00
2025-15,2025,15,2025-08-31,zandvoort,leclerc,6,69.304,0.9350150010194807,0.06208400109730782,False,6,6,0,,2025-08-30T15:00:00+00:00,2025-08-31T11:00:00+00:00
2025-15,2025,15,2025-08-31,zandvoort,hamilton,7,69.261,0.8723893856863906,-0.06204548078033933,False,7,7,0,,2025-08-30T15:00:00+00:00,2025-08-31T11:00:00+00:00
2025-16,2025,16,2025-09-07,monza,max_verstappen,1,78.792,0.0,-0.8069693955912419,False,1,1,0,,2025-09-06T16:00:00+00:00,2025-09-07T11:00:00+00:00
2025-16,2025,16,2025-09-07,monza,norris,2,78.869,0.09772565742714766,-0.14307057304195836,False,2,2,0,,2025-09-06T16:00:00+00:00,2025-09-07T11:00:00+00:00
2025-16,2025,16,2025-09-07,monza,piastri,3,78.982,0.24114123261244508,0.14327555820411003,False,3,3,0,,2025-09-06T16:00:00+00:00,2025-09-07T11:00:00+00:00
2025-16,2025,16,2025-09-07,monza,leclerc,4,79.007,0.27287034216672174,-0.14786916738282976,False,4,4,0,,2025-09-06T16:00:00+00:00,2025-09-07T11:00:00+00:00
2025-16,2025,16,2025-09-07,monza,russell,6,79.157,0.4632449994923278,-0.05429292929293733,False,5,5,-1,Official grid differs from qualifying order; the grid position is used without guessing the cause.,2025-09-06T16:00:00+00:00,2025-09-07T11:00:00+00:00
2025-16,2025,16,2025-09-07,monza,hamilton,5,79.124,0.4213625748806905,0.1480881440884861,False,10,10,5,Official grid differs from qualifying order; the grid position is used without guessing the cause.,2025-09-06T16:00:00+00:00,2025-09-07T11:00:00+00:00
2025-16,2025,16,2025-09-07,monza,albon,14,79.583,1.003909026297082,0.06915803239111612,False,14,14,0,,2025-09-06T16:00:00+00:00,2025-09-07T11:00:00+00:00
2025-16,2025,16,2025-09-07,monza,bortoleto,8,79.32300000000001,0.673926286932691,-0.22013132405846328,False,7,7,-1,Official grid differs from qualifying order; the grid position is used without guessing the cause.,2025-09-06T16:00:00+00:00,2025-09-07T11:00:00+00:00
2025-16,2025,16,2025-09-07,monza,antonelli,7,79.2,0.5178190679256793,0.05432242252739034,False,6,6,-1,Official grid differs from qualifying order; the grid position is used without guessing the cause.,2025-09-06T16:00:00+00:00,2025-09-07T11:00:00+00:00
2025-16,2025,16,2025-09-07,monza,hadjar,16,79.917,1.427809929942126,-0.4509273907248406,False,19,19,3,Official grid differs from qualifying order; the grid position is used without guessing the cause.,2025-09-06T16:00:00+00:00,2025-09-07T11:00:00+00:00
2025-16,2025,16,2025-09-07,monza,sainz,13,79.52799999999999,0.9341049852776805,-0.06911023711094935,False,13,13,0,,2025-09-06T16:00:00+00:00,2025-09-07T11:00:00+00:00
2025-16,2025,16,2025-09-07,monza,bearman,11,79.446,0.8300335059396847,-0.3274492829989784,False,11,11,0,,2025-09-06T16:00:00+00:00,2025-09-07T11:00:00+00:00
2025-16,2025,16,2025-09-07,monza,tsunoda,10,79.43299999999999,0.8135343689714578,0.8135343689714578,False,9,9,-1,Official grid differs from qualifying order; the grid position is used without guessing the cause.,2025-09-06T16:00:00+00:00,2025-09-07T11:00:00+00:00
2025-16,2025,16,2025-09-07,monza,lawson,20,80.279,1.8872474362879414,0.4529699563296855,False,18,18,-2,Official grid differs from qualifying order; the grid position is used without guessing the cause.,2025-09-06T16:00:00+00:00,2025-09-07T11:00:00+00:00
2025-16,2025,16,2025-09-07,monza,ocon,15,79.707,1.1612854096862524,0.328525035873418,False,15,15,0,,2025-09-06T16:00:00+00:00,2025-09-07T11:00:00+00:00
2025-16,2025,16,2025-09-07,monza,gasly,19,80.10300000000001,1.6638745050258998,0.13876387638764404,False,20,20,1,Official grid differs from qualifying order; the grid position is used without guessing the cause.,2025-09-06T16:00:00+00:00,2025-09-07T11:00:00+00:00
2025-16,2025,16,2025-09-07,monza,colapinto,18,79.992,1.522997258604938,-0.13857158907906594,False,17,17,-1,Official grid differs from qualifying order; the grid position is used without guessing the cause.,2025-09-06T16:00:00+00:00,2025-09-07T11:00:00+00:00
2025-16,2025,16,2025-09-07,monza,stroll,17,79.94800000000001,1.4671540257894278,0.7383886494796159,False,16,16,-1,Official grid differs from qualifying order; the grid position is used without guessing the cause.,2025-09-06T16:00:00+00:00,2025-09-07T11:00:00+00:00
2025-16,2025,16,2025-09-07,monza,alonso,9,79.362,0.7234236978373353,-0.7329764346825595,False,8,8,-1,Official grid differs from qualifying order; the grid position is used without guessing the cause.,2025-09-06T16:00:00+00:00,2025-09-07T11:00:00+00:00
2025-16,2025,16,2025-09-07,monza,hulkenberg,12,79.498,0.8960300538125737,0.2206169711180832,False,12,12,0,,2025-09-06T16:00:00+00:00,2025-09-07T11:00:00+00:00
2025-17,2025,17,2025-09-21,baku,max_verstappen,1,101.11699999999999,0.0,-0.6592132667898049,False,1,1,0,,2025-09-20T14:00:00+00:00,2025-09-21T09:00:00+00:00
2025-17,2025,17,2025-09-21,baku,russell,5,101.455,0.3342662460318325,-0.008870141133801487,False,5,5,0,,2025-09-20T14:00:00+00:00,2025-09-21T09:00:00+00:00
2025-17,2025,17,2025-09-21,baku,sainz,2,101.595,0.4727197207195711,-2.10352868623407,False,2,2,0,,2025-09-20T14:00:00+00:00,2025-09-21T09:00:00+00:00
2025-17,2025,17,2025-09-21,baku,antonelli,4,101.464,0.34316682654747316,0.008870927997634757,False,4,4,0,,2025-09-20T14:00:00+00:00,2025-09-21T09:00:00+00:00
2025-17,2025,17,2025-09-21,baku,lawson,3,101.537,0.4153604240632297,-0.10821765521853595,False,3,3,0,,2025-09-20T14:00:00+00:00,2025-09-21T09:00:00+00:00
2025-17,2025,17,2025-09-21,baku,tsunoda,6,101.788,0.663587725110522,0.663587725110522,False,6,6,0,,2025-09-20T14:00:00+00:00,2025-09-21T09:00:00+00:00
2025-17,2025,17,2025-09-21,baku,norris,7,101.322,0.20273544507848584,-0.09071725797227083,False,7,7,0,,2025-09-20T14:00:00+00:00,2025-09-21T09:00:00+00:00
2025-17,2025,17,2025-09-21,baku,hamilton,12,101.821,0.6962231870012043,0.3577835163318807,False,12,12,0,,2025-09-20T14:00:00+00:00,2025-09-21T09:00:00+00:00
2025-17,2025,17,2025-09-21,baku,leclerc,10,101.458,0.3372331062037127,-0.35650798951100415,False,10,10,0,,2025-09-20T14:00:00+00:00,2025-09-21T09:00:00+00:00
2025-17,2025,17,2025-09-21,baku,hadjar,8,101.64699999999999,0.5241452970321521,0.10833489269919853,False,8,8,0,,2025-09-20T14:00:00+00:00,2025-09-21T09:00:00+00:00
2025-17,2025,17,2025-09-21,baku,bortoleto,13,102.277,1.1471859331269825,-0.6208947102491311,False,13,13,0,,2025-09-20T14:00:00+00:00,2025-09-21T09:00:00+00:00
2025-17,2025,17,2025-09-21,baku,bearman,15,102.666,1.5318888020807646,0.0,False,15,15,0,,2025-09-20T14:00:00+00:00,2025-09-21T09:00:00+00:00
2025-17,2025,17,2025-09-21,baku,albon,19,103.77799999999999,2.63160497245765,2.148727791722026,False,19,19,0,,2025-09-20T14:00:00+00:00,2025-09-21T09:00:00+00:00
2025-17,2025,17,2025-09-21,baku,ocon,20,,,0.0,True,20,20,0,,2025-09-20T14:00:00+00:00,2025-09-21T09:00:00+00:00
2025-17,2025,17,2025-09-21,baku,alonso,11,101.857,0.731825509063767,-0.23897905015621765,False,11,11,0,,2025-09-20T14:00:00+00:00,2025-09-21T09:00:00+00:00
2025-17,2025,17,2025-09-21,baku,hulkenberg,17,102.916,1.7791271497374397,0.6247738983349099,False,17,17,0,,2025-09-20T14:00:00+00:00,2025-09-21T09:00:00+00:00
2025-17,2025,17,2025-09-21,baku,stroll,14,102.101,0.9731301363766814,0.2395515281227601,False,14,14,0,,2025-09-20T14:00:00+00:00,2025-09-21T09:00:00+00:00
2025-17,2025,17,2025-09-21,baku,gasly,18,103.13900000000001,1.9996637558472068,0.35026610494363014,False,18,18,0,,2025-09-20T14:00:00+00:00,2025-09-21T09:00:00+00:00
2025-17,2025,17,2025-09-21,baku,colapinto,16,102.779,1.6436405352215813,-0.3490435237882989,False,16,16,0,,2025-09-20T14:00:00+00:00,2025-09-21T09:00:00+00:00
2025-17,2025,17,2025-09-21,baku,piastri,9,101.414,0.293719157016141,0.09079962890586324,False,9,9,0,,2025-09-20T14:00:00+00:00,2025-09-21T09:00:00+00:00
2025-18,2025,18,2025-10-05,marina_bay,russell,1,89.158,0.0,-0.423288696293158,False,1,1,0,,2025-10-04T15:00:00+00:00,2025-10-05T10:00:00+00:00
2025-18,2025,18,2025-10-05,marina_bay,max_verstappen,2,89.34,0.20413199039906924,-1.1211581242460185,False,2,2,0,,2025-10-04T15:00:00+00:00,2025-10-05T10:00:00+00:00
2025-18,2025,18,2025-10-05,marina_bay,norris,5,89.586,0.48004665874065955,0.06925517179750414,False,5,5,0,,2025-10-04T15:00:00+00:00,2025-10-05T10:00:00+00:00
2025-18,2025,18,2025-10-05,marina_bay,piastri,3,89.524,0.4105071894838373,-0.06920724220302013,False,3,3,0,,2025-10-04T15:00:00+00:00,2025-10-05T10:00:00+00:00
2025-18,2025,18,2025-10-05,marina_bay,antonelli,4,89.537,0.4250880459409193,0.4250880459409193,False,4,4,0,,2025-10-04T15:00:00+00:00,2025-10-05T10:00:00+00:00
2025-18,2025,18,2025-10-05,marina_bay,leclerc,7,89.78399999999999,0.7021243186253512,0.10703773080009524,False,7,7,0,,2025-10-04T15:00:00+00:00,2025-10-05T10:00:00+00:00
2025-18,2025,18,2025-10-05,marina_bay,alonso,10,89.955,0.893918661253053,-1.0929202080286753,False,10,10,0,,2025-10-04T15:00:00+00:00,2025-10-05T10:00:00+00:00
2025-18,2025,18,2025-10-05,marina_bay,hamilton,6,89.688,0.5944503017115694,-0.10692328254476235,False,6,6,0,,2025-10-04T15:00:00+00:00,2025-10-05T10:00:00+00:00
2025-18,2025,18,2025-10-05,marina_bay,bearman,9,89.868,0.796339083424924,-1.2320170570069011,False,9,9,0,,2025-10-04T15:00:00+00:00,2025-10-05T10:00:00+00:00
2025-18,2025,18,2025-10-05,marina_bay,sainz,20,,,0.0,True,18,18,-2,Official grid differs from qualifying order; the grid position is used without guessing the cause.,2025-10-04T15:00:00+00:00,2025-10-05T10:00:00+00:00
2025-18,2025,18,2025-10-05,marina_bay,hadjar,8,89.846,0.7716637878821894,-0.5248007085916625,False,8,8,0,,2025-10-04T15:00:00+00:00,2025-10-05T10:00:00+00:00
2025-18,2025,18,2025-10-05,marina_bay,tsunoda,13,90.35300000000001,1.3403171897081667,1.1338706066711497,False,13,13,0,,2025-10-04T15:00:00+00:00,2025-10-05T10:00:00+00:00
2025-18,2025,18,2025-10-05,marina_bay,stroll,15,90.949,2.0087933780479563,1.1049969429159023,False,15,15,0,,2025-10-04T15:00:00+00:00,2025-10-05T10:00:00+00:00
2025-18,2025,18,2025-10-05,marina_bay,albon,19,,,0.0,True,20,20,1,Official grid differs from qualifying order; the grid position is used without guessing the cause.,2025-10-04T15:00:00+00:00,2025-10-05T10:00:00+00:00
2025-18,2025,18,2025-10-05,marina_bay,lawson,12,90.32,1.303304246394033,0.5275693965229276,False,12,12,0,,2025-10-04T15:00:00+00:00,2025-10-05T10:00:00+00:00
2025-18,2025,18,2025-10-05,marina_bay,colapinto,16,90.982,2.045806321362074,-0.3057165711530625,False,16,16,0,,2025-10-04T15:00:00+00:00,2025-10-05T10:00:00+00:00
2025-18,2025,18,2025-10-05,marina_bay,bortoleto,14,90.82,1.8641064178200408,0.7532643303269346,False,14,14,0,,2025-10-04T15:00:00+00:00,2025-10-05T10:00:00+00:00
2025-18,2025,18,2025-10-05,marina_bay,ocon,17,90.989,2.053657551762044,1.2473850536342295,False,17,17,0,,2025-10-04T15:00:00+00:00,2025-10-05T10:00:00+00:00
2025-18,2025,18,2025-10-05,marina_bay,gasly,18,91.261,2.3587339330177826,0.30665406344111623,False,19,19,1,Official grid differs from qualifying order; the grid position is used without guessing the cause.,2025-10-04T15:00:00+00:00,2025-10-05T10:00:00+00:00
2025-18,2025,18,2025-10-05,marina_bay,hulkenberg,11,90.14099999999999,1.1025370690235199,-0.7476326800264282,False,11,11,0,,2025-10-04T15:00:00+00:00,2025-10-05T10:00:00+00:00
2025-19,2025,19,2025-10-19,americas,max_verstappen,1,92.50999999999999,0.0,-1.022831831896109,False,1,1,0,,2025-10-18T23:00:00+00:00,2025-10-19T17:00:00+00:00
2025-19,2025,19,2025-10-19,americas,norris,2,92.801,0.3145605880445477,-0.3040264707146247,False,2,2,0,,2025-10-18T23:00:00+00:00,2025-10-19T17:00:00+00:00
2025-19,2025,19,2025-10-19,americas,leclerc,3,92.807,0.3210463733650538,-0.11301016015154552,False,3,3,0,,2025-10-18T23:00:00+00:00,2025-10-19T17:00:00+00:00
2025-19,2025,19,2025-10-19,americas,hamilton,5,92.912,0.4345476164739112,0.11313801760643484,False,5,5,0,,2025-10-18T23:00:00+00:00,2025-10-19T17:00:00+00:00
2025-19,2025,19,2025-10-19,americas,piastri,6,93.084,0.6204734623284103,0.30495361041368224,False,6,6,0,,2025-10-18T23:00:00+00:00,2025-10-19T17:00:00+00:00
2025-19,2025,19,2025-10-19,americas,russell,4,92.826,0.34158469354664633,-0.23429775160139668,False,4,4,0,,2025-10-18T23:00:00+00:00,2025-10-19T17:00:00+00:00
2025-19,2025,19,2025-10-19,americas,tsunoda,13,93.46600000000001,1.033401794400624,1.033401794400624,False,13,13,0,,2025-10-18T23:00:00+00:00,2025-10-19T17:00:00+00:00
2025-19,2025,19,2025-10-19,americas,hulkenberg,11,93.334,0.890714517349489,-0.8403718459495317,False,11,11,0,,2025-10-18T23:00:00+00:00,2025-10-19T17:00:00+00:00
2025-19,2025,19,2025-10-19,americas,bearman,8,93.13900000000001,0.679926494433055,-1.0591059743349895,False,8,8,0,,2025-10-18T23:00:00+00:00,2025-10-19T17:00:00+00:00
2025-19,2025,19,2025-10-19,americas,alonso,10,93.16,0.7026267430548111,-1.4596995980537293,False,10,10,0,,2025-10-18T23:00:00+00:00,2025-10-19T17:00:00+00:00
2025-19,2025,19,2025-10-19,americas,lawson,12,93.36,0.9188195870716773,0.0,False,12,12,0,,2025-10-18T23:00:00+00:00,2025-10-19T17:00:00+00:00
2025-19,2025,19,2025-10-19,americas,stroll,18,94.53999999999999,2.194357366771161,1.4813224559896903,False,19,19,1,Official grid differs from qualifying order; the grid position is used without guessing the cause.,2025-10-18T23:00:00+00:00,2025-10-19T17:00:00+00:00
2025-19,2025,19,2025-10-19,americas,antonelli,7,93.044,0.5772348935250309,0.23484799517376978,False,7,7,0,,2025-10-18T23:00:00+00:00,2025-10-19T17:00:00+00:00
2025-19,2025,19,2025-10-19,americas,albon,19,94.69,2.356501999783815,1.6816287960139196,False,18,18,-1,Official grid differs from qualifying order; the grid position is used without guessing the cause.,2025-10-18T23:00:00+00:00,2025-10-19T17:00:00+00:00
2025-19,2025,19,2025-10-19,americas,ocon,17,94.136,1.7576478218571019,1.0704431011713522,False,17,17,0,,2025-10-18T23:00:00+00:00,2025-10-19T17:00:00+00:00
2025-19,2025,19,2025-10-19,americas,hadjar,20,,,0.0,True,20,20,0,,2025-10-18T23:00:00+00:00,2025-10-19T17:00:00+00:00
2025-19,2025,19,2025-10-19,americas,colapinto,15,94.039,1.6527942925089296,0.4700904924198036,False,15,15,0,,2025-10-18T23:00:00+00:00,2025-10-19T17:00:00+00:00
2025-19,2025,19,2025-10-19,americas,bortoleto,16,94.125,1.7457572154361791,0.8474939464718075,False,16,16,0,,2025-10-18T23:00:00+00:00,2025-10-19T17:00:00+00:00
2025-19,2025,19,2025-10-19,americas,gasly,14,93.59899999999999,1.1771700356718178,-0.46789098140134616,False,14,14,0,,2025-10-18T23:00:00+00:00,2025-10-19T17:00:00+00:00
2025-19,2025,19,2025-10-19,americas,sainz,9,93.124,0.6637120311317743,-1.6538177209842673,False,9,9,0,,2025-10-18T23:00:00+00:00,2025-10-19T17:00:00+00:00
2025-20,2025,20,2025-10-26,rodriguez,norris,1,75.586,0.0,-0.771916927035482,False,1,1,0,,2025-10-25T23:00:00+00:00,2025-10-26T18:00:00+00:00
2025-20,2025,20,2025-10-26,rodriguez,leclerc,2,75.848,0.34662503638239944,-0.118517738154815,False,2,2,0,,2025-10-25T23:00:00+00:00,2025-10-26T18:00:00+00:00
2025-20,2025,20,2025-10-26,rodriguez,max_verstappen,5,76.07,0.6403302198819817,-0.9711518433659775,False,5,5,0,,2025-10-25T23:00:00+00:00,2025-10-26T18:00:00+00:00
2025-20,2025,20,2025-10-26,rodriguez,bearman,10,76.46000000000001,1.156298785489389,-0.4906490362715818,False,9,9,-1,Official grid differs from qualifying order; the grid position is used without guessing the cause.,2025-10-25T23:00:00+00:00,2025-10-26T18:00:00+00:00
2025-20,2025,20,2025-10-26,rodriguez,piastri,8,76.174,0.7779218373773028,0.7779218373773028,False,7,7,-1,Official grid differs from qualifying order; the grid position is used without guessing the cause.,2025-10-25T23:00:00+00:00,2025-10-26T18:00:00+00:00
2025-20,2025,20,2025-10-26,rodriguez,antonelli,6,76.118,0.7038340433413549,0.11047689191677829,False,6,6,0,,2025-10-25T23:00:00+00:00,2025-10-26T18:00:00+00:00
2025-20,2025,20,2025-10-26,rodriguez,russell,4,76.03399999999999,0.5927023522874518,-0.11035497517013478,False,4,4,0,,2025-10-25T23:00:00+00:00,2025-10-26T18:00:00+00:00
2025-20,2025,20,2025-10-26,rodriguez,hamilton,3,75.938,0.4656947053687242,0.11865836937032409,False,3,3,0,,2025-10-25T23:00:00+00:00,2025-10-26T18:00:00+00:00
2025-20,2025,20,2025-10-26,rodriguez,ocon,12,76.837,1.6550683989098574,0.49306827099136186,False,11,11,-1,Official grid differs from qualifying order; the grid position is used without guessing the cause.,2025-10-25T23:00:00+00:00,2025-10-26T18:00:00+00:00
2025-20,2025,20,2025-10-26,rodriguez,bortoleto,16,77.412,2.4157912841002402,0.5141788719227369,False,16,16,0,,2025-10-25T23:00:00+00:00,2025-10-26T18:00:00+00:00
2025-20,2025,20,2025-10-26,rodriguez,tsunoda,11,76.816,1.6272854761463815,0.9806756934402647,False,10,10,-1,Official grid differs from qualifying order; the grid position is used without guessing the cause.,2025-10-25T23:00:00+00:00,2025-10-26T18:00:00+00:00
2025-20,2025,20,2025-10-26,rodriguez,albon,17,77.49,2.518984997221703,1.7302945964396337,False,17,17,0,,2025-10-25T23:00:00+00:00,2025-10-26T18:00:00+00:00
2025-20,2025,20,2025-10-26,rodriguez,hadjar,9,76.252,0.8811155504987653,-0.9212458258078808,False,8,8,-1,Official grid differs from qualifying order; the grid position is used without guessing the cause.,2025-10-25T23:00:00+00:00,2025-10-26T18:00:00+00:00
2025-20,2025,20,2025-10-26,rodriguez,stroll,19,77.606,2.6724525705818487,0.6523740969871287,False,19,19,0,,2025-10-25T23:00:00+00:00,2025-10-26T18:00:00+00:00
2025-20,2025,20,2025-10-26,rodriguez,gasly,18,77.54599999999999,2.593072791257632,-0.15964980043776159,False,18,18,0,,2025-10-25T23:00:00+00:00,2025-10-26T18:00:00+00:00
2025-20,2025,20,2025-10-26,rodriguez,colapinto,20,77.67,2.7571243351943524,0.1599050885925895,False,20,20,0,,2025-10-25T23:00:00+00:00,2025-10-26T18:00:00+00:00
2025-20,2025,20,2025-10-26,rodriguez,sainz,7,76.172,0.7752758447331497,-1.7008646276938932,False,12,12,5,Official grid differs from qualifying order; the grid position is used without guessing the cause.,2025-10-25T23:00:00+00:00,2025-10-26T18:00:00+00:00
2025-20,2025,20,2025-10-26,rodriguez,alonso,14,77.10300000000001,2.0069854205805444,-0.6481457619256061,False,14,14,0,,2025-10-25T23:00:00+00:00,2025-10-26T18:00:00+00:00
2025-20,2025,20,2025-10-26,rodriguez,hulkenberg,13,77.01599999999999,1.8918847405604116,-0.5115485971167454,False,13,13,0,,2025-10-25T23:00:00+00:00,2025-10-26T18:00:00+00:00
2025-20,2025,20,2025-10-26,rodriguez,lawson,15,76.961,1.8191199428465588,0.9298116770707696,False,15,15,0,,2025-10-25T23:00:00+00:00,2025-10-26T18:00:00+00:00
2025-21,2025,21,2025-11-09,interlagos,norris,1,69.511,0.0,-0.46395074103245115,False,1,1,0,,2025-11-08T20:00:00+00:00,2025-11-09T15:00:00+00:00
2025-21,2025,21,2025-11-09,interlagos,antonelli,2,69.685,0.2503200932226649,-0.2790497996565443,False,2,2,0,,2025-11-08T20:00:00+00:00,2025-11-09T15:00:00+00:00
2025-21,2025,21,2025-11-09,interlagos,max_verstappen,16,70.403,1.2832501330724781,-0.43557579443084204,False,19,19,3,Official grid differs from qualifying order; the grid position is used without guessing the cause.,2025-11-08T20:00:00+00:00,2025-11-09T15:00:00+00:00
2025-21,2025,21,2025-11-09,interlagos,russell,6,69.88,0.5308512321790793,0.27983066657098826,False,6,6,0,,2025-11-08T20:00:00+00:00,2025-11-09T15:00:00+00:00
2025-21,2025,21,2025-11-09,interlagos,piastri,4,69.83500000000001,0.466113277035307,0.466113277035307,False,4,4,0,,2025-11-08T20:00:00+00:00,2025-11-09T15:00:00+00:00
2025-21,2025,21,2025-11-09,interlagos,bearman,8,69.755,0.3510235790018843,-0.969647065504425,False,8,8,0,,2025-11-08T20:00:00+00:00,2025-11-09T15:00:00+00:00
2025-21,2025,21,2025-11-09,interlagos,lawson,7,69.95,0.6315547179583191,0.027169638643813842,False,7,7,0,,2025-11-08T20:00:00+00:00,2025-11-09T15:00:00+00:00
2025-21,2025,21,2025-11-09,interlagos,hadjar,5,69.931,0.6042209146753776,-0.02716225875626227,False,5,5,0,,2025-11-08T20:00:00+00:00,2025-11-09T15:00:00+00:00
2025-21,2025,21,2025-11-09,interlagos,hulkenberg,10,69.985,0.6819064608479287,0.0,False,10,10,0,,2025-11-08T20:00:00+00:00,2025-11-09T15:00:00+00:00
2025-21,2025,21,2025-11-09,interlagos,gasly,9,69.857,0.49776294399448096,-1.0972363801110057,False,9,9,0,,2025-11-08T20:00:00+00:00,2025-11-09T15:00:00+00:00
2025-21,2025,21,2025-11-09,interlagos,albon,12,70.053,0.7797327041763198,-0.1866522284281321,False,12,12,0,,2025-11-08T20:00:00+00:00,2025-11-09T15:00:00+00:00
2025-21,2025,21,2025-11-09,interlagos,ocon,17,70.438,1.3336018759620876,0.979141280194978,False,20,20,3,Official grid differs from qualifying order; the grid position is used without guessing the cause.,2025-11-08T20:00:00+00:00,2025-11-09T15:00:00+00:00
2025-21,2025,21,2025-11-09,interlagos,sainz,15,70.184,0.9681920847060205,0.187001270466647,False,15,15,0,,2025-11-08T20:00:00+00:00,2025-11-09T15:00:00+00:00
2025-21,2025,21,2025-11-09,interlagos,alonso,11,70.001,0.7049244004546175,-0.057109407347113894,False,11,11,0,,2025-11-08T20:00:00+00:00,2025-11-09T15:00:00+00:00
2025-21,2025,21,2025-11-09,interlagos,colapinto,18,70.632,1.6126943936930982,1.109409221695758,False,16,16,-2,Official grid differs from qualifying order; the grid position is used without guessing the cause.,2025-11-08T20:00:00+00:00,2025-11-09T15:00:00+00:00
2025-21,2025,21,2025-11-09,interlagos,stroll,14,70.041,0.7624692494713083,0.057142040827976796,False,14,14,0,,2025-11-08T20:00:00+00:00,2025-11-09T15:00:00+00:00
2025-21,2025,21,2025-11-09,interlagos,tsunoda,19,70.711,1.726345470501076,0.43748135732851257,False,17,17,-2,Official grid differs from qualifying order; the grid position is used without guessing the cause.,2025-11-08T20:00:00+00:00,2025-11-09T15:00:00+00:00
2025-21,2025,21,2025-11-09,interlagos,hamilton,13,70.016,0.7265037188358816,0.30801850976347533,False,13,13,0,,2025-11-08T20:00:00+00:00,2025-11-09T15:00:00+00:00
2025-21,2025,21,2025-11-09,interlagos,leclerc,3,69.801,0.41720015537110133,-0.3070726691042096,False,3,3,0,,2025-11-08T20:00:00+00:00,2025-11-09T15:00:00+00:00
2025-21,2025,21,2025-11-09,interlagos,bortoleto,20,,,0.0,True,18,18,-2,Official grid differs from qualifying order; the grid position is used without guessing the cause.,2025-11-08T20:00:00+00:00,2025-11-09T15:00:00+00:00
2025-22,2025,22,2025-11-23,vegas,max_verstappen,2,108.257,0.2992569533233342,-7.312625216185206,False,2,2,0,,2025-11-22T06:00:00+00:00,2025-11-23T02:00:00+00:00
2025-22,2025,22,2025-11-23,vegas,russell,4,108.803,0.8051216484147719,-6.457520160943648,False,4,4,0,,2025-11-22T06:00:00+00:00,2025-11-23T02:00:00+00:00
2025-22,2025,22,2025-11-23,vegas,antonelli,17,116.314,7.764003928326566,6.90330229864985,False,17,17,0,,2025-11-22T06:00:00+00:00,2025-11-23T02:00:00+00:00
2025-22,2025,22,2025-11-23,vegas,leclerc,9,109.872,1.7955417199399655,-6.184519489390778,False,9,9,0,,2025-11-22T06:00:00+00:00,2025-11-23T02:00:00+00:00
2025-22,2025,22,2025-11-23,vegas,sainz,3,108.29599999999999,0.33539014582985416,-6.818103596627092,False,3,3,0,,2025-11-22T06:00:00+00:00,2025-11-23T02:00:00+00:00
2025-22,2025,22,2025-11-23,vegas,hadjar,8,109.554,1.500917227194401,0.4511195466798742,False,8,8,0,,2025-11-22T06:00:00+00:00,2025-11-23T02:00:00+00:00
2025-22,2025,22,2025-11-23,vegas,hulkenberg,11,112.781,4.4907072840810205,-3.336647410734183,False,11,11,0,,2025-11-22T06:00:00+00:00,2025-11-23T02:00:00+00:00
2025-22,2025,22,2025-11-23,vegas,hamilton,20,117.11500000000001,8.50612411288381,6.592216397262277,False,19,19,-1,Official grid differs from qualifying order; the grid position is used without guessing the cause.,2025-11-22T06:00:00+00:00,2025-11-23T02:00:00+00:00
2025-22,2025,22,2025-11-23,vegas,ocon,13,112.987,4.681564659884742,-0.09461156206341567,False,13,13,0,,2025-11-22T06:00:00+00:00,2025-11-23T02:00:00+00:00
2025-22,2025,22,2025-11-23,vegas,bearman,14,113.094,4.780699316248816,0.0947011603104776,False,14,14,0,,2025-11-22T06:00:00+00:00,2025-11-23T02:00:00+00:00
2025-22,2025,22,2025-11-23,vegas,alonso,7,109.46600000000001,1.419385921025822,-2.9986708019494785,False,7,7,0,,2025-11-22T06:00:00+00:00,2025-11-23T02:00:00+00:00
2025-22,2025,22,2025-11-23,vegas,tsunoda,19,116.798,8.21242611225379,7.889559104723016,False,20,20,1,Official grid differs from qualifying order; the grid position is used without guessing the cause.,2025-11-22T06:00:00+00:00,2025-11-23T02:00:00+00:00
2025-22,2025,22,2025-11-23,vegas,gasly,10,111.53999999999999,3.3409305686808555,-1.8850663687622609,False,10,10,0,,2025-11-22T06:00:00+00:00,2025-11-23T02:00:00+00:00
2025-22,2025,22,2025-11-23,vegas,lawson,6,109.062,1.045083106342765,-0.4490935976778615,False,6,6,0,,2025-11-22T06:00:00+00:00,2025-11-23T02:00:00+00:00
2025-22,2025,22,2025-11-23,vegas,colapinto,15,113.68299999999999,5.326403172308999,1.921283844360768,False,15,15,0,,2025-11-22T06:00:00+00:00,2025-11-23T02:00:00+00:00
2025-22,2025,22,2025-11-23,vegas,albon,16,116.22,7.676913669464675,7.316983083401056,False,16,16,0,,2025-11-22T06:00:00+00:00,2025-11-23T02:00:00+00:00
2025-22,2025,22,2025-11-23,vegas,bortoleto,18,116.674,8.097541089925334,3.4518225587643316,False,18,18,0,,2025-11-22T06:00:00+00:00,2025-11-23T02:00:00+00:00
2025-22,2025,22,2025-11-23,vegas,stroll,12,112.85,4.554635240054104,3.0913708366067874,False,12,12,0,,2025-11-22T06:00:00+00:00,2025-11-23T02:00:00+00:00
2025-22,2025,22,2025-11-23,vegas,norris,1,107.934,0.0,-0.9425390736134958,False,1,1,0,,2025-11-22T06:00:00+00:00,2025-11-23T02:00:00+00:00
2025-22,2025,22,2025-11-23,vegas,piastri,5,108.961,0.9515074026720043,0.9515074026720043,False,5,5,0,,2025-11-22T06:00:00+00:00,2025-11-23T02:00:00+00:00
2025-23,2025,23,2025-11-30,losail,max_verstappen,3,79.651,0.3325481502009092,-1.374425774817052,False,3,3,0,,2025-11-29T20:00:00+00:00,2025-11-30T14:00:00+00:00
2025-23,2025,23,2025-11-30,losail,piastri,1,79.387,0.0,-0.135857601106993,False,1,1,0,,2025-11-29T20:00:00+00:00,2025-11-30T14:00:00+00:00
2025-23,2025,23,2025-11-30,losail,sainz,7,80.251,1.0883394006575438,-0.46881395031564344,False,7,7,0,,2025-11-29T20:00:00+00:00,2025-11-30T14:00:00+00:00
2025-23,2025,23,2025-11-30,losail,norris,2,79.495,0.13604242508219747,0.13604242508219747,False,2,2,0,,2025-11-29T20:00:00+00:00,2025-11-30T14:00:00+00:00
2025-23,2025,23,2025-11-30,losail,antonelli,5,79.846,0.5781803065993213,0.23097587306369094,False,5,5,0,,2025-11-29T20:00:00+00:00,2025-11-30T14:00:00+00:00
2025-23,2025,23,2025-11-30,losail,russell,4,79.662,0.34640432312595976,-0.2304436039375767,False,4,4,0,,2025-11-29T20:00:00+00:00,2025-11-30T14:00:00+00:00
2025-23,2025,23,2025-11-30,losail,alonso,8,80.219,1.0480305339665104,-1.0350613141207514,False,8,8,0,,2025-11-29T20:00:00+00:00,2025-11-30T14:00:00+00:00
2025-23,2025,23,2025-11-30,losail,leclerc,10,80.343,1.2042273923942246,-0.6970966665430592,False,10,10,0,,2025-11-29T20:00:00+00:00,2025-11-30T14:00:00+00:00
2025-23,2025,23,2025-11-30,losail,lawson,12,80.43299999999999,1.3175960799627044,0.39818258980950694,False,12,12,0,,2025-11-29T20:00:00+00:00,2025-11-30T14:00:00+00:00
2025-23,2025,23,2025-11-30,losail,tsunoda,16,80.761,1.7307619635456628,1.3935794905274252,False,15,15,-1,Official grid differs from qualifying order; the grid position is used without guessing the cause.,2025-11-29T20:00:00+00:00,2025-11-30T14:00:00+00:00
2025-23,2025,23,2025-11-30,losail,albon,15,80.629,1.564487888445217,0.471022167948063,False,14,14,-1,Official grid differs from qualifying order; the grid position is used without guessing the cause.,2025-11-29T20:00:00+00:00,2025-11-30T14:00:00+00:00
2025-23,2025,23,2025-11-30,losail,hamilton,18,80.907,1.914671167823442,0.7019902169448401,False,17,17,-1,Official grid differs from qualifying order; the grid position is used without guessing the cause.,2025-11-29T20:00:00+00:00,2025-11-30T14:00:00+00:00
2025-23,2025,23,2025-11-30,losail,bortoleto,14,80.53399999999999,1.444820940456235,0.22525605764561765,False,19,19,5,Official grid differs from qualifying order; the grid position is used without guessing the cause.,2025-11-29T20:00:00+00:00,2025-11-30T14:00:00+00:00
2025-23,2025,23,2025-11-30,losail,colapinto,20,81.137,2.204391147165153,1.0121507893033244,False,20,20,0,,2025-11-29T20:00:00+00:00,2025-11-30T14:00:00+00:00
2025-23,2025,23,2025-11-30,losail,ocon,17,80.864,1.860506128207394,0.5296004376041198,False,16,16,-1,Official grid differs from qualifying order; the grid position is used without guessing the cause.,2025-11-29T20:00:00+00:00,2025-11-30T14:00:00+00:00
2025-23,2025,23,2025-11-30,losail,gasly,9,80.324,1.1802940027964246,-1.0020089478289835,False,9,9,0,,2025-11-29T20:00:00+00:00,2025-11-30T14:00:00+00:00
2025-23,2025,23,2025-11-30,losail,stroll,19,81.05799999999999,2.1048786325216877,1.04588688465326,False,18,18,-1,Official grid differs from qualifying order; the grid position is used without guessing the cause.,2025-11-29T20:00:00+00:00,2025-11-30T14:00:00+00:00
2025-23,2025,23,2025-11-30,losail,hadjar,6,80.114,0.9157670651366141,-0.3966033841830945,False,6,6,0,,2025-11-29T20:00:00+00:00,2025-11-30T14:00:00+00:00
2025-23,2025,23,2025-11-30,losail,bearman,13,80.438,1.3238943403831887,-0.5268104471705604,False,13,13,0,,2025-11-29T20:00:00+00:00,2025-11-30T14:00:00+00:00
2025-23,2025,23,2025-11-30,losail,hulkenberg,11,80.35300000000001,1.2168239132351746,-0.22474979511756923,False,11,11,0,,2025-11-29T20:00:00+00:00,2025-11-30T14:00:00+00:00
2025-24,2025,24,2025-12-07,yas_marina,max_verstappen,1,82.207,0.0,-0.9959775513644992,False,1,1,0,,2025-12-06T16:00:00+00:00,2025-12-07T11:00:00+00:00
2025-24,2025,24,2025-12-07,yas_marina,piastri,3,82.437,0.27978152712056636,0.035190758178813175,False,3,3,0,,2025-12-06T16:00:00+00:00,2025-12-07T11:00:00+00:00
2025-24,2025,24,2025-12-07,yas_marina,norris,2,82.408,0.24450472587493477,-0.03517837864065452,False,2,2,0,,2025-12-06T16:00:00+00:00,2025-12-07T11:00:00+00:00
2025-24,2025,24,2025-12-07,yas_marina,leclerc,5,82.73,0.6361988638437243,-0.7962203515840486,False,5,5,0,,2025-12-06T16:00:00+00:00,2025-12-07T11:00:00+00:00
2025-24,2025,24,2025-12-07,yas_marina,russell,4,82.645,0.5328013429513332,-0.3003836224576078,False,4,4,0,,2025-12-06T16:00:00+00:00,2025-12-07T11:00:00+00:00
2025-24,2025,24,2025-12-07,yas_marina,alonso,6,82.861,0.7955526901602182,-0.2840054394262178,False,6,6,0,,2025-12-06T16:00:00+00:00,2025-12-07T11:00:00+00:00
2025-24,2025,24,2025-12-07,yas_marina,ocon,8,82.913,0.8588076441179013,-0.1541407256656352,False,8,8,0,,2025-12-06T16:00:00+00:00,2025-12-07T11:00:00+00:00
2025-24,2025,24,2025-12-07,yas_marina,hamilton,16,83.394,1.4439159682265645,0.8026109029372677,False,16,16,0,,2025-12-06T16:00:00+00:00,2025-12-07T11:00:00+00:00
2025-24,2025,24,2025-12-07,yas_marina,hulkenberg,18,83.45,1.512036687873307,0.6950310109322678,False,18,18,0,,2025-12-06T16:00:00+00:00,2025-12-07T11:00:00+00:00
2025-24,2025,24,2025-12-07,yas_marina,stroll,15,83.09700000000001,1.0826328658143647,0.2848143276088922,False,15,15,0,,2025-12-06T16:00:00+00:00,2025-12-07T11:00:00+00:00
2025-24,2025,24,2025-12-07,yas_marina,bortoleto,7,82.874,0.8113664286496304,-0.690233672858008,False,7,7,0,,2025-12-06T16:00:00+00:00,2025-12-07T11:00:00+00:00
2025-24,2025,24,2025-12-07,yas_marina,bearman,11,83.041,1.0145121461676054,0.15437868609265148,False,11,11,0,,2025-12-06T16:00:00+00:00,2025-12-07T11:00:00+00:00
2025-24,2025,24,2025-12-07,yas_marina,sainz,12,83.042,1.0157285875898745,-0.44835523161023694,False,12,12,0,,2025-12-06T16:00:00+00:00,2025-12-07T11:00:00+00:00
2025-24,2025,24,2025-12-07,yas_marina,tsunoda,10,83.03399999999999,1.005997056211756,1.005997056211756,False,10,10,0,,2025-12-06T16:00:00+00:00,2025-12-07T11:00:00+00:00
2025-24,2025,24,2025-12-07,yas_marina,antonelli,14,82.894,0.8356952570949091,0.30128864420111257,False,14,14,0,,2025-12-06T16:00:00+00:00,2025-12-07T11:00:00+00:00
2025-24,2025,24,2025-12-07,yas_marina,albon,17,83.416,1.470677679516347,0.4503745092844527,False,17,17,0,,2025-12-06T16:00:00+00:00,2025-12-07T11:00:00+00:00
2025-24,2025,24,2025-12-07,yas_marina,hadjar,9,82.997,0.9609887235880233,-0.0962962071331395,False,9,9,0,,2025-12-06T16:00:00+00:00,2025-12-07T11:00:00+00:00
2025-24,2025,24,2025-12-07,yas_marina,lawson,13,83.077,1.0583040373690862,0.0963890261093754,False,13,13,0,,2025-12-06T16:00:00+00:00,2025-12-07T11:00:00+00:00
2025-24,2025,24,2025-12-07,yas_marina,gasly,19,83.468,1.533932633474047,-0.5030396948384754,False,19,19,0,,2025-12-06T16:00:00+00:00,2025-12-07T11:00:00+00:00
2025-24,2025,24,2025-12-07,yas_marina,colapinto,20,83.89,2.047270913669161,0.5055829779076976,False,20,20,0,,2025-12-06T16:00:00+00:00,2025-12-07T11:00:00+00:00
2026-01,2026,1,2026-03-08,albert_park,russell,1,78.518,0.0,-0.37177551357044875,False,1,1,0,,2026-03-07T07:00:00+00:00,2026-03-08T02:00:00+00:00
2026-01,2026,1,2026-03-08,albert_park,antonelli,2,78.811,0.37316284164141517,0.37316284164141517,False,2,2,0,,2026-03-07T07:00:00+00:00,2026-03-08T02:00:00+00:00
2026-01,2026,1,2026-03-08,albert_park,leclerc,4,79.327,1.0303369927914587,-0.18998968267949676,False,4,4,0,,2026-03-07T07:00:00+00:00,2026-03-08T02:00:00+00:00
2026-01,2026,1,2026-03-08,albert_park,hamilton,7,79.47800000000001,1.2226495835349958,0.1903513305684199,False,7,7,0,,2026-03-07T07:00:00+00:00,2026-03-08T02:00:00+00:00
2026-01,2026,1,2026-03-08,albert_park,norris,6,79.475,1.2188288035864308,0.11967750062988015,False,6,6,0,,2026-03-07T07:00:00+00:00,2026-03-08T02:00:00+00:00
2026-01,2026,1,2026-03-08,albert_park,max_verstappen,22,,,0.0,True,20,20,-2,Official grid differs from qualifying order; the grid position is used without guessing the cause.,2026-03-07T07:00:00+00:00,2026-03-08T02:00:00+00:00
2026-01,2026,1,2026-03-08,albert_park,bearman,12,80.311,2.28355281591483,-0.2236274863028073,False,12,12,0,,2026-03-07T07:00:00+00:00,2026-03-08T02:00:00+00:00
2026-01,2026,1,2026-03-08,albert_park,arvid_lindblad,9,79.971,1.8505310884128519,-0.02875215641172605,False,9,9,0,,2026-03-07T07:00:00+00:00,2026-03-08T02:00:00+00:00
2026-01,2026,1,2026-03-08,albert_park,bortoleto,10,80.221,2.168929417458421,-0.1021132460804623,False,10,10,0,,2026-03-07T07:00:00+00:00,2026-03-08T02:00:00+00:00
2026-01,2026,1,2026-03-08,albert_park,gasly,14,80.501,2.52553554598946,-0.8608374384236429,False,14,14,0,,2026-03-07T07:00:00+00:00,2026-03-08T02:00:00+00:00
2026-01,2026,1,2026-03-08,albert_park,ocon,13,80.491,2.5127996128276306,0.22412869967998478,False,13,13,0,,2026-03-07T07:00:00+00:00,2026-03-08T02:00:00+00:00
2026-01,2026,1,2026-03-08,albert_park,albon,15,80.941,3.0859166051096585,0.0,False,15,15,0,,2026-03-07T07:00:00+00:00,2026-03-08T02:00:00+00:00
2026-01,2026,1,2026-03-08,albert_park,lawson,8,79.994,1.879823734685039,0.02876042565429485,False,8,8,0,,2026-03-07T07:00:00+00:00,2026-03-08T02:00:00+00:00
2026-01,2026,1,2026-03-08,albert_park,colapinto,16,81.2,3.415777274000869,0.8683121948795643,False,16,16,0,,2026-03-07T07:00:00+00:00,2026-03-08T02:00:00+00:00
2026-01,2026,1,2026-03-08,albert_park,sainz,22,,,0.0,True,21,21,-1,Official grid differs from qualifying order; the grid position is used without guessing the cause.,2026-03-07T07:00:00+00:00,2026-03-08T02:00:00+00:00
2026-01,2026,1,2026-03-08,albert_park,perez,18,82.605,5.2051758832369694,-0.7676228917399401,False,18,18,0,,2026-03-07T07:00:00+00:00,2026-03-08T02:00:00+00:00
2026-01,2026,1,2026-03-08,albert_park,stroll,22,,,0.0,True,22,22,0,,2026-03-07T07:00:00+00:00,2026-03-08T02:00:00+00:00
2026-01,2026,1,2026-03-08,albert_park,alonso,17,81.969,4.395170534145029,0.0,False,17,17,0,,2026-03-07T07:00:00+00:00,2026-03-08T02:00:00+00:00
2026-01,2026,1,2026-03-08,albert_park,bottas,19,83.244,6.019002012277438,0.7735609224623156,False,19,19,0,,2026-03-07T07:00:00+00:00,2026-03-08T02:00:00+00:00
2026-01,2026,1,2026-03-08,albert_park,hadjar,3,79.303,0.9997707532030828,0.0,False,3,3,0,,2026-03-07T07:00:00+00:00,2026-03-08T02:00:00+00:00
2026-01,2026,1,2026-03-08,albert_park,piastri,5,79.38,1.0978374385491159,-0.11953444479395894,False,5,5,0,,2026-03-07T07:00:00+00:00,2026-03-08T02:00:00+00:00
2026-01,2026,1,2026-03-08,albert_park,hulkenberg,11,80.303,2.2733640693853596,0.10221762381420531,False,11,11,0,,2026-03-07T07:00:00+00:00,2026-03-08T02:00:00+00:00
2026-02,2026,2,2026-03-15,shanghai,antonelli,1,92.064,0.0,-0.2405565307847435,False,1,1,0,,2026-03-14T09:00:00+00:00,2026-03-15T05:00:00+00:00
2026-02,2026,2,2026-03-15,shanghai,russell,2,92.286,0.2411366006256609,0.2411366006256609,False,2,2,0,,2026-03-14T09:00:00+00:00,2026-03-15T05:00:00+00:00
2026-02,2026,2,2026-03-15,shanghai,hamilton,3,92.41499999999999,0.38125651720542136,-0.014065001947467466,False,3,3,0,,2026-03-14T09:00:00+00:00,2026-03-15T05:00:00+00:00
2026-02,2026,2,2026-03-15,shanghai,leclerc,4,92.428,0.395377128953776,0.014066980468544318,False,4,4,0,,2026-03-14T09:00:00+00:00,2026-03-15T05:00:00+00:00
2026-02,2026,2,2026-03-15,shanghai,bearman,10,93.197,1.2306656239138096,-0.36455771985716395,False,10,10,0,,2026-03-14T09:00:00+00:00,2026-03-15T05:00:00+00:00
2026-02,2026,2,2026-03-15,shanghai,gasly,7,92.87299999999999,0.8787365311087912,-0.5184399670083752,False,7,7,0,,2026-03-14T09:00:00+00:00,2026-03-15T05:00:00+00:00
2026-02,2026,2,2026-03-15,shanghai,lawson,14,93.765,1.847627737226286,-0.02025931928686263,False,14,14,0,,2026-03-14T09:00:00+00:00,2026-03-15T05:00:00+00:00
2026-02,2026,2,2026-03-15,shanghai,hadjar,9,93.12100000000001,1.1481143552311615,0.1279542375432784,False,9,9,0,,2026-03-14T09:00:00+00:00,2026-03-15T05:00:00+00:00
2026-02,2026,2,2026-03-15,shanghai,sainz,17,94.31700000000001,2.447210636079265,-0.4800996074789855,False,17,17,0,,2026-03-14T09:00:00+00:00,2026-03-15T05:00:00+00:00
2026-02,2026,2,2026-03-15,shanghai,colapinto,12,93.357,1.4044577685088704,0.5211417742508684,False,12,12,0,,2026-03-14T09:00:00+00:00,2026-03-15T05:00:00+00:00
2026-02,2026,2,2026-03-15,shanghai,hulkenberg,11,93.354,1.401199165797713,-0.208446910175424,False,11,11,0,,2026-03-14T09:00:00+00:00,2026-03-15T05:00:00+00:00
2026-02,2026,2,2026-03-15,shanghai,arvid_lindblad,15,93.78399999999999,1.86826555439694,0.020263424518734332,False,15,15,0,,2026-03-14T09:00:00+00:00,2026-03-15T05:00:00+00:00
2026-02,2026,2,2026-03-15,shanghai,bottas,20,95.436,3.662669447340996,-1.516933935979195,False,19,19,-1,Official grid differs from qualifying order; the grid position is used without guessing the cause.,2026-03-14T09:00:00+00:00,2026-03-15T05:00:00+00:00
2026-02,2026,2,2026-03-15,shanghai,ocon,13,93.538,1.6010601320820341,0.3658916059529748,False,13,13,0,,2026-03-14T09:00:00+00:00,2026-03-15T05:00:00+00:00
2026-02,2026,2,2026-03-15,shanghai,perez,22,96.906,5.259384775808148,1.5402992581415804,False,21,21,-1,Official grid differs from qualifying order; the grid position is used without guessing the cause.,2026-03-14T09:00:00+00:00,2026-03-15T05:00:00+00:00
2026-02,2026,2,2026-03-15,shanghai,max_verstappen,8,93.00200000000001,1.0188564476885826,-0.1277907238968651,False,8,8,0,,2026-03-14T09:00:00+00:00,2026-03-15T05:00:00+00:00
2026-02,2026,2,2026-03-15,shanghai,alonso,19,95.203,3.4095846367744294,-0.8250429709880739,False,18,18,-1,Official grid differs from qualifying order; the grid position is used without guessing the cause.,2026-03-14T09:00:00+00:00,2026-03-15T05:00:00+00:00
2026-02,2026,2,2026-03-15,shanghai,stroll,21,95.995,4.269855752519999,0.8319065575664648,False,20,20,-1,Official grid differs from qualifying order; the grid position is used without guessing the cause.,2026-03-14T09:00:00+00:00,2026-03-15T05:00:00+00:00
2026-02,2026,2,2026-03-15,shanghai,piastri,5,92.55,0.5278936392075124,-0.06262957843815538,False,5,5,0,,2026-03-14T09:00:00+00:00,2026-03-15T05:00:00+00:00
2026-02,2026,2,2026-03-15,shanghai,norris,6,92.608,0.5908932916232308,0.06266882766073142,False,6,6,0,,2026-03-14T09:00:00+00:00,2026-03-15T05:00:00+00:00
2026-02,2026,2,2026-03-15,shanghai,bortoleto,16,93.549,1.6130083420229555,0.2088823189151053,False,16,16,0,,2026-03-14T09:00:00+00:00,2026-03-15T05:00:00+00:00
2026-02,2026,2,2026-03-15,shanghai,albon,18,94.77199999999999,2.9414320472714617,0.48241568328083384,False,22,22,4,Official grid differs from qualifying order; the grid position is used without guessing the cause.,2026-03-14T09:00:00+00:00,2026-03-15T05:00:00+00:00
2026-03,2026,3,2026-03-29,suzuka,antonelli,1,88.77799999999999,0.0,-0.33454578113072186,False,1,1,0,,2026-03-28T08:00:00+00:00,2026-03-29T03:00:00+00:00
2026-03,2026,3,2026-03-29,suzuka,piastri,3,89.132,0.39874743742820684,-0.30981221129862413,False,3,3,0,,2026-03-28T08:00:00+00:00,2026-03-29T03:00:00+00:00
2026-03,2026,3,2026-03-29,suzuka,leclerc,4,89.303,0.5913627249994433,-0.29475141514174863,False,4,4,0,,2026-03-28T08:00:00+00:00,2026-03-29T03:00:00+00:00
2026-03,2026,3,2026-03-29,suzuka,russell,2,89.076,0.33566874676158714,0.33566874676158714,False,2,2,0,,2026-03-28T08:00:00+00:00,2026-03-29T03:00:00+00:00
2026-03,2026,3,2026-03-29,suzuka,norris,5,89.40899999999999,0.7107616751897996,0.31077503029213616,False,5,5,0,,2026-03-28T08:00:00+00:00,2026-03-29T03:00:00+00:00
2026-03,2026,3,2026-03-29,suzuka,hamilton,6,89.56700000000001,0.8887336952848857,0.2956227674322363,False,6,6,0,,2026-03-28T08:00:00+00:00,2026-03-29T03:00:00+00:00
2026-03,2026,3,2026-03-29,suzuka,gasly,7,89.691,1.028407938903795,-1.03280479327352,False,7,7,0,,2026-03-28T08:00:00+00:00,2026-03-29T03:00:00+00:00
2026-03,2026,3,2026-03-29,suzuka,max_verstappen,11,90.262,1.6715853026650846,0.3156327102180442,False,11,11,0,,2026-03-28T08:00:00+00:00,2026-03-29T03:00:00+00:00
2026-03,2026,3,2026-03-29,suzuka,lawson,14,90.495,1.9340377120457921,0.42837008511912866,False,14,14,0,,2026-03-28T08:00:00+00:00,2026-03-29T03:00:00+00:00
2026-03,2026,3,2026-03-29,suzuka,ocon,12,90.309,1.724526346617412,-0.8573937863651399,False,12,12,0,,2026-03-28T08:00:00+00:00,2026-03-29T03:00:00+00:00
2026-03,2026,3,2026-03-29,suzuka,hulkenberg,13,90.358,1.7797202009507,0.4089343260362365,False,13,13,0,,2026-03-28T08:00:00+00:00,2026-03-29T03:00:00+00:00
2026-03,2026,3,2026-03-29,suzuka,hadjar,8,89.97800000000001,1.3516862285701605,-0.3146396047062904,False,8,8,0,,2026-03-28T08:00:00+00:00,2026-03-29T03:00:00+00:00
2026-03,2026,3,2026-03-29,suzuka,bortoleto,9,89.99,1.3652030908558466,-0.40726886385268507,False,9,9,0,,2026-03-28T08:00:00+00:00,2026-03-29T03:00:00+00:00
2026-03,2026,3,2026-03-29,suzuka,arvid_lindblad,10,90.10900000000001,1.4992453085224013,-0.4265429029228086,False,10,10,0,,2026-03-28T08:00:00+00:00,2026-03-29T03:00:00+00:00
2026-03,2026,3,2026-03-29,suzuka,sainz,16,90.92699999999999,2.420644754331029,-0.17675215176532735,False,16,16,0,,2026-03-28T08:00:00+00:00,2026-03-29T03:00:00+00:00
2026-03,2026,3,2026-03-29,suzuka,colapinto,15,90.627,2.082723197188497,1.0435829681907804,False,15,15,0,,2026-03-28T08:00:00+00:00,2026-03-29T03:00:00+00:00
2026-03,2026,3,2026-03-29,suzuka,perez,19,92.206,3.861316992948717,-0.13430087728798357,False,19,19,0,,2026-03-28T08:00:00+00:00,2026-03-29T03:00:00+00:00
2026-03,2026,3,2026-03-29,suzuka,alonso,21,92.646,4.356935276757766,-0.2948773138183393,False,21,21,0,,2026-03-28T08:00:00+00:00,2026-03-29T03:00:00+00:00
2026-03,2026,3,2026-03-29,suzuka,bottas,20,92.33,4.000991236567626,0.13448148710495544,False,20,20,0,,2026-03-28T08:00:00+00:00,2026-03-29T03:00:00+00:00
2026-03,2026,3,2026-03-29,suzuka,albon,17,91.088,2.6019959899975245,0.17706511817172169,False,17,17,0,,2026-03-28T08:00:00+00:00,2026-03-29T03:00:00+00:00
2026-03,2026,3,2026-03-29,suzuka,stroll,22,92.92,4.665570298947949,0.29574941173930974,False,22,22,0,,2026-03-28T08:00:00+00:00,2026-03-29T03:00:00+00:00
2026-03,2026,3,2026-03-29,suzuka,bearman,18,91.09,2.604248800378486,0.8648086015790297,False,18,18,0,,2026-03-28T08:00:00+00:00,2026-03-29T03:00:00+00:00
2026-04,2026,4,2026-05-03,miami,antonelli,1,87.798,0.0,-0.452396340011566,False,1,1,0,,2026-05-02T22:00:00+00:00,2026-05-03T15:00:00+00:00
2026-04,2026,4,2026-05-03,miami,norris,4,88.18299999999999,0.4385065719036777,-0.1686817914232678,False,4,4,0,,2026-05-02T22:00:00+00:00,2026-05-03T15:00:00+00:00
2026-04,2026,4,2026-05-03,miami,piastri,7,88.332,0.6082143101209502,0.16896680766134167,False,7,7,0,,2026-05-02T22:00:00+00:00,2026-05-03T15:00:00+00:00
2026-04,2026,4,2026-05-03,miami,russell,5,88.197,0.45445226542745953,0.45445226542745953,False,5,5,0,,2026-05-02T22:00:00+00:00,2026-05-03T15:00:00+00:00
2026-04,2026,4,2026-05-03,miami,max_verstappen,2,87.964,0.18907036606756056,0.0,False,2,2,0,,2026-05-02T22:00:00+00:00,2026-05-03T15:00:00+00:00
2026-04,2026,4,2026-05-03,miami,hamilton,6,88.319,0.5934075947060307,0.19967552726819138,False,6,6,0,,2026-05-02T22:00:00+00:00,2026-05-03T15:00:00+00:00
2026-04,2026,4,2026-05-03,miami,colapinto,8,88.762,1.0979748969224796,-0.05404796757122151,False,8,8,0,,2026-05-02T22:00:00+00:00,2026-05-03T15:00:00+00:00
2026-04,2026,4,2026-05-03,miami,leclerc,3,88.143,0.39294744755005684,-0.19927761863245955,False,3,3,0,,2026-05-02T22:00:00+00:00,2026-05-03T15:00:00+00:00
2026-04,2026,4,2026-05-03,miami,sainz,13,89.53999999999999,1.9840998656005722,-0.20062416406599068,False,13,13,0,,2026-05-02T22:00:00+00:00,2026-05-03T15:00:00+00:00
2026-04,2026,4,2026-05-03,miami,albon,15,89.72,2.1891159251919143,0.2010274737547541,False,15,15,0,,2026-05-02T22:00:00+00:00,2026-05-03T15:00:00+00:00
2026-04,2026,4,2026-05-03,miami,bearman,12,89.34,1.7563042438324354,-0.48121908835715815,False,12,12,0,,2026-05-02T22:00:00+00:00,2026-05-03T15:00:00+00:00
2026-04,2026,4,2026-05-03,miami,bortoleto,21,93.737,6.764390988405195,4.805509900602647,False,21,21,0,,2026-05-02T22:00:00+00:00,2026-05-03T15:00:00+00:00
2026-04,2026,4,2026-05-03,miami,ocon,14,89.77199999999999,2.248342786851625,0.4835460040295365,False,14,14,0,,2026-05-02T22:00:00+00:00,2026-05-03T15:00:00+00:00
2026-04,2026,4,2026-05-03,miami,arvid_lindblad,16,90.133,2.6595138841431396,0.7083878032156787,False,16,16,0,,2026-05-02T22:00:00+00:00,2026-05-03T15:00:00+00:00
2026-04,2026,4,2026-05-03,miami,alonso,17,91.098,3.7586277591744652,-0.07239699881532459,False,17,17,0,,2026-05-02T22:00:00+00:00,2026-05-03T15:00:00+00:00
2026-04,2026,4,2026-05-03,miami,perez,20,91.967,4.748399735757075,0.36887884839951746,False,20,20,0,,2026-05-02T22:00:00+00:00,2026-05-03T15:00:00+00:00
2026-04,2026,4,2026-05-03,miami,stroll,18,91.164,3.8338003143579575,0.07244945004281378,False,18,18,0,,2026-05-02T22:00:00+00:00,2026-05-03T15:00:00+00:00
2026-04,2026,4,2026-05-03,miami,bottas,19,91.629,4.363425134968909,-0.36752313329780667,False,19,19,0,,2026-05-02T22:00:00+00:00,2026-05-03T15:00:00+00:00
2026-04,2026,4,2026-05-03,miami,hulkenberg,10,89.439,1.8690630766076572,-4.585169143454562,False,10,10,0,,2026-05-02T22:00:00+00:00,2026-05-03T15:00:00+00:00
2026-04,2026,4,2026-05-03,miami,lawson,11,89.499,1.9374017631381049,-0.7034049682136403,False,11,11,0,,2026-05-02T22:00:00+00:00,2026-05-03T15:00:00+00:00
2026-04,2026,4,2026-05-03,miami,gasly,9,88.81,1.1526458461468376,0.05407719519614455,False,9,9,0,,2026-05-02T22:00:00+00:00,2026-05-03T15:00:00+00:00
2026-04,2026,4,2026-05-03,miami,hadjar,22,,,0.0,True,22,22,0,,2026-05-02T22:00:00+00:00,2026-05-03T15:00:00+00:00
2026-05,2026,5,2026-05-24,villeneuve,antonelli,2,72.646,0.09369230345283397,0.09369230345283397,False,2,2,0,,2026-05-23T22:00:00+00:00,2026-05-24T18:00:00+00:00
2026-05,2026,5,2026-05-24,villeneuve,hamilton,5,72.868,0.3995701176664995,-0.14799386099540135,False,5,5,0,,2026-05-23T22:00:00+00:00,2026-05-24T18:00:00+00:00
2026-05,2026,5,2026-05-24,villeneuve,max_verstappen,6,72.907,0.4533054093526874,-0.03839034756976184,False,6,6,0,,2026-05-23T22:00:00+00:00,2026-05-24T18:00:00+00:00
2026-05,2026,5,2026-05-24,villeneuve,leclerc,8,72.976,0.5483755407974815,0.14821320744360225,False,8,8,0,,2026-05-23T22:00:00+00:00,2026-05-24T18:00:00+00:00
2026-05,2026,5,2026-05-24,villeneuve,hadjar,7,72.935,0.491884593127393,0.03840509141784163,False,7,7,0,,2026-05-23T22:00:00+00:00,2026-05-24T18:00:00+00:00
2026-05,2026,5,2026-05-24,villeneuve,colapinto,10,73.697,1.5417895229959488,-0.6604930783021215,False,10,10,0,,2026-05-23T22:00:00+00:00,2026-05-24T18:00:00+00:00
2026-05,2026,5,2026-05-24,villeneuve,lawson,12,73.897,1.8173551213866497,0.8419759825327571,False,12,12,0,,2026-05-23T22:00:00+00:00,2026-05-24T18:00:00+00:00
2026-05,2026,5,2026-05-24,villeneuve,gasly,14,74.187,2.216925239053149,0.6648845950309984,False,14,14,0,,2026-05-23T22:00:00+00:00,2026-05-24T18:00:00+00:00
2026-05,2026,5,2026-05-24,villeneuve,sainz,15,74.273,2.335418446361147,-0.7722007722007761,False,15,15,0,,2026-05-23T22:00:00+00:00,2026-05-24T18:00:00+00:00
2026-05,2026,5,2026-05-24,villeneuve,bearman,16,74.416,2.532447849210496,-0.5731845814683707,False,16,16,0,,2026-05-23T22:00:00+00:00,2026-05-24T18:00:00+00:00
2026-05,2026,5,2026-05-24,villeneuve,piastri,4,72.781,0.2796990823665614,0.07149830191533874,False,4,4,0,,2026-05-23T22:00:00+00:00,2026-05-24T18:00:00+00:00
2026-05,2026,5,2026-05-24,villeneuve,hulkenberg,11,73.886,1.8021990134751475,-0.24976036505515287,False,11,11,0,,2026-05-23T22:00:00+00:00,2026-05-24T18:00:00+00:00
2026-05,2026,5,2026-05-24,villeneuve,bortoleto,13,74.071,2.0570971919865455,0.2503857293668656,False,13,13,0,,2026-05-23T22:00:00+00:00,2026-05-24T18:00:00+00:00
2026-05,2026,5,2026-05-24,villeneuve,ocon,17,74.845,3.123536057758544,0.5764889271124517,False,17,17,0,,2026-05-23T22:00:00+00:00,2026-05-24T18:00:00+00:00
2026-05,2026,5,2026-05-24,villeneuve,stroll,21,76.195,4.98360384689574,1.3285281131975042,False,22,22,1,Official grid differs from qualifying order; the grid position is used without guessing the cause.,2026-05-23T22:00:00+00:00,2026-05-24T18:00:00+00:00
2026-05,2026,5,2026-05-24,villeneuve,bottas,22,76.27199999999999,5.089696602276156,1.1176072863222226,False,21,21,-1,Official grid differs from qualifying order; the grid position is used without guessing the cause.,2026-05-23T22:00:00+00:00,2026-05-24T18:00:00+00:00
2026-05,2026,5,2026-05-24,villeneuve,perez,20,75.429,3.928187605059383,-1.1052548772812951,False,20,20,0,,2026-05-23T22:00:00+00:00,2026-05-24T18:00:00+00:00
2026-05,2026,5,2026-05-24,villeneuve,norris,3,72.729,0.208052026784971,-0.07144721836744027,False,3,3,0,,2026-05-23T22:00:00+00:00,2026-05-24T18:00:00+00:00
2026-05,2026,5,2026-05-24,villeneuve,russell,1,72.578,0.0,-0.09360460314401046,False,1,1,0,,2026-05-23T22:00:00+00:00,2026-05-24T18:00:00+00:00
2026-05,2026,5,2026-05-24,villeneuve,alonso,19,75.196,3.6071536829342152,-1.311109652864355,False,19,19,0,,2026-05-23T22:00:00+00:00,2026-05-24T18:00:00+00:00
2026-05,2026,5,2026-05-24,villeneuve,albon,18,74.851,3.1318030257102647,0.7782101167315215,False,18,18,0,,2026-05-23T22:00:00+00:00,2026-05-24T18:00:00+00:00
2026-05,2026,5,2026-05-24,villeneuve,arvid_lindblad,9,73.28,0.9672352503513436,-0.8349459382654294,False,9,9,0,,2026-05-23T22:00:00+00:00,2026-05-24T18:00:00+00:00
2026-06,2026,6,2026-06-07,monaco,antonelli,1,72.051,0.0,-0.5438608599627183,False,1,1,0,,2026-06-06T16:00:00+00:00,2026-06-07T11:00:00+00:00
2026-06,2026,6,2026-06-07,monaco,hamilton,3,72.279,0.31644251988174266,-0.09951486503296807,False,3,3,0,,2026-06-06T16:00:00+00:00,2026-06-07T11:00:00+00:00
2026-06,2026,6,2026-06-07,monaco,gasly,9,73.226,1.6307893020221749,-1.0392594094195626,False,9,9,0,,2026-06-06T16:00:00+00:00,2026-06-07T11:00:00+00:00
2026-06,2026,6,2026-06-07,monaco,hadjar,5,72.434,0.5315679171697764,0.471606513718206,False,5,5,0,,2026-06-06T16:00:00+00:00,2026-06-07T11:00:00+00:00
2026-06,2026,6,2026-06-07,monaco,piastri,7,72.624,0.7952700170712319,-0.19377447948877255,False,7,7,0,,2026-06-06T16:00:00+00:00,2026-06-07T11:00:00+00:00
2026-06,2026,6,2026-06-07,monaco,lawson,10,73.412,1.888939778767823,-1.1259562547139297,False,10,10,0,,2026-06-06T16:00:00+00:00,2026-06-07T11:00:00+00:00
2026-06,2026,6,2026-06-07,monaco,arvid_lindblad,15,74.248,3.049229018334239,1.1387784013512756,False,15,15,0,,2026-06-06T16:00:00+00:00,2026-06-07T11:00:00+00:00
2026-06,2026,6,2026-06-07,monaco,albon,11,73.787,2.409404449625965,-0.03793266951160549,False,11,11,0,,2026-06-06T16:00:00+00:00,2026-06-07T11:00:00+00:00
2026-06,2026,6,2026-06-07,monaco,ocon,17,74.722,3.7070963622989166,-0.1229716363247504,False,17,17,0,,2026-06-06T16:00:00+00:00,2026-06-07T11:00:00+00:00
2026-06,2026,6,2026-06-07,monaco,alonso,21,75.349,4.577313291973743,-0.9360907692510002,False,21,21,0,,2026-06-06T16:00:00+00:00,2026-06-07T11:00:00+00:00
2026-06,2026,6,2026-06-07,monaco,bortoleto,16,74.68299999999999,3.6529680365296677,1.0568049579172305,False,16,16,0,,2026-06-06T16:00:00+00:00,2026-06-07T11:00:00+00:00
2026-06,2026,6,2026-06-07,monaco,russell,6,72.445,0.5468348808482759,0.5468348808482759,False,6,6,0,,2026-06-06T16:00:00+00:00,2026-06-07T11:00:00+00:00
2026-06,2026,6,2026-06-07,monaco,hulkenberg,13,73.902,2.5690136153557885,-1.0457533843043152,False,13,13,0,,2026-06-06T16:00:00+00:00,2026-06-07T11:00:00+00:00
2026-06,2026,6,2026-06-07,monaco,colapinto,14,73.995,2.6980888537286125,1.0501734356649353,False,14,14,0,,2026-06-06T16:00:00+00:00,2026-06-07T11:00:00+00:00
2026-06,2026,6,2026-06-07,monaco,perez,18,74.747,3.7417940070228,-0.7119801283158234,False,18,18,0,,2026-06-06T16:00:00+00:00,2026-06-07T11:00:00+00:00
2026-06,2026,6,2026-06-07,monaco,sainz,12,73.815,2.448265811716695,0.037947063845923515,False,12,12,0,,2026-06-06T16:00:00+00:00,2026-06-07T11:00:00+00:00
2026-06,2026,6,2026-06-07,monaco,leclerc,4,72.351,0.41637173668650973,0.09961399576640896,False,4,4,0,,2026-06-06T16:00:00+00:00,2026-06-07T11:00:00+00:00
2026-06,2026,6,2026-06-07,monaco,stroll,22,76.061,5.56550221370974,0.9449362300760504,False,22,22,0,,2026-06-06T16:00:00+00:00,2026-06-07T11:00:00+00:00
2026-06,2026,6,2026-06-07,monaco,norris,8,72.765,0.9909647333139007,0.19415069398546672,False,8,8,0,,2026-06-06T16:00:00+00:00,2026-06-07T11:00:00+00:00
2026-06,2026,6,2026-06-07,monaco,bearman,19,74.814,3.834783694882779,0.12312304274510687,False,19,19,0,,2026-06-06T16:00:00+00:00,2026-06-07T11:00:00+00:00
2026-06,2026,6,2026-06-07,monaco,bottas,20,75.283,4.485711509902707,0.7170856355439033,False,20,20,0,,2026-06-06T16:00:00+00:00,2026-06-07T11:00:00+00:00
2026-06,2026,6,2026-06-07,monaco,max_verstappen,2,72.094,0.059679948925056084,-0.46939282657316095,False,2,2,0,,2026-06-06T16:00:00+00:00,2026-06-07T11:00:00+00:00
2026-07,2026,7,2026-06-14,catalunya,hamilton,2,74.743,0.08570012988924992,-0.7146557564325804,False,2,2,0,,2026-06-13T16:00:00+00:00,2026-06-14T11:00:00+00:00
2026-07,2026,7,2026-06-14,catalunya,russell,1,74.679,0.0,-0.4253446758580263,False,1,1,0,,2026-06-13T16:00:00+00:00,2026-06-14T11:00:00+00:00
2026-07,2026,7,2026-06-14,catalunya,norris,4,75.001,0.4311787785053398,-0.11852443734185461,False,4,4,0,,2026-06-13T16:00:00+00:00,2026-06-14T11:00:00+00:00
2026-07,2026,7,2026-06-14,catalunya,max_verstappen,5,75.021,0.45796006909572806,-0.07459008751015275,False,5,5,0,,2026-06-13T16:00:00+00:00,2026-06-14T11:00:00+00:00
2026-07,2026,7,2026-06-14,catalunya,piastri,7,75.09,0.5503555216325893,0.11866508446553863,False,7,7,0,,2026-06-13T16:00:00+00:00,2026-06-14T11:00:00+00:00
2026-07,2026,7,2026-06-14,catalunya,hadjar,6,75.077,0.5329476827488265,0.07464576585222456,False,6,6,0,,2026-06-13T16:00:00+00:00,2026-06-14T11:00:00+00:00
2026-07,2026,7,2026-06-14,catalunya,gasly,14,76.261,2.1184000857001215,0.09187436836370853,False,14,14,0,,2026-06-13T16:00:00+00:00,2026-06-14T11:00:00+00:00
2026-07,2026,7,2026-06-14,catalunya,lawson,8,75.58500000000001,1.2131924637448357,-0.33623417721518384,False,8,8,0,,2026-06-13T16:00:00+00:00,2026-06-14T11:00:00+00:00
2026-07,2026,7,2026-06-14,catalunya,arvid_lindblad,11,75.84,1.5546539187723474,0.3373685255010854,False,11,11,0,,2026-06-13T16:00:00+00:00,2026-06-14T11:00:00+00:00
2026-07,2026,7,2026-06-14,catalunya,colapinto,13,76.191,2.024665568633753,-0.09179003684713442,False,13,13,0,,2026-06-13T16:00:00+00:00,2026-06-14T11:00:00+00:00
2026-07,2026,7,2026-06-14,catalunya,bortoleto,12,76.001,1.7702433080250175,0.30751768556647147,False,12,12,0,,2026-06-13T16:00:00+00:00,2026-06-14T11:00:00+00:00
2026-07,2026,7,2026-06-14,catalunya,sainz,16,76.881,2.9486200940023277,-0.7013329200248066,False,16,16,0,,2026-06-13T16:00:00+00:00,2026-06-14T11:00:00+00:00
2026-07,2026,7,2026-06-14,catalunya,ocon,17,77.07300000000001,3.205720483670115,0.8954168793936453,False,17,17,0,,2026-06-13T16:00:00+00:00,2026-06-14T11:00:00+00:00
2026-07,2026,7,2026-06-14,catalunya,perez,19,77.545,3.8377589416033953,-0.2726442635389782,False,19,19,0,,2026-06-13T16:00:00+00:00,2026-06-14T11:00:00+00:00
2026-07,2026,7,2026-06-14,catalunya,leclerc,10,75.281,0.8061168467708509,0.7197998474773704,False,10,10,0,,2026-06-13T16:00:00+00:00,2026-06-14T11:00:00+00:00
2026-07,2026,7,2026-06-14,catalunya,antonelli,3,74.998,0.4271615849167807,0.4271615849167807,False,3,3,0,,2026-06-13T16:00:00+00:00,2026-06-14T11:00:00+00:00
2026-07,2026,7,2026-06-14,catalunya,bearman,15,76.389,2.2898003454786404,-0.8874703203456614,False,15,15,0,,2026-06-13T16:00:00+00:00,2026-06-14T11:00:00+00:00
2026-07,2026,7,2026-06-14,catalunya,albon,18,77.424,3.675732133531521,0.7062863386272373,False,18,18,0,,2026-06-13T16:00:00+00:00,2026-06-14T11:00:00+00:00
2026-07,2026,7,2026-06-14,catalunya,alonso,22,78.815,5.538370894093381,0.07237360014221053,False,22,22,0,,2026-06-13T16:00:00+00:00,2026-06-14T11:00:00+00:00
2026-07,2026,7,2026-06-14,catalunya,hulkenberg,9,75.768,1.458241272646927,-0.30657491348798577,False,9,9,0,,2026-06-13T16:00:00+00:00,2026-06-14T11:00:00+00:00
2026-07,2026,7,2026-06-14,catalunya,bottas,20,77.757,4.121640621861571,0.2733896447224235,False,20,20,0,,2026-06-13T16:00:00+00:00,2026-06-14T11:00:00+00:00
2026-07,2026,7,2026-06-14,catalunya,stroll,21,78.758,5.462044215910756,-0.07232125864366194,False,21,21,0,,2026-06-13T16:00:00+00:00,2026-06-14T11:00:00+00:00
2026-08,2026,8,2026-06-28,red_bull_ring,russell,1,66.113,0.0,-0.4532176950642966,False,1,1,0,,2026-06-27T16:00:00+00:00,2026-06-28T11:00:00+00:00
2026-08,2026,8,2026-06-28,red_bull_ring,max_verstappen,5,66.475,0.5475473809991904,-0.23562252371234646,False,5,5,0,,2026-06-27T16:00:00+00:00,2026-06-28T11:00:00+00:00
2026-08,2026,8,2026-06-28,red_bull_ring,antonelli,4,66.414,0.45528110961535845,0.45528110961535845,False,4,4,0,,2026-06-27T16:00:00+00:00,2026-06-28T11:00:00+00:00
2026-08,2026,8,2026-06-28,red_bull_ring,piastri,7,66.511,0.6019996067339194,0.013533427566088751,False,7,7,0,,2026-06-27T16:00:00+00:00,2026-06-28T11:00:00+00:00
2026-08,2026,8,2026-06-28,red_bull_ring,hamilton,3,66.408,0.44620573865957025,0.08892372153310148,False,3,3,0,,2026-06-27T16:00:00+00:00,2026-06-28T11:00:00+00:00
2026-08,2026,8,2026-06-28,red_bull_ring,hadjar,8,66.632,0.7850195876756545,0.23617901466718422,False,8,8,0,,2026-06-27T16:00:00+00:00,2026-06-28T11:00:00+00:00
2026-08,2026,8,2026-06-28,red_bull_ring,norris,6,66.502,0.5883865503002372,-0.013531596277308025,False,6,6,0,,2026-06-27T16:00:00+00:00,2026-06-28T11:00:00+00:00
2026-08,2026,8,2026-06-28,red_bull_ring,leclerc,2,66.349,0.35696459092766053,-0.08884471750391143,False,2,2,0,,2026-06-27T16:00:00+00:00,2026-06-28T11:00:00+00:00
2026-08,2026,8,2026-06-28,red_bull_ring,lawson,9,66.955,1.2735770574622218,-0.0776038324354272,False,9,9,0,,2026-06-27T16:00:00+00:00,2026-06-28T11:00:00+00:00
2026-08,2026,8,2026-06-28,red_bull_ring,arvid_lindblad,10,67.007,1.3522302724123931,0.07766410275559213,False,10,10,0,,2026-06-27T16:00:00+00:00,2026-06-28T11:00:00+00:00
2026-08,2026,8,2026-06-28,red_bull_ring,bortoleto,12,67.293,1.784822954638281,-0.47033766694768275,False,12,12,0,,2026-06-27T16:00:00+00:00,2026-06-28T11:00:00+00:00
2026-08,2026,8,2026-06-28,red_bull_ring,hulkenberg,14,67.611,2.265817615295032,0.47256029601889915,False,14,14,0,,2026-06-27T16:00:00+00:00,2026-06-28T11:00:00+00:00
2026-08,2026,8,2026-06-28,red_bull_ring,gasly,11,67.223,1.6789436268207454,-0.9883052994373677,False,11,11,0,,2026-06-27T16:00:00+00:00,2026-06-28T11:00:00+00:00
2026-08,2026,8,2026-06-28,red_bull_ring,bearman,13,67.523,2.132712174610132,-0.4335196189746098,False,13,13,0,,2026-06-27T16:00:00+00:00,2026-06-28T11:00:00+00:00
2026-08,2026,8,2026-06-28,red_bull_ring,colapinto,16,67.894,2.6938726120430263,0.998170269104334,False,16,16,0,,2026-06-27T16:00:00+00:00,2026-06-28T11:00:00+00:00
2026-08,2026,8,2026-06-28,red_bull_ring,ocon,15,67.81700000000001,2.577405351443752,0.4354071945855652,False,15,15,0,,2026-06-27T16:00:00+00:00,2026-06-28T11:00:00+00:00
2026-08,2026,8,2026-06-28,red_bull_ring,albon,18,68.509,3.62409813501127,0.37654574224931875,False,18,18,0,,2026-06-27T16:00:00+00:00,2026-06-28T11:00:00+00:00
2026-08,2026,8,2026-06-28,red_bull_ring,alonso,21,69.94200000000001,5.791599231618604,-0.5983258246521499,False,21,21,0,,2026-06-27T16:00:00+00:00,2026-06-28T11:00:00+00:00
2026-08,2026,8,2026-06-28,red_bull_ring,stroll,22,70.363,6.428387760349705,0.6019273112006981,False,22,22,0,,2026-06-27T16:00:00+00:00,2026-06-28T11:00:00+00:00
2026-08,2026,8,2026-06-28,red_bull_ring,sainz,17,68.252,3.2353697457383506,-0.3751331941788743,False,17,17,0,,2026-06-27T16:00:00+00:00,2026-06-28T11:00:00+00:00
2026-08,2026,8,2026-06-28,red_bull_ring,perez,19,68.945,4.28357509113184,-0.12313486889759229,False,19,19,0,,2026-06-27T16:00:00+00:00,2026-06-28T11:00:00+00:00
2026-08,2026,8,2026-06-28,red_bull_ring,bottas,20,69.03,4.412142846338846,0.12328667778665307,False,20,20,0,,2026-06-27T16:00:00+00:00,2026-06-28T11:00:00+00:00
2026-09,2026,9,2026-07-05,silverstone,leclerc,2,88.286,0.19861311300518342,-0.19444256031110474,False,2,2,0,,2026-07-04T17:00:00+00:00,2026-07-05T12:00:00+00:00
2026-09,2026,9,2026-07-05,silverstone,russell,4,88.481,0.41992486749666935,0.41992486749666935,False,4,4,0,,2026-07-04T17:00:00+00:00,2026-07-05T12:00:00+00:00
2026-09,2026,9,2026-07-05,silverstone,hamilton,3,88.458,0.3938214297874206,0.19482137598259866,False,3,3,0,,2026-07-04T17:00:00+00:00,2026-07-05T12:00:00+00:00
2026-09,2026,9,2026-07-05,silverstone,norris,6,88.877,0.8693579689255496,-0.17409470752089265,False,6,6,0,,2026-07-04T17:00:00+00:00,2026-07-05T12:00:00+00:00
2026-09,2026,9,2026-07-05,silverstone,hadjar,5,88.746,0.7206818671902383,-0.16536735175998735,False,5,5,0,,2026-07-04T17:00:00+00:00,2026-07-05T12:00:00+00:00
2026-09,2026,9,2026-07-05,silverstone,lawson,10,89.3,1.3494342363609457,-0.005598790661227997,False,10,10,0,,2026-07-04T17:00:00+00:00,2026-07-05T12:00:00+00:00
2026-09,2026,9,2026-07-05,silverstone,arvid_lindblad,9,89.305,1.3551088967325333,0.005599104143347887,False,9,9,0,,2026-07-04T17:00:00+00:00,2026-07-05T12:00:00+00:00
2026-09,2026,9,2026-07-05,silverstone,bortoleto,11,89.461,1.5321583003257189,-0.08711287818716197,False,11,11,0,,2026-07-04T17:00:00+00:00,2026-07-05T12:00:00+00:00
2026-09,2026,9,2026-07-05,silverstone,colapinto,19,91.321,3.643131958552273,1.396800017765337,False,19,19,0,,2026-07-04T17:00:00+00:00,2026-07-05T12:00:00+00:00
2026-09,2026,9,2026-07-05,silverstone,gasly,12,90.063,2.215387409063565,-1.377558283417829,False,15,15,3,Official grid differs from qualifying order; the grid position is used without guessing the cause.,2026-07-04T17:00:00+00:00,2026-07-05T12:00:00+00:00
2026-09,2026,9,2026-07-05,silverstone,piastri,8,89.032,1.0452724404444307,0.17439832577607384,False,8,8,0,,2026-07-04T17:00:00+00:00,2026-07-05T12:00:00+00:00
2026-09,2026,9,2026-07-05,silverstone,bearman,14,90.501,2.7124876576136923,-0.19739744155271507,False,13,13,-1,Official grid differs from qualifying order; the grid position is used without guessing the cause.,2026-07-04T17:00:00+00:00,2026-07-05T12:00:00+00:00
2026-09,2026,9,2026-07-05,silverstone,ocon,17,90.68,2.915640498916143,0.19778786974729784,False,17,17,0,,2026-07-04T17:00:00+00:00,2026-07-05T12:00:00+00:00
2026-09,2026,9,2026-07-05,silverstone,perez,20,91.451,3.7906731282132644,0.2455413419272688,False,20,20,0,,2026-07-04T17:00:00+00:00,2026-07-05T12:00:00+00:00
2026-09,2026,9,2026-07-05,silverstone,antonelli,1,88.111,0.0,-0.41816887241327555,False,1,1,0,,2026-07-04T17:00:00+00:00,2026-07-05T12:00:00+00:00
2026-09,2026,9,2026-07-05,silverstone,bottas,18,91.227,3.5364483435666374,-0.2449399131775372,False,18,18,0,,2026-07-04T17:00:00+00:00,2026-07-05T12:00:00+00:00
2026-09,2026,9,2026-07-05,silverstone,sainz,15,90.562,2.7817185141469207,-0.0838500408217388,False,14,14,-1,Official grid differs from qualifying order; the grid position is used without guessing the cause.,2026-07-04T17:00:00+00:00,2026-07-05T12:00:00+00:00
2026-09,2026,9,2026-07-05,silverstone,alonso,22,93.025,5.577056213185642,0.17445053465858967,False,21,21,-1,Official grid differs from qualifying order; the grid position is used without guessing the cause.,2026-07-04T17:00:00+00:00,2026-07-05T12:00:00+00:00
2026-09,2026,9,2026-07-05,silverstone,stroll,21,92.863,5.3931972171465485,-0.17414673474873005,False,22,22,1,Official grid differs from qualifying order; the grid position is used without guessing the cause.,2026-07-04T17:00:00+00:00,2026-07-05T12:00:00+00:00
2026-09,2026,9,2026-07-05,silverstone,max_verstappen,7,88.893,0.8875168821146013,0.165641268338861,False,7,7,0,,2026-07-04T17:00:00+00:00,2026-07-05T12:00:00+00:00
2026-09,2026,9,2026-07-05,silverstone,albon,16,90.638,2.867973351794896,0.08392040811820368,False,16,16,0,,2026-07-04T17:00:00+00:00,2026-07-05T12:00:00+00:00
2026-09,2026,9,2026-07-05,silverstone,hulkenberg,13,89.539,1.62068300212232,0.08718883088720554,False,12,12,-1,Official grid differs from qualifying order; the grid position is used without guessing the cause.,2026-07-04T17:00:00+00:00,2026-07-05T12:00:00+00:00
2026-10,2026,10,2026-07-19,spa,antonelli,1,104.36099999999999,0.0,-0.48441388780288724,False,1,1,0,,2026-07-18T16:00:00+00:00,2026-07-19T11:00:00+00:00
2026-10,2026,10,2026-07-19,spa,leclerc,5,104.893,0.5097689750002499,-0.0019066685733443438,False,4,4,-1,Official grid differs from qualifying order; the grid position is used without guessing the cause.,2026-07-18T16:00:00+00:00,2026-07-19T11:00:00+00:00
2026-10,2026,10,2026-07-19,spa,max_verstappen,2,104.678,0.3037533178103001,-1.0819954074256166,False,2,2,0,,2026-07-18T16:00:00+00:00,2026-07-19T11:00:00+00:00
2026-10,2026,10,2026-07-19,spa,hamilton,6,104.89500000000001,0.511685399718305,0.0019067049278879901,False,5,5,-1,Official grid differs from qualifying order; the grid position is used without guessing the cause.,2026-07-18T16:00:00+00:00,2026-07-19T11:00:00+00:00
2026-10,2026,10,2026-07-19,spa,piastri,7,105.01599999999999,0.6276290951600705,0.20515071421073194,False,6,6,-1,Official grid differs from qualifying order; the grid position is used without guessing the cause.,2026-07-18T16:00:00+00:00,2026-07-19T11:00:00+00:00
2026-10,2026,10,2026-07-19,spa,hadjar,10,105.82300000000001,1.4009064688916526,1.0938306043294772,False,21,21,11,Official grid differs from qualifying order; the grid position is used without guessing the cause.,2026-07-18T16:00:00+00:00,2026-07-19T11:00:00+00:00
2026-10,2026,10,2026-07-19,spa,norris,3,104.801,0.4216134379701344,-0.2047307077016733,False,13,13,10,Official grid differs from qualifying order; the grid position is used without guessing the cause.,2026-07-18T16:00:00+00:00,2026-07-19T11:00:00+00:00
2026-10,2026,10,2026-07-19,spa,bortoleto,9,105.628,1.2140550588821593,-0.9777727779808872,False,8,8,-1,Official grid differs from qualifying order; the grid position is used without guessing the cause.,2026-07-18T16:00:00+00:00,2026-07-19T11:00:00+00:00
2026-10,2026,10,2026-07-19,spa,arvid_lindblad,8,105.143,0.7493220647560015,-0.9206558612891103,False,7,7,-1,Official grid differs from qualifying order; the grid position is used without guessing the cause.,2026-07-18T16:00:00+00:00,2026-07-19T11:00:00+00:00
2026-10,2026,10,2026-07-19,spa,colapinto,13,106.392,1.9461293011757326,0.05736803001946077,False,11,11,-2,Official grid differs from qualifying order; the grid position is used without guessing the cause.,2026-07-18T16:00:00+00:00,2026-07-19T11:00:00+00:00
2026-10,2026,10,2026-07-19,spa,gasly,12,106.331,1.8876783472753358,-0.057335137980292536,False,10,10,-2,Official grid differs from qualifying order; the grid position is used without guessing the cause.,2026-07-18T16:00:00+00:00,2026-07-19T11:00:00+00:00
2026-10,2026,10,2026-07-19,spa,lawson,11,106.12,1.6854955395214828,0.9292106940072129,False,9,9,-2,Official grid differs from qualifying order; the grid position is used without guessing the cause.,2026-07-18T16:00:00+00:00,2026-07-19T11:00:00+00:00
2026-10,2026,10,2026-07-19,spa,hulkenberg,14,106.67099999999999,2.213470549343148,0.987427576021502,False,12,12,-2,Official grid differs from qualifying order; the grid position is used without guessing the cause.,2026-07-18T16:00:00+00:00,2026-07-19T11:00:00+00:00
2026-10,2026,10,2026-07-19,spa,bearman,16,106.779,2.316957484117636,-0.9480431535885618,False,14,14,-2,Official grid differs from qualifying order; the grid position is used without guessing the cause.,2026-07-18T16:00:00+00:00,2026-07-19T11:00:00+00:00
2026-10,2026,10,2026-07-19,spa,albon,17,107.12,2.6437078985444895,0.3212302274834501,False,15,15,-2,Official grid differs from qualifying order; the grid position is used without guessing the cause.,2026-07-18T16:00:00+00:00,2026-07-19T11:00:00+00:00
2026-10,2026,10,2026-07-19,spa,sainz,15,106.777,2.315041059399595,-0.3202016430171803,False,19,19,4,Official grid differs from qualifying order; the grid position is used without guessing the cause.,2026-07-18T16:00:00+00:00,2026-07-19T11:00:00+00:00
2026-10,2026,10,2026-07-19,spa,ocon,18,107.801,3.296250515039155,0.95711703612134,False,16,16,-2,Official grid differs from qualifying order; the grid position is used without guessing the cause.,2026-07-18T16:00:00+00:00,2026-07-19T11:00:00+00:00
2026-10,2026,10,2026-07-19,spa,bottas,19,107.82300000000001,3.3173311869376665,-0.1370738439025258,False,17,17,-2,Official grid differs from qualifying order; the grid position is used without guessing the cause.,2026-07-18T16:00:00+00:00,2026-07-19T11:00:00+00:00
2026-10,2026,10,2026-07-19,spa,alonso,21,110.00200000000001,5.4052759172488,-0.15883532860758864,False,22,22,1,Official grid differs from qualifying order; the grid position is used without guessing the cause.,2026-07-18T16:00:00+00:00,2026-07-19T11:00:00+00:00
2026-10,2026,10,2026-07-19,spa,stroll,22,110.17699999999999,5.57296308007781,0.15908801658150118,False,20,20,-2,Official grid differs from qualifying order; the grid position is used without guessing the cause.,2026-07-18T16:00:00+00:00,2026-07-19T11:00:00+00:00
2026-10,2026,10,2026-07-19,spa,perez,20,107.971,3.4591466160730673,0.13726199419418503,False,18,18,-2,Official grid differs from qualifying order; the grid position is used without guessing the cause.,2026-07-18T16:00:00+00:00,2026-07-19T11:00:00+00:00
2026-10,2026,10,2026-07-19,spa,russell,4,104.869,0.48677187838369684,0.48677187838369684,False,3,3,-1,Official grid differs from qualifying order; the grid position is used without guessing the cause.,2026-07-18T16:00:00+00:00,2026-07-19T11:00:00+00:00
2026-11,2026,11,2026-07-26,hungaroring,norris,1,77.207,0.0,-0.6140260542711548,False,1,1,0,,2026-07-25T16:00:00+00:00,2026-07-26T11:00:00+00:00
2026-11,2026,11,2026-07-26,hungaroring,max_verstappen,6,77.725,0.670923620915203,-0.16825935059597236,False,4,4,-2,Official grid differs from qualifying order; the grid position is used without guessing the cause.,2026-07-25T16:00:00+00:00,2026-07-26T11:00:00+00:00
2026-11,2026,11,2026-07-26,hungaroring,antonelli,4,77.479,0.3522996619477581,-0.3613683127572092,False,7,7,3,Official grid differs from qualifying order; the grid position is used without guessing the cause.,2026-07-25T16:00:00+00:00,2026-07-26T11:00:00+00:00
2026-11,2026,11,2026-07-26,hungaroring,leclerc,3,77.445,0.3082622042042814,0.29267408280345397,False,2,2,-1,Official grid differs from qualifying order; the grid position is used without guessing the cause.,2026-07-25T16:00:00+00:00,2026-07-26T11:00:00+00:00
2026-11,2026,11,2026-07-26,hungaroring,hamilton,2,77.219,0.015542632144754305,-0.2918200012912378,False,5,5,3,Official grid differs from qualifying order; the grid position is used without guessing the cause.,2026-07-25T16:00:00+00:00,2026-07-26T11:00:00+00:00
2026-11,2026,11,2026-07-26,hungaroring,hadjar,8,77.856,0.8405973551620979,0.16854293985204277,False,8,8,0,,2026-07-25T16:00:00+00:00,2026-07-26T11:00:00+00:00
2026-11,2026,11,2026-07-26,hungaroring,russell,7,77.76,0.716256298004082,0.36267891944914865,False,6,6,-1,Official grid differs from qualifying order; the grid position is used without guessing the cause.,2026-07-25T16:00:00+00:00,2026-07-26T11:00:00+00:00
2026-11,2026,11,2026-07-26,hungaroring,lawson,11,78.765,2.0179517401271996,0.618285407697902,False,11,11,0,,2026-07-25T16:00:00+00:00,2026-07-26T11:00:00+00:00
2026-11,2026,11,2026-07-26,hungaroring,hulkenberg,10,78.639,1.8547541026072794,-0.5438288077502015,False,10,10,0,,2026-07-25T16:00:00+00:00,2026-07-26T11:00:00+00:00
2026-11,2026,11,2026-07-26,hungaroring,arvid_lindblad,9,78.281,1.3910655769554736,-0.6144861296260962,False,9,9,0,,2026-07-25T16:00:00+00:00,2026-07-26T11:00:00+00:00
2026-11,2026,11,2026-07-26,hungaroring,bortoleto,14,79.069,2.41169842112763,0.5468024771423935,False,14,14,0,,2026-07-25T16:00:00+00:00,2026-07-26T11:00:00+00:00
2026-11,2026,11,2026-07-26,hungaroring,gasly,12,78.844,2.1202740684134866,-0.23156642666431337,False,12,12,0,,2026-07-25T16:00:00+00:00,2026-07-26T11:00:00+00:00
2026-11,2026,11,2026-07-26,hungaroring,stroll,20,80.65899999999999,4.471097180307483,1.0663091419406565,False,20,20,0,,2026-07-25T16:00:00+00:00,2026-07-26T11:00:00+00:00
2026-11,2026,11,2026-07-26,hungaroring,alonso,16,79.80799999999999,3.368865517375367,-1.0550589518838556,False,16,16,0,,2026-07-25T16:00:00+00:00,2026-07-26T11:00:00+00:00
2026-11,2026,11,2026-07-26,hungaroring,colapinto,13,79.027,2.3572992086209896,0.23210390137487566,False,13,13,0,,2026-07-25T16:00:00+00:00,2026-07-26T11:00:00+00:00
2026-11,2026,11,2026-07-26,hungaroring,ocon,15,79.73400000000001,3.2730192858160727,-0.6219386038163788,False,15,15,0,,2026-07-25T16:00:00+00:00,2026-07-26T11:00:00+00:00
2026-11,2026,11,2026-07-26,hungaroring,albon,19,80.658,4.469801960962099,0.04589374976743794,False,19,19,0,,2026-07-25T16:00:00+00:00,2026-07-26T11:00:00+00:00
2026-11,2026,11,2026-07-26,hungaroring,sainz,18,80.621,4.421878845182434,-0.045872697066634605,False,18,18,0,,2026-07-25T16:00:00+00:00,2026-07-26T11:00:00+00:00
2026-11,2026,11,2026-07-26,hungaroring,bearman,17,80.233,3.919333739168742,0.6258308877016018,False,17,17,0,,2026-07-25T16:00:00+00:00,2026-07-26T11:00:00+00:00
2026-11,2026,11,2026-07-26,hungaroring,piastri,5,77.684,0.6178196277539653,0.6178196277539653,False,3,3,-2,Official grid differs from qualifying order; the grid position is used without guessing the cause.,2026-07-25T16:00:00+00:00,2026-07-26T11:00:00+00:00
2026-11,2026,11,2026-07-26,hungaroring,perez,22,81.322,5.32982760630514,0.539030240091001,False,22,22,0,,2026-07-25T16:00:00+00:00,2026-07-26T11:00:00+00:00
2026-11,2026,11,2026-07-26,hungaroring,bottas,21,80.886,4.765111971712412,-0.5361402818425605,False,21,21,0,,2026-07-25T16:00:00+00:00,2026-07-26T11:00:00+00:00
