baseline,race_id,season,round,race_date,circuit_id,driver_id,driver_name,constructor_id,constructor_name,baseline_score,predicted_position,actual_position,actual_classification_status,history_race_count,history_latest_race_id,history_latest_race_date
previous_race_order,2026-01,2026,1,2026-03-08,albert_park,max_verstappen,Max Verstappen,red_bull,Red Bull,1.0,1,6,CLASSIFIED,70,2025-24,2025-12-07
previous_race_order,2026-01,2026,1,2026-03-08,albert_park,piastri,Oscar Piastri,mclaren,McLaren,0.9473684210526316,2,21,DNS,70,2025-24,2025-12-07
previous_race_order,2026-01,2026,1,2026-03-08,albert_park,norris,Lando Norris,mclaren,McLaren,0.8947368421052632,3,5,CLASSIFIED,70,2025-24,2025-12-07
previous_race_order,2026-01,2026,1,2026-03-08,albert_park,leclerc,Charles Leclerc,ferrari,Ferrari,0.8421052631578947,4,3,CLASSIFIED,70,2025-24,2025-12-07
previous_race_order,2026-01,2026,1,2026-03-08,albert_park,russell,George Russell,mercedes,Mercedes,0.7894736842105263,5,1,CLASSIFIED,70,2025-24,2025-12-07
previous_race_order,2026-01,2026,1,2026-03-08,albert_park,alonso,Fernando Alonso,aston_martin,Aston Martin,0.736842105263158,6,18,DNF,70,2025-24,2025-12-07
previous_race_order,2026-01,2026,1,2026-03-08,albert_park,ocon,Esteban Ocon,haas,Haas F1 Team,0.6842105263157895,7,11,CLASSIFIED,70,2025-24,2025-12-07
previous_race_order,2026-01,2026,1,2026-03-08,albert_park,hamilton,Lewis Hamilton,ferrari,Ferrari,0.631578947368421,8,4,CLASSIFIED,70,2025-24,2025-12-07
previous_race_order,2026-01,2026,1,2026-03-08,albert_park,hulkenberg,Nico Hülkenberg,audi,Audi,0.5789473684210527,9,22,DNS,70,2025-24,2025-12-07
previous_race_order,2026-01,2026,1,2026-03-08,albert_park,stroll,Lance Stroll,aston_martin,Aston Martin,0.5263157894736843,10,17,NC,70,2025-24,2025-12-07
previous_race_order,2026-01,2026,1,2026-03-08,albert_park,arvid_lindblad,Arvid Lindblad,rb,RB F1 Team,0.5,11,8,CLASSIFIED,70,2025-24,2025-12-07
previous_race_order,2026-01,2026,1,2026-03-08,albert_park,bortoleto,Gabriel Bortoleto,audi,Audi,0.4736842105263158,12,9,CLASSIFIED,70,2025-24,2025-12-07
previous_race_order,2026-01,2026,1,2026-03-08,albert_park,bearman,Oliver Bearman,haas,Haas F1 Team,0.42105263157894735,13,7,CLASSIFIED,70,2025-24,2025-12-07
previous_race_order,2026-01,2026,1,2026-03-08,albert_park,sainz,Carlos Sainz,williams,Williams,0.368421052631579,14,15,CLASSIFIED,70,2025-24,2025-12-07
previous_race_order,2026-01,2026,1,2026-03-08,albert_park,antonelli,Andrea Kimi Antonelli,mercedes,Mercedes,0.26315789473684215,15,2,CLASSIFIED,70,2025-24,2025-12-07
previous_race_order,2026-01,2026,1,2026-03-08,albert_park,albon,Alexander Albon,williams,Williams,0.21052631578947367,16,12,CLASSIFIED,70,2025-24,2025-12-07
previous_race_order,2026-01,2026,1,2026-03-08,albert_park,hadjar,Isack Hadjar,red_bull,Red Bull,0.1578947368421053,17,20,DNF,70,2025-24,2025-12-07
previous_race_order,2026-01,2026,1,2026-03-08,albert_park,bottas,Valtteri Bottas,cadillac,Cadillac F1 Team,0.10526315789473684,18,19,DNF,70,2025-24,2025-12-07
previous_race_order,2026-01,2026,1,2026-03-08,albert_park,lawson,Liam Lawson,rb,RB F1 Team,0.10526315789473684,19,13,CLASSIFIED,70,2025-24,2025-12-07
previous_race_order,2026-01,2026,1,2026-03-08,albert_park,gasly,Pierre Gasly,alpine,Alpine F1 Team,0.052631578947368474,20,10,CLASSIFIED,70,2025-24,2025-12-07
previous_race_order,2026-01,2026,1,2026-03-08,albert_park,colapinto,Franco Colapinto,alpine,Alpine F1 Team,0.0,21,14,CLASSIFIED,70,2025-24,2025-12-07
previous_race_order,2026-01,2026,1,2026-03-08,albert_park,perez,Sergio Pérez,cadillac,Cadillac F1 Team,0.0,22,16,CLASSIFIED,70,2025-24,2025-12-07
driver_form_unweighted,2026-01,2026,1,2026-03-08,albert_park,max_verstappen,Max Verstappen,red_bull,Red Bull,0.9237616099071208,1,6,CLASSIFIED,70,2025-24,2025-12-07
driver_form_unweighted,2026-01,2026,1,2026-03-08,albert_park,leclerc,Charles Leclerc,ferrari,Ferrari,0.8117630140926085,2,3,CLASSIFIED,70,2025-24,2025-12-07
driver_form_unweighted,2026-01,2026,1,2026-03-08,albert_park,norris,Lando Norris,mclaren,McLaren,0.787796697626419,3,5,CLASSIFIED,70,2025-24,2025-12-07
driver_form_unweighted,2026-01,2026,1,2026-03-08,albert_park,russell,George Russell,mercedes,Mercedes,0.7618983355825462,4,1,CLASSIFIED,70,2025-24,2025-12-07
driver_form_unweighted,2026-01,2026,1,2026-03-08,albert_park,piastri,Oscar Piastri,mclaren,McLaren,0.7553306342780027,5,21,DNS,70,2025-24,2025-12-07
driver_form_unweighted,2026-01,2026,1,2026-03-08,albert_park,hamilton,Lewis Hamilton,ferrari,Ferrari,0.7399517311798014,6,4,CLASSIFIED,70,2025-24,2025-12-07
driver_form_unweighted,2026-01,2026,1,2026-03-08,albert_park,perez,Sergio Pérez,cadillac,Cadillac F1 Team,0.7260233918128656,7,16,CLASSIFIED,70,2025-24,2025-12-07
driver_form_unweighted,2026-01,2026,1,2026-03-08,albert_park,sainz,Carlos Sainz,williams,Williams,0.6723708177547695,8,15,CLASSIFIED,70,2025-24,2025-12-07
driver_form_unweighted,2026-01,2026,1,2026-03-08,albert_park,antonelli,Andrea Kimi Antonelli,mercedes,Mercedes,0.6210526315789474,9,2,CLASSIFIED,70,2025-24,2025-12-07
driver_form_unweighted,2026-01,2026,1,2026-03-08,albert_park,alonso,Fernando Alonso,aston_martin,Aston Martin,0.5994623655913979,10,18,DNF,70,2025-24,2025-12-07
driver_form_unweighted,2026-01,2026,1,2026-03-08,albert_park,arvid_lindblad,Arvid Lindblad,rb,RB F1 Team,0.5,11,8,CLASSIFIED,70,2025-24,2025-12-07
driver_form_unweighted,2026-01,2026,1,2026-03-08,albert_park,bearman,Oliver Bearman,haas,Haas F1 Team,0.4936647173489279,12,7,CLASSIFIED,70,2025-24,2025-12-07
driver_form_unweighted,2026-01,2026,1,2026-03-08,albert_park,albon,Alexander Albon,williams,Williams,0.4693248272195641,13,12,CLASSIFIED,70,2025-24,2025-12-07
driver_form_unweighted,2026-01,2026,1,2026-03-08,albert_park,hadjar,Isack Hadjar,red_bull,Red Bull,0.46331738437001596,14,20,DNF,70,2025-24,2025-12-07
driver_form_unweighted,2026-01,2026,1,2026-03-08,albert_park,ocon,Esteban Ocon,haas,Haas F1 Team,0.4309941520467836,15,11,CLASSIFIED,70,2025-24,2025-12-07
driver_form_unweighted,2026-01,2026,1,2026-03-08,albert_park,gasly,Pierre Gasly,alpine,Alpine F1 Team,0.4286455385776269,16,10,CLASSIFIED,70,2025-24,2025-12-07
driver_form_unweighted,2026-01,2026,1,2026-03-08,albert_park,stroll,Lance Stroll,aston_martin,Aston Martin,0.42253858690441953,17,17,NC,70,2025-24,2025-12-07
driver_form_unweighted,2026-01,2026,1,2026-03-08,albert_park,lawson,Liam Lawson,rb,RB F1 Team,0.42183235867446395,18,13,CLASSIFIED,70,2025-24,2025-12-07
driver_form_unweighted,2026-01,2026,1,2026-03-08,albert_park,hulkenberg,Nico Hülkenberg,audi,Audi,0.4136955291454443,19,22,DNS,70,2025-24,2025-12-07
driver_form_unweighted,2026-01,2026,1,2026-03-08,albert_park,bortoleto,Gabriel Bortoleto,audi,Audi,0.35010772545398583,20,9,CLASSIFIED,70,2025-24,2025-12-07
driver_form_unweighted,2026-01,2026,1,2026-03-08,albert_park,bottas,Valtteri Bottas,cadillac,Cadillac F1 Team,0.2866210241049779,21,19,DNF,70,2025-24,2025-12-07
driver_form_unweighted,2026-01,2026,1,2026-03-08,albert_park,colapinto,Franco Colapinto,alpine,Alpine F1 Team,0.2819730485634376,22,14,CLASSIFIED,70,2025-24,2025-12-07
driver_form_season_weighted,2026-01,2026,1,2026-03-08,albert_park,max_verstappen,Max Verstappen,red_bull,Red Bull,0.9083749519784864,1,6,CLASSIFIED,70,2025-24,2025-12-07
driver_form_season_weighted,2026-01,2026,1,2026-03-08,albert_park,norris,Lando Norris,mclaren,McLaren,0.81945503856259,2,5,CLASSIFIED,70,2025-24,2025-12-07
driver_form_season_weighted,2026-01,2026,1,2026-03-08,albert_park,piastri,Oscar Piastri,mclaren,McLaren,0.8103152618388075,3,21,DNS,70,2025-24,2025-12-07
driver_form_season_weighted,2026-01,2026,1,2026-03-08,albert_park,leclerc,Charles Leclerc,ferrari,Ferrari,0.80975587115938,4,3,CLASSIFIED,70,2025-24,2025-12-07
driver_form_season_weighted,2026-01,2026,1,2026-03-08,albert_park,russell,George Russell,mercedes,Mercedes,0.7792289365388781,5,1,CLASSIFIED,70,2025-24,2025-12-07
driver_form_season_weighted,2026-01,2026,1,2026-03-08,albert_park,hamilton,Lewis Hamilton,ferrari,Ferrari,0.7219919878436248,6,4,CLASSIFIED,70,2025-24,2025-12-07
driver_form_season_weighted,2026-01,2026,1,2026-03-08,albert_park,perez,Sergio Pérez,cadillac,Cadillac F1 Team,0.6961013645224171,7,16,CLASSIFIED,70,2025-24,2025-12-07
driver_form_season_weighted,2026-01,2026,1,2026-03-08,albert_park,sainz,Carlos Sainz,williams,Williams,0.6336640782283578,8,15,CLASSIFIED,70,2025-24,2025-12-07
driver_form_season_weighted,2026-01,2026,1,2026-03-08,albert_park,antonelli,Andrea Kimi Antonelli,mercedes,Mercedes,0.6210526315789474,9,2,CLASSIFIED,70,2025-24,2025-12-07
driver_form_season_weighted,2026-01,2026,1,2026-03-08,albert_park,alonso,Fernando Alonso,aston_martin,Aston Martin,0.5600722673893406,10,18,DNF,70,2025-24,2025-12-07
driver_form_season_weighted,2026-01,2026,1,2026-03-08,albert_park,arvid_lindblad,Arvid Lindblad,rb,RB F1 Team,0.5,11,8,CLASSIFIED,70,2025-24,2025-12-07
driver_form_season_weighted,2026-01,2026,1,2026-03-08,albert_park,bearman,Oliver Bearman,haas,Haas F1 Team,0.4914823290109332,12,7,CLASSIFIED,70,2025-24,2025-12-07
driver_form_season_weighted,2026-01,2026,1,2026-03-08,albert_park,albon,Alexander Albon,williams,Williams,0.483030492898914,13,12,CLASSIFIED,70,2025-24,2025-12-07
driver_form_season_weighted,2026-01,2026,1,2026-03-08,albert_park,hadjar,Isack Hadjar,red_bull,Red Bull,0.46331738437001596,14,20,DNF,70,2025-24,2025-12-07
driver_form_season_weighted,2026-01,2026,1,2026-03-08,albert_park,hulkenberg,Nico Hülkenberg,audi,Audi,0.43921456758427235,15,22,DNS,70,2025-24,2025-12-07
driver_form_season_weighted,2026-01,2026,1,2026-03-08,albert_park,lawson,Liam Lawson,rb,RB F1 Team,0.4298245614035088,16,13,CLASSIFIED,70,2025-24,2025-12-07
driver_form_season_weighted,2026-01,2026,1,2026-03-08,albert_park,ocon,Esteban Ocon,haas,Haas F1 Team,0.41062301422848463,17,11,CLASSIFIED,70,2025-24,2025-12-07
driver_form_season_weighted,2026-01,2026,1,2026-03-08,albert_park,gasly,Pierre Gasly,alpine,Alpine F1 Team,0.3966468590831919,18,10,CLASSIFIED,70,2025-24,2025-12-07
driver_form_season_weighted,2026-01,2026,1,2026-03-08,albert_park,stroll,Lance Stroll,aston_martin,Aston Martin,0.3886568272533185,19,17,NC,70,2025-24,2025-12-07
driver_form_season_weighted,2026-01,2026,1,2026-03-08,albert_park,bortoleto,Gabriel Bortoleto,audi,Audi,0.35010772545398583,20,9,CLASSIFIED,70,2025-24,2025-12-07
driver_form_season_weighted,2026-01,2026,1,2026-03-08,albert_park,bottas,Valtteri Bottas,cadillac,Cadillac F1 Team,0.26779912744825024,21,19,DNF,70,2025-24,2025-12-07
driver_form_season_weighted,2026-01,2026,1,2026-03-08,albert_park,colapinto,Franco Colapinto,alpine,Alpine F1 Team,0.2645502645502646,22,14,CLASSIFIED,70,2025-24,2025-12-07
driver_form_recent_5,2026-01,2026,1,2026-03-08,albert_park,max_verstappen,Max Verstappen,red_bull,Red Bull,0.9578947368421054,1,6,CLASSIFIED,70,2025-24,2025-12-07
driver_form_recent_5,2026-01,2026,1,2026-03-08,albert_park,norris,Lando Norris,mclaren,McLaren,0.9368421052631579,2,5,CLASSIFIED,70,2025-24,2025-12-07
driver_form_recent_5,2026-01,2026,1,2026-03-08,albert_park,piastri,Oscar Piastri,mclaren,McLaren,0.8526315789473685,3,21,DNS,70,2025-24,2025-12-07
driver_form_recent_5,2026-01,2026,1,2026-03-08,albert_park,leclerc,Charles Leclerc,ferrari,Ferrari,0.8315789473684211,4,3,CLASSIFIED,70,2025-24,2025-12-07
driver_form_recent_5,2026-01,2026,1,2026-03-08,albert_park,russell,George Russell,mercedes,Mercedes,0.8,5,1,CLASSIFIED,70,2025-24,2025-12-07
driver_form_recent_5,2026-01,2026,1,2026-03-08,albert_park,antonelli,Andrea Kimi Antonelli,mercedes,Mercedes,0.7263157894736842,6,2,CLASSIFIED,70,2025-24,2025-12-07
driver_form_recent_5,2026-01,2026,1,2026-03-08,albert_park,hamilton,Lewis Hamilton,ferrari,Ferrari,0.631578947368421,7,4,CLASSIFIED,70,2025-24,2025-12-07
driver_form_recent_5,2026-01,2026,1,2026-03-08,albert_park,bearman,Oliver Bearman,haas,Haas F1 Team,0.6210526315789474,8,7,CLASSIFIED,70,2025-24,2025-12-07
driver_form_recent_5,2026-01,2026,1,2026-03-08,albert_park,alonso,Fernando Alonso,aston_martin,Aston Martin,0.5473684210526316,9,18,DNF,70,2025-24,2025-12-07
driver_form_recent_5,2026-01,2026,1,2026-03-08,albert_park,sainz,Carlos Sainz,williams,Williams,0.5157894736842106,10,15,CLASSIFIED,70,2025-24,2025-12-07
driver_form_recent_5,2026-01,2026,1,2026-03-08,albert_park,ocon,Esteban Ocon,haas,Haas F1 Team,0.5052631578947369,11,11,CLASSIFIED,70,2025-24,2025-12-07
driver_form_recent_5,2026-01,2026,1,2026-03-08,albert_park,arvid_lindblad,Arvid Lindblad,rb,RB F1 Team,0.5,12,8,CLASSIFIED,70,2025-24,2025-12-07
driver_form_recent_5,2026-01,2026,1,2026-03-08,albert_park,hulkenberg,Nico Hülkenberg,audi,Audi,0.4947368421052632,13,22,DNS,70,2025-24,2025-12-07
driver_form_recent_5,2026-01,2026,1,2026-03-08,albert_park,perez,Sergio Pérez,cadillac,Cadillac F1 Team,0.4736842105263158,14,16,CLASSIFIED,70,2025-24,2025-12-07
driver_form_recent_5,2026-01,2026,1,2026-03-08,albert_park,lawson,Liam Lawson,rb,RB F1 Team,0.43157894736842106,15,13,CLASSIFIED,70,2025-24,2025-12-07
driver_form_recent_5,2026-01,2026,1,2026-03-08,albert_park,hadjar,Isack Hadjar,red_bull,Red Bull,0.4,16,20,DNF,70,2025-24,2025-12-07
driver_form_recent_5,2026-01,2026,1,2026-03-08,albert_park,albon,Alexander Albon,williams,Williams,0.37894736842105264,17,12,CLASSIFIED,70,2025-24,2025-12-07
driver_form_recent_5,2026-01,2026,1,2026-03-08,albert_park,bortoleto,Gabriel Bortoleto,audi,Audi,0.3263157894736842,18,9,CLASSIFIED,70,2025-24,2025-12-07
driver_form_recent_5,2026-01,2026,1,2026-03-08,albert_park,stroll,Lance Stroll,aston_martin,Aston Martin,0.3263157894736842,19,17,NC,70,2025-24,2025-12-07
driver_form_recent_5,2026-01,2026,1,2026-03-08,albert_park,gasly,Pierre Gasly,alpine,Alpine F1 Team,0.2842105263157895,20,10,CLASSIFIED,70,2025-24,2025-12-07
driver_form_recent_5,2026-01,2026,1,2026-03-08,albert_park,bottas,Valtteri Bottas,cadillac,Cadillac F1 Team,0.28421052631578947,21,19,DNF,70,2025-24,2025-12-07
driver_form_recent_5,2026-01,2026,1,2026-03-08,albert_park,colapinto,Franco Colapinto,alpine,Alpine F1 Team,0.21052631578947373,22,14,CLASSIFIED,70,2025-24,2025-12-07
driver_form_recent_10,2026-01,2026,1,2026-03-08,albert_park,max_verstappen,Max Verstappen,red_bull,Red Bull,0.968421052631579,1,6,CLASSIFIED,70,2025-24,2025-12-07
driver_form_recent_10,2026-01,2026,1,2026-03-08,albert_park,piastri,Oscar Piastri,mclaren,McLaren,0.8947368421052632,2,21,DNS,70,2025-24,2025-12-07
driver_form_recent_10,2026-01,2026,1,2026-03-08,albert_park,norris,Lando Norris,mclaren,McLaren,0.8315789473684211,3,5,CLASSIFIED,70,2025-24,2025-12-07
driver_form_recent_10,2026-01,2026,1,2026-03-08,albert_park,russell,George Russell,mercedes,Mercedes,0.8315789473684211,4,1,CLASSIFIED,70,2025-24,2025-12-07
driver_form_recent_10,2026-01,2026,1,2026-03-08,albert_park,leclerc,Charles Leclerc,ferrari,Ferrari,0.8052631578947368,5,3,CLASSIFIED,70,2025-24,2025-12-07
driver_form_recent_10,2026-01,2026,1,2026-03-08,albert_park,antonelli,Andrea Kimi Antonelli,mercedes,Mercedes,0.6421052631578947,6,2,CLASSIFIED,70,2025-24,2025-12-07
driver_form_recent_10,2026-01,2026,1,2026-03-08,albert_park,hamilton,Lewis Hamilton,ferrari,Ferrari,0.6263157894736842,7,4,CLASSIFIED,70,2025-24,2025-12-07
driver_form_recent_10,2026-01,2026,1,2026-03-08,albert_park,bearman,Oliver Bearman,haas,Haas F1 Team,0.5736842105263158,8,7,CLASSIFIED,70,2025-24,2025-12-07
driver_form_recent_10,2026-01,2026,1,2026-03-08,albert_park,alonso,Fernando Alonso,aston_martin,Aston Martin,0.5263157894736843,9,18,DNF,70,2025-24,2025-12-07
driver_form_recent_10,2026-01,2026,1,2026-03-08,albert_park,perez,Sergio Pérez,cadillac,Cadillac F1 Team,0.5263157894736843,10,16,CLASSIFIED,70,2025-24,2025-12-07
driver_form_recent_10,2026-01,2026,1,2026-03-08,albert_park,sainz,Carlos Sainz,williams,Williams,0.5157894736842106,11,15,CLASSIFIED,70,2025-24,2025-12-07
driver_form_recent_10,2026-01,2026,1,2026-03-08,albert_park,arvid_lindblad,Arvid Lindblad,rb,RB F1 Team,0.5,12,8,CLASSIFIED,70,2025-24,2025-12-07
driver_form_recent_10,2026-01,2026,1,2026-03-08,albert_park,hulkenberg,Nico Hülkenberg,audi,Audi,0.46842105263157896,13,22,DNS,70,2025-24,2025-12-07
driver_form_recent_10,2026-01,2026,1,2026-03-08,albert_park,hadjar,Isack Hadjar,red_bull,Red Bull,0.4631578947368421,14,20,DNF,70,2025-24,2025-12-07
driver_form_recent_10,2026-01,2026,1,2026-03-08,albert_park,lawson,Liam Lawson,rb,RB F1 Team,0.4578947368421053,15,13,CLASSIFIED,70,2025-24,2025-12-07
driver_form_recent_10,2026-01,2026,1,2026-03-08,albert_park,albon,Alexander Albon,williams,Williams,0.43157894736842106,16,12,CLASSIFIED,70,2025-24,2025-12-07
driver_form_recent_10,2026-01,2026,1,2026-03-08,albert_park,bortoleto,Gabriel Bortoleto,audi,Audi,0.43157894736842106,17,9,CLASSIFIED,70,2025-24,2025-12-07
driver_form_recent_10,2026-01,2026,1,2026-03-08,albert_park,ocon,Esteban Ocon,haas,Haas F1 Team,0.4,18,11,CLASSIFIED,70,2025-24,2025-12-07
driver_form_recent_10,2026-01,2026,1,2026-03-08,albert_park,stroll,Lance Stroll,aston_martin,Aston Martin,0.3631578947368421,19,17,NC,70,2025-24,2025-12-07
driver_form_recent_10,2026-01,2026,1,2026-03-08,albert_park,bottas,Valtteri Bottas,cadillac,Cadillac F1 Team,0.2368421052631579,20,19,DNF,70,2025-24,2025-12-07
driver_form_recent_10,2026-01,2026,1,2026-03-08,albert_park,colapinto,Franco Colapinto,alpine,Alpine F1 Team,0.21052631578947373,21,14,CLASSIFIED,70,2025-24,2025-12-07
driver_form_recent_10,2026-01,2026,1,2026-03-08,albert_park,gasly,Pierre Gasly,alpine,Alpine F1 Team,0.20000000000000004,22,10,CLASSIFIED,70,2025-24,2025-12-07
constructor_teammate_unweighted,2026-01,2026,1,2026-03-08,albert_park,max_verstappen,Max Verstappen,red_bull,Red Bull,0.7422295321637427,1,6,CLASSIFIED,70,2025-24,2025-12-07
constructor_teammate_unweighted,2026-01,2026,1,2026-03-08,albert_park,hadjar,Isack Hadjar,red_bull,Red Bull,0.7027431517389966,2,20,DNF,70,2025-24,2025-12-07
constructor_teammate_unweighted,2026-01,2026,1,2026-03-08,albert_park,leclerc,Charles Leclerc,ferrari,Ferrari,0.702376914944973,3,3,CLASSIFIED,70,2025-24,2025-12-07
constructor_teammate_unweighted,2026-01,2026,1,2026-03-08,albert_park,norris,Lando Norris,mclaren,McLaren,0.6919113907958302,4,5,CLASSIFIED,70,2025-24,2025-12-07
constructor_teammate_unweighted,2026-01,2026,1,2026-03-08,albert_park,hamilton,Lewis Hamilton,ferrari,Ferrari,0.6861412827610649,5,4,CLASSIFIED,70,2025-24,2025-12-07
constructor_teammate_unweighted,2026-01,2026,1,2026-03-08,albert_park,russell,George Russell,mercedes,Mercedes,0.6804970760233917,6,1,CLASSIFIED,70,2025-24,2025-12-07
constructor_teammate_unweighted,2026-01,2026,1,2026-03-08,albert_park,piastri,Oscar Piastri,mclaren,McLaren,0.6800692855326723,7,21,DNS,70,2025-24,2025-12-07
constructor_teammate_unweighted,2026-01,2026,1,2026-03-08,albert_park,antonelli,Andrea Kimi Antonelli,mercedes,Mercedes,0.6379970760233917,8,2,CLASSIFIED,70,2025-24,2025-12-07
constructor_teammate_unweighted,2026-01,2026,1,2026-03-08,albert_park,hulkenberg,Nico Hülkenberg,audi,Audi,0.5466755513121428,9,22,DNS,70,2025-24,2025-12-07
constructor_teammate_unweighted,2026-01,2026,1,2026-03-08,albert_park,bottas,Valtteri Bottas,cadillac,Cadillac F1 Team,0.5364438283611216,10,19,DNF,70,2025-24,2025-12-07
constructor_teammate_unweighted,2026-01,2026,1,2026-03-08,albert_park,alonso,Fernando Alonso,aston_martin,Aston Martin,0.5349663466843209,11,18,DNF,70,2025-24,2025-12-07
constructor_teammate_unweighted,2026-01,2026,1,2026-03-08,albert_park,bortoleto,Gabriel Bortoleto,audi,Audi,0.5271661296097386,12,9,CLASSIFIED,70,2025-24,2025-12-07
constructor_teammate_unweighted,2026-01,2026,1,2026-03-08,albert_park,perez,Sergio Pérez,cadillac,Cadillac F1 Team,0.5027959091868867,13,16,CLASSIFIED,70,2025-24,2025-12-07
constructor_teammate_unweighted,2026-01,2026,1,2026-03-08,albert_park,stroll,Lance Stroll,aston_martin,Aston Martin,0.48316230828643936,14,17,NC,70,2025-24,2025-12-07
constructor_teammate_unweighted,2026-01,2026,1,2026-03-08,albert_park,albon,Alexander Albon,williams,Williams,0.4542229310650363,15,12,CLASSIFIED,70,2025-24,2025-12-07
constructor_teammate_unweighted,2026-01,2026,1,2026-03-08,albert_park,arvid_lindblad,Arvid Lindblad,rb,RB F1 Team,0.4436022120518688,16,8,CLASSIFIED,70,2025-24,2025-12-07
constructor_teammate_unweighted,2026-01,2026,1,2026-03-08,albert_park,lawson,Liam Lawson,rb,RB F1 Team,0.4356424979518038,17,13,CLASSIFIED,70,2025-24,2025-12-07
constructor_teammate_unweighted,2026-01,2026,1,2026-03-08,albert_park,gasly,Pierre Gasly,alpine,Alpine F1 Team,0.4339437990181697,18,10,CLASSIFIED,70,2025-24,2025-12-07
constructor_teammate_unweighted,2026-01,2026,1,2026-03-08,albert_park,bearman,Oliver Bearman,haas,Haas F1 Team,0.42850674941636036,19,7,CLASSIFIED,70,2025-24,2025-12-07
constructor_teammate_unweighted,2026-01,2026,1,2026-03-08,albert_park,sainz,Carlos Sainz,williams,Williams,0.4244695381487834,20,15,CLASSIFIED,70,2025-24,2025-12-07
constructor_teammate_unweighted,2026-01,2026,1,2026-03-08,albert_park,colapinto,Franco Colapinto,alpine,Alpine F1 Team,0.4236296786971242,21,14,CLASSIFIED,70,2025-24,2025-12-07
constructor_teammate_unweighted,2026-01,2026,1,2026-03-08,albert_park,ocon,Esteban Ocon,haas,Haas F1 Team,0.41560501609506395,22,11,CLASSIFIED,70,2025-24,2025-12-07
constructor_teammate_season_weighted,2026-01,2026,1,2026-03-08,albert_park,max_verstappen,Max Verstappen,red_bull,Red Bull,0.7215422215279013,1,6,CLASSIFIED,70,2025-24,2025-12-07
constructor_teammate_season_weighted,2026-01,2026,1,2026-03-08,albert_park,norris,Lando Norris,mclaren,McLaren,0.7193830820511053,2,5,CLASSIFIED,70,2025-24,2025-12-07
constructor_teammate_season_weighted,2026-01,2026,1,2026-03-08,albert_park,piastri,Oscar Piastri,mclaren,McLaren,0.7148442729070331,3,21,DNS,70,2025-24,2025-12-07
constructor_teammate_season_weighted,2026-01,2026,1,2026-03-08,albert_park,leclerc,Charles Leclerc,ferrari,Ferrari,0.700732668184456,4,3,CLASSIFIED,70,2025-24,2025-12-07
constructor_teammate_season_weighted,2026-01,2026,1,2026-03-08,albert_park,russell,George Russell,mercedes,Mercedes,0.6839878225719589,5,1,CLASSIFIED,70,2025-24,2025-12-07
constructor_teammate_season_weighted,2026-01,2026,1,2026-03-08,albert_park,hamilton,Lewis Hamilton,ferrari,Ferrari,0.6790988962546314,6,4,CLASSIFIED,70,2025-24,2025-12-07
constructor_teammate_season_weighted,2026-01,2026,1,2026-03-08,albert_park,hadjar,Isack Hadjar,red_bull,Red Bull,0.6745288366084473,7,20,DNF,70,2025-24,2025-12-07
constructor_teammate_season_weighted,2026-01,2026,1,2026-03-08,albert_park,antonelli,Andrea Kimi Antonelli,mercedes,Mercedes,0.6341328967959805,8,2,CLASSIFIED,70,2025-24,2025-12-07
constructor_teammate_season_weighted,2026-01,2026,1,2026-03-08,albert_park,hulkenberg,Nico Hülkenberg,audi,Audi,0.5476924453992124,9,22,DNS,70,2025-24,2025-12-07
constructor_teammate_season_weighted,2026-01,2026,1,2026-03-08,albert_park,bottas,Valtteri Bottas,cadillac,Cadillac F1 Team,0.5355302416442108,10,19,DNF,70,2025-24,2025-12-07
constructor_teammate_season_weighted,2026-01,2026,1,2026-03-08,albert_park,bortoleto,Gabriel Bortoleto,audi,Audi,0.5271661296097386,11,9,CLASSIFIED,70,2025-24,2025-12-07
constructor_teammate_season_weighted,2026-01,2026,1,2026-03-08,albert_park,alonso,Fernando Alonso,aston_martin,Aston Martin,0.5085361488491533,12,18,DNF,70,2025-24,2025-12-07
constructor_teammate_season_weighted,2026-01,2026,1,2026-03-08,albert_park,perez,Sergio Pérez,cadillac,Cadillac F1 Team,0.5001294286619669,13,16,CLASSIFIED,70,2025-24,2025-12-07
constructor_teammate_season_weighted,2026-01,2026,1,2026-03-08,albert_park,albon,Alexander Albon,williams,Williams,0.4678716448269712,14,12,CLASSIFIED,70,2025-24,2025-12-07
constructor_teammate_season_weighted,2026-01,2026,1,2026-03-08,albert_park,stroll,Lance Stroll,aston_martin,Aston Martin,0.4572162603428408,15,17,NC,70,2025-24,2025-12-07
constructor_teammate_season_weighted,2026-01,2026,1,2026-03-08,albert_park,arvid_lindblad,Arvid Lindblad,rb,RB F1 Team,0.44705059750826337,16,8,CLASSIFIED,70,2025-24,2025-12-07
constructor_teammate_season_weighted,2026-01,2026,1,2026-03-08,albert_park,bearman,Oliver Bearman,haas,Haas F1 Team,0.4458849597953216,17,7,CLASSIFIED,70,2025-24,2025-12-07
constructor_teammate_season_weighted,2026-01,2026,1,2026-03-08,albert_park,sainz,Carlos Sainz,williams,Williams,0.441433669857341,18,15,CLASSIFIED,70,2025-24,2025-12-07
constructor_teammate_season_weighted,2026-01,2026,1,2026-03-08,albert_park,lawson,Liam Lawson,rb,RB F1 Team,0.43874232683157166,19,13,CLASSIFIED,70,2025-24,2025-12-07
constructor_teammate_season_weighted,2026-01,2026,1,2026-03-08,albert_park,ocon,Esteban Ocon,haas,Haas F1 Team,0.429514221158958,20,11,CLASSIFIED,70,2025-24,2025-12-07
constructor_teammate_season_weighted,2026-01,2026,1,2026-03-08,albert_park,gasly,Pierre Gasly,alpine,Alpine F1 Team,0.4105563361434498,21,10,CLASSIFIED,70,2025-24,2025-12-07
constructor_teammate_season_weighted,2026-01,2026,1,2026-03-08,albert_park,colapinto,Franco Colapinto,alpine,Alpine F1 Team,0.3969147899299075,22,14,CLASSIFIED,70,2025-24,2025-12-07
constructor_teammate_recent_5,2026-01,2026,1,2026-03-08,albert_park,norris,Lando Norris,mclaren,McLaren,0.7889473684210526,1,5,CLASSIFIED,70,2025-24,2025-12-07
constructor_teammate_recent_5,2026-01,2026,1,2026-03-08,albert_park,piastri,Oscar Piastri,mclaren,McLaren,0.7636842105263157,2,21,DNS,70,2025-24,2025-12-07
constructor_teammate_recent_5,2026-01,2026,1,2026-03-08,albert_park,max_verstappen,Max Verstappen,red_bull,Red Bull,0.7047368421052631,3,6,CLASSIFIED,70,2025-24,2025-12-07
constructor_teammate_recent_5,2026-01,2026,1,2026-03-08,albert_park,russell,George Russell,mercedes,Mercedes,0.6952631578947368,4,1,CLASSIFIED,70,2025-24,2025-12-07
constructor_teammate_recent_5,2026-01,2026,1,2026-03-08,albert_park,leclerc,Charles Leclerc,ferrari,Ferrari,0.6921052631578948,5,3,CLASSIFIED,70,2025-24,2025-12-07
constructor_teammate_recent_5,2026-01,2026,1,2026-03-08,albert_park,antonelli,Andrea Kimi Antonelli,mercedes,Mercedes,0.6731578947368421,6,2,CLASSIFIED,70,2025-24,2025-12-07
constructor_teammate_recent_5,2026-01,2026,1,2026-03-08,albert_park,hamilton,Lewis Hamilton,ferrari,Ferrari,0.6321052631578947,7,4,CLASSIFIED,70,2025-24,2025-12-07
constructor_teammate_recent_5,2026-01,2026,1,2026-03-08,albert_park,hadjar,Isack Hadjar,red_bull,Red Bull,0.6084210526315789,8,20,DNF,70,2025-24,2025-12-07
constructor_teammate_recent_5,2026-01,2026,1,2026-03-08,albert_park,hulkenberg,Nico Hülkenberg,audi,Audi,0.5436865974459959,9,22,DNS,70,2025-24,2025-12-07
constructor_teammate_recent_5,2026-01,2026,1,2026-03-08,albert_park,bearman,Oliver Bearman,haas,Haas F1 Team,0.5394736842105263,10,7,CLASSIFIED,70,2025-24,2025-12-07
constructor_teammate_recent_5,2026-01,2026,1,2026-03-08,albert_park,bottas,Valtteri Bottas,cadillac,Cadillac F1 Team,0.5310550184986276,11,19,DNF,70,2025-24,2025-12-07
constructor_teammate_recent_5,2026-01,2026,1,2026-03-08,albert_park,bortoleto,Gabriel Bortoleto,audi,Audi,0.5278971237617854,12,9,CLASSIFIED,70,2025-24,2025-12-07
constructor_teammate_recent_5,2026-01,2026,1,2026-03-08,albert_park,sainz,Carlos Sainz,williams,Williams,0.5089473684210527,13,15,CLASSIFIED,70,2025-24,2025-12-07
constructor_teammate_recent_5,2026-01,2026,1,2026-03-08,albert_park,ocon,Esteban Ocon,haas,Haas F1 Team,0.5047368421052632,14,11,CLASSIFIED,70,2025-24,2025-12-07
constructor_teammate_recent_5,2026-01,2026,1,2026-03-08,albert_park,albon,Alexander Albon,williams,Williams,0.4836842105263158,15,12,CLASSIFIED,70,2025-24,2025-12-07
constructor_teammate_recent_5,2026-01,2026,1,2026-03-08,albert_park,alonso,Fernando Alonso,aston_martin,Aston Martin,0.4826315789473684,16,18,DNF,70,2025-24,2025-12-07
constructor_teammate_recent_5,2026-01,2026,1,2026-03-08,albert_park,perez,Sergio Pérez,cadillac,Cadillac F1 Team,0.47579186060389067,17,16,CLASSIFIED,70,2025-24,2025-12-07
constructor_teammate_recent_5,2026-01,2026,1,2026-03-08,albert_park,lawson,Liam Lawson,rb,RB F1 Team,0.4431578947368421,18,13,CLASSIFIED,70,2025-24,2025-12-07
constructor_teammate_recent_5,2026-01,2026,1,2026-03-08,albert_park,arvid_lindblad,Arvid Lindblad,rb,RB F1 Team,0.4336842105263158,19,8,CLASSIFIED,70,2025-24,2025-12-07
constructor_teammate_recent_5,2026-01,2026,1,2026-03-08,albert_park,stroll,Lance Stroll,aston_martin,Aston Martin,0.4068421052631579,20,17,NC,70,2025-24,2025-12-07
constructor_teammate_recent_5,2026-01,2026,1,2026-03-08,albert_park,gasly,Pierre Gasly,alpine,Alpine F1 Team,0.3342105263157895,21,10,CLASSIFIED,70,2025-24,2025-12-07
constructor_teammate_recent_5,2026-01,2026,1,2026-03-08,albert_park,colapinto,Franco Colapinto,alpine,Alpine F1 Team,0.3121052631578948,22,14,CLASSIFIED,70,2025-24,2025-12-07
constructor_teammate_recent_10,2026-01,2026,1,2026-03-08,albert_park,piastri,Oscar Piastri,mclaren,McLaren,0.7486842105263156,1,21,DNS,70,2025-24,2025-12-07
constructor_teammate_recent_10,2026-01,2026,1,2026-03-08,albert_park,norris,Lando Norris,mclaren,McLaren,0.7376315789473683,2,5,CLASSIFIED,70,2025-24,2025-12-07
constructor_teammate_recent_10,2026-01,2026,1,2026-03-08,albert_park,max_verstappen,Max Verstappen,red_bull,Red Bull,0.7278947368421053,3,6,CLASSIFIED,70,2025-24,2025-12-07
constructor_teammate_recent_10,2026-01,2026,1,2026-03-08,albert_park,russell,George Russell,mercedes,Mercedes,0.6942105263157894,4,1,CLASSIFIED,70,2025-24,2025-12-07
constructor_teammate_recent_10,2026-01,2026,1,2026-03-08,albert_park,leclerc,Charles Leclerc,ferrari,Ferrari,0.6778947368421052,5,3,CLASSIFIED,70,2025-24,2025-12-07
constructor_teammate_recent_10,2026-01,2026,1,2026-03-08,albert_park,hadjar,Isack Hadjar,red_bull,Red Bull,0.6552631578947369,6,20,DNF,70,2025-24,2025-12-07
constructor_teammate_recent_10,2026-01,2026,1,2026-03-08,albert_park,antonelli,Andrea Kimi Antonelli,mercedes,Mercedes,0.6373684210526315,7,2,CLASSIFIED,70,2025-24,2025-12-07
constructor_teammate_recent_10,2026-01,2026,1,2026-03-08,albert_park,hamilton,Lewis Hamilton,ferrari,Ferrari,0.6242105263157894,8,4,CLASSIFIED,70,2025-24,2025-12-07
constructor_teammate_recent_10,2026-01,2026,1,2026-03-08,albert_park,hulkenberg,Nico Hülkenberg,audi,Audi,0.5416251939372241,9,22,DNS,70,2025-24,2025-12-07
constructor_teammate_recent_10,2026-01,2026,1,2026-03-08,albert_park,bottas,Valtteri Bottas,cadillac,Cadillac F1 Team,0.5357918606038907,10,19,DNF,70,2025-24,2025-12-07
constructor_teammate_recent_10,2026-01,2026,1,2026-03-08,albert_park,bortoleto,Gabriel Bortoleto,audi,Audi,0.5299585272705574,11,9,CLASSIFIED,70,2025-24,2025-12-07
constructor_teammate_recent_10,2026-01,2026,1,2026-03-08,albert_park,bearman,Oliver Bearman,haas,Haas F1 Team,0.5094736842105263,12,7,CLASSIFIED,70,2025-24,2025-12-07
constructor_teammate_recent_10,2026-01,2026,1,2026-03-08,albert_park,albon,Alexander Albon,williams,Williams,0.5039473684210526,13,12,CLASSIFIED,70,2025-24,2025-12-07
constructor_teammate_recent_10,2026-01,2026,1,2026-03-08,albert_park,sainz,Carlos Sainz,williams,Williams,0.49605263157894736,14,15,CLASSIFIED,70,2025-24,2025-12-07
constructor_teammate_recent_10,2026-01,2026,1,2026-03-08,albert_park,perez,Sergio Pérez,cadillac,Cadillac F1 Team,0.4876339658670486,15,16,CLASSIFIED,70,2025-24,2025-12-07
constructor_teammate_recent_10,2026-01,2026,1,2026-03-08,albert_park,arvid_lindblad,Arvid Lindblad,rb,RB F1 Team,0.4631578947368421,16,8,CLASSIFIED,70,2025-24,2025-12-07
constructor_teammate_recent_10,2026-01,2026,1,2026-03-08,albert_park,lawson,Liam Lawson,rb,RB F1 Team,0.4607894736842105,17,13,CLASSIFIED,70,2025-24,2025-12-07
constructor_teammate_recent_10,2026-01,2026,1,2026-03-08,albert_park,ocon,Esteban Ocon,haas,Haas F1 Team,0.4573684210526316,18,11,CLASSIFIED,70,2025-24,2025-12-07
constructor_teammate_recent_10,2026-01,2026,1,2026-03-08,albert_park,alonso,Fernando Alonso,aston_martin,Aston Martin,0.45289473684210524,19,18,DNF,70,2025-24,2025-12-07
constructor_teammate_recent_10,2026-01,2026,1,2026-03-08,albert_park,stroll,Lance Stroll,aston_martin,Aston Martin,0.41815789473684206,20,17,NC,70,2025-24,2025-12-07
constructor_teammate_recent_10,2026-01,2026,1,2026-03-08,albert_park,colapinto,Franco Colapinto,alpine,Alpine F1 Team,0.2952631578947369,21,14,CLASSIFIED,70,2025-24,2025-12-07
constructor_teammate_recent_10,2026-01,2026,1,2026-03-08,albert_park,gasly,Pierre Gasly,alpine,Alpine F1 Team,0.29210526315789476,22,10,CLASSIFIED,70,2025-24,2025-12-07
previous_race_order,2026-02,2026,2,2026-03-15,shanghai,russell,George Russell,mercedes,Mercedes,1.0,1,2,CLASSIFIED,71,2026-01,2026-03-08
previous_race_order,2026-02,2026,2,2026-03-15,shanghai,antonelli,Andrea Kimi Antonelli,mercedes,Mercedes,0.9523809523809523,2,1,CLASSIFIED,71,2026-01,2026-03-08
previous_race_order,2026-02,2026,2,2026-03-15,shanghai,leclerc,Charles Leclerc,ferrari,Ferrari,0.9047619047619048,3,4,CLASSIFIED,71,2026-01,2026-03-08
previous_race_order,2026-02,2026,2,2026-03-15,shanghai,hamilton,Lewis Hamilton,ferrari,Ferrari,0.8571428571428572,4,3,CLASSIFIED,71,2026-01,2026-03-08
previous_race_order,2026-02,2026,2,2026-03-15,shanghai,norris,Lando Norris,mclaren,McLaren,0.8095238095238095,5,20,DNS,71,2026-01,2026-03-08
previous_race_order,2026-02,2026,2,2026-03-15,shanghai,max_verstappen,Max Verstappen,red_bull,Red Bull,0.7619047619047619,6,16,DNF,71,2026-01,2026-03-08
previous_race_order,2026-02,2026,2,2026-03-15,shanghai,bearman,Oliver Bearman,haas,Haas F1 Team,0.7142857142857143,7,5,CLASSIFIED,71,2026-01,2026-03-08
previous_race_order,2026-02,2026,2,2026-03-15,shanghai,arvid_lindblad,Arvid Lindblad,rb,RB F1 Team,0.6666666666666667,8,12,CLASSIFIED,71,2026-01,2026-03-08
previous_race_order,2026-02,2026,2,2026-03-15,shanghai,bortoleto,Gabriel Bortoleto,audi,Audi,0.6190476190476191,9,21,DNS,71,2026-01,2026-03-08
previous_race_order,2026-02,2026,2,2026-03-15,shanghai,gasly,Pierre Gasly,alpine,Alpine F1 Team,0.5714285714285714,10,6,CLASSIFIED,71,2026-01,2026-03-08
previous_race_order,2026-02,2026,2,2026-03-15,shanghai,ocon,Esteban Ocon,haas,Haas F1 Team,0.5238095238095238,11,14,CLASSIFIED,71,2026-01,2026-03-08
previous_race_order,2026-02,2026,2,2026-03-15,shanghai,albon,Alexander Albon,williams,Williams,0.47619047619047616,12,22,DNS,71,2026-01,2026-03-08
previous_race_order,2026-02,2026,2,2026-03-15,shanghai,lawson,Liam Lawson,rb,RB F1 Team,0.4285714285714286,13,7,CLASSIFIED,71,2026-01,2026-03-08
previous_race_order,2026-02,2026,2,2026-03-15,shanghai,colapinto,Franco Colapinto,alpine,Alpine F1 Team,0.38095238095238093,14,10,CLASSIFIED,71,2026-01,2026-03-08
previous_race_order,2026-02,2026,2,2026-03-15,shanghai,sainz,Carlos Sainz,williams,Williams,0.33333333333333337,15,9,CLASSIFIED,71,2026-01,2026-03-08
previous_race_order,2026-02,2026,2,2026-03-15,shanghai,perez,Sergio Pérez,cadillac,Cadillac F1 Team,0.2857142857142857,16,15,CLASSIFIED,71,2026-01,2026-03-08
previous_race_order,2026-02,2026,2,2026-03-15,shanghai,stroll,Lance Stroll,aston_martin,Aston Martin,0.23809523809523814,17,18,DNF,71,2026-01,2026-03-08
previous_race_order,2026-02,2026,2,2026-03-15,shanghai,alonso,Fernando Alonso,aston_martin,Aston Martin,0.19047619047619047,18,17,DNF,71,2026-01,2026-03-08
previous_race_order,2026-02,2026,2,2026-03-15,shanghai,bottas,Valtteri Bottas,cadillac,Cadillac F1 Team,0.1428571428571429,19,13,CLASSIFIED,71,2026-01,2026-03-08
previous_race_order,2026-02,2026,2,2026-03-15,shanghai,hadjar,Isack Hadjar,red_bull,Red Bull,0.09523809523809523,20,8,CLASSIFIED,71,2026-01,2026-03-08
previous_race_order,2026-02,2026,2,2026-03-15,shanghai,piastri,Oscar Piastri,mclaren,McLaren,0.04761904761904767,21,19,DNS,71,2026-01,2026-03-08
previous_race_order,2026-02,2026,2,2026-03-15,shanghai,hulkenberg,Nico Hülkenberg,audi,Audi,0.0,22,11,CLASSIFIED,71,2026-01,2026-03-08
driver_form_unweighted,2026-02,2026,2,2026-03-15,shanghai,max_verstappen,Max Verstappen,red_bull,Red Bull,0.9214158584867966,1,16,DNF,71,2026-01,2026-03-08
driver_form_unweighted,2026-02,2026,2,2026-03-15,shanghai,leclerc,Charles Leclerc,ferrari,Ferrari,0.8132629962001778,2,4,CLASSIFIED,71,2026-01,2026-03-08
driver_form_unweighted,2026-02,2026,2,2026-03-15,shanghai,norris,Lando Norris,mclaren,McLaren,0.7881115833060913,3,20,DNS,71,2026-01,2026-03-08
driver_form_unweighted,2026-02,2026,2,2026-03-15,shanghai,russell,George Russell,mercedes,Mercedes,0.7655059365585681,4,2,CLASSIFIED,71,2026-01,2026-03-08
driver_form_unweighted,2026-02,2026,2,2026-03-15,shanghai,piastri,Oscar Piastri,mclaren,McLaren,0.7553306342780027,5,19,DNS,71,2026-01,2026-03-08
driver_form_unweighted,2026-02,2026,2,2026-03-15,shanghai,hamilton,Lewis Hamilton,ferrari,Ferrari,0.7417828425229741,6,3,CLASSIFIED,71,2026-01,2026-03-08
driver_form_unweighted,2026-02,2026,2,2026-03-15,shanghai,perez,Sergio Pérez,cadillac,Cadillac F1 Team,0.7152841453226563,7,15,CLASSIFIED,71,2026-01,2026-03-08
driver_form_unweighted,2026-02,2026,2,2026-03-15,shanghai,sainz,Carlos Sainz,williams,Williams,0.6669024712318431,8,9,CLASSIFIED,71,2026-01,2026-03-08
driver_form_unweighted,2026-02,2026,2,2026-03-15,shanghai,arvid_lindblad,Arvid Lindblad,rb,RB F1 Team,0.6666666666666667,9,12,CLASSIFIED,71,2026-01,2026-03-08
driver_form_unweighted,2026-02,2026,2,2026-03-15,shanghai,antonelli,Andrea Kimi Antonelli,mercedes,Mercedes,0.6368301706647571,10,1,CLASSIFIED,71,2026-01,2026-03-08
driver_form_unweighted,2026-02,2026,2,2026-03-15,shanghai,alonso,Fernando Alonso,aston_martin,Aston Martin,0.5994623655913979,11,17,DNF,71,2026-01,2026-03-08
driver_form_unweighted,2026-02,2026,2,2026-03-15,shanghai,bearman,Oliver Bearman,haas,Haas F1 Team,0.5024895572263993,12,5,CLASSIFIED,71,2026-01,2026-03-08
driver_form_unweighted,2026-02,2026,2,2026-03-15,shanghai,albon,Alexander Albon,williams,Williams,0.46944742809404466,13,22,DNS,71,2026-01,2026-03-08
driver_form_unweighted,2026-02,2026,2,2026-03-15,shanghai,hadjar,Isack Hadjar,red_bull,Red Bull,0.46331738437001596,14,8,CLASSIFIED,71,2026-01,2026-03-08
driver_form_unweighted,2026-02,2026,2,2026-03-15,shanghai,ocon,Esteban Ocon,haas,Haas F1 Team,0.432515715518304,15,14,CLASSIFIED,71,2026-01,2026-03-08
driver_form_unweighted,2026-02,2026,2,2026-03-15,shanghai,gasly,Pierre Gasly,alpine,Alpine F1 Team,0.43091193592446725,16,6,CLASSIFIED,71,2026-01,2026-03-08
driver_form_unweighted,2026-02,2026,2,2026-03-15,shanghai,stroll,Lance Stroll,aston_martin,Aston Martin,0.42253858690441953,17,18,DNF,71,2026-01,2026-03-08
driver_form_unweighted,2026-02,2026,2,2026-03-15,shanghai,lawson,Liam Lawson,rb,RB F1 Team,0.4220497480259789,18,7,CLASSIFIED,71,2026-01,2026-03-08
driver_form_unweighted,2026-02,2026,2,2026-03-15,shanghai,hulkenberg,Nico Hülkenberg,audi,Audi,0.4136955291454443,19,11,CLASSIFIED,71,2026-01,2026-03-08
driver_form_unweighted,2026-02,2026,2,2026-03-15,shanghai,bortoleto,Gabriel Bortoleto,audi,Audi,0.3635547201336675,20,21,DNS,71,2026-01,2026-03-08
driver_form_unweighted,2026-02,2026,2,2026-03-15,shanghai,bottas,Valtteri Bottas,cadillac,Cadillac F1 Team,0.2866210241049779,21,13,CLASSIFIED,71,2026-01,2026-03-08
driver_form_unweighted,2026-02,2026,2,2026-03-15,shanghai,colapinto,Franco Colapinto,alpine,Alpine F1 Team,0.2860971874129769,22,10,CLASSIFIED,71,2026-01,2026-03-08
driver_form_season_weighted,2026-02,2026,2,2026-03-15,shanghai,max_verstappen,Max Verstappen,red_bull,Red Bull,0.9042197692813594,1,16,DNF,71,2026-01,2026-03-08
driver_form_season_weighted,2026-02,2026,2,2026-03-15,shanghai,norris,Lando Norris,mclaren,McLaren,0.8191752856319202,2,20,DNS,71,2026-01,2026-03-08
driver_form_season_weighted,2026-02,2026,2,2026-03-15,shanghai,leclerc,Charles Leclerc,ferrari,Ferrari,0.8126791337317654,3,4,CLASSIFIED,71,2026-01,2026-03-08
driver_form_season_weighted,2026-02,2026,2,2026-03-15,shanghai,piastri,Oscar Piastri,mclaren,McLaren,0.8103152618388075,4,19,DNS,71,2026-01,2026-03-08
driver_form_season_weighted,2026-02,2026,2,2026-03-15,shanghai,russell,George Russell,mercedes,Mercedes,0.7855820606672557,5,2,CLASSIFIED,71,2026-01,2026-03-08
driver_form_season_weighted,2026-02,2026,2,2026-03-15,shanghai,hamilton,Lewis Hamilton,ferrari,Ferrari,0.7261187319443647,6,3,CLASSIFIED,71,2026-01,2026-03-08
driver_form_season_weighted,2026-02,2026,2,2026-03-15,shanghai,perez,Sergio Pérez,cadillac,Cadillac F1 Team,0.670452172096909,7,15,CLASSIFIED,71,2026-01,2026-03-08
driver_form_season_weighted,2026-02,2026,2,2026-03-15,shanghai,arvid_lindblad,Arvid Lindblad,rb,RB F1 Team,0.6666666666666667,8,12,CLASSIFIED,71,2026-01,2026-03-08
driver_form_season_weighted,2026-02,2026,2,2026-03-15,shanghai,antonelli,Andrea Kimi Antonelli,mercedes,Mercedes,0.6417606516290727,9,1,CLASSIFIED,71,2026-01,2026-03-08
driver_form_season_weighted,2026-02,2026,2,2026-03-15,shanghai,sainz,Carlos Sainz,williams,Williams,0.624129768866611,10,9,CLASSIFIED,71,2026-01,2026-03-08
driver_form_season_weighted,2026-02,2026,2,2026-03-15,shanghai,alonso,Fernando Alonso,aston_martin,Aston Martin,0.5600722673893406,11,17,DNF,71,2026-01,2026-03-08
driver_form_season_weighted,2026-02,2026,2,2026-03-15,shanghai,bearman,Oliver Bearman,haas,Haas F1 Team,0.5036907336835239,12,5,CLASSIFIED,71,2026-01,2026-03-08
driver_form_season_weighted,2026-02,2026,2,2026-03-15,shanghai,albon,Alexander Albon,williams,Williams,0.48279463025379543,13,22,DNS,71,2026-01,2026-03-08
driver_form_season_weighted,2026-02,2026,2,2026-03-15,shanghai,hadjar,Isack Hadjar,red_bull,Red Bull,0.46331738437001596,14,8,CLASSIFIED,71,2026-01,2026-03-08
driver_form_season_weighted,2026-02,2026,2,2026-03-15,shanghai,hulkenberg,Nico Hülkenberg,audi,Audi,0.43921456758427235,15,11,CLASSIFIED,71,2026-01,2026-03-08
driver_form_season_weighted,2026-02,2026,2,2026-03-15,shanghai,lawson,Liam Lawson,rb,RB F1 Team,0.42976029818135086,16,7,CLASSIFIED,71,2026-01,2026-03-08
driver_form_season_weighted,2026-02,2026,2,2026-03-15,shanghai,ocon,Esteban Ocon,haas,Haas F1 Team,0.4140790908569133,17,14,CLASSIFIED,71,2026-01,2026-03-08
driver_form_season_weighted,2026-02,2026,2,2026-03-15,shanghai,gasly,Pierre Gasly,alpine,Alpine F1 Team,0.402108787593985,18,6,CLASSIFIED,71,2026-01,2026-03-08
driver_form_season_weighted,2026-02,2026,2,2026-03-15,shanghai,stroll,Lance Stroll,aston_martin,Aston Martin,0.3886568272533185,19,18,DNF,71,2026-01,2026-03-08
driver_form_season_weighted,2026-02,2026,2,2026-03-15,shanghai,bortoleto,Gabriel Bortoleto,audi,Audi,0.36774312831258477,20,21,DNS,71,2026-01,2026-03-08
driver_form_season_weighted,2026-02,2026,2,2026-03-15,shanghai,colapinto,Franco Colapinto,alpine,Alpine F1 Team,0.27149964463397297,21,10,CLASSIFIED,71,2026-01,2026-03-08
driver_form_season_weighted,2026-02,2026,2,2026-03-15,shanghai,bottas,Valtteri Bottas,cadillac,Cadillac F1 Team,0.26779912744825024,22,13,CLASSIFIED,71,2026-01,2026-03-08
driver_form_recent_5,2026-02,2026,2,2026-03-15,shanghai,max_verstappen,Max Verstappen,red_bull,Red Bull,0.9313283208020049,1,16,DNF,71,2026-01,2026-03-08
driver_form_recent_5,2026-02,2026,2,2026-03-15,shanghai,norris,Lando Norris,mclaren,McLaren,0.9092731829573936,2,20,DNS,71,2026-01,2026-03-08
driver_form_recent_5,2026-02,2026,2,2026-03-15,shanghai,russell,George Russell,mercedes,Mercedes,0.8631578947368421,3,2,CLASSIFIED,71,2026-01,2026-03-08
driver_form_recent_5,2026-02,2026,2,2026-03-15,shanghai,piastri,Oscar Piastri,mclaren,McLaren,0.8526315789473685,4,19,DNS,71,2026-01,2026-03-08
driver_form_recent_5,2026-02,2026,2,2026-03-15,shanghai,leclerc,Charles Leclerc,ferrari,Ferrari,0.8335839598997493,5,4,CLASSIFIED,71,2026-01,2026-03-08
driver_form_recent_5,2026-02,2026,2,2026-03-15,shanghai,antonelli,Andrea Kimi Antonelli,mercedes,Mercedes,0.7694235588972431,6,1,CLASSIFIED,71,2026-01,2026-03-08
driver_form_recent_5,2026-02,2026,2,2026-03-15,shanghai,arvid_lindblad,Arvid Lindblad,rb,RB F1 Team,0.6666666666666667,7,12,CLASSIFIED,71,2026-01,2026-03-08
driver_form_recent_5,2026-02,2026,2,2026-03-15,shanghai,bearman,Oliver Bearman,haas,Haas F1 Team,0.6481203007518797,8,5,CLASSIFIED,71,2026-01,2026-03-08
driver_form_recent_5,2026-02,2026,2,2026-03-15,shanghai,hamilton,Lewis Hamilton,ferrari,Ferrari,0.6345864661654135,9,3,CLASSIFIED,71,2026-01,2026-03-08
driver_form_recent_5,2026-02,2026,2,2026-03-15,shanghai,sainz,Carlos Sainz,williams,Williams,0.5508771929824562,10,9,CLASSIFIED,71,2026-01,2026-03-08
driver_form_recent_5,2026-02,2026,2,2026-03-15,shanghai,alonso,Fernando Alonso,aston_martin,Aston Martin,0.5473684210526316,11,17,DNF,71,2026-01,2026-03-08
driver_form_recent_5,2026-02,2026,2,2026-03-15,shanghai,hulkenberg,Nico Hülkenberg,audi,Audi,0.4947368421052632,12,11,CLASSIFIED,71,2026-01,2026-03-08
driver_form_recent_5,2026-02,2026,2,2026-03-15,shanghai,ocon,Esteban Ocon,haas,Haas F1 Team,0.49423558897243114,13,14,CLASSIFIED,71,2026-01,2026-03-08
driver_form_recent_5,2026-02,2026,2,2026-03-15,shanghai,perez,Sergio Pérez,cadillac,Cadillac F1 Team,0.42556390977443614,14,15,CLASSIFIED,71,2026-01,2026-03-08
driver_form_recent_5,2026-02,2026,2,2026-03-15,shanghai,lawson,Liam Lawson,rb,RB F1 Team,0.42255639097744363,15,7,CLASSIFIED,71,2026-01,2026-03-08
driver_form_recent_5,2026-02,2026,2,2026-03-15,shanghai,bortoleto,Gabriel Bortoleto,audi,Audi,0.418546365914787,16,21,DNS,71,2026-01,2026-03-08
driver_form_recent_5,2026-02,2026,2,2026-03-15,shanghai,albon,Alexander Albon,williams,Williams,0.4110275689223058,17,22,DNS,71,2026-01,2026-03-08
driver_form_recent_5,2026-02,2026,2,2026-03-15,shanghai,hadjar,Isack Hadjar,red_bull,Red Bull,0.4,18,8,CLASSIFIED,71,2026-01,2026-03-08
driver_form_recent_5,2026-02,2026,2,2026-03-15,shanghai,gasly,Pierre Gasly,alpine,Alpine F1 Team,0.3458646616541354,19,6,CLASSIFIED,71,2026-01,2026-03-08
driver_form_recent_5,2026-02,2026,2,2026-03-15,shanghai,stroll,Lance Stroll,aston_martin,Aston Martin,0.3263157894736842,20,18,DNF,71,2026-01,2026-03-08
driver_form_recent_5,2026-02,2026,2,2026-03-15,shanghai,bottas,Valtteri Bottas,cadillac,Cadillac F1 Team,0.28421052631578947,21,13,CLASSIFIED,71,2026-01,2026-03-08
driver_form_recent_5,2026-02,2026,2,2026-03-15,shanghai,colapinto,Franco Colapinto,alpine,Alpine F1 Team,0.2446115288220551,22,10,CLASSIFIED,71,2026-01,2026-03-08
driver_form_recent_10,2026-02,2026,2,2026-03-15,shanghai,max_verstappen,Max Verstappen,red_bull,Red Bull,0.949874686716792,1,16,DNF,71,2026-01,2026-03-08
driver_form_recent_10,2026-02,2026,2,2026-03-15,shanghai,piastri,Oscar Piastri,mclaren,McLaren,0.8947368421052632,2,19,DNS,71,2026-01,2026-03-08
driver_form_recent_10,2026-02,2026,2,2026-03-15,shanghai,russell,George Russell,mercedes,Mercedes,0.8473684210526317,3,2,CLASSIFIED,71,2026-01,2026-03-08
driver_form_recent_10,2026-02,2026,2,2026-03-15,shanghai,norris,Lando Norris,mclaren,McLaren,0.8125313283208021,4,20,DNS,71,2026-01,2026-03-08
driver_form_recent_10,2026-02,2026,2,2026-03-15,shanghai,leclerc,Charles Leclerc,ferrari,Ferrari,0.8062656641604009,5,4,CLASSIFIED,71,2026-01,2026-03-08
driver_form_recent_10,2026-02,2026,2,2026-03-15,shanghai,antonelli,Andrea Kimi Antonelli,mercedes,Mercedes,0.7162907268170426,6,1,CLASSIFIED,71,2026-01,2026-03-08
driver_form_recent_10,2026-02,2026,2,2026-03-15,shanghai,arvid_lindblad,Arvid Lindblad,rb,RB F1 Team,0.6666666666666667,7,12,CLASSIFIED,71,2026-01,2026-03-08
driver_form_recent_10,2026-02,2026,2,2026-03-15,shanghai,hamilton,Lewis Hamilton,ferrari,Ferrari,0.643609022556391,8,3,CLASSIFIED,71,2026-01,2026-03-08
driver_form_recent_10,2026-02,2026,2,2026-03-15,shanghai,bearman,Oliver Bearman,haas,Haas F1 Team,0.5977443609022557,9,5,CLASSIFIED,71,2026-01,2026-03-08
driver_form_recent_10,2026-02,2026,2,2026-03-15,shanghai,alonso,Fernando Alonso,aston_martin,Aston Martin,0.5263157894736843,10,17,DNF,71,2026-01,2026-03-08
driver_form_recent_10,2026-02,2026,2,2026-03-15,shanghai,sainz,Carlos Sainz,williams,Williams,0.5175438596491229,11,9,CLASSIFIED,71,2026-01,2026-03-08
driver_form_recent_10,2026-02,2026,2,2026-03-15,shanghai,perez,Sergio Pérez,cadillac,Cadillac F1 Team,0.4864661654135339,12,15,CLASSIFIED,71,2026-01,2026-03-08
driver_form_recent_10,2026-02,2026,2,2026-03-15,shanghai,hulkenberg,Nico Hülkenberg,audi,Audi,0.46842105263157896,13,11,CLASSIFIED,71,2026-01,2026-03-08
driver_form_recent_10,2026-02,2026,2,2026-03-15,shanghai,hadjar,Isack Hadjar,red_bull,Red Bull,0.4631578947368421,14,8,CLASSIFIED,71,2026-01,2026-03-08
driver_form_recent_10,2026-02,2026,2,2026-03-15,shanghai,albon,Alexander Albon,williams,Williams,0.45288220551378444,15,22,DNS,71,2026-01,2026-03-08
driver_form_recent_10,2026-02,2026,2,2026-03-15,shanghai,lawson,Liam Lawson,rb,RB F1 Team,0.4375939849624061,16,7,CLASSIFIED,71,2026-01,2026-03-08
driver_form_recent_10,2026-02,2026,2,2026-03-15,shanghai,bortoleto,Gabriel Bortoleto,audi,Audi,0.4355889724310777,17,21,DNS,71,2026-01,2026-03-08
driver_form_recent_10,2026-02,2026,2,2026-03-15,shanghai,ocon,Esteban Ocon,haas,Haas F1 Team,0.39974937343358397,18,14,CLASSIFIED,71,2026-01,2026-03-08
driver_form_recent_10,2026-02,2026,2,2026-03-15,shanghai,stroll,Lance Stroll,aston_martin,Aston Martin,0.3631578947368421,19,18,DNF,71,2026-01,2026-03-08
driver_form_recent_10,2026-02,2026,2,2026-03-15,shanghai,gasly,Pierre Gasly,alpine,Alpine F1 Team,0.24135338345864663,20,6,CLASSIFIED,71,2026-01,2026-03-08
driver_form_recent_10,2026-02,2026,2,2026-03-15,shanghai,bottas,Valtteri Bottas,cadillac,Cadillac F1 Team,0.2368421052631579,21,13,CLASSIFIED,71,2026-01,2026-03-08
driver_form_recent_10,2026-02,2026,2,2026-03-15,shanghai,colapinto,Franco Colapinto,alpine,Alpine F1 Team,0.2012531328320802,22,10,CLASSIFIED,71,2026-01,2026-03-08
constructor_teammate_unweighted,2026-02,2026,2,2026-03-15,shanghai,max_verstappen,Max Verstappen,red_bull,Red Bull,0.7420452392718886,1,16,DNF,71,2026-01,2026-03-08
constructor_teammate_unweighted,2026-02,2026,2,2026-03-15,shanghai,leclerc,Charles Leclerc,ferrari,Ferrari,0.7034346343132474,2,4,CLASSIFIED,71,2026-01,2026-03-08
constructor_teammate_unweighted,2026-02,2026,2,2026-03-15,shanghai,hadjar,Isack Hadjar,red_bull,Red Bull,0.7025588588471425,3,8,CLASSIFIED,71,2026-01,2026-03-08
constructor_teammate_unweighted,2026-02,2026,2,2026-03-15,shanghai,norris,Lando Norris,mclaren,McLaren,0.6923496240601504,4,20,DNS,71,2026-01,2026-03-08
constructor_teammate_unweighted,2026-02,2026,2,2026-03-15,shanghai,hamilton,Lewis Hamilton,ferrari,Ferrari,0.687232051585241,5,3,CLASSIFIED,71,2026-01,2026-03-08
constructor_teammate_unweighted,2026-02,2026,2,2026-03-15,shanghai,russell,George Russell,mercedes,Mercedes,0.682739621840744,6,2,CLASSIFIED,71,2026-01,2026-03-08
constructor_teammate_unweighted,2026-02,2026,2,2026-03-15,shanghai,piastri,Oscar Piastri,mclaren,McLaren,0.6805075187969926,7,19,DNS,71,2026-01,2026-03-08
constructor_teammate_unweighted,2026-02,2026,2,2026-03-15,shanghai,antonelli,Andrea Kimi Antonelli,mercedes,Mercedes,0.6414803776712068,8,1,CLASSIFIED,71,2026-01,2026-03-08
constructor_teammate_unweighted,2026-02,2026,2,2026-03-15,shanghai,hulkenberg,Nico Hülkenberg,audi,Audi,0.5942170240415855,9,11,CLASSIFIED,71,2026-01,2026-03-08
constructor_teammate_unweighted,2026-02,2026,2,2026-03-15,shanghai,bortoleto,Gabriel Bortoleto,audi,Audi,0.5747076023391813,10,21,DNS,71,2026-01,2026-03-08
constructor_teammate_unweighted,2026-02,2026,2,2026-03-15,shanghai,alonso,Fernando Alonso,aston_martin,Aston Martin,0.5349663466843209,11,17,DNF,71,2026-01,2026-03-08
constructor_teammate_unweighted,2026-02,2026,2,2026-03-15,shanghai,stroll,Lance Stroll,aston_martin,Aston Martin,0.48316230828643936,12,18,DNF,71,2026-01,2026-03-08
constructor_teammate_unweighted,2026-02,2026,2,2026-03-15,shanghai,arvid_lindblad,Arvid Lindblad,rb,RB F1 Team,0.48122567055937715,13,12,CLASSIFIED,71,2026-01,2026-03-08
constructor_teammate_unweighted,2026-02,2026,2,2026-03-15,shanghai,albon,Alexander Albon,williams,Williams,0.45423712319951937,14,22,DNS,71,2026-01,2026-03-08
constructor_teammate_unweighted,2026-02,2026,2,2026-03-15,shanghai,lawson,Liam Lawson,rb,RB F1 Team,0.43656043604451855,15,7,CLASSIFIED,71,2026-01,2026-03-08
constructor_teammate_unweighted,2026-02,2026,2,2026-03-15,shanghai,gasly,Pierre Gasly,alpine,Alpine F1 Team,0.4351685818319383,16,6,CLASSIFIED,71,2026-01,2026-03-08
constructor_teammate_unweighted,2026-02,2026,2,2026-03-15,shanghai,bearman,Oliver Bearman,haas,Haas F1 Team,0.43168900512149944,17,5,CLASSIFIED,71,2026-01,2026-03-08
constructor_teammate_unweighted,2026-02,2026,2,2026-03-15,shanghai,sainz,Carlos Sainz,williams,Williams,0.42423816243206125,18,9,CLASSIFIED,71,2026-01,2026-03-08
constructor_teammate_unweighted,2026-02,2026,2,2026-03-15,shanghai,colapinto,Franco Colapinto,alpine,Alpine F1 Team,0.4232675438596491,19,10,CLASSIFIED,71,2026-01,2026-03-08
constructor_teammate_unweighted,2026-02,2026,2,2026-03-15,shanghai,ocon,Esteban Ocon,haas,Haas F1 Team,0.4174872366100436,20,14,CLASSIFIED,71,2026-01,2026-03-08
constructor_teammate_unweighted,2026-02,2026,2,2026-03-15,shanghai,bottas,Valtteri Bottas,cadillac,Cadillac F1 Team,0.3506519677572309,21,13,CLASSIFIED,71,2026-01,2026-03-08
constructor_teammate_unweighted,2026-02,2026,2,2026-03-15,shanghai,perez,Sergio Pérez,cadillac,Cadillac F1 Team,0.3170040485829959,22,15,CLASSIFIED,71,2026-01,2026-03-08
constructor_teammate_season_weighted,2026-02,2026,2,2026-03-15,shanghai,max_verstappen,Max Verstappen,red_bull,Red Bull,0.7219567289199261,1,16,DNF,71,2026-01,2026-03-08
constructor_teammate_season_weighted,2026-02,2026,2,2026-03-15,shanghai,norris,Lando Norris,mclaren,McLaren,0.7193705782521571,2,20,DNS,71,2026-01,2026-03-08
constructor_teammate_season_weighted,2026-02,2026,2,2026-03-15,shanghai,piastri,Oscar Piastri,mclaren,McLaren,0.7148317691080848,3,19,DNS,71,2026-01,2026-03-08
constructor_teammate_season_weighted,2026-02,2026,2,2026-03-15,shanghai,leclerc,Charles Leclerc,ferrari,Ferrari,0.7028874987291862,4,4,CLASSIFIED,71,2026-01,2026-03-08
constructor_teammate_season_weighted,2026-02,2026,2,2026-03-15,shanghai,russell,George Russell,mercedes,Mercedes,0.6882143895154317,5,2,CLASSIFIED,71,2026-01,2026-03-08
constructor_teammate_season_weighted,2026-02,2026,2,2026-03-15,shanghai,hamilton,Lewis Hamilton,ferrari,Ferrari,0.6814882424599931,6,3,CLASSIFIED,71,2026-01,2026-03-08
constructor_teammate_season_weighted,2026-02,2026,2,2026-03-15,shanghai,hadjar,Isack Hadjar,red_bull,Red Bull,0.6749433440004722,7,8,CLASSIFIED,71,2026-01,2026-03-08
constructor_teammate_season_weighted,2026-02,2026,2,2026-03-15,shanghai,antonelli,Andrea Kimi Antonelli,mercedes,Mercedes,0.6402663783459791,8,1,CLASSIFIED,71,2026-01,2026-03-08
constructor_teammate_season_weighted,2026-02,2026,2,2026-03-15,shanghai,hulkenberg,Nico Hülkenberg,audi,Audi,0.595233918128655,9,11,CLASSIFIED,71,2026-01,2026-03-08
constructor_teammate_season_weighted,2026-02,2026,2,2026-03-15,shanghai,bortoleto,Gabriel Bortoleto,audi,Audi,0.5747076023391813,10,21,DNS,71,2026-01,2026-03-08
constructor_teammate_season_weighted,2026-02,2026,2,2026-03-15,shanghai,alonso,Fernando Alonso,aston_martin,Aston Martin,0.5085361488491533,11,17,DNF,71,2026-01,2026-03-08
constructor_teammate_season_weighted,2026-02,2026,2,2026-03-15,shanghai,arvid_lindblad,Arvid Lindblad,rb,RB F1 Team,0.48566514325028254,12,12,CLASSIFIED,71,2026-01,2026-03-08
constructor_teammate_season_weighted,2026-02,2026,2,2026-03-15,shanghai,albon,Alexander Albon,williams,Williams,0.46754575145593447,13,22,DNS,71,2026-01,2026-03-08
constructor_teammate_season_weighted,2026-02,2026,2,2026-03-15,shanghai,stroll,Lance Stroll,aston_martin,Aston Martin,0.4572162603428408,14,18,DNF,71,2026-01,2026-03-08
constructor_teammate_season_weighted,2026-02,2026,2,2026-03-15,shanghai,bearman,Oliver Bearman,haas,Haas F1 Team,0.4510740785105466,15,5,CLASSIFIED,71,2026-01,2026-03-08
constructor_teammate_season_weighted,2026-02,2026,2,2026-03-15,shanghai,sainz,Carlos Sainz,williams,Williams,0.4404959841806033,16,9,CLASSIFIED,71,2026-01,2026-03-08
constructor_teammate_season_weighted,2026-02,2026,2,2026-03-15,shanghai,lawson,Liam Lawson,rb,RB F1 Team,0.44016118064105675,17,7,CLASSIFIED,71,2026-01,2026-03-08
constructor_teammate_season_weighted,2026-02,2026,2,2026-03-15,shanghai,ocon,Esteban Ocon,haas,Haas F1 Team,0.43283124813740004,18,14,CLASSIFIED,71,2026-01,2026-03-08
constructor_teammate_season_weighted,2026-02,2026,2,2026-03-15,shanghai,gasly,Pierre Gasly,alpine,Alpine F1 Team,0.41354116089597026,19,6,CLASSIFIED,71,2026-01,2026-03-08
constructor_teammate_season_weighted,2026-02,2026,2,2026-03-15,shanghai,colapinto,Franco Colapinto,alpine,Alpine F1 Team,0.39760154697087546,20,10,CLASSIFIED,71,2026-01,2026-03-08
constructor_teammate_season_weighted,2026-02,2026,2,2026-03-15,shanghai,bottas,Valtteri Bottas,cadillac,Cadillac F1 Team,0.34973838104032007,21,13,CLASSIFIED,71,2026-01,2026-03-08
constructor_teammate_season_weighted,2026-02,2026,2,2026-03-15,shanghai,perez,Sergio Pérez,cadillac,Cadillac F1 Team,0.3143375680580762,22,15,CLASSIFIED,71,2026-01,2026-03-08
constructor_teammate_recent_5,2026-02,2026,2,2026-03-15,shanghai,norris,Lando Norris,mclaren,McLaren,0.7807017543859649,1,20,DNS,71,2026-01,2026-03-08
constructor_teammate_recent_5,2026-02,2026,2,2026-03-15,shanghai,piastri,Oscar Piastri,mclaren,McLaren,0.755438596491228,2,19,DNS,71,2026-01,2026-03-08
constructor_teammate_recent_5,2026-02,2026,2,2026-03-15,shanghai,russell,George Russell,mercedes,Mercedes,0.7354636591478698,3,2,CLASSIFIED,71,2026-01,2026-03-08
constructor_teammate_recent_5,2026-02,2026,2,2026-03-15,shanghai,max_verstappen,Max Verstappen,red_bull,Red Bull,0.7156140350877193,4,16,DNF,71,2026-01,2026-03-08
constructor_teammate_recent_5,2026-02,2026,2,2026-03-15,shanghai,antonelli,Andrea Kimi Antonelli,mercedes,Mercedes,0.70734335839599,5,1,CLASSIFIED,71,2026-01,2026-03-08
constructor_teammate_recent_5,2026-02,2026,2,2026-03-15,shanghai,leclerc,Charles Leclerc,ferrari,Ferrari,0.6937092731829574,6,4,CLASSIFIED,71,2026-01,2026-03-08
constructor_teammate_recent_5,2026-02,2026,2,2026-03-15,shanghai,hamilton,Lewis Hamilton,ferrari,Ferrari,0.6340100250626566,7,3,CLASSIFIED,71,2026-01,2026-03-08
constructor_teammate_recent_5,2026-02,2026,2,2026-03-15,shanghai,hadjar,Isack Hadjar,red_bull,Red Bull,0.619298245614035,8,8,CLASSIFIED,71,2026-01,2026-03-08
constructor_teammate_recent_5,2026-02,2026,2,2026-03-15,shanghai,hulkenberg,Nico Hülkenberg,audi,Audi,0.5912280701754387,9,11,CLASSIFIED,71,2026-01,2026-03-08
constructor_teammate_recent_5,2026-02,2026,2,2026-03-15,shanghai,bortoleto,Gabriel Bortoleto,audi,Audi,0.5754385964912281,10,21,DNS,71,2026-01,2026-03-08
constructor_teammate_recent_5,2026-02,2026,2,2026-03-15,shanghai,bearman,Oliver Bearman,haas,Haas F1 Team,0.5229072681704261,11,5,CLASSIFIED,71,2026-01,2026-03-08
constructor_teammate_recent_5,2026-02,2026,2,2026-03-15,shanghai,sainz,Carlos Sainz,williams,Williams,0.5144862155388471,12,9,CLASSIFIED,71,2026-01,2026-03-08
constructor_teammate_recent_5,2026-02,2026,2,2026-03-15,shanghai,albon,Alexander Albon,williams,Williams,0.5104260651629072,13,22,DNS,71,2026-01,2026-03-08
constructor_teammate_recent_5,2026-02,2026,2,2026-03-15,shanghai,ocon,Esteban Ocon,haas,Haas F1 Team,0.49568922305764407,14,14,CLASSIFIED,71,2026-01,2026-03-08
constructor_teammate_recent_5,2026-02,2026,2,2026-03-15,shanghai,arvid_lindblad,Arvid Lindblad,rb,RB F1 Team,0.49448621553884714,15,12,CLASSIFIED,71,2026-01,2026-03-08
constructor_teammate_recent_5,2026-02,2026,2,2026-03-15,shanghai,alonso,Fernando Alonso,aston_martin,Aston Martin,0.4826315789473684,16,17,DNF,71,2026-01,2026-03-08
constructor_teammate_recent_5,2026-02,2026,2,2026-03-15,shanghai,lawson,Liam Lawson,rb,RB F1 Team,0.4532080200501253,17,7,CLASSIFIED,71,2026-01,2026-03-08
constructor_teammate_recent_5,2026-02,2026,2,2026-03-15,shanghai,stroll,Lance Stroll,aston_martin,Aston Martin,0.4068421052631579,18,18,DNF,71,2026-01,2026-03-08
constructor_teammate_recent_5,2026-02,2026,2,2026-03-15,shanghai,gasly,Pierre Gasly,alpine,Alpine F1 Team,0.37185463659147866,19,6,CLASSIFIED,71,2026-01,2026-03-08
constructor_teammate_recent_5,2026-02,2026,2,2026-03-15,shanghai,bottas,Valtteri Bottas,cadillac,Cadillac F1 Team,0.3452631578947368,20,13,CLASSIFIED,71,2026-01,2026-03-08
constructor_teammate_recent_5,2026-02,2026,2,2026-03-15,shanghai,colapinto,Franco Colapinto,alpine,Alpine F1 Team,0.3414786967418546,21,10,CLASSIFIED,71,2026-01,2026-03-08
constructor_teammate_recent_5,2026-02,2026,2,2026-03-15,shanghai,perez,Sergio Pérez,cadillac,Cadillac F1 Team,0.29,22,15,CLASSIFIED,71,2026-01,2026-03-08
constructor_teammate_recent_10,2026-02,2026,2,2026-03-15,shanghai,piastri,Oscar Piastri,mclaren,McLaren,0.7371929824561403,1,19,DNS,71,2026-01,2026-03-08
constructor_teammate_recent_10,2026-02,2026,2,2026-03-15,shanghai,max_verstappen,Max Verstappen,red_bull,Red Bull,0.7278070175438597,2,16,DNF,71,2026-01,2026-03-08
constructor_teammate_recent_10,2026-02,2026,2,2026-03-15,shanghai,norris,Lando Norris,mclaren,McLaren,0.726140350877193,3,20,DNS,71,2026-01,2026-03-08
constructor_teammate_recent_10,2026-02,2026,2,2026-03-15,shanghai,russell,George Russell,mercedes,Mercedes,0.7169423558897242,4,2,CLASSIFIED,71,2026-01,2026-03-08
constructor_teammate_recent_10,2026-02,2026,2,2026-03-15,shanghai,leclerc,Charles Leclerc,ferrari,Ferrari,0.6818546365914786,5,4,CLASSIFIED,71,2026-01,2026-03-08
constructor_teammate_recent_10,2026-02,2026,2,2026-03-15,shanghai,antonelli,Andrea Kimi Antonelli,mercedes,Mercedes,0.6776190476190476,6,1,CLASSIFIED,71,2026-01,2026-03-08
constructor_teammate_recent_10,2026-02,2026,2,2026-03-15,shanghai,hadjar,Isack Hadjar,red_bull,Red Bull,0.6551754385964913,7,8,CLASSIFIED,71,2026-01,2026-03-08
constructor_teammate_recent_10,2026-02,2026,2,2026-03-15,shanghai,hamilton,Lewis Hamilton,ferrari,Ferrari,0.6330576441102757,8,3,CLASSIFIED,71,2026-01,2026-03-08
constructor_teammate_recent_10,2026-02,2026,2,2026-03-15,shanghai,hulkenberg,Nico Hülkenberg,audi,Audi,0.5891666666666667,9,11,CLASSIFIED,71,2026-01,2026-03-08
constructor_teammate_recent_10,2026-02,2026,2,2026-03-15,shanghai,bortoleto,Gabriel Bortoleto,audi,Audi,0.5775,10,21,DNS,71,2026-01,2026-03-08
constructor_teammate_recent_10,2026-02,2026,2,2026-03-15,shanghai,bearman,Oliver Bearman,haas,Haas F1 Team,0.5082957393483709,11,5,CLASSIFIED,71,2026-01,2026-03-08
constructor_teammate_recent_10,2026-02,2026,2,2026-03-15,shanghai,sainz,Carlos Sainz,williams,Williams,0.4911904761904762,12,9,CLASSIFIED,71,2026-01,2026-03-08
constructor_teammate_recent_10,2026-02,2026,2,2026-03-15,shanghai,arvid_lindblad,Arvid Lindblad,rb,RB F1 Team,0.4911528822055138,13,12,CLASSIFIED,71,2026-01,2026-03-08
constructor_teammate_recent_10,2026-02,2026,2,2026-03-15,shanghai,albon,Alexander Albon,williams,Williams,0.4844235588972431,14,22,DNS,71,2026-01,2026-03-08
constructor_teammate_recent_10,2026-02,2026,2,2026-03-15,shanghai,ocon,Esteban Ocon,haas,Haas F1 Team,0.45679197994987464,15,14,CLASSIFIED,71,2026-01,2026-03-08
constructor_teammate_recent_10,2026-02,2026,2,2026-03-15,shanghai,alonso,Fernando Alonso,aston_martin,Aston Martin,0.45289473684210524,16,17,DNF,71,2026-01,2026-03-08
constructor_teammate_recent_10,2026-02,2026,2,2026-03-15,shanghai,lawson,Liam Lawson,rb,RB F1 Team,0.4471303258145363,17,7,CLASSIFIED,71,2026-01,2026-03-08
constructor_teammate_recent_10,2026-02,2026,2,2026-03-15,shanghai,stroll,Lance Stroll,aston_martin,Aston Martin,0.41815789473684206,18,18,DNF,71,2026-01,2026-03-08
constructor_teammate_recent_10,2026-02,2026,2,2026-03-15,shanghai,bottas,Valtteri Bottas,cadillac,Cadillac F1 Team,0.35,19,13,CLASSIFIED,71,2026-01,2026-03-08
constructor_teammate_recent_10,2026-02,2026,2,2026-03-15,shanghai,gasly,Pierre Gasly,alpine,Alpine F1 Team,0.3109273182957394,20,6,CLASSIFIED,71,2026-01,2026-03-08
constructor_teammate_recent_10,2026-02,2026,2,2026-03-15,shanghai,perez,Sergio Pérez,cadillac,Cadillac F1 Team,0.30184210526315786,21,15,CLASSIFIED,71,2026-01,2026-03-08
constructor_teammate_recent_10,2026-02,2026,2,2026-03-15,shanghai,colapinto,Franco Colapinto,alpine,Alpine F1 Team,0.29889724310776944,22,10,CLASSIFIED,71,2026-01,2026-03-08
previous_race_order,2026-03,2026,3,2026-03-29,suzuka,antonelli,Andrea Kimi Antonelli,mercedes,Mercedes,1.0,1,1,CLASSIFIED,72,2026-02,2026-03-15
previous_race_order,2026-03,2026,3,2026-03-29,suzuka,russell,George Russell,mercedes,Mercedes,0.9523809523809523,2,4,CLASSIFIED,72,2026-02,2026-03-15
previous_race_order,2026-03,2026,3,2026-03-29,suzuka,hamilton,Lewis Hamilton,ferrari,Ferrari,0.9047619047619048,3,6,CLASSIFIED,72,2026-02,2026-03-15
previous_race_order,2026-03,2026,3,2026-03-29,suzuka,leclerc,Charles Leclerc,ferrari,Ferrari,0.8571428571428572,4,3,CLASSIFIED,72,2026-02,2026-03-15
previous_race_order,2026-03,2026,3,2026-03-29,suzuka,bearman,Oliver Bearman,haas,Haas F1 Team,0.8095238095238095,5,22,DNF,72,2026-02,2026-03-15
previous_race_order,2026-03,2026,3,2026-03-29,suzuka,gasly,Pierre Gasly,alpine,Alpine F1 Team,0.7619047619047619,6,7,CLASSIFIED,72,2026-02,2026-03-15
previous_race_order,2026-03,2026,3,2026-03-29,suzuka,lawson,Liam Lawson,rb,RB F1 Team,0.7142857142857143,7,9,CLASSIFIED,72,2026-02,2026-03-15
previous_race_order,2026-03,2026,3,2026-03-29,suzuka,hadjar,Isack Hadjar,red_bull,Red Bull,0.6666666666666667,8,12,CLASSIFIED,72,2026-02,2026-03-15
previous_race_order,2026-03,2026,3,2026-03-29,suzuka,sainz,Carlos Sainz,williams,Williams,0.6190476190476191,9,15,CLASSIFIED,72,2026-02,2026-03-15
previous_race_order,2026-03,2026,3,2026-03-29,suzuka,colapinto,Franco Colapinto,alpine,Alpine F1 Team,0.5714285714285714,10,16,CLASSIFIED,72,2026-02,2026-03-15
previous_race_order,2026-03,2026,3,2026-03-29,suzuka,hulkenberg,Nico Hülkenberg,audi,Audi,0.5238095238095238,11,11,CLASSIFIED,72,2026-02,2026-03-15
previous_race_order,2026-03,2026,3,2026-03-29,suzuka,arvid_lindblad,Arvid Lindblad,rb,RB F1 Team,0.47619047619047616,12,14,CLASSIFIED,72,2026-02,2026-03-15
previous_race_order,2026-03,2026,3,2026-03-29,suzuka,bottas,Valtteri Bottas,cadillac,Cadillac F1 Team,0.4285714285714286,13,19,CLASSIFIED,72,2026-02,2026-03-15
previous_race_order,2026-03,2026,3,2026-03-29,suzuka,ocon,Esteban Ocon,haas,Haas F1 Team,0.38095238095238093,14,10,CLASSIFIED,72,2026-02,2026-03-15
previous_race_order,2026-03,2026,3,2026-03-29,suzuka,perez,Sergio Pérez,cadillac,Cadillac F1 Team,0.33333333333333337,15,17,CLASSIFIED,72,2026-02,2026-03-15
previous_race_order,2026-03,2026,3,2026-03-29,suzuka,max_verstappen,Max Verstappen,red_bull,Red Bull,0.2857142857142857,16,8,CLASSIFIED,72,2026-02,2026-03-15
previous_race_order,2026-03,2026,3,2026-03-29,suzuka,alonso,Fernando Alonso,aston_martin,Aston Martin,0.23809523809523814,17,18,CLASSIFIED,72,2026-02,2026-03-15
previous_race_order,2026-03,2026,3,2026-03-29,suzuka,stroll,Lance Stroll,aston_martin,Aston Martin,0.19047619047619047,18,21,DNF,72,2026-02,2026-03-15
previous_race_order,2026-03,2026,3,2026-03-29,suzuka,piastri,Oscar Piastri,mclaren,McLaren,0.1428571428571429,19,2,CLASSIFIED,72,2026-02,2026-03-15
previous_race_order,2026-03,2026,3,2026-03-29,suzuka,norris,Lando Norris,mclaren,McLaren,0.09523809523809523,20,5,CLASSIFIED,72,2026-02,2026-03-15
previous_race_order,2026-03,2026,3,2026-03-29,suzuka,bortoleto,Gabriel Bortoleto,audi,Audi,0.04761904761904767,21,13,CLASSIFIED,72,2026-02,2026-03-15
previous_race_order,2026-03,2026,3,2026-03-29,suzuka,albon,Alexander Albon,williams,Williams,0.0,22,20,CLASSIFIED,72,2026-02,2026-03-15
driver_form_unweighted,2026-03,2026,3,2026-03-29,suzuka,max_verstappen,Max Verstappen,red_bull,Red Bull,0.9214158584867966,1,8,CLASSIFIED,72,2026-02,2026-03-15
driver_form_unweighted,2026-03,2026,3,2026-03-29,suzuka,leclerc,Charles Leclerc,ferrari,Ferrari,0.8139595019294267,2,3,CLASSIFIED,72,2026-02,2026-03-15
driver_form_unweighted,2026-03,2026,3,2026-03-29,suzuka,norris,Lando Norris,mclaren,McLaren,0.7881115833060913,3,5,CLASSIFIED,72,2026-02,2026-03-15
driver_form_unweighted,2026-03,2026,3,2026-03-29,suzuka,russell,George Russell,mercedes,Mercedes,0.7682951158992007,4,4,CLASSIFIED,72,2026-02,2026-03-15
driver_form_unweighted,2026-03,2026,3,2026-03-29,suzuka,piastri,Oscar Piastri,mclaren,McLaren,0.7553306342780027,5,2,CLASSIFIED,72,2026-02,2026-03-15
driver_form_unweighted,2026-03,2026,3,2026-03-29,suzuka,hamilton,Lewis Hamilton,ferrari,Ferrari,0.7442902127112654,6,6,CLASSIFIED,72,2026-02,2026-03-15
driver_form_unweighted,2026-03,2026,3,2026-03-29,suzuka,perez,Sergio Pérez,cadillac,Cadillac F1 Team,0.7061900783705296,7,17,CLASSIFIED,72,2026-02,2026-03-15
driver_form_unweighted,2026-03,2026,3,2026-03-29,suzuka,sainz,Carlos Sainz,williams,Williams,0.666142870403522,8,15,CLASSIFIED,72,2026-02,2026-03-15
driver_form_unweighted,2026-03,2026,3,2026-03-29,suzuka,antonelli,Andrea Kimi Antonelli,mercedes,Mercedes,0.6533378901799954,9,1,CLASSIFIED,72,2026-02,2026-03-15
driver_form_unweighted,2026-03,2026,3,2026-03-29,suzuka,alonso,Fernando Alonso,aston_martin,Aston Martin,0.5994623655913979,10,18,CLASSIFIED,72,2026-02,2026-03-15
driver_form_unweighted,2026-03,2026,3,2026-03-29,suzuka,arvid_lindblad,Arvid Lindblad,rb,RB F1 Team,0.5714285714285714,11,14,CLASSIFIED,72,2026-02,2026-03-15
driver_form_unweighted,2026-03,2026,3,2026-03-29,suzuka,bearman,Oliver Bearman,haas,Haas F1 Team,0.5142985669301459,12,22,DNF,72,2026-02,2026-03-15
driver_form_unweighted,2026-03,2026,3,2026-03-29,suzuka,hadjar,Isack Hadjar,red_bull,Red Bull,0.4721586575133486,13,12,CLASSIFIED,72,2026-02,2026-03-15
driver_form_unweighted,2026-03,2026,3,2026-03-29,suzuka,albon,Alexander Albon,williams,Williams,0.46944742809404466,14,20,CLASSIFIED,72,2026-02,2026-03-15
driver_form_unweighted,2026-03,2026,3,2026-03-29,suzuka,gasly,Pierre Gasly,alpine,Alpine F1 Team,0.43608369883040937,15,7,CLASSIFIED,72,2026-02,2026-03-15
driver_form_unweighted,2026-03,2026,3,2026-03-29,suzuka,ocon,Esteban Ocon,haas,Haas F1 Team,0.4316840488317568,16,10,CLASSIFIED,72,2026-02,2026-03-15
driver_form_unweighted,2026-03,2026,3,2026-03-29,suzuka,lawson,Liam Lawson,rb,RB F1 Team,0.43118212197159567,17,9,CLASSIFIED,72,2026-02,2026-03-15
driver_form_unweighted,2026-03,2026,3,2026-03-29,suzuka,stroll,Lance Stroll,aston_martin,Aston Martin,0.42253858690441953,18,21,DNF,72,2026-02,2026-03-15
driver_form_unweighted,2026-03,2026,3,2026-03-29,suzuka,hulkenberg,Nico Hülkenberg,audi,Audi,0.4154433703305884,19,11,CLASSIFIED,72,2026-02,2026-03-15
driver_form_unweighted,2026-03,2026,3,2026-03-29,suzuka,bortoleto,Gabriel Bortoleto,audi,Audi,0.3635547201336675,20,13,CLASSIFIED,72,2026-02,2026-03-15
driver_form_unweighted,2026-03,2026,3,2026-03-29,suzuka,colapinto,Franco Colapinto,alpine,Alpine F1 Team,0.29751044277360067,21,16,CLASSIFIED,72,2026-02,2026-03-15
driver_form_unweighted,2026-03,2026,3,2026-03-29,suzuka,bottas,Valtteri Bottas,cadillac,Cadillac F1 Team,0.2900007956398934,22,19,CLASSIFIED,72,2026-02,2026-03-15
driver_form_season_weighted,2026-03,2026,3,2026-03-29,suzuka,max_verstappen,Max Verstappen,red_bull,Red Bull,0.9042197692813594,1,8,CLASSIFIED,72,2026-02,2026-03-15
driver_form_season_weighted,2026-03,2026,3,2026-03-29,suzuka,norris,Lando Norris,mclaren,McLaren,0.8191752856319202,2,5,CLASSIFIED,72,2026-02,2026-03-15
driver_form_season_weighted,2026-03,2026,3,2026-03-29,suzuka,leclerc,Charles Leclerc,ferrari,Ferrari,0.8140064090574696,3,3,CLASSIFIED,72,2026-02,2026-03-15
driver_form_season_weighted,2026-03,2026,3,2026-03-29,suzuka,piastri,Oscar Piastri,mclaren,McLaren,0.8103152618388075,4,2,CLASSIFIED,72,2026-02,2026-03-15
driver_form_season_weighted,2026-03,2026,3,2026-03-29,suzuka,russell,George Russell,mercedes,Mercedes,0.7902477639319745,5,4,CLASSIFIED,72,2026-02,2026-03-15
driver_form_season_weighted,2026-03,2026,3,2026-03-29,suzuka,hamilton,Lewis Hamilton,ferrari,Ferrari,0.7314118629908103,6,6,CLASSIFIED,72,2026-02,2026-03-15
driver_form_season_weighted,2026-03,2026,3,2026-03-29,suzuka,antonelli,Andrea Kimi Antonelli,mercedes,Mercedes,0.6628335544744214,7,1,CLASSIFIED,72,2026-02,2026-03-15
driver_form_season_weighted,2026-03,2026,3,2026-03-29,suzuka,perez,Sergio Pérez,cadillac,Cadillac F1 Team,0.6506216521696397,8,17,CLASSIFIED,72,2026-02,2026-03-15
driver_form_season_weighted,2026-03,2026,3,2026-03-29,suzuka,sainz,Carlos Sainz,williams,Williams,0.6239733950260266,9,15,CLASSIFIED,72,2026-02,2026-03-15
driver_form_season_weighted,2026-03,2026,3,2026-03-29,suzuka,arvid_lindblad,Arvid Lindblad,rb,RB F1 Team,0.5714285714285714,10,14,CLASSIFIED,72,2026-02,2026-03-15
driver_form_season_weighted,2026-03,2026,3,2026-03-29,suzuka,alonso,Fernando Alonso,aston_martin,Aston Martin,0.5600722673893406,11,18,CLASSIFIED,72,2026-02,2026-03-15
driver_form_season_weighted,2026-03,2026,3,2026-03-29,suzuka,bearman,Oliver Bearman,haas,Haas F1 Team,0.5195781661947076,12,22,DNF,72,2026-02,2026-03-15
driver_form_season_weighted,2026-03,2026,3,2026-03-29,suzuka,albon,Alexander Albon,williams,Williams,0.48279463025379543,13,20,CLASSIFIED,72,2026-02,2026-03-15
driver_form_season_weighted,2026-03,2026,3,2026-03-29,suzuka,hadjar,Isack Hadjar,red_bull,Red Bull,0.474937343358396,14,12,CLASSIFIED,72,2026-02,2026-03-15
driver_form_season_weighted,2026-03,2026,3,2026-03-29,suzuka,lawson,Liam Lawson,rb,RB F1 Team,0.44363958677180754,15,9,CLASSIFIED,72,2026-02,2026-03-15
driver_form_season_weighted,2026-03,2026,3,2026-03-29,suzuka,hulkenberg,Nico Hülkenberg,audi,Audi,0.441878975654359,16,11,CLASSIFIED,72,2026-02,2026-03-15
driver_form_season_weighted,2026-03,2026,3,2026-03-29,suzuka,ocon,Esteban Ocon,haas,Haas F1 Team,0.4130975587115938,17,10,CLASSIFIED,72,2026-02,2026-03-15
driver_form_season_weighted,2026-03,2026,3,2026-03-29,suzuka,gasly,Pierre Gasly,alpine,Alpine F1 Team,0.4130116959064328,18,7,CLASSIFIED,72,2026-02,2026-03-15
driver_form_season_weighted,2026-03,2026,3,2026-03-29,suzuka,stroll,Lance Stroll,aston_martin,Aston Martin,0.3886568272533185,19,21,DNF,72,2026-02,2026-03-15
driver_form_season_weighted,2026-03,2026,3,2026-03-29,suzuka,bortoleto,Gabriel Bortoleto,audi,Audi,0.36774312831258477,20,13,CLASSIFIED,72,2026-02,2026-03-15
driver_form_season_weighted,2026-03,2026,3,2026-03-29,suzuka,colapinto,Franco Colapinto,alpine,Alpine F1 Team,0.2883970489604293,21,16,CLASSIFIED,72,2026-02,2026-03-15
driver_form_season_weighted,2026-03,2026,3,2026-03-29,suzuka,bottas,Valtteri Bottas,cadillac,Cadillac F1 Team,0.2773974737839624,22,19,CLASSIFIED,72,2026-02,2026-03-15
driver_form_recent_5,2026-03,2026,3,2026-03-29,suzuka,max_verstappen,Max Verstappen,red_bull,Red Bull,0.9313283208020049,1,8,CLASSIFIED,72,2026-02,2026-03-15
driver_form_recent_5,2026-03,2026,3,2026-03-29,suzuka,norris,Lando Norris,mclaren,McLaren,0.9092731829573936,2,5,CLASSIFIED,72,2026-02,2026-03-15
driver_form_recent_5,2026-03,2026,3,2026-03-29,suzuka,russell,George Russell,mercedes,Mercedes,0.8852130325814537,3,4,CLASSIFIED,72,2026-02,2026-03-15
driver_form_recent_5,2026-03,2026,3,2026-03-29,suzuka,piastri,Oscar Piastri,mclaren,McLaren,0.8526315789473685,4,2,CLASSIFIED,72,2026-02,2026-03-15
driver_form_recent_5,2026-03,2026,3,2026-03-29,suzuka,leclerc,Charles Leclerc,ferrari,Ferrari,0.8155388471177945,5,3,CLASSIFIED,72,2026-02,2026-03-15
driver_form_recent_5,2026-03,2026,3,2026-03-29,suzuka,antonelli,Andrea Kimi Antonelli,mercedes,Mercedes,0.7799498746867168,6,1,CLASSIFIED,72,2026-02,2026-03-15
driver_form_recent_5,2026-03,2026,3,2026-03-29,suzuka,hamilton,Lewis Hamilton,ferrari,Ferrari,0.6892230576441103,7,6,CLASSIFIED,72,2026-02,2026-03-15
driver_form_recent_5,2026-03,2026,3,2026-03-29,suzuka,bearman,Oliver Bearman,haas,Haas F1 Team,0.6416040100250627,8,22,DNF,72,2026-02,2026-03-15
driver_form_recent_5,2026-03,2026,3,2026-03-29,suzuka,sainz,Carlos Sainz,williams,Williams,0.6010025062656641,9,15,CLASSIFIED,72,2026-02,2026-03-15
driver_form_recent_5,2026-03,2026,3,2026-03-29,suzuka,hulkenberg,Nico Hülkenberg,audi,Audi,0.599498746867168,10,11,CLASSIFIED,72,2026-02,2026-03-15
driver_form_recent_5,2026-03,2026,3,2026-03-29,suzuka,arvid_lindblad,Arvid Lindblad,rb,RB F1 Team,0.5714285714285714,11,14,CLASSIFIED,72,2026-02,2026-03-15
driver_form_recent_5,2026-03,2026,3,2026-03-29,suzuka,alonso,Fernando Alonso,aston_martin,Aston Martin,0.5473684210526316,12,18,CLASSIFIED,72,2026-02,2026-03-15
driver_form_recent_5,2026-03,2026,3,2026-03-29,suzuka,ocon,Esteban Ocon,haas,Haas F1 Team,0.4862155388471178,13,10,CLASSIFIED,72,2026-02,2026-03-15
driver_form_recent_5,2026-03,2026,3,2026-03-29,suzuka,hadjar,Isack Hadjar,red_bull,Red Bull,0.45964912280701753,14,12,CLASSIFIED,72,2026-02,2026-03-15
driver_form_recent_5,2026-03,2026,3,2026-03-29,suzuka,lawson,Liam Lawson,rb,RB F1 Team,0.42857142857142855,15,9,CLASSIFIED,72,2026-02,2026-03-15
driver_form_recent_5,2026-03,2026,3,2026-03-29,suzuka,bortoleto,Gabriel Bortoleto,audi,Audi,0.418546365914787,16,13,CLASSIFIED,72,2026-02,2026-03-15
driver_form_recent_5,2026-03,2026,3,2026-03-29,suzuka,albon,Alexander Albon,williams,Williams,0.4110275689223058,17,20,CLASSIFIED,72,2026-02,2026-03-15
driver_form_recent_5,2026-03,2026,3,2026-03-29,suzuka,gasly,Pierre Gasly,alpine,Alpine F1 Team,0.3929824561403509,18,7,CLASSIFIED,72,2026-02,2026-03-15
driver_form_recent_5,2026-03,2026,3,2026-03-29,suzuka,perez,Sergio Pérez,cadillac,Cadillac F1 Team,0.35538847117794486,19,17,CLASSIFIED,72,2026-02,2026-03-15
driver_form_recent_5,2026-03,2026,3,2026-03-29,suzuka,bottas,Valtteri Bottas,cadillac,Cadillac F1 Team,0.33834586466165417,20,19,CLASSIFIED,72,2026-02,2026-03-15
driver_form_recent_5,2026-03,2026,3,2026-03-29,suzuka,stroll,Lance Stroll,aston_martin,Aston Martin,0.3263157894736842,21,21,DNF,72,2026-02,2026-03-15
driver_form_recent_5,2026-03,2026,3,2026-03-29,suzuka,colapinto,Franco Colapinto,alpine,Alpine F1 Team,0.306265664160401,22,16,CLASSIFIED,72,2026-02,2026-03-15
driver_form_recent_10,2026-03,2026,3,2026-03-29,suzuka,max_verstappen,Max Verstappen,red_bull,Red Bull,0.949874686716792,1,8,CLASSIFIED,72,2026-02,2026-03-15
driver_form_recent_10,2026-03,2026,3,2026-03-29,suzuka,piastri,Oscar Piastri,mclaren,McLaren,0.8947368421052632,2,2,CLASSIFIED,72,2026-02,2026-03-15
driver_form_recent_10,2026-03,2026,3,2026-03-29,suzuka,russell,George Russell,mercedes,Mercedes,0.8636591478696742,3,4,CLASSIFIED,72,2026-02,2026-03-15
driver_form_recent_10,2026-03,2026,3,2026-03-29,suzuka,norris,Lando Norris,mclaren,McLaren,0.8125313283208021,4,5,CLASSIFIED,72,2026-02,2026-03-15
driver_form_recent_10,2026-03,2026,3,2026-03-29,suzuka,leclerc,Charles Leclerc,ferrari,Ferrari,0.8077694235588971,5,3,CLASSIFIED,72,2026-02,2026-03-15
driver_form_recent_10,2026-03,2026,3,2026-03-29,suzuka,antonelli,Andrea Kimi Antonelli,mercedes,Mercedes,0.7583959899749374,6,1,CLASSIFIED,72,2026-02,2026-03-15
driver_form_recent_10,2026-03,2026,3,2026-03-29,suzuka,hamilton,Lewis Hamilton,ferrari,Ferrari,0.6919799498746867,7,6,CLASSIFIED,72,2026-02,2026-03-15
driver_form_recent_10,2026-03,2026,3,2026-03-29,suzuka,bearman,Oliver Bearman,haas,Haas F1 Team,0.6050125313283208,8,22,DNF,72,2026-02,2026-03-15
driver_form_recent_10,2026-03,2026,3,2026-03-29,suzuka,arvid_lindblad,Arvid Lindblad,rb,RB F1 Team,0.5714285714285714,9,14,CLASSIFIED,72,2026-02,2026-03-15
driver_form_recent_10,2026-03,2026,3,2026-03-29,suzuka,sainz,Carlos Sainz,williams,Williams,0.5426065162907269,10,15,CLASSIFIED,72,2026-02,2026-03-15
driver_form_recent_10,2026-03,2026,3,2026-03-29,suzuka,alonso,Fernando Alonso,aston_martin,Aston Martin,0.5263157894736843,11,18,CLASSIFIED,72,2026-02,2026-03-15
driver_form_recent_10,2026-03,2026,3,2026-03-29,suzuka,lawson,Liam Lawson,rb,RB F1 Team,0.46691729323308273,12,9,CLASSIFIED,72,2026-02,2026-03-15
driver_form_recent_10,2026-03,2026,3,2026-03-29,suzuka,albon,Alexander Albon,williams,Williams,0.45288220551378444,13,20,CLASSIFIED,72,2026-02,2026-03-15
driver_form_recent_10,2026-03,2026,3,2026-03-29,suzuka,perez,Sergio Pérez,cadillac,Cadillac F1 Team,0.4513784461152882,14,17,CLASSIFIED,72,2026-02,2026-03-15
driver_form_recent_10,2026-03,2026,3,2026-03-29,suzuka,hadjar,Isack Hadjar,red_bull,Red Bull,0.44035087719298255,15,12,CLASSIFIED,72,2026-02,2026-03-15
driver_form_recent_10,2026-03,2026,3,2026-03-29,suzuka,bortoleto,Gabriel Bortoleto,audi,Audi,0.4355889724310777,16,13,CLASSIFIED,72,2026-02,2026-03-15
driver_form_recent_10,2026-03,2026,3,2026-03-29,suzuka,hulkenberg,Nico Hülkenberg,audi,Audi,0.431328320802005,17,11,CLASSIFIED,72,2026-02,2026-03-15
driver_form_recent_10,2026-03,2026,3,2026-03-29,suzuka,ocon,Esteban Ocon,haas,Haas F1 Team,0.41152882205513786,18,10,CLASSIFIED,72,2026-02,2026-03-15
driver_form_recent_10,2026-03,2026,3,2026-03-29,suzuka,stroll,Lance Stroll,aston_martin,Aston Martin,0.3631578947368421,19,21,DNF,72,2026-02,2026-03-15
driver_form_recent_10,2026-03,2026,3,2026-03-29,suzuka,gasly,Pierre Gasly,alpine,Alpine F1 Team,0.29649122807017547,20,7,CLASSIFIED,72,2026-02,2026-03-15
driver_form_recent_10,2026-03,2026,3,2026-03-29,suzuka,bottas,Valtteri Bottas,cadillac,Cadillac F1 Team,0.25338345864661654,21,19,CLASSIFIED,72,2026-02,2026-03-15
driver_form_recent_10,2026-03,2026,3,2026-03-29,suzuka,colapinto,Franco Colapinto,alpine,Alpine F1 Team,0.24260651629072685,22,16,CLASSIFIED,72,2026-02,2026-03-15
constructor_teammate_unweighted,2026-03,2026,3,2026-03-29,suzuka,max_verstappen,Max Verstappen,red_bull,Red Bull,0.7409401397011046,1,8,CLASSIFIED,72,2026-02,2026-03-15
constructor_teammate_unweighted,2026-03,2026,3,2026-03-29,suzuka,leclerc,Charles Leclerc,ferrari,Ferrari,0.7042234262125902,2,3,CLASSIFIED,72,2026-02,2026-03-15
constructor_teammate_unweighted,2026-03,2026,3,2026-03-29,suzuka,hadjar,Isack Hadjar,red_bull,Red Bull,0.7014537592763586,3,12,CLASSIFIED,72,2026-02,2026-03-15
constructor_teammate_unweighted,2026-03,2026,3,2026-03-29,suzuka,norris,Lando Norris,mclaren,McLaren,0.6923496240601504,4,5,CLASSIFIED,72,2026-02,2026-03-15
constructor_teammate_unweighted,2026-03,2026,3,2026-03-29,suzuka,hamilton,Lewis Hamilton,ferrari,Ferrari,0.6885289817681458,5,6,CLASSIFIED,72,2026-02,2026-03-15
constructor_teammate_unweighted,2026-03,2026,3,2026-03-29,suzuka,russell,George Russell,mercedes,Mercedes,0.6846781010121034,6,4,CLASSIFIED,72,2026-02,2026-03-15
constructor_teammate_unweighted,2026-03,2026,3,2026-03-29,suzuka,piastri,Oscar Piastri,mclaren,McLaren,0.6805075187969926,7,2,CLASSIFIED,72,2026-02,2026-03-15
constructor_teammate_unweighted,2026-03,2026,3,2026-03-29,suzuka,antonelli,Andrea Kimi Antonelli,mercedes,Mercedes,0.6454416238407467,8,1,CLASSIFIED,72,2026-02,2026-03-15
constructor_teammate_unweighted,2026-03,2026,3,2026-03-29,suzuka,hulkenberg,Nico Hülkenberg,audi,Audi,0.5608836907082521,9,11,CLASSIFIED,72,2026-02,2026-03-15
constructor_teammate_unweighted,2026-03,2026,3,2026-03-29,suzuka,bortoleto,Gabriel Bortoleto,audi,Audi,0.541374269005848,10,13,CLASSIFIED,72,2026-02,2026-03-15
constructor_teammate_unweighted,2026-03,2026,3,2026-03-29,suzuka,alonso,Fernando Alonso,aston_martin,Aston Martin,0.5349663466843209,11,18,CLASSIFIED,72,2026-02,2026-03-15
constructor_teammate_unweighted,2026-03,2026,3,2026-03-29,suzuka,stroll,Lance Stroll,aston_martin,Aston Martin,0.48316230828643936,12,21,DNF,72,2026-02,2026-03-15
constructor_teammate_unweighted,2026-03,2026,3,2026-03-29,suzuka,albon,Alexander Albon,williams,Williams,0.45643774290799455,13,20,CLASSIFIED,72,2026-02,2026-03-15
constructor_teammate_unweighted,2026-03,2026,3,2026-03-29,suzuka,arvid_lindblad,Arvid Lindblad,rb,RB F1 Team,0.4480354532163743,14,14,CLASSIFIED,72,2026-02,2026-03-15
constructor_teammate_unweighted,2026-03,2026,3,2026-03-29,suzuka,lawson,Liam Lawson,rb,RB F1 Team,0.44062468491631374,15,9,CLASSIFIED,72,2026-02,2026-03-15
constructor_teammate_unweighted,2026-03,2026,3,2026-03-29,suzuka,gasly,Pierre Gasly,alpine,Alpine F1 Team,0.43823274278549784,16,7,CLASSIFIED,72,2026-02,2026-03-15
constructor_teammate_unweighted,2026-03,2026,3,2026-03-29,suzuka,bearman,Oliver Bearman,haas,Haas F1 Team,0.4359887762245991,17,22,DNF,72,2026-02,2026-03-15
constructor_teammate_unweighted,2026-03,2026,3,2026-03-29,suzuka,sainz,Carlos Sainz,williams,Williams,0.42643878214053643,18,15,CLASSIFIED,72,2026-02,2026-03-15
constructor_teammate_unweighted,2026-03,2026,3,2026-03-29,suzuka,colapinto,Franco Colapinto,alpine,Alpine F1 Team,0.4248693077428648,19,16,CLASSIFIED,72,2026-02,2026-03-15
constructor_teammate_unweighted,2026-03,2026,3,2026-03-29,suzuka,ocon,Esteban Ocon,haas,Haas F1 Team,0.41843613515222117,20,10,CLASSIFIED,72,2026-02,2026-03-15
constructor_teammate_unweighted,2026-03,2026,3,2026-03-29,suzuka,bottas,Valtteri Bottas,cadillac,Cadillac F1 Team,0.38434408389394537,21,19,CLASSIFIED,72,2026-02,2026-03-15
constructor_teammate_unweighted,2026-03,2026,3,2026-03-29,suzuka,perez,Sergio Pérez,cadillac,Cadillac F1 Team,0.35080513784461154,22,17,CLASSIFIED,72,2026-02,2026-03-15
constructor_teammate_season_weighted,2026-03,2026,3,2026-03-29,suzuka,max_verstappen,Max Verstappen,red_bull,Red Bull,0.7205713514732655,1,8,CLASSIFIED,72,2026-02,2026-03-15
constructor_teammate_season_weighted,2026-03,2026,3,2026-03-29,suzuka,norris,Lando Norris,mclaren,McLaren,0.7193705782521571,2,5,CLASSIFIED,72,2026-02,2026-03-15
constructor_teammate_season_weighted,2026-03,2026,3,2026-03-29,suzuka,piastri,Oscar Piastri,mclaren,McLaren,0.7148317691080848,3,2,CLASSIFIED,72,2026-02,2026-03-15
constructor_teammate_season_weighted,2026-03,2026,3,2026-03-29,suzuka,leclerc,Charles Leclerc,ferrari,Ferrari,0.7044793719680126,4,3,CLASSIFIED,72,2026-02,2026-03-15
constructor_teammate_season_weighted,2026-03,2026,3,2026-03-29,suzuka,russell,George Russell,mercedes,Mercedes,0.6917621832358675,5,4,CLASSIFIED,72,2026-02,2026-03-15
constructor_teammate_season_weighted,2026-03,2026,3,2026-03-29,suzuka,hamilton,Lewis Hamilton,ferrari,Ferrari,0.6841861132804283,6,6,CLASSIFIED,72,2026-02,2026-03-15
constructor_teammate_season_weighted,2026-03,2026,3,2026-03-29,suzuka,hadjar,Isack Hadjar,red_bull,Red Bull,0.6735579665538115,7,12,CLASSIFIED,72,2026-02,2026-03-15
constructor_teammate_season_weighted,2026-03,2026,3,2026-03-29,suzuka,antonelli,Andrea Kimi Antonelli,mercedes,Mercedes,0.6468132668271988,8,1,CLASSIFIED,72,2026-02,2026-03-15
constructor_teammate_season_weighted,2026-03,2026,3,2026-03-29,suzuka,hulkenberg,Nico Hülkenberg,audi,Audi,0.5619005847953216,9,11,CLASSIFIED,72,2026-02,2026-03-15
constructor_teammate_season_weighted,2026-03,2026,3,2026-03-29,suzuka,bortoleto,Gabriel Bortoleto,audi,Audi,0.541374269005848,10,13,CLASSIFIED,72,2026-02,2026-03-15
constructor_teammate_season_weighted,2026-03,2026,3,2026-03-29,suzuka,alonso,Fernando Alonso,aston_martin,Aston Martin,0.5085361488491533,11,18,CLASSIFIED,72,2026-02,2026-03-15
constructor_teammate_season_weighted,2026-03,2026,3,2026-03-29,suzuka,albon,Alexander Albon,williams,Williams,0.47129583053878826,12,20,CLASSIFIED,72,2026-02,2026-03-15
constructor_teammate_season_weighted,2026-03,2026,3,2026-03-29,suzuka,bearman,Oliver Bearman,haas,Haas F1 Team,0.4574539530131635,13,22,DNF,72,2026-02,2026-03-15
constructor_teammate_season_weighted,2026-03,2026,3,2026-03-29,suzuka,stroll,Lance Stroll,aston_martin,Aston Martin,0.4572162603428408,14,21,DNF,72,2026-02,2026-03-15
constructor_teammate_season_weighted,2026-03,2026,3,2026-03-29,suzuka,arvid_lindblad,Arvid Lindblad,rb,RB F1 Team,0.45374649360528696,15,14,CLASSIFIED,72,2026-02,2026-03-15
constructor_teammate_season_weighted,2026-03,2026,3,2026-03-29,suzuka,lawson,Liam Lawson,rb,RB F1 Team,0.44629035325440974,16,9,CLASSIFIED,72,2026-02,2026-03-15
constructor_teammate_season_weighted,2026-03,2026,3,2026-03-29,suzuka,sainz,Carlos Sainz,williams,Williams,0.44424606326345706,17,15,CLASSIFIED,72,2026-02,2026-03-15
constructor_teammate_season_weighted,2026-03,2026,3,2026-03-29,suzuka,ocon,Esteban Ocon,haas,Haas F1 Team,0.4343185633384117,18,10,CLASSIFIED,72,2026-02,2026-03-15
constructor_teammate_season_weighted,2026-03,2026,3,2026-03-29,suzuka,gasly,Pierre Gasly,alpine,Alpine F1 Team,0.4199322374286122,19,7,CLASSIFIED,72,2026-02,2026-03-15
constructor_teammate_season_weighted,2026-03,2026,3,2026-03-29,suzuka,colapinto,Franco Colapinto,alpine,Alpine F1 Team,0.4019449942782915,20,16,CLASSIFIED,72,2026-02,2026-03-15
constructor_teammate_season_weighted,2026-03,2026,3,2026-03-29,suzuka,bottas,Valtteri Bottas,cadillac,Cadillac F1 Team,0.3840256378651547,21,19,CLASSIFIED,72,2026-02,2026-03-15
constructor_teammate_season_weighted,2026-03,2026,3,2026-03-29,suzuka,perez,Sergio Pérez,cadillac,Cadillac F1 Team,0.34905004446600374,22,17,CLASSIFIED,72,2026-02,2026-03-15
constructor_teammate_recent_5,2026-03,2026,3,2026-03-29,suzuka,norris,Lando Norris,mclaren,McLaren,0.7807017543859649,1,5,CLASSIFIED,72,2026-02,2026-03-15
constructor_teammate_recent_5,2026-03,2026,3,2026-03-29,suzuka,piastri,Oscar Piastri,mclaren,McLaren,0.755438596491228,2,2,CLASSIFIED,72,2026-02,2026-03-15
constructor_teammate_recent_5,2026-03,2026,3,2026-03-29,suzuka,russell,George Russell,mercedes,Mercedes,0.74859649122807,3,4,CLASSIFIED,72,2026-02,2026-03-15
constructor_teammate_recent_5,2026-03,2026,3,2026-03-29,suzuka,max_verstappen,Max Verstappen,red_bull,Red Bull,0.7352631578947367,4,8,CLASSIFIED,72,2026-02,2026-03-15
constructor_teammate_recent_5,2026-03,2026,3,2026-03-29,suzuka,antonelli,Andrea Kimi Antonelli,mercedes,Mercedes,0.717017543859649,5,1,CLASSIFIED,72,2026-02,2026-03-15
constructor_teammate_recent_5,2026-03,2026,3,2026-03-29,suzuka,leclerc,Charles Leclerc,ferrari,Ferrari,0.6956140350877192,6,3,CLASSIFIED,72,2026-02,2026-03-15
constructor_teammate_recent_5,2026-03,2026,3,2026-03-29,suzuka,hamilton,Lewis Hamilton,ferrari,Ferrari,0.6577192982456139,7,6,CLASSIFIED,72,2026-02,2026-03-15
constructor_teammate_recent_5,2026-03,2026,3,2026-03-29,suzuka,hadjar,Isack Hadjar,red_bull,Red Bull,0.6389473684210526,8,12,CLASSIFIED,72,2026-02,2026-03-15
constructor_teammate_recent_5,2026-03,2026,3,2026-03-29,suzuka,hulkenberg,Nico Hülkenberg,audi,Audi,0.5578947368421052,9,11,CLASSIFIED,72,2026-02,2026-03-15
constructor_teammate_recent_5,2026-03,2026,3,2026-03-29,suzuka,sainz,Carlos Sainz,williams,Williams,0.5422055137844611,10,15,CLASSIFIED,72,2026-02,2026-03-15
constructor_teammate_recent_5,2026-03,2026,3,2026-03-29,suzuka,bortoleto,Gabriel Bortoleto,audi,Audi,0.5421052631578946,11,13,CLASSIFIED,72,2026-02,2026-03-15
constructor_teammate_recent_5,2026-03,2026,3,2026-03-29,suzuka,albon,Alexander Albon,williams,Williams,0.5381453634085213,12,20,CLASSIFIED,72,2026-02,2026-03-15
constructor_teammate_recent_5,2026-03,2026,3,2026-03-29,suzuka,bearman,Oliver Bearman,haas,Haas F1 Team,0.5301503759398496,13,22,DNF,72,2026-02,2026-03-15
constructor_teammate_recent_5,2026-03,2026,3,2026-03-29,suzuka,ocon,Esteban Ocon,haas,Haas F1 Team,0.49300751879699245,14,10,CLASSIFIED,72,2026-02,2026-03-15
constructor_teammate_recent_5,2026-03,2026,3,2026-03-29,suzuka,alonso,Fernando Alonso,aston_martin,Aston Martin,0.4826315789473684,15,18,CLASSIFIED,72,2026-02,2026-03-15
constructor_teammate_recent_5,2026-03,2026,3,2026-03-29,suzuka,arvid_lindblad,Arvid Lindblad,rb,RB F1 Team,0.45000000000000007,16,14,CLASSIFIED,72,2026-02,2026-03-15
constructor_teammate_recent_5,2026-03,2026,3,2026-03-29,suzuka,lawson,Liam Lawson,rb,RB F1 Team,0.45000000000000007,17,9,CLASSIFIED,72,2026-02,2026-03-15
constructor_teammate_recent_5,2026-03,2026,3,2026-03-29,suzuka,gasly,Pierre Gasly,alpine,Alpine F1 Team,0.40774436090225563,18,7,CLASSIFIED,72,2026-02,2026-03-15
constructor_teammate_recent_5,2026-03,2026,3,2026-03-29,suzuka,stroll,Lance Stroll,aston_martin,Aston Martin,0.4068421052631579,19,21,DNF,72,2026-02,2026-03-15
constructor_teammate_recent_5,2026-03,2026,3,2026-03-29,suzuka,colapinto,Franco Colapinto,alpine,Alpine F1 Team,0.3817293233082707,20,16,CLASSIFIED,72,2026-02,2026-03-15
constructor_teammate_recent_5,2026-03,2026,3,2026-03-29,suzuka,bottas,Valtteri Bottas,cadillac,Cadillac F1 Team,0.3782957393483709,21,19,CLASSIFIED,72,2026-02,2026-03-15
constructor_teammate_recent_5,2026-03,2026,3,2026-03-29,suzuka,perez,Sergio Pérez,cadillac,Cadillac F1 Team,0.3331077694235589,22,17,CLASSIFIED,72,2026-02,2026-03-15
constructor_teammate_recent_10,2026-03,2026,3,2026-03-29,suzuka,piastri,Oscar Piastri,mclaren,McLaren,0.7371929824561403,1,2,CLASSIFIED,72,2026-02,2026-03-15
constructor_teammate_recent_10,2026-03,2026,3,2026-03-29,suzuka,russell,George Russell,mercedes,Mercedes,0.7335087719298246,2,4,CLASSIFIED,72,2026-02,2026-03-15
constructor_teammate_recent_10,2026-03,2026,3,2026-03-29,suzuka,max_verstappen,Max Verstappen,red_bull,Red Bull,0.726578947368421,3,8,CLASSIFIED,72,2026-02,2026-03-15
constructor_teammate_recent_10,2026-03,2026,3,2026-03-29,suzuka,norris,Lando Norris,mclaren,McLaren,0.726140350877193,4,5,CLASSIFIED,72,2026-02,2026-03-15
constructor_teammate_recent_10,2026-03,2026,3,2026-03-29,suzuka,antonelli,Andrea Kimi Antonelli,mercedes,Mercedes,0.7019298245614034,5,1,CLASSIFIED,72,2026-02,2026-03-15
constructor_teammate_recent_10,2026-03,2026,3,2026-03-29,suzuka,leclerc,Charles Leclerc,ferrari,Ferrari,0.6922807017543859,6,3,CLASSIFIED,72,2026-02,2026-03-15
constructor_teammate_recent_10,2026-03,2026,3,2026-03-29,suzuka,hamilton,Lewis Hamilton,ferrari,Ferrari,0.6575438596491228,7,6,CLASSIFIED,72,2026-02,2026-03-15
constructor_teammate_recent_10,2026-03,2026,3,2026-03-29,suzuka,hadjar,Isack Hadjar,red_bull,Red Bull,0.6539473684210526,8,12,CLASSIFIED,72,2026-02,2026-03-15
constructor_teammate_recent_10,2026-03,2026,3,2026-03-29,suzuka,hulkenberg,Nico Hülkenberg,audi,Audi,0.5558333333333333,9,11,CLASSIFIED,72,2026-02,2026-03-15
constructor_teammate_recent_10,2026-03,2026,3,2026-03-29,suzuka,bortoleto,Gabriel Bortoleto,audi,Audi,0.5441666666666667,10,13,CLASSIFIED,72,2026-02,2026-03-15
constructor_teammate_recent_10,2026-03,2026,3,2026-03-29,suzuka,bearman,Oliver Bearman,haas,Haas F1 Team,0.5292857142857144,11,22,DNF,72,2026-02,2026-03-15
constructor_teammate_recent_10,2026-03,2026,3,2026-03-29,suzuka,sainz,Carlos Sainz,williams,Williams,0.49399749373433577,12,15,CLASSIFIED,72,2026-02,2026-03-15
constructor_teammate_recent_10,2026-03,2026,3,2026-03-29,suzuka,albon,Alexander Albon,williams,Williams,0.4872305764411027,13,20,CLASSIFIED,72,2026-02,2026-03-15
constructor_teammate_recent_10,2026-03,2026,3,2026-03-29,suzuka,ocon,Esteban Ocon,haas,Haas F1 Team,0.47124060150375946,14,10,CLASSIFIED,72,2026-02,2026-03-15
constructor_teammate_recent_10,2026-03,2026,3,2026-03-29,suzuka,lawson,Liam Lawson,rb,RB F1 Team,0.47,15,9,CLASSIFIED,72,2026-02,2026-03-15
constructor_teammate_recent_10,2026-03,2026,3,2026-03-29,suzuka,arvid_lindblad,Arvid Lindblad,rb,RB F1 Team,0.4676315789473684,16,14,CLASSIFIED,72,2026-02,2026-03-15
constructor_teammate_recent_10,2026-03,2026,3,2026-03-29,suzuka,alonso,Fernando Alonso,aston_martin,Aston Martin,0.45289473684210524,17,18,CLASSIFIED,72,2026-02,2026-03-15
constructor_teammate_recent_10,2026-03,2026,3,2026-03-29,suzuka,stroll,Lance Stroll,aston_martin,Aston Martin,0.41815789473684206,18,21,DNF,72,2026-02,2026-03-15
constructor_teammate_recent_10,2026-03,2026,3,2026-03-29,suzuka,bottas,Valtteri Bottas,cadillac,Cadillac F1 Team,0.3823934837092732,19,19,CLASSIFIED,72,2026-02,2026-03-15
constructor_teammate_recent_10,2026-03,2026,3,2026-03-29,suzuka,gasly,Pierre Gasly,alpine,Alpine F1 Team,0.34676691729323306,20,7,CLASSIFIED,72,2026-02,2026-03-15
constructor_teammate_recent_10,2026-03,2026,3,2026-03-29,suzuka,perez,Sergio Pérez,cadillac,Cadillac F1 Team,0.33532581453634086,21,17,CLASSIFIED,72,2026-02,2026-03-15
constructor_teammate_recent_10,2026-03,2026,3,2026-03-29,suzuka,colapinto,Franco Colapinto,alpine,Alpine F1 Team,0.33060150375939845,22,16,CLASSIFIED,72,2026-02,2026-03-15
previous_race_order,2026-04,2026,4,2026-05-03,miami,antonelli,Andrea Kimi Antonelli,mercedes,Mercedes,1.0,1,1,CLASSIFIED,73,2026-03,2026-03-29
previous_race_order,2026-04,2026,4,2026-05-03,miami,piastri,Oscar Piastri,mclaren,McLaren,0.9523809523809523,2,3,CLASSIFIED,73,2026-03,2026-03-29
previous_race_order,2026-04,2026,4,2026-05-03,miami,leclerc,Charles Leclerc,ferrari,Ferrari,0.9047619047619048,3,8,CLASSIFIED,73,2026-03,2026-03-29
previous_race_order,2026-04,2026,4,2026-05-03,miami,russell,George Russell,mercedes,Mercedes,0.8571428571428572,4,4,CLASSIFIED,73,2026-03,2026-03-29
previous_race_order,2026-04,2026,4,2026-05-03,miami,norris,Lando Norris,mclaren,McLaren,0.8095238095238095,5,2,CLASSIFIED,73,2026-03,2026-03-29
previous_race_order,2026-04,2026,4,2026-05-03,miami,hamilton,Lewis Hamilton,ferrari,Ferrari,0.7619047619047619,6,6,CLASSIFIED,73,2026-03,2026-03-29
previous_race_order,2026-04,2026,4,2026-05-03,miami,gasly,Pierre Gasly,alpine,Alpine F1 Team,0.7142857142857143,7,21,DNF,73,2026-03,2026-03-29
previous_race_order,2026-04,2026,4,2026-05-03,miami,max_verstappen,Max Verstappen,red_bull,Red Bull,0.6666666666666667,8,5,CLASSIFIED,73,2026-03,2026-03-29
previous_race_order,2026-04,2026,4,2026-05-03,miami,lawson,Liam Lawson,rb,RB F1 Team,0.6190476190476191,9,20,DNF,73,2026-03,2026-03-29
previous_race_order,2026-04,2026,4,2026-05-03,miami,ocon,Esteban Ocon,haas,Haas F1 Team,0.5714285714285714,10,13,CLASSIFIED,73,2026-03,2026-03-29
previous_race_order,2026-04,2026,4,2026-05-03,miami,hulkenberg,Nico Hülkenberg,audi,Audi,0.5238095238095238,11,19,DNF,73,2026-03,2026-03-29
previous_race_order,2026-04,2026,4,2026-05-03,miami,hadjar,Isack Hadjar,red_bull,Red Bull,0.47619047619047616,12,22,DNF,73,2026-03,2026-03-29
previous_race_order,2026-04,2026,4,2026-05-03,miami,bortoleto,Gabriel Bortoleto,audi,Audi,0.4285714285714286,13,12,CLASSIFIED,73,2026-03,2026-03-29
previous_race_order,2026-04,2026,4,2026-05-03,miami,arvid_lindblad,Arvid Lindblad,rb,RB F1 Team,0.38095238095238093,14,14,CLASSIFIED,73,2026-03,2026-03-29
previous_race_order,2026-04,2026,4,2026-05-03,miami,sainz,Carlos Sainz,williams,Williams,0.33333333333333337,15,9,CLASSIFIED,73,2026-03,2026-03-29
previous_race_order,2026-04,2026,4,2026-05-03,miami,colapinto,Franco Colapinto,alpine,Alpine F1 Team,0.2857142857142857,16,7,CLASSIFIED,73,2026-03,2026-03-29
previous_race_order,2026-04,2026,4,2026-05-03,miami,perez,Sergio Pérez,cadillac,Cadillac F1 Team,0.23809523809523814,17,16,CLASSIFIED,73,2026-03,2026-03-29
previous_race_order,2026-04,2026,4,2026-05-03,miami,alonso,Fernando Alonso,aston_martin,Aston Martin,0.19047619047619047,18,15,CLASSIFIED,73,2026-03,2026-03-29
previous_race_order,2026-04,2026,4,2026-05-03,miami,bottas,Valtteri Bottas,cadillac,Cadillac F1 Team,0.1428571428571429,19,18,CLASSIFIED,73,2026-03,2026-03-29
previous_race_order,2026-04,2026,4,2026-05-03,miami,albon,Alexander Albon,williams,Williams,0.09523809523809523,20,10,CLASSIFIED,73,2026-03,2026-03-29
previous_race_order,2026-04,2026,4,2026-05-03,miami,stroll,Lance Stroll,aston_martin,Aston Martin,0.04761904761904767,21,17,CLASSIFIED,73,2026-03,2026-03-29
previous_race_order,2026-04,2026,4,2026-05-03,miami,bearman,Oliver Bearman,haas,Haas F1 Team,0.0,22,11,CLASSIFIED,73,2026-03,2026-03-29
driver_form_unweighted,2026-04,2026,4,2026-05-03,miami,max_verstappen,Max Verstappen,red_bull,Red Bull,0.9177765843179376,1,5,CLASSIFIED,73,2026-03,2026-03-29
driver_form_unweighted,2026-04,2026,4,2026-05-03,miami,leclerc,Charles Leclerc,ferrari,Ferrari,0.8153782894736842,2,8,CLASSIFIED,73,2026-03,2026-03-29
driver_form_unweighted,2026-04,2026,4,2026-05-03,miami,norris,Lando Norris,mclaren,McLaren,0.7884174722520587,3,2,CLASSIFIED,73,2026-03,2026-03-29
driver_form_unweighted,2026-04,2026,4,2026-05-03,miami,russell,George Russell,mercedes,Mercedes,0.7696017003292546,4,4,CLASSIFIED,73,2026-03,2026-03-29
driver_form_unweighted,2026-04,2026,4,2026-05-03,miami,piastri,Oscar Piastri,mclaren,McLaren,0.7583162451583504,5,3,CLASSIFIED,73,2026-03,2026-03-29
driver_form_unweighted,2026-04,2026,4,2026-05-03,miami,hamilton,Lewis Hamilton,ferrari,Ferrari,0.7445570998202576,6,6,CLASSIFIED,73,2026-03,2026-03-29
driver_form_unweighted,2026-04,2026,4,2026-05-03,miami,perez,Sergio Pérez,cadillac,Cadillac F1 Team,0.6953041518524995,7,16,CLASSIFIED,73,2026-03,2026-03-29
driver_form_unweighted,2026-04,2026,4,2026-05-03,miami,antonelli,Andrea Kimi Antonelli,mercedes,Mercedes,0.6684101558243435,8,1,CLASSIFIED,73,2026-03,2026-03-29
driver_form_unweighted,2026-04,2026,4,2026-05-03,miami,sainz,Carlos Sainz,williams,Williams,0.6609427213868003,9,9,CLASSIFIED,73,2026-03,2026-03-29
driver_form_unweighted,2026-04,2026,4,2026-05-03,miami,alonso,Fernando Alonso,aston_martin,Aston Martin,0.5929705215419502,10,15,CLASSIFIED,73,2026-03,2026-03-29
driver_form_unweighted,2026-04,2026,4,2026-05-03,miami,bearman,Oliver Bearman,haas,Haas F1 Team,0.5142985669301459,11,11,CLASSIFIED,73,2026-03,2026-03-29
driver_form_unweighted,2026-04,2026,4,2026-05-03,miami,arvid_lindblad,Arvid Lindblad,rb,RB F1 Team,0.5079365079365079,12,14,CLASSIFIED,73,2026-03,2026-03-29
driver_form_unweighted,2026-04,2026,4,2026-05-03,miami,hadjar,Isack Hadjar,red_bull,Red Bull,0.472326649958229,13,22,DNF,73,2026-03,2026-03-29
driver_form_unweighted,2026-04,2026,4,2026-05-03,miami,albon,Alexander Albon,williams,Williams,0.46288235207902795,14,10,CLASSIFIED,73,2026-03,2026-03-29
driver_form_unweighted,2026-04,2026,4,2026-05-03,miami,gasly,Pierre Gasly,alpine,Alpine F1 Team,0.44036372983741406,15,21,DNF,73,2026-03,2026-03-29
driver_form_unweighted,2026-04,2026,4,2026-05-03,miami,lawson,Liam Lawson,rb,RB F1 Team,0.43687501582238425,16,20,DNF,73,2026-03,2026-03-29
driver_form_unweighted,2026-04,2026,4,2026-05-03,miami,ocon,Esteban Ocon,haas,Haas F1 Team,0.4339022158571031,17,13,CLASSIFIED,73,2026-03,2026-03-29
driver_form_unweighted,2026-04,2026,4,2026-05-03,miami,stroll,Lance Stroll,aston_martin,Aston Martin,0.42253858690441953,18,17,CLASSIFIED,73,2026-03,2026-03-29
driver_form_unweighted,2026-04,2026,4,2026-05-03,miami,hulkenberg,Nico Hülkenberg,audi,Audi,0.41713659147869675,19,19,DNF,73,2026-03,2026-03-29
driver_form_unweighted,2026-04,2026,4,2026-05-03,miami,bortoleto,Gabriel Bortoleto,audi,Audi,0.36665075386879903,20,12,CLASSIFIED,73,2026-03,2026-03-29
driver_form_unweighted,2026-04,2026,4,2026-05-03,miami,colapinto,Franco Colapinto,alpine,Alpine F1 Team,0.2970567444251655,21,7,CLASSIFIED,73,2026-03,2026-03-29
driver_form_unweighted,2026-04,2026,4,2026-05-03,miami,bottas,Valtteri Bottas,cadillac,Cadillac F1 Team,0.2865788502263411,22,18,CLASSIFIED,73,2026-03,2026-03-29
driver_form_season_weighted,2026-04,2026,4,2026-05-03,miami,max_verstappen,Max Verstappen,red_bull,Red Bull,0.8976665802437128,1,5,CLASSIFIED,73,2026-03,2026-03-29
driver_form_season_weighted,2026-04,2026,4,2026-05-03,miami,norris,Lando Norris,mclaren,McLaren,0.8189108616289582,2,2,CLASSIFIED,73,2026-03,2026-03-29
driver_form_season_weighted,2026-04,2026,4,2026-05-03,miami,leclerc,Charles Leclerc,ferrari,Ferrari,0.816637003135859,3,8,CLASSIFIED,73,2026-03,2026-03-29
driver_form_season_weighted,2026-04,2026,4,2026-05-03,miami,piastri,Oscar Piastri,mclaren,McLaren,0.8144631652123008,4,3,CLASSIFIED,73,2026-03,2026-03-29
driver_form_season_weighted,2026-04,2026,4,2026-05-03,miami,russell,George Russell,mercedes,Mercedes,0.7920680385771685,5,4,CLASSIFIED,73,2026-03,2026-03-29
driver_form_season_weighted,2026-04,2026,4,2026-05-03,miami,hamilton,Lewis Hamilton,ferrari,Ferrari,0.732289356484737,6,6,CLASSIFIED,73,2026-03,2026-03-29
driver_form_season_weighted,2026-04,2026,4,2026-05-03,miami,antonelli,Andrea Kimi Antonelli,mercedes,Mercedes,0.6815650236702868,7,1,CLASSIFIED,73,2026-03,2026-03-29
driver_form_season_weighted,2026-04,2026,4,2026-05-03,miami,perez,Sergio Pérez,cadillac,Cadillac F1 Team,0.6277035180543953,8,16,CLASSIFIED,73,2026-03,2026-03-29
driver_form_season_weighted,2026-04,2026,4,2026-05-03,miami,sainz,Carlos Sainz,williams,Williams,0.6152975722889313,9,9,CLASSIFIED,73,2026-03,2026-03-29
driver_form_season_weighted,2026-04,2026,4,2026-05-03,miami,alonso,Fernando Alonso,aston_martin,Aston Martin,0.5484314460692414,10,15,CLASSIFIED,73,2026-03,2026-03-29
driver_form_season_weighted,2026-04,2026,4,2026-05-03,miami,bearman,Oliver Bearman,haas,Haas F1 Team,0.5195781661947076,11,11,CLASSIFIED,73,2026-03,2026-03-29
driver_form_season_weighted,2026-04,2026,4,2026-05-03,miami,arvid_lindblad,Arvid Lindblad,rb,RB F1 Team,0.5079365079365079,12,14,CLASSIFIED,73,2026-03,2026-03-29
driver_form_season_weighted,2026-04,2026,4,2026-05-03,miami,hadjar,Isack Hadjar,red_bull,Red Bull,0.4750050802682382,13,22,DNF,73,2026-03,2026-03-29
driver_form_season_weighted,2026-04,2026,4,2026-05-03,miami,albon,Alexander Albon,williams,Williams,0.4698760790866054,14,10,CLASSIFIED,73,2026-03,2026-03-29
driver_form_season_weighted,2026-04,2026,4,2026-05-03,miami,lawson,Liam Lawson,rb,RB F1 Team,0.4517980999009151,15,20,DNF,73,2026-03,2026-03-29
driver_form_season_weighted,2026-04,2026,4,2026-05-03,miami,hulkenberg,Nico Hülkenberg,audi,Audi,0.44438067178123425,16,19,DNF,73,2026-03,2026-03-29
driver_form_season_weighted,2026-04,2026,4,2026-05-03,miami,gasly,Pierre Gasly,alpine,Alpine F1 Team,0.4218726964469999,17,21,DNF,73,2026-03,2026-03-29
driver_form_season_weighted,2026-04,2026,4,2026-05-03,miami,ocon,Esteban Ocon,haas,Haas F1 Team,0.4176538468473342,18,13,CLASSIFIED,73,2026-03,2026-03-29
driver_form_season_weighted,2026-04,2026,4,2026-05-03,miami,stroll,Lance Stroll,aston_martin,Aston Martin,0.3886568272533185,19,17,CLASSIFIED,73,2026-03,2026-03-29
driver_form_season_weighted,2026-04,2026,4,2026-05-03,miami,bortoleto,Gabriel Bortoleto,audi,Audi,0.3714864083285136,20,12,CLASSIFIED,73,2026-03,2026-03-29
driver_form_season_weighted,2026-04,2026,4,2026-05-03,miami,colapinto,Franco Colapinto,alpine,Alpine F1 Team,0.28825396825396826,21,7,CLASSIFIED,73,2026-03,2026-03-29
driver_form_season_weighted,2026-04,2026,4,2026-05-03,miami,bottas,Valtteri Bottas,cadillac,Cadillac F1 Team,0.2698177368303388,22,18,CLASSIFIED,73,2026-03,2026-03-29
driver_form_recent_5,2026-04,2026,4,2026-05-03,miami,max_verstappen,Max Verstappen,red_bull,Red Bull,0.8857142857142858,1,5,CLASSIFIED,73,2026-03,2026-03-29
driver_form_recent_5,2026-04,2026,4,2026-05-03,miami,piastri,Oscar Piastri,mclaren,McLaren,0.8852130325814537,2,3,CLASSIFIED,73,2026-03,2026-03-29
driver_form_recent_5,2026-04,2026,4,2026-05-03,miami,norris,Lando Norris,mclaren,McLaren,0.8711779448621554,3,2,CLASSIFIED,73,2026-03,2026-03-29
driver_form_recent_5,2026-04,2026,4,2026-05-03,miami,russell,George Russell,mercedes,Mercedes,0.8671679197994987,4,4,CLASSIFIED,73,2026-03,2026-03-29
driver_form_recent_5,2026-04,2026,4,2026-05-03,miami,leclerc,Charles Leclerc,ferrari,Ferrari,0.8280701754385966,5,8,CLASSIFIED,73,2026-03,2026-03-29
driver_form_recent_5,2026-04,2026,4,2026-05-03,miami,antonelli,Andrea Kimi Antonelli,mercedes,Mercedes,0.8010025062656642,6,1,CLASSIFIED,73,2026-03,2026-03-29
driver_form_recent_5,2026-04,2026,4,2026-05-03,miami,hamilton,Lewis Hamilton,ferrari,Ferrari,0.7152882205513784,7,6,CLASSIFIED,73,2026-03,2026-03-29
driver_form_recent_5,2026-04,2026,4,2026-05-03,miami,bearman,Oliver Bearman,haas,Haas F1 Team,0.6416040100250627,8,11,CLASSIFIED,73,2026-03,2026-03-29
driver_form_recent_5,2026-04,2026,4,2026-05-03,miami,hulkenberg,Nico Hülkenberg,audi,Audi,0.5779448621553885,9,19,DNF,73,2026-03,2026-03-29
driver_form_recent_5,2026-04,2026,4,2026-05-03,miami,sainz,Carlos Sainz,williams,Williams,0.5097744360902257,10,9,CLASSIFIED,73,2026-03,2026-03-29
driver_form_recent_5,2026-04,2026,4,2026-05-03,miami,arvid_lindblad,Arvid Lindblad,rb,RB F1 Team,0.5079365079365079,11,14,CLASSIFIED,73,2026-03,2026-03-29
driver_form_recent_5,2026-04,2026,4,2026-05-03,miami,lawson,Liam Lawson,rb,RB F1 Team,0.4892230576441102,12,20,DNF,73,2026-03,2026-03-29
driver_form_recent_5,2026-04,2026,4,2026-05-03,miami,ocon,Esteban Ocon,haas,Haas F1 Team,0.48471177944862154,13,13,CLASSIFIED,73,2026-03,2026-03-29
driver_form_recent_5,2026-04,2026,4,2026-05-03,miami,bortoleto,Gabriel Bortoleto,audi,Audi,0.4832080200501253,14,12,CLASSIFIED,73,2026-03,2026-03-29
driver_form_recent_5,2026-04,2026,4,2026-05-03,miami,alonso,Fernando Alonso,aston_martin,Aston Martin,0.48020050125313285,15,15,CLASSIFIED,73,2026-03,2026-03-29
driver_form_recent_5,2026-04,2026,4,2026-05-03,miami,gasly,Pierre Gasly,alpine,Alpine F1 Team,0.462155388471178,16,21,DNF,73,2026-03,2026-03-29
driver_form_recent_5,2026-04,2026,4,2026-05-03,miami,hadjar,Isack Hadjar,red_bull,Red Bull,0.42857142857142866,17,22,DNF,73,2026-03,2026-03-29
driver_form_recent_5,2026-04,2026,4,2026-05-03,miami,perez,Sergio Pérez,cadillac,Cadillac F1 Team,0.37142857142857144,18,16,CLASSIFIED,73,2026-03,2026-03-29
driver_form_recent_5,2026-04,2026,4,2026-05-03,miami,albon,Alexander Albon,williams,Williams,0.3458646616541353,19,10,CLASSIFIED,73,2026-03,2026-03-29
driver_form_recent_5,2026-04,2026,4,2026-05-03,miami,stroll,Lance Stroll,aston_martin,Aston Martin,0.3263157894736842,20,17,CLASSIFIED,73,2026-03,2026-03-29
driver_form_recent_5,2026-04,2026,4,2026-05-03,miami,colapinto,Franco Colapinto,alpine,Alpine F1 Team,0.3107769423558897,21,7,CLASSIFIED,73,2026-03,2026-03-29
driver_form_recent_5,2026-04,2026,4,2026-05-03,miami,bottas,Valtteri Bottas,cadillac,Cadillac F1 Team,0.3037593984962406,22,18,CLASSIFIED,73,2026-03,2026-03-29
driver_form_recent_10,2026-04,2026,4,2026-05-03,miami,max_verstappen,Max Verstappen,red_bull,Red Bull,0.9165413533834587,1,5,CLASSIFIED,73,2026-03,2026-03-29
driver_form_recent_10,2026-04,2026,4,2026-05-03,miami,piastri,Oscar Piastri,mclaren,McLaren,0.8899749373433584,2,3,CLASSIFIED,73,2026-03,2026-03-29
driver_form_recent_10,2026-04,2026,4,2026-05-03,miami,norris,Lando Norris,mclaren,McLaren,0.8829573934837093,3,2,CLASSIFIED,73,2026-03,2026-03-29
driver_form_recent_10,2026-04,2026,4,2026-05-03,miami,russell,George Russell,mercedes,Mercedes,0.8546365914786967,4,4,CLASSIFIED,73,2026-03,2026-03-29
driver_form_recent_10,2026-04,2026,4,2026-05-03,miami,leclerc,Charles Leclerc,ferrari,Ferrari,0.8140350877192983,5,8,CLASSIFIED,73,2026-03,2026-03-29
driver_form_recent_10,2026-04,2026,4,2026-05-03,miami,antonelli,Andrea Kimi Antonelli,mercedes,Mercedes,0.7741854636591479,6,1,CLASSIFIED,73,2026-03,2026-03-29
driver_form_recent_10,2026-04,2026,4,2026-05-03,miami,hamilton,Lewis Hamilton,ferrari,Ferrari,0.694486215538847,7,6,CLASSIFIED,73,2026-03,2026-03-29
driver_form_recent_10,2026-04,2026,4,2026-05-03,miami,bearman,Oliver Bearman,haas,Haas F1 Team,0.6050125313283208,8,11,CLASSIFIED,73,2026-03,2026-03-29
driver_form_recent_10,2026-04,2026,4,2026-05-03,miami,alonso,Fernando Alonso,aston_martin,Aston Martin,0.5295739348370928,9,15,CLASSIFIED,73,2026-03,2026-03-29
driver_form_recent_10,2026-04,2026,4,2026-05-03,miami,sainz,Carlos Sainz,williams,Williams,0.5285714285714287,10,9,CLASSIFIED,73,2026-03,2026-03-29
driver_form_recent_10,2026-04,2026,4,2026-05-03,miami,arvid_lindblad,Arvid Lindblad,rb,RB F1 Team,0.5079365079365079,11,14,CLASSIFIED,73,2026-03,2026-03-29
driver_form_recent_10,2026-04,2026,4,2026-05-03,miami,lawson,Liam Lawson,rb,RB F1 Team,0.49724310776942354,12,20,DNF,73,2026-03,2026-03-29
driver_form_recent_10,2026-04,2026,4,2026-05-03,miami,hulkenberg,Nico Hülkenberg,audi,Audi,0.4416040100250626,13,19,DNF,73,2026-03,2026-03-29
driver_form_recent_10,2026-04,2026,4,2026-05-03,miami,ocon,Esteban Ocon,haas,Haas F1 Team,0.4370927318295739,14,13,CLASSIFIED,73,2026-03,2026-03-29
driver_form_recent_10,2026-04,2026,4,2026-05-03,miami,hadjar,Isack Hadjar,red_bull,Red Bull,0.4353383458646617,15,22,DNF,73,2026-03,2026-03-29
driver_form_recent_10,2026-04,2026,4,2026-05-03,miami,bortoleto,Gabriel Bortoleto,audi,Audi,0.40476190476190477,16,12,CLASSIFIED,73,2026-03,2026-03-29
driver_form_recent_10,2026-04,2026,4,2026-05-03,miami,perez,Sergio Pérez,cadillac,Cadillac F1 Team,0.4015037593984963,17,16,CLASSIFIED,73,2026-03,2026-03-29
driver_form_recent_10,2026-04,2026,4,2026-05-03,miami,albon,Alexander Albon,williams,Williams,0.3834586466165414,18,10,CLASSIFIED,73,2026-03,2026-03-29
driver_form_recent_10,2026-04,2026,4,2026-05-03,miami,stroll,Lance Stroll,aston_martin,Aston Martin,0.3631578947368421,19,17,CLASSIFIED,73,2026-03,2026-03-29
driver_form_recent_10,2026-04,2026,4,2026-05-03,miami,gasly,Pierre Gasly,alpine,Alpine F1 Team,0.3573934837092732,20,21,DNF,73,2026-03,2026-03-29
driver_form_recent_10,2026-04,2026,4,2026-05-03,miami,colapinto,Franco Colapinto,alpine,Alpine F1 Team,0.26591478696741855,21,7,CLASSIFIED,73,2026-03,2026-03-29
driver_form_recent_10,2026-04,2026,4,2026-05-03,miami,bottas,Valtteri Bottas,cadillac,Cadillac F1 Team,0.26240601503759403,22,18,CLASSIFIED,73,2026-03,2026-03-29
constructor_teammate_unweighted,2026-04,2026,4,2026-05-03,miami,max_verstappen,Max Verstappen,red_bull,Red Bull,0.7386694522818011,1,5,CLASSIFIED,73,2026-03,2026-03-29
constructor_teammate_unweighted,2026-04,2026,4,2026-05-03,miami,leclerc,Charles Leclerc,ferrari,Ferrari,0.7049758116682376,2,8,CLASSIFIED,73,2026-03,2026-03-29
constructor_teammate_unweighted,2026-04,2026,4,2026-05-03,miami,hadjar,Isack Hadjar,red_bull,Red Bull,0.6977208718142387,3,22,DNF,73,2026-03,2026-03-29
constructor_teammate_unweighted,2026-04,2026,4,2026-05-03,miami,norris,Lando Norris,mclaren,McLaren,0.6930589746305091,4,2,CLASSIFIED,73,2026-03,2026-03-29
constructor_teammate_unweighted,2026-04,2026,4,2026-05-03,miami,hamilton,Lewis Hamilton,ferrari,Ferrari,0.6888360770858801,5,6,CLASSIFIED,73,2026-03,2026-03-29
constructor_teammate_unweighted,2026-04,2026,4,2026-05-03,miami,russell,George Russell,mercedes,Mercedes,0.6858705267735548,6,4,CLASSIFIED,73,2026-03,2026-03-29
constructor_teammate_unweighted,2026-04,2026,4,2026-05-03,miami,piastri,Oscar Piastri,mclaren,McLaren,0.6820583962615097,7,3,CLASSIFIED,73,2026-03,2026-03-29
constructor_teammate_unweighted,2026-04,2026,4,2026-05-03,miami,antonelli,Andrea Kimi Antonelli,mercedes,Mercedes,0.6493561429880039,8,1,CLASSIFIED,73,2026-03,2026-03-29
constructor_teammate_unweighted,2026-04,2026,4,2026-05-03,miami,hulkenberg,Nico Hülkenberg,audi,Audi,0.5387233234601655,9,19,DNF,73,2026-03,2026-03-29
constructor_teammate_unweighted,2026-04,2026,4,2026-05-03,miami,alonso,Fernando Alonso,aston_martin,Aston Martin,0.5317870369075315,10,15,CLASSIFIED,73,2026-03,2026-03-29
constructor_teammate_unweighted,2026-04,2026,4,2026-05-03,miami,bortoleto,Gabriel Bortoleto,audi,Audi,0.518798297827903,11,12,CLASSIFIED,73,2026-03,2026-03-29
constructor_teammate_unweighted,2026-04,2026,4,2026-05-03,miami,stroll,Lance Stroll,aston_martin,Aston Martin,0.47998299850965,12,17,CLASSIFIED,73,2026-03,2026-03-29
constructor_teammate_unweighted,2026-04,2026,4,2026-05-03,miami,albon,Alexander Albon,williams,Williams,0.4532712704775609,13,10,CLASSIFIED,73,2026-03,2026-03-29
constructor_teammate_unweighted,2026-04,2026,4,2026-05-03,miami,lawson,Liam Lawson,rb,RB F1 Team,0.4431226876715598,14,20,DNF,73,2026-03,2026-03-29
constructor_teammate_unweighted,2026-04,2026,4,2026-05-03,miami,gasly,Pierre Gasly,alpine,Alpine F1 Team,0.44023698767119823,15,21,DNF,73,2026-03,2026-03-29
constructor_teammate_unweighted,2026-04,2026,4,2026-05-03,miami,bearman,Oliver Bearman,haas,Haas F1 Team,0.4377445349484823,16,11,CLASSIFIED,73,2026-03,2026-03-29
constructor_teammate_unweighted,2026-04,2026,4,2026-05-03,miami,arvid_lindblad,Arvid Lindblad,rb,RB F1 Team,0.43719119226638026,17,14,CLASSIFIED,73,2026-03,2026-03-29
constructor_teammate_unweighted,2026-04,2026,4,2026-05-03,miami,sainz,Carlos Sainz,williams,Williams,0.4252905595125275,18,9,CLASSIFIED,73,2026-03,2026-03-29
constructor_teammate_unweighted,2026-04,2026,4,2026-05-03,miami,colapinto,Franco Colapinto,alpine,Alpine F1 Team,0.4232473544973545,19,7,CLASSIFIED,73,2026-03,2026-03-29
constructor_teammate_unweighted,2026-04,2026,4,2026-05-03,miami,ocon,Esteban Ocon,haas,Haas F1 Team,0.4201918938761044,20,13,CLASSIFIED,73,2026-03,2026-03-29
constructor_teammate_unweighted,2026-04,2026,4,2026-05-03,miami,bottas,Valtteri Bottas,cadillac,Cadillac F1 Team,0.3506185335132703,21,18,CLASSIFIED,73,2026-03,2026-03-29
constructor_teammate_unweighted,2026-04,2026,4,2026-05-03,miami,perez,Sergio Pérez,cadillac,Cadillac F1 Team,0.31861360718870346,22,16,CLASSIFIED,73,2026-03,2026-03-29
constructor_teammate_season_weighted,2026-04,2026,4,2026-05-03,miami,norris,Lando Norris,mclaren,McLaren,0.7200222998556147,1,2,CLASSIFIED,73,2026-03,2026-03-29
constructor_teammate_season_weighted,2026-04,2026,4,2026-05-03,miami,piastri,Oscar Piastri,mclaren,McLaren,0.7168774892998135,2,3,CLASSIFIED,73,2026-03,2026-03-29
constructor_teammate_season_weighted,2026-04,2026,4,2026-05-03,miami,max_verstappen,Max Verstappen,red_bull,Red Bull,0.716733796612744,3,5,CLASSIFIED,73,2026-03,2026-03-29
constructor_teammate_season_weighted,2026-04,2026,4,2026-05-03,miami,leclerc,Charles Leclerc,ferrari,Ferrari,0.7059048691118605,4,8,CLASSIFIED,73,2026-03,2026-03-29
constructor_teammate_season_weighted,2026-04,2026,4,2026-05-03,miami,russell,George Russell,mercedes,Mercedes,0.6938248545959684,5,4,CLASSIFIED,73,2026-03,2026-03-29
constructor_teammate_season_weighted,2026-04,2026,4,2026-05-03,miami,hamilton,Lewis Hamilton,ferrari,Ferrari,0.6849324286824287,6,6,CLASSIFIED,73,2026-03,2026-03-29
constructor_teammate_season_weighted,2026-04,2026,4,2026-05-03,miami,hadjar,Isack Hadjar,red_bull,Red Bull,0.6682246631232825,7,22,DNF,73,2026-03,2026-03-29
constructor_teammate_season_weighted,2026-04,2026,4,2026-05-03,miami,antonelli,Andrea Kimi Antonelli,mercedes,Mercedes,0.652817175514544,8,1,CLASSIFIED,73,2026-03,2026-03-29
constructor_teammate_season_weighted,2026-04,2026,4,2026-05-03,miami,hulkenberg,Nico Hülkenberg,audi,Audi,0.5397658902608202,9,19,DNF,73,2026-03,2026-03-29
constructor_teammate_season_weighted,2026-04,2026,4,2026-05-03,miami,bortoleto,Gabriel Bortoleto,audi,Audi,0.5186900073312533,10,12,CLASSIFIED,73,2026-03,2026-03-29
constructor_teammate_season_weighted,2026-04,2026,4,2026-05-03,miami,alonso,Fernando Alonso,aston_martin,Aston Martin,0.5030692208693542,11,15,CLASSIFIED,73,2026-03,2026-03-29
constructor_teammate_season_weighted,2026-04,2026,4,2026-05-03,miami,albon,Alexander Albon,williams,Williams,0.46495568830752687,12,10,CLASSIFIED,73,2026-03,2026-03-29
constructor_teammate_season_weighted,2026-04,2026,4,2026-05-03,miami,bearman,Oliver Bearman,haas,Haas F1 Team,0.46025837620366705,13,11,CLASSIFIED,73,2026-03,2026-03-29
constructor_teammate_season_weighted,2026-04,2026,4,2026-05-03,miami,stroll,Lance Stroll,aston_martin,Aston Martin,0.4517493323630417,14,17,CLASSIFIED,73,2026-03,2026-03-29
constructor_teammate_season_weighted,2026-04,2026,4,2026-05-03,miami,lawson,Liam Lawson,rb,RB F1 Team,0.44985303104762736,15,20,DNF,73,2026-03,2026-03-29
constructor_teammate_season_weighted,2026-04,2026,4,2026-05-03,miami,arvid_lindblad,Arvid Lindblad,rb,RB F1 Team,0.4432985350515396,16,14,CLASSIFIED,73,2026-03,2026-03-29
constructor_teammate_season_weighted,2026-04,2026,4,2026-05-03,miami,sainz,Carlos Sainz,williams,Williams,0.441594440360072,17,9,CLASSIFIED,73,2026-03,2026-03-29
constructor_teammate_season_weighted,2026-04,2026,4,2026-05-03,miami,ocon,Esteban Ocon,haas,Haas F1 Team,0.43712298652891524,18,13,CLASSIFIED,73,2026-03,2026-03-29
constructor_teammate_season_weighted,2026-04,2026,4,2026-05-03,miami,gasly,Pierre Gasly,alpine,Alpine F1 Team,0.42413839309140244,19,21,DNF,73,2026-03,2026-03-29
constructor_teammate_season_weighted,2026-04,2026,4,2026-05-03,miami,colapinto,Franco Colapinto,alpine,Alpine F1 Team,0.4009376717194054,20,7,CLASSIFIED,73,2026-03,2026-03-29
constructor_teammate_season_weighted,2026-04,2026,4,2026-05-03,miami,bottas,Valtteri Bottas,cadillac,Cadillac F1 Team,0.3497705802968961,21,18,CLASSIFIED,73,2026-03,2026-03-29
constructor_teammate_season_weighted,2026-04,2026,4,2026-05-03,miami,perez,Sergio Pérez,cadillac,Cadillac F1 Team,0.31866028708133975,22,16,CLASSIFIED,73,2026-03,2026-03-29
constructor_teammate_recent_5,2026-04,2026,4,2026-05-03,miami,norris,Lando Norris,mclaren,McLaren,0.769749373433584,1,2,CLASSIFIED,73,2026-03,2026-03-29
constructor_teammate_recent_5,2026-04,2026,4,2026-05-03,miami,piastri,Oscar Piastri,mclaren,McLaren,0.762531328320802,2,3,CLASSIFIED,73,2026-03,2026-03-29
constructor_teammate_recent_5,2026-04,2026,4,2026-05-03,miami,russell,George Russell,mercedes,Mercedes,0.7437844611528821,3,4,CLASSIFIED,73,2026-03,2026-03-29
constructor_teammate_recent_5,2026-04,2026,4,2026-05-03,miami,antonelli,Andrea Kimi Antonelli,mercedes,Mercedes,0.7239348370927318,4,1,CLASSIFIED,73,2026-03,2026-03-29
constructor_teammate_recent_5,2026-04,2026,4,2026-05-03,miami,max_verstappen,Max Verstappen,red_bull,Red Bull,0.7088721804511278,5,5,CLASSIFIED,73,2026-03,2026-03-29
constructor_teammate_recent_5,2026-04,2026,4,2026-05-03,miami,leclerc,Charles Leclerc,ferrari,Ferrari,0.7070927318295739,6,8,CLASSIFIED,73,2026-03,2026-03-29
constructor_teammate_recent_5,2026-04,2026,4,2026-05-03,miami,hamilton,Lewis Hamilton,ferrari,Ferrari,0.6732581453634084,7,6,CLASSIFIED,73,2026-03,2026-03-29
constructor_teammate_recent_5,2026-04,2026,4,2026-05-03,miami,hadjar,Isack Hadjar,red_bull,Red Bull,0.6216541353383458,8,22,DNF,73,2026-03,2026-03-29
constructor_teammate_recent_5,2026-04,2026,4,2026-05-03,miami,hulkenberg,Nico Hülkenberg,audi,Audi,0.5369507101086048,9,19,DNF,73,2026-03,2026-03-29
constructor_teammate_recent_5,2026-04,2026,4,2026-05-03,miami,bearman,Oliver Bearman,haas,Haas F1 Team,0.532781954887218,10,11,CLASSIFIED,73,2026-03,2026-03-29
constructor_teammate_recent_5,2026-04,2026,4,2026-05-03,miami,bortoleto,Gabriel Bortoleto,audi,Audi,0.5186048454469506,11,12,CLASSIFIED,73,2026-03,2026-03-29
constructor_teammate_recent_5,2026-04,2026,4,2026-05-03,miami,ocon,Esteban Ocon,haas,Haas F1 Team,0.4956390977443609,12,13,CLASSIFIED,73,2026-03,2026-03-29
constructor_teammate_recent_5,2026-04,2026,4,2026-05-03,miami,sainz,Carlos Sainz,williams,Williams,0.47671679197994987,13,9,CLASSIFIED,73,2026-03,2026-03-29
constructor_teammate_recent_5,2026-04,2026,4,2026-05-03,miami,lawson,Liam Lawson,rb,RB F1 Team,0.4660902255639098,14,20,DNF,73,2026-03,2026-03-29
constructor_teammate_recent_5,2026-04,2026,4,2026-05-03,miami,alonso,Fernando Alonso,aston_martin,Aston Martin,0.46508771929824555,15,15,CLASSIFIED,73,2026-03,2026-03-29
constructor_teammate_recent_5,2026-04,2026,4,2026-05-03,miami,gasly,Pierre Gasly,alpine,Alpine F1 Team,0.44323308270676687,16,21,DNF,73,2026-03,2026-03-29
constructor_teammate_recent_5,2026-04,2026,4,2026-05-03,miami,albon,Alexander Albon,williams,Williams,0.4425814536340852,17,10,CLASSIFIED,73,2026-03,2026-03-29
constructor_teammate_recent_5,2026-04,2026,4,2026-05-03,miami,arvid_lindblad,Arvid Lindblad,rb,RB F1 Team,0.43441102756892225,18,14,CLASSIFIED,73,2026-03,2026-03-29
constructor_teammate_recent_5,2026-04,2026,4,2026-05-03,miami,colapinto,Franco Colapinto,alpine,Alpine F1 Team,0.3978195488721804,19,7,CLASSIFIED,73,2026-03,2026-03-29
constructor_teammate_recent_5,2026-04,2026,4,2026-05-03,miami,stroll,Lance Stroll,aston_martin,Aston Martin,0.38929824561403503,20,17,CLASSIFIED,73,2026-03,2026-03-29
constructor_teammate_recent_5,2026-04,2026,4,2026-05-03,miami,bottas,Valtteri Bottas,cadillac,Cadillac F1 Team,0.3405263157894737,21,18,CLASSIFIED,73,2026-03,2026-03-29
constructor_teammate_recent_5,2026-04,2026,4,2026-05-03,miami,perez,Sergio Pérez,cadillac,Cadillac F1 Team,0.30894736842105264,22,16,CLASSIFIED,73,2026-03,2026-03-29
constructor_teammate_recent_10,2026-04,2026,4,2026-05-03,miami,piastri,Oscar Piastri,mclaren,McLaren,0.7615288220551378,1,3,CLASSIFIED,73,2026-03,2026-03-29
constructor_teammate_recent_10,2026-04,2026,4,2026-05-03,miami,norris,Lando Norris,mclaren,McLaren,0.7477694235588972,2,2,CLASSIFIED,73,2026-03,2026-03-29
constructor_teammate_recent_10,2026-04,2026,4,2026-05-03,miami,russell,George Russell,mercedes,Mercedes,0.732155388471178,3,4,CLASSIFIED,73,2026-03,2026-03-29
constructor_teammate_recent_10,2026-04,2026,4,2026-05-03,miami,antonelli,Andrea Kimi Antonelli,mercedes,Mercedes,0.7080200501253133,4,1,CLASSIFIED,73,2026-03,2026-03-29
constructor_teammate_recent_10,2026-04,2026,4,2026-05-03,miami,max_verstappen,Max Verstappen,red_bull,Red Bull,0.7031203007518797,5,5,CLASSIFIED,73,2026-03,2026-03-29
constructor_teammate_recent_10,2026-04,2026,4,2026-05-03,miami,leclerc,Charles Leclerc,ferrari,Ferrari,0.6959147869674185,6,8,CLASSIFIED,73,2026-03,2026-03-29
constructor_teammate_recent_10,2026-04,2026,4,2026-05-03,miami,hamilton,Lewis Hamilton,ferrari,Ferrari,0.6600501253132831,7,6,CLASSIFIED,73,2026-03,2026-03-29
constructor_teammate_recent_10,2026-04,2026,4,2026-05-03,miami,hadjar,Isack Hadjar,red_bull,Red Bull,0.6326691729323308,8,22,DNF,73,2026-03,2026-03-29
constructor_teammate_recent_10,2026-04,2026,4,2026-05-03,miami,bearman,Oliver Bearman,haas,Haas F1 Team,0.5434962406015037,9,11,CLASSIFIED,73,2026-03,2026-03-29
constructor_teammate_recent_10,2026-04,2026,4,2026-05-03,miami,hulkenberg,Nico Hülkenberg,audi,Audi,0.5292063492063491,10,19,DNF,73,2026-03,2026-03-29
constructor_teammate_recent_10,2026-04,2026,4,2026-05-03,miami,bortoleto,Gabriel Bortoleto,audi,Audi,0.5263492063492063,11,12,CLASSIFIED,73,2026-03,2026-03-29
constructor_teammate_recent_10,2026-04,2026,4,2026-05-03,miami,ocon,Esteban Ocon,haas,Haas F1 Team,0.48545112781954886,12,13,CLASSIFIED,73,2026-03,2026-03-29
constructor_teammate_recent_10,2026-04,2026,4,2026-05-03,miami,sainz,Carlos Sainz,williams,Williams,0.4675689223057644,13,9,CLASSIFIED,73,2026-03,2026-03-29
constructor_teammate_recent_10,2026-04,2026,4,2026-05-03,miami,lawson,Liam Lawson,rb,RB F1 Team,0.46567669172932324,14,20,DNF,73,2026-03,2026-03-29
constructor_teammate_recent_10,2026-04,2026,4,2026-05-03,miami,albon,Alexander Albon,williams,Williams,0.4552380952380952,15,10,CLASSIFIED,73,2026-03,2026-03-29
constructor_teammate_recent_10,2026-04,2026,4,2026-05-03,miami,arvid_lindblad,Arvid Lindblad,rb,RB F1 Team,0.4446741854636591,16,14,CLASSIFIED,73,2026-03,2026-03-29
constructor_teammate_recent_10,2026-04,2026,4,2026-05-03,miami,alonso,Fernando Alonso,aston_martin,Aston Martin,0.4201754385964912,17,15,CLASSIFIED,73,2026-03,2026-03-29
constructor_teammate_recent_10,2026-04,2026,4,2026-05-03,miami,stroll,Lance Stroll,aston_martin,Aston Martin,0.385438596491228,18,17,CLASSIFIED,73,2026-03,2026-03-29
constructor_teammate_recent_10,2026-04,2026,4,2026-05-03,miami,gasly,Pierre Gasly,alpine,Alpine F1 Team,0.38187969924812026,19,21,DNF,73,2026-03,2026-03-29
constructor_teammate_recent_10,2026-04,2026,4,2026-05-03,miami,colapinto,Franco Colapinto,alpine,Alpine F1 Team,0.3544360902255639,20,7,CLASSIFIED,73,2026-03,2026-03-29
constructor_teammate_recent_10,2026-04,2026,4,2026-05-03,miami,bottas,Valtteri Bottas,cadillac,Cadillac F1 Team,0.3468421052631579,21,18,CLASSIFIED,73,2026-03,2026-03-29
constructor_teammate_recent_10,2026-04,2026,4,2026-05-03,miami,perez,Sergio Pérez,cadillac,Cadillac F1 Team,0.3057894736842105,22,16,CLASSIFIED,73,2026-03,2026-03-29
previous_race_order,2026-05,2026,5,2026-05-24,villeneuve,antonelli,Andrea Kimi Antonelli,mercedes,Mercedes,1.0,1,1,CLASSIFIED,74,2026-04,2026-05-03
previous_race_order,2026-05,2026,5,2026-05-24,villeneuve,norris,Lando Norris,mclaren,McLaren,0.9523809523809523,2,18,DNF,74,2026-04,2026-05-03
previous_race_order,2026-05,2026,5,2026-05-24,villeneuve,piastri,Oscar Piastri,mclaren,McLaren,0.9047619047619048,3,11,CLASSIFIED,74,2026-04,2026-05-03
previous_race_order,2026-05,2026,5,2026-05-24,villeneuve,russell,George Russell,mercedes,Mercedes,0.8571428571428572,4,19,DNF,74,2026-04,2026-05-03
previous_race_order,2026-05,2026,5,2026-05-24,villeneuve,max_verstappen,Max Verstappen,red_bull,Red Bull,0.8095238095238095,5,3,CLASSIFIED,74,2026-04,2026-05-03
previous_race_order,2026-05,2026,5,2026-05-24,villeneuve,hamilton,Lewis Hamilton,ferrari,Ferrari,0.7619047619047619,6,2,CLASSIFIED,74,2026-04,2026-05-03
previous_race_order,2026-05,2026,5,2026-05-24,villeneuve,colapinto,Franco Colapinto,alpine,Alpine F1 Team,0.7142857142857143,7,6,CLASSIFIED,74,2026-04,2026-05-03
previous_race_order,2026-05,2026,5,2026-05-24,villeneuve,leclerc,Charles Leclerc,ferrari,Ferrari,0.6666666666666667,8,4,CLASSIFIED,74,2026-04,2026-05-03
previous_race_order,2026-05,2026,5,2026-05-24,villeneuve,sainz,Carlos Sainz,williams,Williams,0.6190476190476191,9,9,CLASSIFIED,74,2026-04,2026-05-03
previous_race_order,2026-05,2026,5,2026-05-24,villeneuve,albon,Alexander Albon,williams,Williams,0.5714285714285714,10,21,DNF,74,2026-04,2026-05-03
previous_race_order,2026-05,2026,5,2026-05-24,villeneuve,bearman,Oliver Bearman,haas,Haas F1 Team,0.5238095238095238,11,10,CLASSIFIED,74,2026-04,2026-05-03
previous_race_order,2026-05,2026,5,2026-05-24,villeneuve,bortoleto,Gabriel Bortoleto,audi,Audi,0.47619047619047616,12,13,CLASSIFIED,74,2026-04,2026-05-03
previous_race_order,2026-05,2026,5,2026-05-24,villeneuve,ocon,Esteban Ocon,haas,Haas F1 Team,0.4285714285714286,13,14,CLASSIFIED,74,2026-04,2026-05-03
previous_race_order,2026-05,2026,5,2026-05-24,villeneuve,arvid_lindblad,Arvid Lindblad,rb,RB F1 Team,0.38095238095238093,14,22,DNS,74,2026-04,2026-05-03
previous_race_order,2026-05,2026,5,2026-05-24,villeneuve,alonso,Fernando Alonso,aston_martin,Aston Martin,0.33333333333333337,15,20,DNF,74,2026-04,2026-05-03
previous_race_order,2026-05,2026,5,2026-05-24,villeneuve,perez,Sergio Pérez,cadillac,Cadillac F1 Team,0.2857142857142857,16,17,DNF,74,2026-04,2026-05-03
previous_race_order,2026-05,2026,5,2026-05-24,villeneuve,stroll,Lance Stroll,aston_martin,Aston Martin,0.23809523809523814,17,15,CLASSIFIED,74,2026-04,2026-05-03
previous_race_order,2026-05,2026,5,2026-05-24,villeneuve,bottas,Valtteri Bottas,cadillac,Cadillac F1 Team,0.19047619047619047,18,16,CLASSIFIED,74,2026-04,2026-05-03
previous_race_order,2026-05,2026,5,2026-05-24,villeneuve,hulkenberg,Nico Hülkenberg,audi,Audi,0.1428571428571429,19,12,CLASSIFIED,74,2026-04,2026-05-03
previous_race_order,2026-05,2026,5,2026-05-24,villeneuve,lawson,Liam Lawson,rb,RB F1 Team,0.09523809523809523,20,7,CLASSIFIED,74,2026-04,2026-05-03
previous_race_order,2026-05,2026,5,2026-05-24,villeneuve,gasly,Pierre Gasly,alpine,Alpine F1 Team,0.04761904761904767,21,8,CLASSIFIED,74,2026-04,2026-05-03
previous_race_order,2026-05,2026,5,2026-05-24,villeneuve,hadjar,Isack Hadjar,red_bull,Red Bull,0.0,22,5,CLASSIFIED,74,2026-04,2026-05-03
driver_form_unweighted,2026-05,2026,5,2026-05-24,villeneuve,max_verstappen,Max Verstappen,red_bull,Red Bull,0.9162518973490063,1,3,CLASSIFIED,74,2026-04,2026-05-03
driver_form_unweighted,2026-05,2026,5,2026-05-24,villeneuve,leclerc,Charles Leclerc,ferrari,Ferrari,0.8130904183535763,2,4,CLASSIFIED,74,2026-04,2026-05-03
driver_form_unweighted,2026-05,2026,5,2026-05-24,villeneuve,norris,Lando Norris,mclaren,McLaren,0.7907268170426065,3,18,DNF,74,2026-04,2026-05-03
driver_form_unweighted,2026-05,2026,5,2026-05-24,villeneuve,russell,George Russell,mercedes,Mercedes,0.770870412746843,4,19,DNF,74,2026-04,2026-05-03
driver_form_unweighted,2026-05,2026,5,2026-05-24,villeneuve,piastri,Oscar Piastri,mclaren,McLaren,0.7605020012718363,5,11,CLASSIFIED,74,2026-04,2026-05-03
driver_form_unweighted,2026-05,2026,5,2026-05-24,villeneuve,hamilton,Lewis Hamilton,ferrari,Ferrari,0.7448160201498772,6,2,CLASSIFIED,74,2026-04,2026-05-03
driver_form_unweighted,2026-05,2026,5,2026-05-24,villeneuve,perez,Sergio Pérez,cadillac,Cadillac F1 Team,0.6859952912584492,7,17,DNF,74,2026-04,2026-05-03
driver_form_unweighted,2026-05,2026,5,2026-05-24,villeneuve,antonelli,Andrea Kimi Antonelli,mercedes,Mercedes,0.6822263993316625,8,1,CLASSIFIED,74,2026-04,2026-05-03
driver_form_unweighted,2026-05,2026,5,2026-05-24,villeneuve,sainz,Carlos Sainz,williams,Williams,0.660298181350813,9,9,CLASSIFIED,74,2026-04,2026-05-03
driver_form_unweighted,2026-05,2026,5,2026-05-24,villeneuve,alonso,Fernando Alonso,aston_martin,Aston Martin,0.5889136904761905,10,20,DNF,74,2026-04,2026-05-03
driver_form_unweighted,2026-05,2026,5,2026-05-24,villeneuve,bearman,Oliver Bearman,haas,Haas F1 Team,0.5146508245923451,11,10,CLASSIFIED,74,2026-04,2026-05-03
driver_form_unweighted,2026-05,2026,5,2026-05-24,villeneuve,arvid_lindblad,Arvid Lindblad,rb,RB F1 Team,0.47619047619047616,12,22,DNS,74,2026-04,2026-05-03
driver_form_unweighted,2026-05,2026,5,2026-05-24,villeneuve,hadjar,Isack Hadjar,red_bull,Red Bull,0.472326649958229,13,5,CLASSIFIED,74,2026-04,2026-05-03
driver_form_unweighted,2026-05,2026,5,2026-05-24,villeneuve,albon,Alexander Albon,williams,Williams,0.4647538386195374,14,21,DNF,74,2026-04,2026-05-03
driver_form_unweighted,2026-05,2026,5,2026-05-24,villeneuve,gasly,Pierre Gasly,alpine,Alpine F1 Team,0.44036372983741406,15,8,CLASSIFIED,74,2026-04,2026-05-03
driver_form_unweighted,2026-05,2026,5,2026-05-24,villeneuve,lawson,Liam Lawson,rb,RB F1 Team,0.43687501582238425,16,7,CLASSIFIED,74,2026-04,2026-05-03
driver_form_unweighted,2026-05,2026,5,2026-05-24,villeneuve,ocon,Esteban Ocon,haas,Haas F1 Team,0.4338189223057644,17,14,CLASSIFIED,74,2026-04,2026-05-03
driver_form_unweighted,2026-05,2026,5,2026-05-24,villeneuve,stroll,Lance Stroll,aston_martin,Aston Martin,0.41956369418169076,18,15,CLASSIFIED,74,2026-04,2026-05-03
driver_form_unweighted,2026-05,2026,5,2026-05-24,villeneuve,hulkenberg,Nico Hülkenberg,audi,Audi,0.41713659147869675,19,12,CLASSIFIED,74,2026-04,2026-05-03
driver_form_unweighted,2026-05,2026,5,2026-05-24,villeneuve,bortoleto,Gabriel Bortoleto,audi,Audi,0.371629832156148,20,13,CLASSIFIED,74,2026-04,2026-05-03
driver_form_unweighted,2026-05,2026,5,2026-05-24,villeneuve,colapinto,Franco Colapinto,alpine,Alpine F1 Team,0.31250966923481543,21,6,CLASSIFIED,74,2026-04,2026-05-03
driver_form_unweighted,2026-05,2026,5,2026-05-24,villeneuve,bottas,Valtteri Bottas,cadillac,Cadillac F1 Team,0.2843946988683831,22,16,CLASSIFIED,74,2026-04,2026-05-03
driver_form_season_weighted,2026-05,2026,5,2026-05-24,villeneuve,max_verstappen,Max Verstappen,red_bull,Red Bull,0.8953003313653262,1,3,CLASSIFIED,74,2026-04,2026-05-03
driver_form_season_weighted,2026-05,2026,5,2026-05-24,villeneuve,norris,Lando Norris,mclaren,McLaren,0.8224700640490114,2,18,DNF,74,2026-04,2026-05-03
driver_form_season_weighted,2026-05,2026,5,2026-05-24,villeneuve,piastri,Oscar Piastri,mclaren,McLaren,0.8170248315825023,3,11,CLASSIFIED,74,2026-04,2026-05-03
driver_form_season_weighted,2026-05,2026,5,2026-05-24,villeneuve,leclerc,Charles Leclerc,ferrari,Ferrari,0.8124124866156001,4,4,CLASSIFIED,74,2026-04,2026-05-03
driver_form_season_weighted,2026-05,2026,5,2026-05-24,villeneuve,russell,George Russell,mercedes,Mercedes,0.7937918748305642,5,19,DNF,74,2026-04,2026-05-03
driver_form_season_weighted,2026-05,2026,5,2026-05-24,villeneuve,hamilton,Lewis Hamilton,ferrari,Ferrari,0.733117759433549,6,2,CLASSIFIED,74,2026-04,2026-05-03
driver_form_season_weighted,2026-05,2026,5,2026-05-24,villeneuve,antonelli,Andrea Kimi Antonelli,mercedes,Mercedes,0.6983247592665875,7,1,CLASSIFIED,74,2026-04,2026-05-03
driver_form_season_weighted,2026-05,2026,5,2026-05-24,villeneuve,sainz,Carlos Sainz,williams,Williams,0.6154062692964295,8,9,CLASSIFIED,74,2026-04,2026-05-03
driver_form_season_weighted,2026-05,2026,5,2026-05-24,villeneuve,perez,Sergio Pérez,cadillac,Cadillac F1 Team,0.6097040847733368,9,17,DNF,74,2026-04,2026-05-03
driver_form_season_weighted,2026-05,2026,5,2026-05-24,villeneuve,alonso,Fernando Alonso,aston_martin,Aston Martin,0.5418635647643282,10,20,DNF,74,2026-04,2026-05-03
driver_form_season_weighted,2026-05,2026,5,2026-05-24,villeneuve,bearman,Oliver Bearman,haas,Haas F1 Team,0.5197871221263035,11,10,CLASSIFIED,74,2026-04,2026-05-03
driver_form_season_weighted,2026-05,2026,5,2026-05-24,villeneuve,arvid_lindblad,Arvid Lindblad,rb,RB F1 Team,0.47619047619047616,12,22,DNS,74,2026-04,2026-05-03
driver_form_season_weighted,2026-05,2026,5,2026-05-24,villeneuve,hadjar,Isack Hadjar,red_bull,Red Bull,0.4750050802682382,13,5,CLASSIFIED,74,2026-04,2026-05-03
driver_form_season_weighted,2026-05,2026,5,2026-05-24,villeneuve,albon,Alexander Albon,williams,Williams,0.47315196593634623,14,21,DNF,74,2026-04,2026-05-03
driver_form_season_weighted,2026-05,2026,5,2026-05-24,villeneuve,lawson,Liam Lawson,rb,RB F1 Team,0.4517980999009151,15,7,CLASSIFIED,74,2026-04,2026-05-03
driver_form_season_weighted,2026-05,2026,5,2026-05-24,villeneuve,hulkenberg,Nico Hülkenberg,audi,Audi,0.44438067178123425,16,12,CLASSIFIED,74,2026-04,2026-05-03
driver_form_season_weighted,2026-05,2026,5,2026-05-24,villeneuve,gasly,Pierre Gasly,alpine,Alpine F1 Team,0.4218726964469999,17,8,CLASSIFIED,74,2026-04,2026-05-03
driver_form_season_weighted,2026-05,2026,5,2026-05-24,villeneuve,ocon,Esteban Ocon,haas,Haas F1 Team,0.41795923374870747,18,14,CLASSIFIED,74,2026-04,2026-05-03
driver_form_season_weighted,2026-05,2026,5,2026-05-24,villeneuve,stroll,Lance Stroll,aston_martin,Aston Martin,0.3840241629715314,19,15,CLASSIFIED,74,2026-04,2026-05-03
driver_form_season_weighted,2026-05,2026,5,2026-05-24,villeneuve,bortoleto,Gabriel Bortoleto,audi,Audi,0.3775562093639897,20,13,CLASSIFIED,74,2026-04,2026-05-03
driver_form_season_weighted,2026-05,2026,5,2026-05-24,villeneuve,colapinto,Franco Colapinto,alpine,Alpine F1 Team,0.30982519590114527,21,6,CLASSIFIED,74,2026-04,2026-05-03
driver_form_season_weighted,2026-05,2026,5,2026-05-24,villeneuve,bottas,Valtteri Bottas,cadillac,Cadillac F1 Team,0.26558618769145087,22,16,CLASSIFIED,74,2026-04,2026-05-03
driver_form_recent_5,2026-05,2026,5,2026-05-24,villeneuve,piastri,Oscar Piastri,mclaren,McLaren,0.9082706766917295,1,11,CLASSIFIED,74,2026-04,2026-05-03
driver_form_recent_5,2026-05,2026,5,2026-05-24,villeneuve,russell,George Russell,mercedes,Mercedes,0.8912280701754387,2,19,DNF,74,2026-04,2026-05-03
driver_form_recent_5,2026-05,2026,5,2026-05-24,villeneuve,norris,Lando Norris,mclaren,McLaren,0.8616541353383459,3,18,DNF,74,2026-04,2026-05-03
driver_form_recent_5,2026-05,2026,5,2026-05-24,villeneuve,max_verstappen,Max Verstappen,red_bull,Red Bull,0.8476190476190476,4,3,CLASSIFIED,74,2026-04,2026-05-03
driver_form_recent_5,2026-05,2026,5,2026-05-24,villeneuve,antonelli,Andrea Kimi Antonelli,mercedes,Mercedes,0.8431077694235588,5,1,CLASSIFIED,74,2026-04,2026-05-03
driver_form_recent_5,2026-05,2026,5,2026-05-24,villeneuve,leclerc,Charles Leclerc,ferrari,Ferrari,0.8350877192982455,6,4,CLASSIFIED,74,2026-04,2026-05-03
driver_form_recent_5,2026-05,2026,5,2026-05-24,villeneuve,hamilton,Lewis Hamilton,ferrari,Ferrari,0.7834586466165414,7,2,CLASSIFIED,74,2026-04,2026-05-03
driver_form_recent_5,2026-05,2026,5,2026-05-24,villeneuve,bearman,Oliver Bearman,haas,Haas F1 Team,0.5989974937343359,8,10,CLASSIFIED,74,2026-04,2026-05-03
driver_form_recent_5,2026-05,2026,5,2026-05-24,villeneuve,hulkenberg,Nico Hülkenberg,audi,Audi,0.5779448621553885,9,12,CLASSIFIED,74,2026-04,2026-05-03
driver_form_recent_5,2026-05,2026,5,2026-05-24,villeneuve,ocon,Esteban Ocon,haas,Haas F1 Team,0.5177944862155389,10,14,CLASSIFIED,74,2026-04,2026-05-03
driver_form_recent_5,2026-05,2026,5,2026-05-24,villeneuve,lawson,Liam Lawson,rb,RB F1 Team,0.4892230576441102,11,7,CLASSIFIED,74,2026-04,2026-05-03
driver_form_recent_5,2026-05,2026,5,2026-05-24,villeneuve,alonso,Fernando Alonso,aston_martin,Aston Martin,0.4837092731829574,12,20,DNF,74,2026-04,2026-05-03
driver_form_recent_5,2026-05,2026,5,2026-05-24,villeneuve,arvid_lindblad,Arvid Lindblad,rb,RB F1 Team,0.47619047619047616,13,22,DNS,74,2026-04,2026-05-03
driver_form_recent_5,2026-05,2026,5,2026-05-24,villeneuve,bortoleto,Gabriel Bortoleto,audi,Audi,0.4731829573934837,14,13,CLASSIFIED,74,2026-04,2026-05-03
driver_form_recent_5,2026-05,2026,5,2026-05-24,villeneuve,gasly,Pierre Gasly,alpine,Alpine F1 Team,0.462155388471178,15,8,CLASSIFIED,74,2026-04,2026-05-03
driver_form_recent_5,2026-05,2026,5,2026-05-24,villeneuve,sainz,Carlos Sainz,williams,Williams,0.4546365914786968,16,9,CLASSIFIED,74,2026-04,2026-05-03
driver_form_recent_5,2026-05,2026,5,2026-05-24,villeneuve,hadjar,Isack Hadjar,red_bull,Red Bull,0.42857142857142866,17,5,CLASSIFIED,74,2026-04,2026-05-03
driver_form_recent_5,2026-05,2026,5,2026-05-24,villeneuve,colapinto,Franco Colapinto,alpine,Alpine F1 Team,0.3904761904761905,18,6,CLASSIFIED,74,2026-04,2026-05-03
driver_form_recent_5,2026-05,2026,5,2026-05-24,villeneuve,albon,Alexander Albon,williams,Williams,0.3654135338345864,19,21,DNF,74,2026-04,2026-05-03
driver_form_recent_5,2026-05,2026,5,2026-05-24,villeneuve,perez,Sergio Pérez,cadillac,Cadillac F1 Team,0.3338345864661655,20,17,DNF,74,2026-04,2026-05-03
driver_form_recent_5,2026-05,2026,5,2026-05-24,villeneuve,stroll,Lance Stroll,aston_martin,Aston Martin,0.2897243107769424,21,15,CLASSIFIED,74,2026-04,2026-05-03
driver_form_recent_5,2026-05,2026,5,2026-05-24,villeneuve,bottas,Valtteri Bottas,cadillac,Cadillac F1 Team,0.2681704260651629,22,16,CLASSIFIED,74,2026-04,2026-05-03
driver_form_recent_10,2026-05,2026,5,2026-05-24,villeneuve,max_verstappen,Max Verstappen,red_bull,Red Bull,0.8974937343358397,1,3,CLASSIFIED,74,2026-04,2026-05-03
driver_form_recent_10,2026-05,2026,5,2026-05-24,villeneuve,piastri,Oscar Piastri,mclaren,McLaren,0.8857142857142858,2,11,CLASSIFIED,74,2026-04,2026-05-03
driver_form_recent_10,2026-05,2026,5,2026-05-24,villeneuve,norris,Lando Norris,mclaren,McLaren,0.8834586466165414,3,18,DNF,74,2026-04,2026-05-03
driver_form_recent_10,2026-05,2026,5,2026-05-24,villeneuve,russell,George Russell,mercedes,Mercedes,0.8403508771929825,4,19,DNF,74,2026-04,2026-05-03
driver_form_recent_10,2026-05,2026,5,2026-05-24,villeneuve,leclerc,Charles Leclerc,ferrari,Ferrari,0.8228070175438595,5,4,CLASSIFIED,74,2026-04,2026-05-03
driver_form_recent_10,2026-05,2026,5,2026-05-24,villeneuve,antonelli,Andrea Kimi Antonelli,mercedes,Mercedes,0.7952380952380953,6,1,CLASSIFIED,74,2026-04,2026-05-03
driver_form_recent_10,2026-05,2026,5,2026-05-24,villeneuve,hamilton,Lewis Hamilton,ferrari,Ferrari,0.7075187969924812,7,2,CLASSIFIED,74,2026-04,2026-05-03
driver_form_recent_10,2026-05,2026,5,2026-05-24,villeneuve,bearman,Oliver Bearman,haas,Haas F1 Team,0.6152882205513784,8,10,CLASSIFIED,74,2026-04,2026-05-03
driver_form_recent_10,2026-05,2026,5,2026-05-24,villeneuve,sainz,Carlos Sainz,williams,Williams,0.5010025062656642,9,9,CLASSIFIED,74,2026-04,2026-05-03
driver_form_recent_10,2026-05,2026,5,2026-05-24,villeneuve,lawson,Liam Lawson,rb,RB F1 Team,0.49724310776942354,10,7,CLASSIFIED,74,2026-04,2026-05-03
driver_form_recent_10,2026-05,2026,5,2026-05-24,villeneuve,alonso,Fernando Alonso,aston_martin,Aston Martin,0.4839598997493734,11,20,DNF,74,2026-04,2026-05-03
driver_form_recent_10,2026-05,2026,5,2026-05-24,villeneuve,arvid_lindblad,Arvid Lindblad,rb,RB F1 Team,0.47619047619047616,12,22,DNS,74,2026-04,2026-05-03
driver_form_recent_10,2026-05,2026,5,2026-05-24,villeneuve,ocon,Esteban Ocon,haas,Haas F1 Team,0.4694235588972431,13,14,CLASSIFIED,74,2026-04,2026-05-03
driver_form_recent_10,2026-05,2026,5,2026-05-24,villeneuve,hulkenberg,Nico Hülkenberg,audi,Audi,0.4416040100250626,14,12,CLASSIFIED,74,2026-04,2026-05-03
driver_form_recent_10,2026-05,2026,5,2026-05-24,villeneuve,hadjar,Isack Hadjar,red_bull,Red Bull,0.4353383458646617,15,5,CLASSIFIED,74,2026-04,2026-05-03
driver_form_recent_10,2026-05,2026,5,2026-05-24,villeneuve,bortoleto,Gabriel Bortoleto,audi,Audi,0.4260651629072682,16,13,CLASSIFIED,74,2026-04,2026-05-03
driver_form_recent_10,2026-05,2026,5,2026-05-24,villeneuve,albon,Alexander Albon,williams,Williams,0.37218045112781956,17,21,DNF,74,2026-04,2026-05-03
driver_form_recent_10,2026-05,2026,5,2026-05-24,villeneuve,perez,Sergio Pérez,cadillac,Cadillac F1 Team,0.36691729323308275,18,17,DNF,74,2026-04,2026-05-03
driver_form_recent_10,2026-05,2026,5,2026-05-24,villeneuve,gasly,Pierre Gasly,alpine,Alpine F1 Team,0.3573934837092732,19,8,CLASSIFIED,74,2026-04,2026-05-03
driver_form_recent_10,2026-05,2026,5,2026-05-24,villeneuve,stroll,Lance Stroll,aston_martin,Aston Martin,0.318546365914787,20,15,CLASSIFIED,74,2026-04,2026-05-03
driver_form_recent_10,2026-05,2026,5,2026-05-24,villeneuve,colapinto,Franco Colapinto,alpine,Alpine F1 Team,0.3162907268170426,21,6,CLASSIFIED,74,2026-04,2026-05-03
driver_form_recent_10,2026-05,2026,5,2026-05-24,villeneuve,bottas,Valtteri Bottas,cadillac,Cadillac F1 Team,0.26040100250626563,22,16,CLASSIFIED,74,2026-04,2026-05-03
constructor_teammate_unweighted,2026-05,2026,5,2026-05-24,villeneuve,max_verstappen,Max Verstappen,red_bull,Red Bull,0.738987371137932,1,3,CLASSIFIED,74,2026-04,2026-05-03
constructor_teammate_unweighted,2026-05,2026,5,2026-05-24,villeneuve,leclerc,Charles Leclerc,ferrari,Ferrari,0.7039395531840353,2,4,CLASSIFIED,74,2026-04,2026-05-03
constructor_teammate_unweighted,2026-05,2026,5,2026-05-24,villeneuve,hadjar,Isack Hadjar,red_bull,Red Bull,0.6980387906703696,3,5,CLASSIFIED,74,2026-04,2026-05-03
constructor_teammate_unweighted,2026-05,2026,5,2026-05-24,villeneuve,norris,Lando Norris,mclaren,McLaren,0.6946455469481785,4,18,DNF,74,2026-04,2026-05-03
constructor_teammate_unweighted,2026-05,2026,5,2026-05-24,villeneuve,hamilton,Lewis Hamilton,ferrari,Ferrari,0.6885209663944808,5,2,CLASSIFIED,74,2026-04,2026-05-03
constructor_teammate_unweighted,2026-05,2026,5,2026-05-24,villeneuve,russell,George Russell,mercedes,Mercedes,0.6870337581511007,6,19,DNF,74,2026-04,2026-05-03
constructor_teammate_unweighted,2026-05,2026,5,2026-05-24,villeneuve,piastri,Oscar Piastri,mclaren,McLaren,0.6835951937925622,7,11,CLASSIFIED,74,2026-04,2026-05-03
constructor_teammate_unweighted,2026-05,2026,5,2026-05-24,villeneuve,antonelli,Andrea Kimi Antonelli,mercedes,Mercedes,0.6530412461333515,8,1,CLASSIFIED,74,2026-04,2026-05-03
constructor_teammate_unweighted,2026-05,2026,5,2026-05-24,villeneuve,alonso,Fernando Alonso,aston_martin,Aston Martin,0.529406850459482,9,20,DNF,74,2026-04,2026-05-03
constructor_teammate_unweighted,2026-05,2026,5,2026-05-24,villeneuve,hulkenberg,Nico Hülkenberg,audi,Audi,0.5276122123490544,10,12,CLASSIFIED,74,2026-04,2026-05-03
constructor_teammate_unweighted,2026-05,2026,5,2026-05-24,villeneuve,bortoleto,Gabriel Bortoleto,audi,Audi,0.5076871867167919,11,13,CLASSIFIED,74,2026-04,2026-05-03
constructor_teammate_unweighted,2026-05,2026,5,2026-05-24,villeneuve,stroll,Lance Stroll,aston_martin,Aston Martin,0.4780330455769052,12,15,CLASSIFIED,74,2026-04,2026-05-03
constructor_teammate_unweighted,2026-05,2026,5,2026-05-24,villeneuve,albon,Alexander Albon,williams,Williams,0.45461570593149536,13,21,DNF,74,2026-04,2026-05-03
constructor_teammate_unweighted,2026-05,2026,5,2026-05-24,villeneuve,gasly,Pierre Gasly,alpine,Alpine F1 Team,0.4431968464124195,14,8,CLASSIFIED,74,2026-04,2026-05-03
constructor_teammate_unweighted,2026-05,2026,5,2026-05-24,villeneuve,lawson,Liam Lawson,rb,RB F1 Team,0.4424741019214703,15,7,CLASSIFIED,74,2026-04,2026-05-03
constructor_teammate_unweighted,2026-05,2026,5,2026-05-24,villeneuve,bearman,Oliver Bearman,haas,Haas F1 Team,0.4386142410821574,16,10,CLASSIFIED,74,2026-04,2026-05-03
constructor_teammate_unweighted,2026-05,2026,5,2026-05-24,villeneuve,arvid_lindblad,Arvid Lindblad,rb,RB F1 Team,0.4365426065162906,17,22,DNS,74,2026-04,2026-05-03
constructor_teammate_unweighted,2026-05,2026,5,2026-05-24,villeneuve,sainz,Carlos Sainz,williams,Williams,0.42746859708795804,18,9,CLASSIFIED,74,2026-04,2026-05-03
constructor_teammate_unweighted,2026-05,2026,5,2026-05-24,villeneuve,colapinto,Franco Colapinto,alpine,Alpine F1 Team,0.42620721323857585,19,6,CLASSIFIED,74,2026-04,2026-05-03
constructor_teammate_unweighted,2026-05,2026,5,2026-05-24,villeneuve,ocon,Esteban Ocon,haas,Haas F1 Team,0.4208231562271628,20,14,CLASSIFIED,74,2026-04,2026-05-03
constructor_teammate_unweighted,2026-05,2026,5,2026-05-24,villeneuve,bottas,Valtteri Bottas,cadillac,Cadillac F1 Team,0.34191259398496243,21,16,CLASSIFIED,74,2026-04,2026-05-03
constructor_teammate_unweighted,2026-05,2026,5,2026-05-24,villeneuve,perez,Sergio Pérez,cadillac,Cadillac F1 Team,0.31136770497672756,22,17,DNF,74,2026-04,2026-05-03
constructor_teammate_season_weighted,2026-05,2026,5,2026-05-24,villeneuve,norris,Lando Norris,mclaren,McLaren,0.7223417233164905,1,18,DNF,74,2026-04,2026-05-03
constructor_teammate_season_weighted,2026-05,2026,5,2026-05-24,villeneuve,piastri,Oscar Piastri,mclaren,McLaren,0.7188786012255488,2,11,CLASSIFIED,74,2026-04,2026-05-03
constructor_teammate_season_weighted,2026-05,2026,5,2026-05-24,villeneuve,max_verstappen,Max Verstappen,red_bull,Red Bull,0.7180623721751637,3,3,CLASSIFIED,74,2026-04,2026-05-03
constructor_teammate_season_weighted,2026-05,2026,5,2026-05-24,villeneuve,leclerc,Charles Leclerc,ferrari,Ferrari,0.7039489467284498,4,4,CLASSIFIED,74,2026-04,2026-05-03
constructor_teammate_season_weighted,2026-05,2026,5,2026-05-24,villeneuve,russell,George Russell,mercedes,Mercedes,0.6957943500927376,5,19,DNF,74,2026-04,2026-05-03
constructor_teammate_season_weighted,2026-05,2026,5,2026-05-24,villeneuve,hamilton,Lewis Hamilton,ferrari,Ferrari,0.6844226360134698,6,2,CLASSIFIED,74,2026-04,2026-05-03
constructor_teammate_season_weighted,2026-05,2026,5,2026-05-24,villeneuve,hadjar,Isack Hadjar,red_bull,Red Bull,0.6695532386857023,7,5,CLASSIFIED,74,2026-04,2026-05-03
constructor_teammate_season_weighted,2026-05,2026,5,2026-05-24,villeneuve,antonelli,Andrea Kimi Antonelli,mercedes,Mercedes,0.6583664287857106,8,1,CLASSIFIED,74,2026-04,2026-05-03
constructor_teammate_season_weighted,2026-05,2026,5,2026-05-24,villeneuve,hulkenberg,Nico Hülkenberg,audi,Audi,0.5286547791497092,9,12,CLASSIFIED,74,2026-04,2026-05-03
constructor_teammate_season_weighted,2026-05,2026,5,2026-05-24,villeneuve,bortoleto,Gabriel Bortoleto,audi,Audi,0.5075788962201422,10,13,CLASSIFIED,74,2026-04,2026-05-03
constructor_teammate_season_weighted,2026-05,2026,5,2026-05-24,villeneuve,alonso,Fernando Alonso,aston_martin,Aston Martin,0.49926175799860006,11,20,DNF,74,2026-04,2026-05-03
constructor_teammate_season_weighted,2026-05,2026,5,2026-05-24,villeneuve,albon,Alexander Albon,williams,Williams,0.4672137608979714,12,21,DNF,74,2026-04,2026-05-03
constructor_teammate_season_weighted,2026-05,2026,5,2026-05-24,villeneuve,bearman,Oliver Bearman,haas,Haas F1 Team,0.4612234590073925,13,10,CLASSIFIED,74,2026-04,2026-05-03
constructor_teammate_season_weighted,2026-05,2026,5,2026-05-24,villeneuve,stroll,Lance Stroll,aston_martin,Aston Martin,0.44876163381426537,14,15,CLASSIFIED,74,2026-04,2026-05-03
constructor_teammate_season_weighted,2026-05,2026,5,2026-05-24,villeneuve,lawson,Liam Lawson,rb,RB F1 Team,0.44867634004641715,15,7,CLASSIFIED,74,2026-04,2026-05-03
constructor_teammate_season_weighted,2026-05,2026,5,2026-05-24,villeneuve,sainz,Carlos Sainz,williams,Williams,0.4452220829852409,16,9,CLASSIFIED,74,2026-04,2026-05-03
constructor_teammate_season_weighted,2026-05,2026,5,2026-05-24,villeneuve,arvid_lindblad,Arvid Lindblad,rb,RB F1 Team,0.4421218440503294,17,22,DNS,74,2026-04,2026-05-03
constructor_teammate_season_weighted,2026-05,2026,5,2026-05-24,villeneuve,ocon,Esteban Ocon,haas,Haas F1 Team,0.43790460589964464,18,14,CLASSIFIED,74,2026-04,2026-05-03
constructor_teammate_season_weighted,2026-05,2026,5,2026-05-24,villeneuve,gasly,Pierre Gasly,alpine,Alpine F1 Team,0.43015878314484257,19,8,CLASSIFIED,74,2026-04,2026-05-03
constructor_teammate_season_weighted,2026-05,2026,5,2026-05-24,villeneuve,colapinto,Franco Colapinto,alpine,Alpine F1 Team,0.40695806177284555,20,6,CLASSIFIED,74,2026-04,2026-05-03
constructor_teammate_season_weighted,2026-05,2026,5,2026-05-24,villeneuve,bottas,Valtteri Bottas,cadillac,Cadillac F1 Team,0.3406223893065998,21,16,CLASSIFIED,74,2026-04,2026-05-03
constructor_teammate_season_weighted,2026-05,2026,5,2026-05-24,villeneuve,perez,Sergio Pérez,cadillac,Cadillac F1 Team,0.3129341210168278,22,17,DNF,74,2026-04,2026-05-03
constructor_teammate_recent_5,2026-05,2026,5,2026-05-24,villeneuve,piastri,Oscar Piastri,mclaren,McLaren,0.7721553884711778,1,11,CLASSIFIED,74,2026-04,2026-05-03
constructor_teammate_recent_5,2026-05,2026,5,2026-05-24,villeneuve,norris,Lando Norris,mclaren,McLaren,0.7695989974937343,2,18,DNF,74,2026-04,2026-05-03
constructor_teammate_recent_5,2026-05,2026,5,2026-05-24,villeneuve,russell,George Russell,mercedes,Mercedes,0.7642355889724309,3,19,DNF,74,2026-04,2026-05-03
constructor_teammate_recent_5,2026-05,2026,5,2026-05-24,villeneuve,antonelli,Andrea Kimi Antonelli,mercedes,Mercedes,0.749799498746867,4,1,CLASSIFIED,74,2026-04,2026-05-03
constructor_teammate_recent_5,2026-05,2026,5,2026-05-24,villeneuve,leclerc,Charles Leclerc,ferrari,Ferrari,0.7242355889724311,5,4,CLASSIFIED,74,2026-04,2026-05-03
constructor_teammate_recent_5,2026-05,2026,5,2026-05-24,villeneuve,max_verstappen,Max Verstappen,red_bull,Red Bull,0.7153634085213032,6,3,CLASSIFIED,74,2026-04,2026-05-03
constructor_teammate_recent_5,2026-05,2026,5,2026-05-24,villeneuve,hamilton,Lewis Hamilton,ferrari,Ferrari,0.7087468671679198,7,2,CLASSIFIED,74,2026-04,2026-05-03
constructor_teammate_recent_5,2026-05,2026,5,2026-05-24,villeneuve,hadjar,Isack Hadjar,red_bull,Red Bull,0.6281453634085212,8,5,CLASSIFIED,74,2026-04,2026-05-03
constructor_teammate_recent_5,2026-05,2026,5,2026-05-24,villeneuve,bearman,Oliver Bearman,haas,Haas F1 Team,0.5559899749373434,9,10,CLASSIFIED,74,2026-04,2026-05-03
constructor_teammate_recent_5,2026-05,2026,5,2026-05-24,villeneuve,ocon,Esteban Ocon,haas,Haas F1 Team,0.5320802005012532,10,14,CLASSIFIED,74,2026-04,2026-05-03
constructor_teammate_recent_5,2026-05,2026,5,2026-05-24,villeneuve,hulkenberg,Nico Hülkenberg,audi,Audi,0.5258395989974938,11,12,CLASSIFIED,74,2026-04,2026-05-03
constructor_teammate_recent_5,2026-05,2026,5,2026-05-24,villeneuve,bortoleto,Gabriel Bortoleto,audi,Audi,0.5074937343358396,12,13,CLASSIFIED,74,2026-04,2026-05-03
constructor_teammate_recent_5,2026-05,2026,5,2026-05-24,villeneuve,gasly,Pierre Gasly,alpine,Alpine F1 Team,0.506390977443609,13,8,CLASSIFIED,74,2026-04,2026-05-03
constructor_teammate_recent_5,2026-05,2026,5,2026-05-24,villeneuve,lawson,Liam Lawson,rb,RB F1 Team,0.47152882205513785,14,7,CLASSIFIED,74,2026-04,2026-05-03
constructor_teammate_recent_5,2026-05,2026,5,2026-05-24,villeneuve,sainz,Carlos Sainz,williams,Williams,0.4688471177944862,15,9,CLASSIFIED,74,2026-04,2026-05-03
constructor_teammate_recent_5,2026-05,2026,5,2026-05-24,villeneuve,alonso,Fernando Alonso,aston_martin,Aston Martin,0.4616290726817043,16,20,DNF,74,2026-04,2026-05-03
constructor_teammate_recent_5,2026-05,2026,5,2026-05-24,villeneuve,colapinto,Franco Colapinto,alpine,Alpine F1 Team,0.4609774436090225,17,6,CLASSIFIED,74,2026-04,2026-05-03
constructor_teammate_recent_5,2026-05,2026,5,2026-05-24,villeneuve,arvid_lindblad,Arvid Lindblad,rb,RB F1 Team,0.4398496240601504,18,22,DNS,74,2026-04,2026-05-03
constructor_teammate_recent_5,2026-05,2026,5,2026-05-24,villeneuve,albon,Alexander Albon,williams,Williams,0.42553884711779444,19,21,DNF,74,2026-04,2026-05-03
constructor_teammate_recent_5,2026-05,2026,5,2026-05-24,villeneuve,stroll,Lance Stroll,aston_martin,Aston Martin,0.3990726817042607,20,15,CLASSIFIED,74,2026-04,2026-05-03
constructor_teammate_recent_5,2026-05,2026,5,2026-05-24,villeneuve,bottas,Valtteri Bottas,cadillac,Cadillac F1 Team,0.3261779448621554,21,16,CLASSIFIED,74,2026-04,2026-05-03
constructor_teammate_recent_5,2026-05,2026,5,2026-05-24,villeneuve,perez,Sergio Pérez,cadillac,Cadillac F1 Team,0.3208395989974937,22,17,DNF,74,2026-04,2026-05-03
constructor_teammate_recent_10,2026-05,2026,5,2026-05-24,villeneuve,piastri,Oscar Piastri,mclaren,McLaren,0.7621303258145364,1,11,CLASSIFIED,74,2026-04,2026-05-03
constructor_teammate_recent_10,2026-05,2026,5,2026-05-24,villeneuve,norris,Lando Norris,mclaren,McLaren,0.7482205513784461,2,18,DNF,74,2026-04,2026-05-03
constructor_teammate_recent_10,2026-05,2026,5,2026-05-24,villeneuve,russell,George Russell,mercedes,Mercedes,0.7292230576441102,3,19,DNF,74,2026-04,2026-05-03
constructor_teammate_recent_10,2026-05,2026,5,2026-05-24,villeneuve,antonelli,Andrea Kimi Antonelli,mercedes,Mercedes,0.715689223057644,4,1,CLASSIFIED,74,2026-04,2026-05-03
constructor_teammate_recent_10,2026-05,2026,5,2026-05-24,villeneuve,max_verstappen,Max Verstappen,red_bull,Red Bull,0.7118922305764411,5,3,CLASSIFIED,74,2026-04,2026-05-03
constructor_teammate_recent_10,2026-05,2026,5,2026-05-24,villeneuve,leclerc,Charles Leclerc,ferrari,Ferrari,0.702907268170426,6,4,CLASSIFIED,74,2026-04,2026-05-03
constructor_teammate_recent_10,2026-05,2026,5,2026-05-24,villeneuve,hamilton,Lewis Hamilton,ferrari,Ferrari,0.6683208020050124,7,2,CLASSIFIED,74,2026-04,2026-05-03
constructor_teammate_recent_10,2026-05,2026,5,2026-05-24,villeneuve,hadjar,Isack Hadjar,red_bull,Red Bull,0.6414411027568923,8,5,CLASSIFIED,74,2026-04,2026-05-03
constructor_teammate_recent_10,2026-05,2026,5,2026-05-24,villeneuve,bearman,Oliver Bearman,haas,Haas F1 Team,0.5519423558897243,9,10,CLASSIFIED,74,2026-04,2026-05-03
constructor_teammate_recent_10,2026-05,2026,5,2026-05-24,villeneuve,hulkenberg,Nico Hülkenberg,audi,Audi,0.518095238095238,10,12,CLASSIFIED,74,2026-04,2026-05-03
constructor_teammate_recent_10,2026-05,2026,5,2026-05-24,villeneuve,bortoleto,Gabriel Bortoleto,audi,Audi,0.5152380952380953,11,13,CLASSIFIED,74,2026-04,2026-05-03
constructor_teammate_recent_10,2026-05,2026,5,2026-05-24,villeneuve,ocon,Esteban Ocon,haas,Haas F1 Team,0.4957769423558897,12,14,CLASSIFIED,74,2026-04,2026-05-03
constructor_teammate_recent_10,2026-05,2026,5,2026-05-24,villeneuve,sainz,Carlos Sainz,williams,Williams,0.48679197994987466,13,9,CLASSIFIED,74,2026-04,2026-05-03
constructor_teammate_recent_10,2026-05,2026,5,2026-05-24,villeneuve,lawson,Liam Lawson,rb,RB F1 Team,0.4665538847117795,14,7,CLASSIFIED,74,2026-04,2026-05-03
constructor_teammate_recent_10,2026-05,2026,5,2026-05-24,villeneuve,albon,Alexander Albon,williams,Williams,0.46040100250626564,15,21,DNF,74,2026-04,2026-05-03
constructor_teammate_recent_10,2026-05,2026,5,2026-05-24,villeneuve,arvid_lindblad,Arvid Lindblad,rb,RB F1 Team,0.44555137844611525,16,22,DNS,74,2026-04,2026-05-03
constructor_teammate_recent_10,2026-05,2026,5,2026-05-24,villeneuve,alonso,Fernando Alonso,aston_martin,Aston Martin,0.4358145363408521,17,20,DNF,74,2026-04,2026-05-03
constructor_teammate_recent_10,2026-05,2026,5,2026-05-24,villeneuve,gasly,Pierre Gasly,alpine,Alpine F1 Team,0.42266917293233086,18,8,CLASSIFIED,74,2026-04,2026-05-03
constructor_teammate_recent_10,2026-05,2026,5,2026-05-24,villeneuve,colapinto,Franco Colapinto,alpine,Alpine F1 Team,0.3952255639097745,19,6,CLASSIFIED,74,2026-04,2026-05-03
constructor_teammate_recent_10,2026-05,2026,5,2026-05-24,villeneuve,stroll,Lance Stroll,aston_martin,Aston Martin,0.395062656641604,20,15,CLASSIFIED,74,2026-04,2026-05-03
constructor_teammate_recent_10,2026-05,2026,5,2026-05-24,villeneuve,bottas,Valtteri Bottas,cadillac,Cadillac F1 Team,0.3355012531328321,21,16,CLASSIFIED,74,2026-04,2026-05-03
constructor_teammate_recent_10,2026-05,2026,5,2026-05-24,villeneuve,perez,Sergio Pérez,cadillac,Cadillac F1 Team,0.3020426065162907,22,17,DNF,74,2026-04,2026-05-03
previous_race_order,2026-06,2026,6,2026-06-07,monaco,antonelli,Andrea Kimi Antonelli,mercedes,Mercedes,1.0,1,1,CLASSIFIED,75,2026-05,2026-05-24
previous_race_order,2026-06,2026,6,2026-06-07,monaco,hamilton,Lewis Hamilton,ferrari,Ferrari,0.9523809523809523,2,2,CLASSIFIED,75,2026-05,2026-05-24
previous_race_order,2026-06,2026,6,2026-06-07,monaco,max_verstappen,Max Verstappen,red_bull,Red Bull,0.9047619047619048,3,22,DNF,75,2026-05,2026-05-24
previous_race_order,2026-06,2026,6,2026-06-07,monaco,leclerc,Charles Leclerc,ferrari,Ferrari,0.8571428571428572,4,17,DNF,75,2026-05,2026-05-24
previous_race_order,2026-06,2026,6,2026-06-07,monaco,hadjar,Isack Hadjar,red_bull,Red Bull,0.8095238095238095,5,4,CLASSIFIED,75,2026-05,2026-05-24
previous_race_order,2026-06,2026,6,2026-06-07,monaco,colapinto,Franco Colapinto,alpine,Alpine F1 Team,0.7619047619047619,6,14,CLASSIFIED,75,2026-05,2026-05-24
previous_race_order,2026-06,2026,6,2026-06-07,monaco,lawson,Liam Lawson,rb,RB F1 Team,0.7142857142857143,7,6,CLASSIFIED,75,2026-05,2026-05-24
previous_race_order,2026-06,2026,6,2026-06-07,monaco,gasly,Pierre Gasly,alpine,Alpine F1 Team,0.6666666666666667,8,3,CLASSIFIED,75,2026-05,2026-05-24
previous_race_order,2026-06,2026,6,2026-06-07,monaco,sainz,Carlos Sainz,williams,Williams,0.6190476190476191,9,16,CLASSIFIED,75,2026-05,2026-05-24
previous_race_order,2026-06,2026,6,2026-06-07,monaco,bearman,Oliver Bearman,haas,Haas F1 Team,0.5714285714285714,10,20,DNF,75,2026-05,2026-05-24
previous_race_order,2026-06,2026,6,2026-06-07,monaco,piastri,Oscar Piastri,mclaren,McLaren,0.5238095238095238,11,5,CLASSIFIED,75,2026-05,2026-05-24
previous_race_order,2026-06,2026,6,2026-06-07,monaco,hulkenberg,Nico Hülkenberg,audi,Audi,0.47619047619047616,12,13,CLASSIFIED,75,2026-05,2026-05-24
previous_race_order,2026-06,2026,6,2026-06-07,monaco,bortoleto,Gabriel Bortoleto,audi,Audi,0.4285714285714286,13,11,CLASSIFIED,75,2026-05,2026-05-24
previous_race_order,2026-06,2026,6,2026-06-07,monaco,ocon,Esteban Ocon,haas,Haas F1 Team,0.38095238095238093,14,9,CLASSIFIED,75,2026-05,2026-05-24
previous_race_order,2026-06,2026,6,2026-06-07,monaco,stroll,Lance Stroll,aston_martin,Aston Martin,0.33333333333333337,15,18,DNF,75,2026-05,2026-05-24
previous_race_order,2026-06,2026,6,2026-06-07,monaco,bottas,Valtteri Bottas,cadillac,Cadillac F1 Team,0.2857142857142857,16,21,DNF,75,2026-05,2026-05-24
previous_race_order,2026-06,2026,6,2026-06-07,monaco,perez,Sergio Pérez,cadillac,Cadillac F1 Team,0.23809523809523814,17,15,CLASSIFIED,75,2026-05,2026-05-24
previous_race_order,2026-06,2026,6,2026-06-07,monaco,norris,Lando Norris,mclaren,McLaren,0.19047619047619047,18,19,DNF,75,2026-05,2026-05-24
previous_race_order,2026-06,2026,6,2026-06-07,monaco,russell,George Russell,mercedes,Mercedes,0.1428571428571429,19,12,CLASSIFIED,75,2026-05,2026-05-24
previous_race_order,2026-06,2026,6,2026-06-07,monaco,alonso,Fernando Alonso,aston_martin,Aston Martin,0.09523809523809523,20,10,CLASSIFIED,75,2026-05,2026-05-24
previous_race_order,2026-06,2026,6,2026-06-07,monaco,albon,Alexander Albon,williams,Williams,0.04761904761904767,21,8,CLASSIFIED,75,2026-05,2026-05-24
previous_race_order,2026-06,2026,6,2026-06-07,monaco,arvid_lindblad,Arvid Lindblad,rb,RB F1 Team,0.0,22,7,CLASSIFIED,75,2026-05,2026-05-24
driver_form_unweighted,2026-06,2026,6,2026-06-07,monaco,max_verstappen,Max Verstappen,red_bull,Red Bull,0.91609231411863,1,22,DNF,75,2026-05,2026-05-24
driver_form_unweighted,2026-06,2026,6,2026-06-07,monaco,leclerc,Charles Leclerc,ferrari,Ferrari,0.8137578795473532,2,17,DNF,75,2026-05,2026-05-24
driver_form_unweighted,2026-06,2026,6,2026-06-07,monaco,norris,Lando Norris,mclaren,McLaren,0.7907268170426065,3,19,DNF,75,2026-05,2026-05-24
driver_form_unweighted,2026-06,2026,6,2026-06-07,monaco,russell,George Russell,mercedes,Mercedes,0.770870412746843,4,12,CLASSIFIED,75,2026-05,2026-05-24
driver_form_unweighted,2026-06,2026,6,2026-06-07,monaco,piastri,Oscar Piastri,mclaren,McLaren,0.7570212295444494,5,5,CLASSIFIED,75,2026-05,2026-05-24
driver_form_unweighted,2026-06,2026,6,2026-06-07,monaco,hamilton,Lewis Hamilton,ferrari,Ferrari,0.7478684456238636,6,2,CLASSIFIED,75,2026-05,2026-05-24
driver_form_unweighted,2026-06,2026,6,2026-06-07,monaco,antonelli,Andrea Kimi Antonelli,mercedes,Mercedes,0.6949373433583961,7,1,CLASSIFIED,75,2026-05,2026-05-24
driver_form_unweighted,2026-06,2026,6,2026-06-07,monaco,perez,Sergio Pérez,cadillac,Cadillac F1 Team,0.6859952912584492,8,15,CLASSIFIED,75,2026-05,2026-05-24
driver_form_unweighted,2026-06,2026,6,2026-06-07,monaco,sainz,Carlos Sainz,williams,Williams,0.6596731728310676,9,16,CLASSIFIED,75,2026-05,2026-05-24
driver_form_unweighted,2026-06,2026,6,2026-06-07,monaco,alonso,Fernando Alonso,aston_martin,Aston Martin,0.5889136904761905,10,10,CLASSIFIED,75,2026-05,2026-05-24
driver_form_unweighted,2026-06,2026,6,2026-06-07,monaco,bearman,Oliver Bearman,haas,Haas F1 Team,0.5166786012650675,11,20,DNF,75,2026-05,2026-05-24
driver_form_unweighted,2026-06,2026,6,2026-06-07,monaco,hadjar,Isack Hadjar,red_bull,Red Bull,0.48581453634085214,12,4,CLASSIFIED,75,2026-05,2026-05-24
driver_form_unweighted,2026-06,2026,6,2026-06-07,monaco,arvid_lindblad,Arvid Lindblad,rb,RB F1 Team,0.47619047619047616,13,7,CLASSIFIED,75,2026-05,2026-05-24
driver_form_unweighted,2026-06,2026,6,2026-06-07,monaco,albon,Alexander Albon,williams,Williams,0.4647538386195374,14,8,CLASSIFIED,75,2026-05,2026-05-24
driver_form_unweighted,2026-06,2026,6,2026-06-07,monaco,lawson,Liam Lawson,rb,RB F1 Team,0.4450341540124822,15,6,CLASSIFIED,75,2026-05,2026-05-24
driver_form_unweighted,2026-06,2026,6,2026-06-07,monaco,gasly,Pierre Gasly,alpine,Alpine F1 Team,0.4437925622136149,16,3,CLASSIFIED,75,2026-05,2026-05-24
driver_form_unweighted,2026-06,2026,6,2026-06-07,monaco,ocon,Esteban Ocon,haas,Haas F1 Team,0.43300559090032775,17,9,CLASSIFIED,75,2026-05,2026-05-24
driver_form_unweighted,2026-06,2026,6,2026-06-07,monaco,stroll,Lance Stroll,aston_martin,Aston Martin,0.418194958295209,18,18,DNF,75,2026-05,2026-05-24
driver_form_unweighted,2026-06,2026,6,2026-06-07,monaco,hulkenberg,Nico Hülkenberg,audi,Audi,0.41804511278195494,19,13,CLASSIFIED,75,2026-05,2026-05-24
driver_form_unweighted,2026-06,2026,6,2026-06-07,monaco,bortoleto,Gabriel Bortoleto,audi,Audi,0.37410555373942106,20,11,CLASSIFIED,75,2026-05,2026-05-24
driver_form_unweighted,2026-06,2026,6,2026-06-07,monaco,colapinto,Franco Colapinto,alpine,Alpine F1 Team,0.3285594939730278,21,14,CLASSIFIED,75,2026-05,2026-05-24
driver_form_unweighted,2026-06,2026,6,2026-06-07,monaco,bottas,Valtteri Bottas,cadillac,Cadillac F1 Team,0.2844240230205142,22,21,DNF,75,2026-05,2026-05-24
driver_form_season_weighted,2026-06,2026,6,2026-06-07,monaco,max_verstappen,Max Verstappen,red_bull,Red Bull,0.8955476927613151,1,22,DNF,75,2026-05,2026-05-24
driver_form_season_weighted,2026-06,2026,6,2026-06-07,monaco,norris,Lando Norris,mclaren,McLaren,0.8224700640490114,2,19,DNF,75,2026-05,2026-05-24
driver_form_season_weighted,2026-06,2026,6,2026-06-07,monaco,leclerc,Charles Leclerc,ferrari,Ferrari,0.8136379762190865,3,17,DNF,75,2026-05,2026-05-24
driver_form_season_weighted,2026-06,2026,6,2026-06-07,monaco,piastri,Oscar Piastri,mclaren,McLaren,0.8089361334370408,4,5,CLASSIFIED,75,2026-05,2026-05-24
driver_form_season_weighted,2026-06,2026,6,2026-06-07,monaco,russell,George Russell,mercedes,Mercedes,0.7937918748305642,5,12,CLASSIFIED,75,2026-05,2026-05-24
driver_form_season_weighted,2026-06,2026,6,2026-06-07,monaco,hamilton,Lewis Hamilton,ferrari,Ferrari,0.7390841048198729,6,2,CLASSIFIED,75,2026-05,2026-05-24
driver_form_season_weighted,2026-06,2026,6,2026-06-07,monaco,antonelli,Andrea Kimi Antonelli,mercedes,Mercedes,0.7134085213032582,7,1,CLASSIFIED,75,2026-05,2026-05-24
driver_form_season_weighted,2026-06,2026,6,2026-06-07,monaco,sainz,Carlos Sainz,williams,Williams,0.6155088425288574,8,16,CLASSIFIED,75,2026-05,2026-05-24
driver_form_season_weighted,2026-06,2026,6,2026-06-07,monaco,perez,Sergio Pérez,cadillac,Cadillac F1 Team,0.6097040847733368,9,15,CLASSIFIED,75,2026-05,2026-05-24
driver_form_season_weighted,2026-06,2026,6,2026-06-07,monaco,alonso,Fernando Alonso,aston_martin,Aston Martin,0.5418635647643282,10,10,CLASSIFIED,75,2026-05,2026-05-24
driver_form_season_weighted,2026-06,2026,6,2026-06-07,monaco,bearman,Oliver Bearman,haas,Haas F1 Team,0.5222173079758219,11,20,DNF,75,2026-05,2026-05-24
driver_form_season_weighted,2026-06,2026,6,2026-06-07,monaco,hadjar,Isack Hadjar,red_bull,Red Bull,0.492159886896729,12,4,CLASSIFIED,75,2026-05,2026-05-24
driver_form_season_weighted,2026-06,2026,6,2026-06-07,monaco,arvid_lindblad,Arvid Lindblad,rb,RB F1 Team,0.47619047619047616,13,7,CLASSIFIED,75,2026-05,2026-05-24
driver_form_season_weighted,2026-06,2026,6,2026-06-07,monaco,albon,Alexander Albon,williams,Williams,0.47315196593634623,14,8,CLASSIFIED,75,2026-05,2026-05-24
driver_form_season_weighted,2026-06,2026,6,2026-06-07,monaco,lawson,Liam Lawson,rb,RB F1 Team,0.4634642160957951,15,6,CLASSIFIED,75,2026-05,2026-05-24
driver_form_season_weighted,2026-06,2026,6,2026-06-07,monaco,hulkenberg,Nico Hülkenberg,audi,Audi,0.44532318450447106,16,13,CLASSIFIED,75,2026-05,2026-05-24
driver_form_season_weighted,2026-06,2026,6,2026-06-07,monaco,gasly,Pierre Gasly,alpine,Alpine F1 Team,0.4288668098818475,17,3,CLASSIFIED,75,2026-05,2026-05-24
driver_form_season_weighted,2026-06,2026,6,2026-06-07,monaco,ocon,Esteban Ocon,haas,Haas F1 Team,0.41695224455697066,18,9,CLASSIFIED,75,2026-05,2026-05-24
driver_form_season_weighted,2026-06,2026,6,2026-06-07,monaco,stroll,Lance Stroll,aston_martin,Aston Martin,0.38251100387785386,19,18,DNF,75,2026-05,2026-05-24
driver_form_season_weighted,2026-06,2026,6,2026-06-07,monaco,bortoleto,Gabriel Bortoleto,audi,Audi,0.38035156384110963,20,11,CLASSIFIED,75,2026-05,2026-05-24
driver_form_season_weighted,2026-06,2026,6,2026-06-07,monaco,colapinto,Franco Colapinto,alpine,Alpine F1 Team,0.33161216293746415,21,14,CLASSIFIED,75,2026-05,2026-05-24
driver_form_season_weighted,2026-06,2026,6,2026-06-07,monaco,bottas,Valtteri Bottas,cadillac,Cadillac F1 Team,0.26660533189513874,22,21,DNF,75,2026-05,2026-05-24
driver_form_recent_5,2026-06,2026,6,2026-06-07,monaco,antonelli,Andrea Kimi Antonelli,mercedes,Mercedes,0.9904761904761905,1,1,CLASSIFIED,75,2026-05,2026-05-24
driver_form_recent_5,2026-06,2026,6,2026-06-07,monaco,russell,George Russell,mercedes,Mercedes,0.8912280701754387,2,12,CLASSIFIED,75,2026-05,2026-05-24
driver_form_recent_5,2026-06,2026,6,2026-06-07,monaco,norris,Lando Norris,mclaren,McLaren,0.8616541353383459,3,19,DNF,75,2026-05,2026-05-24
driver_form_recent_5,2026-06,2026,6,2026-06-07,monaco,piastri,Oscar Piastri,mclaren,McLaren,0.8551378446115289,4,5,CLASSIFIED,75,2026-05,2026-05-24
driver_form_recent_5,2026-06,2026,6,2026-06-07,monaco,hamilton,Lewis Hamilton,ferrari,Ferrari,0.8476190476190476,5,2,CLASSIFIED,75,2026-05,2026-05-24
driver_form_recent_5,2026-06,2026,6,2026-06-07,monaco,leclerc,Charles Leclerc,ferrari,Ferrari,0.8380952380952381,6,17,DNF,75,2026-05,2026-05-24
driver_form_recent_5,2026-06,2026,6,2026-06-07,monaco,max_verstappen,Max Verstappen,red_bull,Red Bull,0.8285714285714286,7,22,DNF,75,2026-05,2026-05-24
driver_form_recent_5,2026-06,2026,6,2026-06-07,monaco,bearman,Oliver Bearman,haas,Haas F1 Team,0.6080200501253132,8,20,DNF,75,2026-05,2026-05-24
driver_form_recent_5,2026-06,2026,6,2026-06-07,monaco,hulkenberg,Nico Hülkenberg,audi,Audi,0.5573934837092732,9,13,CLASSIFIED,75,2026-05,2026-05-24
driver_form_recent_5,2026-06,2026,6,2026-06-07,monaco,gasly,Pierre Gasly,alpine,Alpine F1 Team,0.5533834586466165,10,3,CLASSIFIED,75,2026-05,2026-05-24
driver_form_recent_5,2026-06,2026,6,2026-06-07,monaco,colapinto,Franco Colapinto,alpine,Alpine F1 Team,0.5428571428571429,11,14,CLASSIFIED,75,2026-05,2026-05-24
driver_form_recent_5,2026-06,2026,6,2026-06-07,monaco,lawson,Liam Lawson,rb,RB F1 Team,0.5162907268170426,12,6,CLASSIFIED,75,2026-05,2026-05-24
driver_form_recent_5,2026-06,2026,6,2026-06-07,monaco,sainz,Carlos Sainz,williams,Williams,0.5047619047619047,13,16,CLASSIFIED,75,2026-05,2026-05-24
driver_form_recent_5,2026-06,2026,6,2026-06-07,monaco,bortoleto,Gabriel Bortoleto,audi,Audi,0.4852130325814537,14,11,CLASSIFIED,75,2026-05,2026-05-24
driver_form_recent_5,2026-06,2026,6,2026-06-07,monaco,alonso,Fernando Alonso,aston_martin,Aston Martin,0.4837092731829574,15,10,CLASSIFIED,75,2026-05,2026-05-24
driver_form_recent_5,2026-06,2026,6,2026-06-07,monaco,arvid_lindblad,Arvid Lindblad,rb,RB F1 Team,0.47619047619047616,16,7,CLASSIFIED,75,2026-05,2026-05-24
driver_form_recent_5,2026-06,2026,6,2026-06-07,monaco,ocon,Esteban Ocon,haas,Haas F1 Team,0.45714285714285713,17,9,CLASSIFIED,75,2026-05,2026-05-24
driver_form_recent_5,2026-06,2026,6,2026-06-07,monaco,hadjar,Isack Hadjar,red_bull,Red Bull,0.4431077694235589,18,4,CLASSIFIED,75,2026-05,2026-05-24
driver_form_recent_5,2026-06,2026,6,2026-06-07,monaco,albon,Alexander Albon,williams,Williams,0.3654135338345864,19,8,CLASSIFIED,75,2026-05,2026-05-24
driver_form_recent_5,2026-06,2026,6,2026-06-07,monaco,perez,Sergio Pérez,cadillac,Cadillac F1 Team,0.3338345864661655,20,15,CLASSIFIED,75,2026-05,2026-05-24
driver_form_recent_5,2026-06,2026,6,2026-06-07,monaco,bottas,Valtteri Bottas,cadillac,Cadillac F1 Team,0.3042606516290727,21,21,DNF,75,2026-05,2026-05-24
driver_form_recent_5,2026-06,2026,6,2026-06-07,monaco,stroll,Lance Stroll,aston_martin,Aston Martin,0.29323308270676696,22,18,DNF,75,2026-05,2026-05-24
driver_form_recent_10,2026-06,2026,6,2026-06-07,monaco,max_verstappen,Max Verstappen,red_bull,Red Bull,0.8932330827067669,1,22,DNF,75,2026-05,2026-05-24
driver_form_recent_10,2026-06,2026,6,2026-06-07,monaco,norris,Lando Norris,mclaren,McLaren,0.8834586466165414,2,19,DNF,75,2026-05,2026-05-24
driver_form_recent_10,2026-06,2026,6,2026-06-07,monaco,antonelli,Andrea Kimi Antonelli,mercedes,Mercedes,0.8583959899749374,3,1,CLASSIFIED,75,2026-05,2026-05-24
driver_form_recent_10,2026-06,2026,6,2026-06-07,monaco,russell,George Russell,mercedes,Mercedes,0.8403508771929825,4,12,CLASSIFIED,75,2026-05,2026-05-24
driver_form_recent_10,2026-06,2026,6,2026-06-07,monaco,piastri,Oscar Piastri,mclaren,McLaren,0.8380952380952381,5,5,CLASSIFIED,75,2026-05,2026-05-24
driver_form_recent_10,2026-06,2026,6,2026-06-07,monaco,leclerc,Charles Leclerc,ferrari,Ferrari,0.8348370927318296,6,17,DNF,75,2026-05,2026-05-24
driver_form_recent_10,2026-06,2026,6,2026-06-07,monaco,hamilton,Lewis Hamilton,ferrari,Ferrari,0.7395989974937344,7,2,CLASSIFIED,75,2026-05,2026-05-24
driver_form_recent_10,2026-06,2026,6,2026-06-07,monaco,bearman,Oliver Bearman,haas,Haas F1 Team,0.6303258145363408,8,20,DNF,75,2026-05,2026-05-24
driver_form_recent_10,2026-06,2026,6,2026-06-07,monaco,sainz,Carlos Sainz,williams,Williams,0.5102756892230577,9,16,CLASSIFIED,75,2026-05,2026-05-24
driver_form_recent_10,2026-06,2026,6,2026-06-07,monaco,lawson,Liam Lawson,rb,RB F1 Team,0.4897243107769424,10,6,CLASSIFIED,75,2026-05,2026-05-24
driver_form_recent_10,2026-06,2026,6,2026-06-07,monaco,alonso,Fernando Alonso,aston_martin,Aston Martin,0.4839598997493734,11,10,CLASSIFIED,75,2026-05,2026-05-24
driver_form_recent_10,2026-06,2026,6,2026-06-07,monaco,ocon,Esteban Ocon,haas,Haas F1 Team,0.48120300751879697,12,9,CLASSIFIED,75,2026-05,2026-05-24
driver_form_recent_10,2026-06,2026,6,2026-06-07,monaco,arvid_lindblad,Arvid Lindblad,rb,RB F1 Team,0.47619047619047616,13,7,CLASSIFIED,75,2026-05,2026-05-24
driver_form_recent_10,2026-06,2026,6,2026-06-07,monaco,hadjar,Isack Hadjar,red_bull,Red Bull,0.4636591478696742,14,4,CLASSIFIED,75,2026-05,2026-05-24
driver_form_recent_10,2026-06,2026,6,2026-06-07,monaco,hulkenberg,Nico Hülkenberg,audi,Audi,0.4523809523809524,15,13,CLASSIFIED,75,2026-05,2026-05-24
driver_form_recent_10,2026-06,2026,6,2026-06-07,monaco,gasly,Pierre Gasly,alpine,Alpine F1 Team,0.41879699248120306,16,3,CLASSIFIED,75,2026-05,2026-05-24
driver_form_recent_10,2026-06,2026,6,2026-06-07,monaco,bortoleto,Gabriel Bortoleto,audi,Audi,0.405764411027569,17,11,CLASSIFIED,75,2026-05,2026-05-24
driver_form_recent_10,2026-06,2026,6,2026-06-07,monaco,colapinto,Franco Colapinto,alpine,Alpine F1 Team,0.37669172932330824,18,14,CLASSIFIED,75,2026-05,2026-05-24
driver_form_recent_10,2026-06,2026,6,2026-06-07,monaco,albon,Alexander Albon,williams,Williams,0.37218045112781956,19,8,CLASSIFIED,75,2026-05,2026-05-24
driver_form_recent_10,2026-06,2026,6,2026-06-07,monaco,perez,Sergio Pérez,cadillac,Cadillac F1 Team,0.36691729323308275,20,15,CLASSIFIED,75,2026-05,2026-05-24
driver_form_recent_10,2026-06,2026,6,2026-06-07,monaco,stroll,Lance Stroll,aston_martin,Aston Martin,0.28345864661654135,21,18,DNF,75,2026-05,2026-05-24
driver_form_recent_10,2026-06,2026,6,2026-06-07,monaco,bottas,Valtteri Bottas,cadillac,Cadillac F1 Team,0.2679197994987469,22,21,DNF,75,2026-05,2026-05-24
constructor_teammate_unweighted,2026-06,2026,6,2026-06-07,monaco,max_verstappen,Max Verstappen,red_bull,Red Bull,0.7392373361719712,1,22,DNF,75,2026-05,2026-05-24
constructor_teammate_unweighted,2026-06,2026,6,2026-06-07,monaco,leclerc,Charles Leclerc,ferrari,Ferrari,0.704811884394644,2,17,DNF,75,2026-05,2026-05-24
constructor_teammate_unweighted,2026-06,2026,6,2026-06-07,monaco,hadjar,Isack Hadjar,red_bull,Red Bull,0.6978942992401639,3,4,CLASSIFIED,75,2026-05,2026-05-24
constructor_teammate_unweighted,2026-06,2026,6,2026-06-07,monaco,norris,Lando Norris,mclaren,McLaren,0.692283167445388,4,19,DNF,75,2026-05,2026-05-24
constructor_teammate_unweighted,2026-06,2026,6,2026-06-07,monaco,hamilton,Lewis Hamilton,ferrari,Ferrari,0.6900915518171686,5,2,CLASSIFIED,75,2026-05,2026-05-24
constructor_teammate_unweighted,2026-06,2026,6,2026-06-07,monaco,russell,George Russell,mercedes,Mercedes,0.6893284212352374,6,12,CLASSIFIED,75,2026-05,2026-05-24
constructor_teammate_unweighted,2026-06,2026,6,2026-06-07,monaco,piastri,Oscar Piastri,mclaren,McLaren,0.6812328142897717,7,5,CLASSIFIED,75,2026-05,2026-05-24
constructor_teammate_unweighted,2026-06,2026,6,2026-06-07,monaco,antonelli,Andrea Kimi Antonelli,mercedes,Mercedes,0.6553359092174882,8,1,CLASSIFIED,75,2026-05,2026-05-24
constructor_teammate_unweighted,2026-06,2026,6,2026-06-07,monaco,alonso,Fernando Alonso,aston_martin,Aston Martin,0.5277577187514703,9,10,CLASSIFIED,75,2026-05,2026-05-24
constructor_teammate_unweighted,2026-06,2026,6,2026-06-07,monaco,hulkenberg,Nico Hülkenberg,audi,Audi,0.5175443071965629,10,13,CLASSIFIED,75,2026-05,2026-05-24
constructor_teammate_unweighted,2026-06,2026,6,2026-06-07,monaco,bortoleto,Gabriel Bortoleto,audi,Audi,0.4977952233524988,11,11,CLASSIFIED,75,2026-05,2026-05-24
constructor_teammate_unweighted,2026-06,2026,6,2026-06-07,monaco,stroll,Lance Stroll,aston_martin,Aston Martin,0.47638391386889345,12,18,DNF,75,2026-05,2026-05-24
constructor_teammate_unweighted,2026-06,2026,6,2026-06-07,monaco,albon,Alexander Albon,williams,Williams,0.4566933766340734,13,8,CLASSIFIED,75,2026-05,2026-05-24
constructor_teammate_unweighted,2026-06,2026,6,2026-06-07,monaco,lawson,Liam Lawson,rb,RB F1 Team,0.44642611430537127,14,6,CLASSIFIED,75,2026-05,2026-05-24
constructor_teammate_unweighted,2026-06,2026,6,2026-06-07,monaco,gasly,Pierre Gasly,alpine,Alpine F1 Team,0.4457089877202659,15,3,CLASSIFIED,75,2026-05,2026-05-24
constructor_teammate_unweighted,2026-06,2026,6,2026-06-07,monaco,arvid_lindblad,Arvid Lindblad,rb,RB F1 Team,0.4404946189001916,16,7,CLASSIFIED,75,2026-05,2026-05-24
constructor_teammate_unweighted,2026-06,2026,6,2026-06-07,monaco,bearman,Oliver Bearman,haas,Haas F1 Team,0.4400061354008722,17,20,DNF,75,2026-05,2026-05-24
constructor_teammate_unweighted,2026-06,2026,6,2026-06-07,monaco,colapinto,Franco Colapinto,alpine,Alpine F1 Team,0.43017267021843686,18,14,CLASSIFIED,75,2026-05,2026-05-24
constructor_teammate_unweighted,2026-06,2026,6,2026-06-07,monaco,sainz,Carlos Sainz,williams,Williams,0.42954626779053595,19,16,CLASSIFIED,75,2026-05,2026-05-24
constructor_teammate_unweighted,2026-06,2026,6,2026-06-07,monaco,ocon,Esteban Ocon,haas,Haas F1 Team,0.42118804598028975,20,9,CLASSIFIED,75,2026-05,2026-05-24
constructor_teammate_unweighted,2026-06,2026,6,2026-06-07,monaco,bottas,Valtteri Bottas,cadillac,Cadillac F1 Team,0.343579260651629,21,21,DNF,75,2026-05,2026-05-24
constructor_teammate_unweighted,2026-06,2026,6,2026-06-07,monaco,perez,Sergio Pérez,cadillac,Cadillac F1 Team,0.3130343716433942,22,15,CLASSIFIED,75,2026-05,2026-05-24
constructor_teammate_season_weighted,2026-06,2026,6,2026-06-07,monaco,max_verstappen,Max Verstappen,red_bull,Red Bull,0.7189620230833568,1,22,DNF,75,2026-05,2026-05-24
constructor_teammate_season_weighted,2026-06,2026,6,2026-06-07,monaco,norris,Lando Norris,mclaren,McLaren,0.7170786653654103,2,19,DNF,75,2026-05,2026-05-24
constructor_teammate_season_weighted,2026-06,2026,6,2026-06-07,monaco,piastri,Oscar Piastri,mclaren,McLaren,0.7136155432744686,3,5,CLASSIFIED,75,2026-05,2026-05-24
constructor_teammate_season_weighted,2026-06,2026,6,2026-06-07,monaco,leclerc,Charles Leclerc,ferrari,Ferrari,0.7056311797043833,4,17,DNF,75,2026-05,2026-05-24
constructor_teammate_season_weighted,2026-06,2026,6,2026-06-07,monaco,russell,George Russell,mercedes,Mercedes,0.6999584693036157,5,12,CLASSIFIED,75,2026-05,2026-05-24
constructor_teammate_season_weighted,2026-06,2026,6,2026-06-07,monaco,hamilton,Lewis Hamilton,ferrari,Ferrari,0.6874689670802676,6,2,CLASSIFIED,75,2026-05,2026-05-24
constructor_teammate_season_weighted,2026-06,2026,6,2026-06-07,monaco,hadjar,Isack Hadjar,red_bull,Red Bull,0.6705117157407605,7,4,CLASSIFIED,75,2026-05,2026-05-24
constructor_teammate_season_weighted,2026-06,2026,6,2026-06-07,monaco,antonelli,Andrea Kimi Antonelli,mercedes,Mercedes,0.6625305479965887,8,1,CLASSIFIED,75,2026-05,2026-05-24
constructor_teammate_season_weighted,2026-06,2026,6,2026-06-07,monaco,hulkenberg,Nico Hülkenberg,audi,Audi,0.5184832656863397,9,13,CLASSIFIED,75,2026-05,2026-05-24
constructor_teammate_season_weighted,2026-06,2026,6,2026-06-07,monaco,bortoleto,Gabriel Bortoleto,audi,Audi,0.4977256821298529,10,11,CLASSIFIED,75,2026-05,2026-05-24
constructor_teammate_season_weighted,2026-06,2026,6,2026-06-07,monaco,alonso,Fernando Alonso,aston_martin,Aston Martin,0.4969064758538443,11,10,CLASSIFIED,75,2026-05,2026-05-24
constructor_teammate_season_weighted,2026-06,2026,6,2026-06-07,monaco,albon,Alexander Albon,williams,Williams,0.47060278902384167,12,8,CLASSIFIED,75,2026-05,2026-05-24
constructor_teammate_season_weighted,2026-06,2026,6,2026-06-07,monaco,bearman,Oliver Bearman,haas,Haas F1 Team,0.4628538794903927,13,20,DNF,75,2026-05,2026-05-24
constructor_teammate_season_weighted,2026-06,2026,6,2026-06-07,monaco,lawson,Liam Lawson,rb,RB F1 Team,0.45448295912922926,14,6,CLASSIFIED,75,2026-05,2026-05-24
constructor_teammate_season_weighted,2026-06,2026,6,2026-06-07,monaco,sainz,Carlos Sainz,williams,Williams,0.44861111111111107,15,16,CLASSIFIED,75,2026-05,2026-05-24
constructor_teammate_season_weighted,2026-06,2026,6,2026-06-07,monaco,arvid_lindblad,Arvid Lindblad,rb,RB F1 Team,0.4479284631331415,16,7,CLASSIFIED,75,2026-05,2026-05-24
constructor_teammate_season_weighted,2026-06,2026,6,2026-06-07,monaco,stroll,Lance Stroll,aston_martin,Aston Martin,0.44640635166950954,17,18,DNF,75,2026-05,2026-05-24
constructor_teammate_season_weighted,2026-06,2026,6,2026-06-07,monaco,ocon,Esteban Ocon,haas,Haas F1 Team,0.43819591762143456,18,9,CLASSIFIED,75,2026-05,2026-05-24
constructor_teammate_season_weighted,2026-06,2026,6,2026-06-07,monaco,gasly,Pierre Gasly,alpine,Alpine F1 Team,0.43506938675984325,19,3,CLASSIFIED,75,2026-05,2026-05-24
constructor_teammate_season_weighted,2026-06,2026,6,2026-06-07,monaco,colapinto,Franco Colapinto,alpine,Alpine F1 Team,0.414224886751039,20,14,CLASSIFIED,75,2026-05,2026-05-24
constructor_teammate_season_weighted,2026-06,2026,6,2026-06-07,monaco,bottas,Valtteri Bottas,cadillac,Cadillac F1 Team,0.3422890559732665,21,21,DNF,75,2026-05,2026-05-24
constructor_teammate_season_weighted,2026-06,2026,6,2026-06-07,monaco,perez,Sergio Pérez,cadillac,Cadillac F1 Team,0.3146007876834944,22,15,CLASSIFIED,75,2026-05,2026-05-24
constructor_teammate_recent_5,2026-06,2026,6,2026-06-07,monaco,russell,George Russell,mercedes,Mercedes,0.8305513784461152,1,12,CLASSIFIED,75,2026-05,2026-05-24
constructor_teammate_recent_5,2026-06,2026,6,2026-06-07,monaco,antonelli,Andrea Kimi Antonelli,mercedes,Mercedes,0.8161152882205512,2,1,CLASSIFIED,75,2026-05,2026-05-24
constructor_teammate_recent_5,2026-06,2026,6,2026-06-07,monaco,hamilton,Lewis Hamilton,ferrari,Ferrari,0.7414285714285713,3,2,CLASSIFIED,75,2026-05,2026-05-24
constructor_teammate_recent_5,2026-06,2026,6,2026-06-07,monaco,leclerc,Charles Leclerc,ferrari,Ferrari,0.7385714285714285,4,17,DNF,75,2026-05,2026-05-24
constructor_teammate_recent_5,2026-06,2026,6,2026-06-07,monaco,max_verstappen,Max Verstappen,red_bull,Red Bull,0.7240100250626567,5,22,DNF,75,2026-05,2026-05-24
constructor_teammate_recent_5,2026-06,2026,6,2026-06-07,monaco,piastri,Oscar Piastri,mclaren,McLaren,0.7202255639097744,6,5,CLASSIFIED,75,2026-05,2026-05-24
constructor_teammate_recent_5,2026-06,2026,6,2026-06-07,monaco,norris,Lando Norris,mclaren,McLaren,0.7176691729323308,7,19,DNF,75,2026-05,2026-05-24
constructor_teammate_recent_5,2026-06,2026,6,2026-06-07,monaco,hadjar,Isack Hadjar,red_bull,Red Bull,0.6547619047619048,8,4,CLASSIFIED,75,2026-05,2026-05-24
constructor_teammate_recent_5,2026-06,2026,6,2026-06-07,monaco,gasly,Pierre Gasly,alpine,Alpine F1 Team,0.6030075187969924,9,3,CLASSIFIED,75,2026-05,2026-05-24
constructor_teammate_recent_5,2026-06,2026,6,2026-06-07,monaco,colapinto,Franco Colapinto,alpine,Alpine F1 Team,0.5569924812030075,10,14,CLASSIFIED,75,2026-05,2026-05-24
constructor_teammate_recent_5,2026-06,2026,6,2026-06-07,monaco,lawson,Liam Lawson,rb,RB F1 Team,0.5531077694235589,11,6,CLASSIFIED,75,2026-05,2026-05-24
constructor_teammate_recent_5,2026-06,2026,6,2026-06-07,monaco,bearman,Oliver Bearman,haas,Haas F1 Team,0.5525814536340853,12,20,DNF,75,2026-05,2026-05-24
constructor_teammate_recent_5,2026-06,2026,6,2026-06-07,monaco,hulkenberg,Nico Hülkenberg,audi,Audi,0.5251629072681704,13,13,CLASSIFIED,75,2026-05,2026-05-24
constructor_teammate_recent_5,2026-06,2026,6,2026-06-07,monaco,arvid_lindblad,Arvid Lindblad,rb,RB F1 Team,0.5214285714285715,14,7,CLASSIFIED,75,2026-05,2026-05-24
constructor_teammate_recent_5,2026-06,2026,6,2026-06-07,monaco,sainz,Carlos Sainz,williams,Williams,0.5149874686716792,15,16,CLASSIFIED,75,2026-05,2026-05-24
constructor_teammate_recent_5,2026-06,2026,6,2026-06-07,monaco,ocon,Esteban Ocon,haas,Haas F1 Team,0.5140852130325815,16,9,CLASSIFIED,75,2026-05,2026-05-24
constructor_teammate_recent_5,2026-06,2026,6,2026-06-07,monaco,bortoleto,Gabriel Bortoleto,audi,Audi,0.48817042606516287,17,11,CLASSIFIED,75,2026-05,2026-05-24
constructor_teammate_recent_5,2026-06,2026,6,2026-06-07,monaco,albon,Alexander Albon,williams,Williams,0.4716791979949875,18,8,CLASSIFIED,75,2026-05,2026-05-24
constructor_teammate_recent_5,2026-06,2026,6,2026-06-07,monaco,alonso,Fernando Alonso,aston_martin,Aston Martin,0.44197994987468675,19,10,CLASSIFIED,75,2026-05,2026-05-24
constructor_teammate_recent_5,2026-06,2026,6,2026-06-07,monaco,stroll,Lance Stroll,aston_martin,Aston Martin,0.3794235588972431,20,18,DNF,75,2026-05,2026-05-24
constructor_teammate_recent_5,2026-06,2026,6,2026-06-07,monaco,bottas,Valtteri Bottas,cadillac,Cadillac F1 Team,0.32784461152882205,21,21,DNF,75,2026-05,2026-05-24
constructor_teammate_recent_5,2026-06,2026,6,2026-06-07,monaco,perez,Sergio Pérez,cadillac,Cadillac F1 Team,0.3225062656641604,22,15,CLASSIFIED,75,2026-05,2026-05-24
constructor_teammate_recent_10,2026-06,2026,6,2026-06-07,monaco,russell,George Russell,mercedes,Mercedes,0.7605388471177945,1,12,CLASSIFIED,75,2026-05,2026-05-24
constructor_teammate_recent_10,2026-06,2026,6,2026-06-07,monaco,piastri,Oscar Piastri,mclaren,McLaren,0.7509022556390976,2,5,CLASSIFIED,75,2026-05,2026-05-24
constructor_teammate_recent_10,2026-06,2026,6,2026-06-07,monaco,antonelli,Andrea Kimi Antonelli,mercedes,Mercedes,0.7470050125313283,3,1,CLASSIFIED,75,2026-05,2026-05-24
constructor_teammate_recent_10,2026-06,2026,6,2026-06-07,monaco,norris,Lando Norris,mclaren,McLaren,0.7369924812030074,4,19,DNF,75,2026-05,2026-05-24
constructor_teammate_recent_10,2026-06,2026,6,2026-06-07,monaco,leclerc,Charles Leclerc,ferrari,Ferrari,0.7153383458646616,5,17,DNF,75,2026-05,2026-05-24
constructor_teammate_recent_10,2026-06,2026,6,2026-06-07,monaco,max_verstappen,Max Verstappen,red_bull,Red Bull,0.7048997493734336,6,22,DNF,75,2026-05,2026-05-24
constructor_teammate_recent_10,2026-06,2026,6,2026-06-07,monaco,hamilton,Lewis Hamilton,ferrari,Ferrari,0.686766917293233,7,2,CLASSIFIED,75,2026-05,2026-05-24
constructor_teammate_recent_10,2026-06,2026,6,2026-06-07,monaco,hadjar,Isack Hadjar,red_bull,Red Bull,0.6339598997493735,8,4,CLASSIFIED,75,2026-05,2026-05-24
constructor_teammate_recent_10,2026-06,2026,6,2026-06-07,monaco,bearman,Oliver Bearman,haas,Haas F1 Team,0.5570802005012531,9,20,DNF,75,2026-05,2026-05-24
constructor_teammate_recent_10,2026-06,2026,6,2026-06-07,monaco,bortoleto,Gabriel Bortoleto,audi,Audi,0.5092606516290726,10,11,CLASSIFIED,75,2026-05,2026-05-24
constructor_teammate_recent_10,2026-06,2026,6,2026-06-07,monaco,sainz,Carlos Sainz,williams,Williams,0.5080200501253133,11,16,CLASSIFIED,75,2026-05,2026-05-24
constructor_teammate_recent_10,2026-06,2026,6,2026-06-07,monaco,hulkenberg,Nico Hülkenberg,audi,Audi,0.5040726817042607,12,13,CLASSIFIED,75,2026-05,2026-05-24
constructor_teammate_recent_10,2026-06,2026,6,2026-06-07,monaco,ocon,Esteban Ocon,haas,Haas F1 Team,0.4983583959899749,13,9,CLASSIFIED,75,2026-05,2026-05-24
constructor_teammate_recent_10,2026-06,2026,6,2026-06-07,monaco,lawson,Liam Lawson,rb,RB F1 Team,0.4926065162907268,14,6,CLASSIFIED,75,2026-05,2026-05-24
constructor_teammate_recent_10,2026-06,2026,6,2026-06-07,monaco,albon,Alexander Albon,williams,Williams,0.48162907268170424,15,8,CLASSIFIED,75,2026-05,2026-05-24
constructor_teammate_recent_10,2026-06,2026,6,2026-06-07,monaco,arvid_lindblad,Arvid Lindblad,rb,RB F1 Team,0.4716040100250626,16,7,CLASSIFIED,75,2026-05,2026-05-24
constructor_teammate_recent_10,2026-06,2026,6,2026-06-07,monaco,gasly,Pierre Gasly,alpine,Alpine F1 Team,0.4662406015037594,17,3,CLASSIFIED,75,2026-05,2026-05-24
constructor_teammate_recent_10,2026-06,2026,6,2026-06-07,monaco,alonso,Fernando Alonso,aston_martin,Aston Martin,0.44441102756892226,18,10,CLASSIFIED,75,2026-05,2026-05-24
constructor_teammate_recent_10,2026-06,2026,6,2026-06-07,monaco,colapinto,Franco Colapinto,alpine,Alpine F1 Team,0.4369172932330827,19,14,CLASSIFIED,75,2026-05,2026-05-24
constructor_teammate_recent_10,2026-06,2026,6,2026-06-07,monaco,stroll,Lance Stroll,aston_martin,Aston Martin,0.40365914786967416,20,18,DNF,75,2026-05,2026-05-24
constructor_teammate_recent_10,2026-06,2026,6,2026-06-07,monaco,bottas,Valtteri Bottas,cadillac,Cadillac F1 Team,0.3371679197994987,21,21,DNF,75,2026-05,2026-05-24
constructor_teammate_recent_10,2026-06,2026,6,2026-06-07,monaco,perez,Sergio Pérez,cadillac,Cadillac F1 Team,0.3037092731829574,22,15,CLASSIFIED,75,2026-05,2026-05-24
previous_race_order,2026-07,2026,7,2026-06-14,catalunya,antonelli,Andrea Kimi Antonelli,mercedes,Mercedes,1.0,1,16,CLASSIFIED,76,2026-06,2026-06-07
previous_race_order,2026-07,2026,7,2026-06-14,catalunya,hamilton,Lewis Hamilton,ferrari,Ferrari,0.9523809523809523,2,1,CLASSIFIED,76,2026-06,2026-06-07
previous_race_order,2026-07,2026,7,2026-06-14,catalunya,gasly,Pierre Gasly,alpine,Alpine F1 Team,0.9047619047619048,3,7,CLASSIFIED,76,2026-06,2026-06-07
previous_race_order,2026-07,2026,7,2026-06-14,catalunya,hadjar,Isack Hadjar,red_bull,Red Bull,0.8571428571428572,4,6,CLASSIFIED,76,2026-06,2026-06-07
previous_race_order,2026-07,2026,7,2026-06-14,catalunya,piastri,Oscar Piastri,mclaren,McLaren,0.8095238095238095,5,5,CLASSIFIED,76,2026-06,2026-06-07
previous_race_order,2026-07,2026,7,2026-06-14,catalunya,lawson,Liam Lawson,rb,RB F1 Team,0.7619047619047619,6,8,CLASSIFIED,76,2026-06,2026-06-07
previous_race_order,2026-07,2026,7,2026-06-14,catalunya,arvid_lindblad,Arvid Lindblad,rb,RB F1 Team,0.7142857142857143,7,9,CLASSIFIED,76,2026-06,2026-06-07
previous_race_order,2026-07,2026,7,2026-06-14,catalunya,albon,Alexander Albon,williams,Williams,0.6666666666666667,8,18,NC,76,2026-06,2026-06-07
previous_race_order,2026-07,2026,7,2026-06-14,catalunya,ocon,Esteban Ocon,haas,Haas F1 Team,0.6190476190476191,9,13,CLASSIFIED,76,2026-06,2026-06-07
previous_race_order,2026-07,2026,7,2026-06-14,catalunya,alonso,Fernando Alonso,aston_martin,Aston Martin,0.5714285714285714,10,19,DNF,76,2026-06,2026-06-07
previous_race_order,2026-07,2026,7,2026-06-14,catalunya,bortoleto,Gabriel Bortoleto,audi,Audi,0.5238095238095238,11,11,CLASSIFIED,76,2026-06,2026-06-07
previous_race_order,2026-07,2026,7,2026-06-14,catalunya,russell,George Russell,mercedes,Mercedes,0.47619047619047616,12,2,CLASSIFIED,76,2026-06,2026-06-07
previous_race_order,2026-07,2026,7,2026-06-14,catalunya,hulkenberg,Nico Hülkenberg,audi,Audi,0.4285714285714286,13,20,DNF,76,2026-06,2026-06-07
previous_race_order,2026-07,2026,7,2026-06-14,catalunya,colapinto,Franco Colapinto,alpine,Alpine F1 Team,0.38095238095238093,14,10,CLASSIFIED,76,2026-06,2026-06-07
previous_race_order,2026-07,2026,7,2026-06-14,catalunya,perez,Sergio Pérez,cadillac,Cadillac F1 Team,0.33333333333333337,15,14,CLASSIFIED,76,2026-06,2026-06-07
previous_race_order,2026-07,2026,7,2026-06-14,catalunya,sainz,Carlos Sainz,williams,Williams,0.2857142857142857,16,12,CLASSIFIED,76,2026-06,2026-06-07
previous_race_order,2026-07,2026,7,2026-06-14,catalunya,leclerc,Charles Leclerc,ferrari,Ferrari,0.23809523809523814,17,15,CLASSIFIED,76,2026-06,2026-06-07
previous_race_order,2026-07,2026,7,2026-06-14,catalunya,stroll,Lance Stroll,aston_martin,Aston Martin,0.19047619047619047,18,22,DNF,76,2026-06,2026-06-07
previous_race_order,2026-07,2026,7,2026-06-14,catalunya,norris,Lando Norris,mclaren,McLaren,0.1428571428571429,19,3,CLASSIFIED,76,2026-06,2026-06-07
previous_race_order,2026-07,2026,7,2026-06-14,catalunya,bearman,Oliver Bearman,haas,Haas F1 Team,0.09523809523809523,20,17,CLASSIFIED,76,2026-06,2026-06-07
previous_race_order,2026-07,2026,7,2026-06-14,catalunya,bottas,Valtteri Bottas,cadillac,Cadillac F1 Team,0.04761904761904767,21,21,DNF,76,2026-06,2026-06-07
previous_race_order,2026-07,2026,7,2026-06-14,catalunya,max_verstappen,Max Verstappen,red_bull,Red Bull,0.0,22,4,CLASSIFIED,76,2026-06,2026-06-07
driver_form_unweighted,2026-07,2026,7,2026-06-14,catalunya,max_verstappen,Max Verstappen,red_bull,Red Bull,0.91609231411863,1,4,CLASSIFIED,76,2026-06,2026-06-07
driver_form_unweighted,2026-07,2026,7,2026-06-14,catalunya,leclerc,Charles Leclerc,ferrari,Ferrari,0.8137578795473532,2,15,CLASSIFIED,76,2026-06,2026-06-07
driver_form_unweighted,2026-07,2026,7,2026-06-14,catalunya,norris,Lando Norris,mclaren,McLaren,0.7907268170426065,3,3,CLASSIFIED,76,2026-06,2026-06-07
driver_form_unweighted,2026-07,2026,7,2026-06-14,catalunya,russell,George Russell,mercedes,Mercedes,0.7666606993674664,4,2,CLASSIFIED,76,2026-06,2026-06-07
driver_form_unweighted,2026-07,2026,7,2026-06-14,catalunya,piastri,Oscar Piastri,mclaren,McLaren,0.757782136500672,5,5,CLASSIFIED,76,2026-06,2026-06-07
driver_form_unweighted,2026-07,2026,7,2026-06-14,catalunya,hamilton,Lewis Hamilton,ferrari,Ferrari,0.7508323949971547,6,1,CLASSIFIED,76,2026-06,2026-06-07
driver_form_unweighted,2026-07,2026,7,2026-06-14,catalunya,antonelli,Andrea Kimi Antonelli,mercedes,Mercedes,0.7066705224599962,7,16,CLASSIFIED,76,2026-06,2026-06-07
driver_form_unweighted,2026-07,2026,7,2026-06-14,catalunya,perez,Sergio Pérez,cadillac,Cadillac F1 Team,0.6781583588601132,8,14,CLASSIFIED,76,2026-06,2026-06-07
driver_form_unweighted,2026-07,2026,7,2026-06-14,catalunya,sainz,Carlos Sainz,williams,Williams,0.6540916969039514,9,12,CLASSIFIED,76,2026-06,2026-06-07
driver_form_unweighted,2026-07,2026,7,2026-06-14,catalunya,alonso,Fernando Alonso,aston_martin,Aston Martin,0.5886446886446887,10,19,DNF,76,2026-06,2026-06-07
driver_form_unweighted,2026-07,2026,7,2026-06-14,catalunya,arvid_lindblad,Arvid Lindblad,rb,RB F1 Team,0.5238095238095238,11,9,CLASSIFIED,76,2026-06,2026-06-07
driver_form_unweighted,2026-07,2026,7,2026-06-14,catalunya,bearman,Oliver Bearman,haas,Haas F1 Team,0.5166786012650675,12,17,CLASSIFIED,76,2026-06,2026-06-07
driver_form_unweighted,2026-07,2026,7,2026-06-14,catalunya,hadjar,Isack Hadjar,red_bull,Red Bull,0.500096394833237,13,6,CLASSIFIED,76,2026-06,2026-06-07
driver_form_unweighted,2026-07,2026,7,2026-06-14,catalunya,albon,Alexander Albon,williams,Williams,0.46817608994237003,14,18,NC,76,2026-06,2026-06-07
driver_form_unweighted,2026-07,2026,7,2026-06-14,catalunya,lawson,Liam Lawson,rb,RB F1 Team,0.4540875999522616,15,8,CLASSIFIED,76,2026-06,2026-06-07
driver_form_unweighted,2026-07,2026,7,2026-06-14,catalunya,gasly,Pierre Gasly,alpine,Alpine F1 Team,0.45067270165463413,16,7,CLASSIFIED,76,2026-06,2026-06-07
driver_form_unweighted,2026-07,2026,7,2026-06-14,catalunya,ocon,Esteban Ocon,haas,Haas F1 Team,0.43582440950862006,17,13,CLASSIFIED,76,2026-06,2026-06-07
driver_form_unweighted,2026-07,2026,7,2026-06-14,catalunya,hulkenberg,Nico Hülkenberg,audi,Audi,0.41820460241512875,18,20,DNF,76,2026-06,2026-06-07
driver_form_unweighted,2026-07,2026,7,2026-06-14,catalunya,stroll,Lance Stroll,aston_martin,Aston Martin,0.418194958295209,19,22,DNF,76,2026-06,2026-06-07
driver_form_unweighted,2026-07,2026,7,2026-06-14,catalunya,bortoleto,Gabriel Bortoleto,audi,Audi,0.38034321915900865,20,11,CLASSIFIED,76,2026-06,2026-06-07
driver_form_unweighted,2026-07,2026,7,2026-06-14,catalunya,colapinto,Franco Colapinto,alpine,Alpine F1 Team,0.330366145248178,21,10,CLASSIFIED,76,2026-06,2026-06-07
driver_form_unweighted,2026-07,2026,7,2026-06-14,catalunya,bottas,Valtteri Bottas,cadillac,Cadillac F1 Team,0.2844240230205142,22,21,DNF,76,2026-06,2026-06-07
driver_form_season_weighted,2026-07,2026,7,2026-06-14,catalunya,max_verstappen,Max Verstappen,red_bull,Red Bull,0.8955476927613151,1,4,CLASSIFIED,76,2026-06,2026-06-07
driver_form_season_weighted,2026-07,2026,7,2026-06-14,catalunya,norris,Lando Norris,mclaren,McLaren,0.8224700640490114,2,3,CLASSIFIED,76,2026-06,2026-06-07
driver_form_season_weighted,2026-07,2026,7,2026-06-14,catalunya,leclerc,Charles Leclerc,ferrari,Ferrari,0.8136379762190865,3,15,CLASSIFIED,76,2026-06,2026-06-07
driver_form_season_weighted,2026-07,2026,7,2026-06-14,catalunya,piastri,Oscar Piastri,mclaren,McLaren,0.808951909976283,4,5,CLASSIFIED,76,2026-06,2026-06-07
driver_form_season_weighted,2026-07,2026,7,2026-06-14,catalunya,russell,George Russell,mercedes,Mercedes,0.7855957097043684,5,2,CLASSIFIED,76,2026-06,2026-06-07
driver_form_season_weighted,2026-07,2026,7,2026-06-14,catalunya,hamilton,Lewis Hamilton,ferrari,Ferrari,0.7447343524373848,6,1,CLASSIFIED,76,2026-06,2026-06-07
driver_form_season_weighted,2026-07,2026,7,2026-06-14,catalunya,antonelli,Andrea Kimi Antonelli,mercedes,Mercedes,0.7270557345745315,7,16,CLASSIFIED,76,2026-06,2026-06-07
driver_form_season_weighted,2026-07,2026,7,2026-06-14,catalunya,sainz,Carlos Sainz,williams,Williams,0.6064733752188691,8,12,CLASSIFIED,76,2026-06,2026-06-07
driver_form_season_weighted,2026-07,2026,7,2026-06-14,catalunya,perez,Sergio Pérez,cadillac,Cadillac F1 Team,0.5958855472013367,9,14,CLASSIFIED,76,2026-06,2026-06-07
driver_form_season_weighted,2026-07,2026,7,2026-06-14,catalunya,alonso,Fernando Alonso,aston_martin,Aston Martin,0.5427395649617872,10,19,DNF,76,2026-06,2026-06-07
driver_form_season_weighted,2026-07,2026,7,2026-06-14,catalunya,arvid_lindblad,Arvid Lindblad,rb,RB F1 Team,0.5238095238095238,11,9,CLASSIFIED,76,2026-06,2026-06-07
driver_form_season_weighted,2026-07,2026,7,2026-06-14,catalunya,bearman,Oliver Bearman,haas,Haas F1 Team,0.5222173079758219,12,17,CLASSIFIED,76,2026-06,2026-06-07
driver_form_season_weighted,2026-07,2026,7,2026-06-14,catalunya,hadjar,Isack Hadjar,red_bull,Red Bull,0.5099639342258084,13,6,CLASSIFIED,76,2026-06,2026-06-07
driver_form_season_weighted,2026-07,2026,7,2026-06-14,catalunya,albon,Alexander Albon,williams,Williams,0.47919930033416874,14,18,NC,76,2026-06,2026-06-07
driver_form_season_weighted,2026-07,2026,7,2026-06-14,catalunya,lawson,Liam Lawson,rb,RB F1 Team,0.4761638137897936,15,8,CLASSIFIED,76,2026-06,2026-06-07
driver_form_season_weighted,2026-07,2026,7,2026-06-14,catalunya,hulkenberg,Nico Hülkenberg,audi,Audi,0.4448411195855346,16,20,DNF,76,2026-06,2026-06-07
driver_form_season_weighted,2026-07,2026,7,2026-06-14,catalunya,gasly,Pierre Gasly,alpine,Alpine F1 Team,0.4420861180729602,17,7,CLASSIFIED,76,2026-06,2026-06-07
driver_form_season_weighted,2026-07,2026,7,2026-06-14,catalunya,ocon,Esteban Ocon,haas,Haas F1 Team,0.42230576441102763,18,13,CLASSIFIED,76,2026-06,2026-06-07
driver_form_season_weighted,2026-07,2026,7,2026-06-14,catalunya,bortoleto,Gabriel Bortoleto,audi,Audi,0.38780392539791037,19,11,CLASSIFIED,76,2026-06,2026-06-07
driver_form_season_weighted,2026-07,2026,7,2026-06-14,catalunya,stroll,Lance Stroll,aston_martin,Aston Martin,0.38251100387785386,20,22,DNF,76,2026-06,2026-06-07
driver_form_season_weighted,2026-07,2026,7,2026-06-14,catalunya,colapinto,Franco Colapinto,alpine,Alpine F1 Team,0.33388067870826493,21,10,CLASSIFIED,76,2026-06,2026-06-07
driver_form_season_weighted,2026-07,2026,7,2026-06-14,catalunya,bottas,Valtteri Bottas,cadillac,Cadillac F1 Team,0.26660533189513874,22,21,DNF,76,2026-06,2026-06-07
driver_form_recent_5,2026-07,2026,7,2026-06-14,catalunya,antonelli,Andrea Kimi Antonelli,mercedes,Mercedes,1.0,1,16,CLASSIFIED,76,2026-06,2026-06-07
driver_form_recent_5,2026-07,2026,7,2026-06-14,catalunya,hamilton,Lewis Hamilton,ferrari,Ferrari,0.8666666666666666,2,1,CLASSIFIED,76,2026-06,2026-06-07
driver_form_recent_5,2026-07,2026,7,2026-06-14,catalunya,norris,Lando Norris,mclaren,McLaren,0.8616541353383459,3,3,CLASSIFIED,76,2026-06,2026-06-07
driver_form_recent_5,2026-07,2026,7,2026-06-14,catalunya,leclerc,Charles Leclerc,ferrari,Ferrari,0.8380952380952381,4,15,CLASSIFIED,76,2026-06,2026-06-07
driver_form_recent_5,2026-07,2026,7,2026-06-14,catalunya,max_verstappen,Max Verstappen,red_bull,Red Bull,0.8285714285714286,5,4,CLASSIFIED,76,2026-06,2026-06-07
driver_form_recent_5,2026-07,2026,7,2026-06-14,catalunya,russell,George Russell,mercedes,Mercedes,0.8285714285714286,6,2,CLASSIFIED,76,2026-06,2026-06-07
driver_form_recent_5,2026-07,2026,7,2026-06-14,catalunya,piastri,Oscar Piastri,mclaren,McLaren,0.8275689223057643,7,5,CLASSIFIED,76,2026-06,2026-06-07
driver_form_recent_5,2026-07,2026,7,2026-06-14,catalunya,gasly,Pierre Gasly,alpine,Alpine F1 Team,0.7238095238095238,8,7,CLASSIFIED,76,2026-06,2026-06-07
driver_form_recent_5,2026-07,2026,7,2026-06-14,catalunya,lawson,Liam Lawson,rb,RB F1 Team,0.6476190476190476,9,8,CLASSIFIED,76,2026-06,2026-06-07
driver_form_recent_5,2026-07,2026,7,2026-06-14,catalunya,bearman,Oliver Bearman,haas,Haas F1 Team,0.6080200501253132,10,17,CLASSIFIED,76,2026-06,2026-06-07
driver_form_recent_5,2026-07,2026,7,2026-06-14,catalunya,hadjar,Isack Hadjar,red_bull,Red Bull,0.5934837092731831,11,6,CLASSIFIED,76,2026-06,2026-06-07
driver_form_recent_5,2026-07,2026,7,2026-06-14,catalunya,colapinto,Franco Colapinto,alpine,Alpine F1 Team,0.5428571428571429,12,10,CLASSIFIED,76,2026-06,2026-06-07
driver_form_recent_5,2026-07,2026,7,2026-06-14,catalunya,arvid_lindblad,Arvid Lindblad,rb,RB F1 Team,0.5238095238095238,13,9,CLASSIFIED,76,2026-06,2026-06-07
driver_form_recent_5,2026-07,2026,7,2026-06-14,catalunya,hulkenberg,Nico Hülkenberg,audi,Audi,0.5062656641604011,14,20,DNF,76,2026-06,2026-06-07
driver_form_recent_5,2026-07,2026,7,2026-06-14,catalunya,alonso,Fernando Alonso,aston_martin,Aston Martin,0.5032581453634085,15,19,DNF,76,2026-06,2026-06-07
driver_form_recent_5,2026-07,2026,7,2026-06-14,catalunya,bortoleto,Gabriel Bortoleto,audi,Audi,0.49523809523809526,16,11,CLASSIFIED,76,2026-06,2026-06-07
driver_form_recent_5,2026-07,2026,7,2026-06-14,catalunya,sainz,Carlos Sainz,williams,Williams,0.49523809523809526,17,12,CLASSIFIED,76,2026-06,2026-06-07
driver_form_recent_5,2026-07,2026,7,2026-06-14,catalunya,ocon,Esteban Ocon,haas,Haas F1 Team,0.47619047619047616,18,13,CLASSIFIED,76,2026-06,2026-06-07
driver_form_recent_5,2026-07,2026,7,2026-06-14,catalunya,albon,Alexander Albon,williams,Williams,0.40401002506265665,19,18,NC,76,2026-06,2026-06-07
driver_form_recent_5,2026-07,2026,7,2026-06-14,catalunya,bottas,Valtteri Bottas,cadillac,Cadillac F1 Team,0.3042606516290727,20,21,DNF,76,2026-06,2026-06-07
driver_form_recent_5,2026-07,2026,7,2026-06-14,catalunya,perez,Sergio Pérez,cadillac,Cadillac F1 Team,0.29523809523809524,21,14,CLASSIFIED,76,2026-06,2026-06-07
driver_form_recent_5,2026-07,2026,7,2026-06-14,catalunya,stroll,Lance Stroll,aston_martin,Aston Martin,0.29323308270676696,22,22,DNF,76,2026-06,2026-06-07
driver_form_recent_10,2026-07,2026,7,2026-06-14,catalunya,max_verstappen,Max Verstappen,red_bull,Red Bull,0.8932330827067669,1,4,CLASSIFIED,76,2026-06,2026-06-07
driver_form_recent_10,2026-07,2026,7,2026-06-14,catalunya,antonelli,Andrea Kimi Antonelli,mercedes,Mercedes,0.8847117794486217,2,16,CLASSIFIED,76,2026-06,2026-06-07
driver_form_recent_10,2026-07,2026,7,2026-06-14,catalunya,norris,Lando Norris,mclaren,McLaren,0.8834586466165414,3,3,CLASSIFIED,76,2026-06,2026-06-07
driver_form_recent_10,2026-07,2026,7,2026-06-14,catalunya,leclerc,Charles Leclerc,ferrari,Ferrari,0.8348370927318296,4,15,CLASSIFIED,76,2026-06,2026-06-07
driver_form_recent_10,2026-07,2026,7,2026-06-14,catalunya,piastri,Oscar Piastri,mclaren,McLaren,0.8295739348370927,5,5,CLASSIFIED,76,2026-06,2026-06-07
driver_form_recent_10,2026-07,2026,7,2026-06-14,catalunya,russell,George Russell,mercedes,Mercedes,0.8142857142857143,6,2,CLASSIFIED,76,2026-06,2026-06-07
driver_form_recent_10,2026-07,2026,7,2026-06-14,catalunya,hamilton,Lewis Hamilton,ferrari,Ferrari,0.7506265664160401,7,1,CLASSIFIED,76,2026-06,2026-06-07
driver_form_recent_10,2026-07,2026,7,2026-06-14,catalunya,bearman,Oliver Bearman,haas,Haas F1 Team,0.6303258145363408,8,17,CLASSIFIED,76,2026-06,2026-06-07
driver_form_recent_10,2026-07,2026,7,2026-06-14,catalunya,lawson,Liam Lawson,rb,RB F1 Team,0.5395989974937343,9,8,CLASSIFIED,76,2026-06,2026-06-07
driver_form_recent_10,2026-07,2026,7,2026-06-14,catalunya,arvid_lindblad,Arvid Lindblad,rb,RB F1 Team,0.5238095238095238,10,9,CLASSIFIED,76,2026-06,2026-06-07
driver_form_recent_10,2026-07,2026,7,2026-06-14,catalunya,sainz,Carlos Sainz,williams,Williams,0.5230576441102757,11,12,CLASSIFIED,76,2026-06,2026-06-07
driver_form_recent_10,2026-07,2026,7,2026-06-14,catalunya,gasly,Pierre Gasly,alpine,Alpine F1 Team,0.5040100250626567,12,7,CLASSIFIED,76,2026-06,2026-06-07
driver_form_recent_10,2026-07,2026,7,2026-06-14,catalunya,hadjar,Isack Hadjar,red_bull,Red Bull,0.5020050125313283,13,6,CLASSIFIED,76,2026-06,2026-06-07
driver_form_recent_10,2026-07,2026,7,2026-06-14,catalunya,ocon,Esteban Ocon,haas,Haas F1 Team,0.4852130325814536,14,13,CLASSIFIED,76,2026-06,2026-06-07
driver_form_recent_10,2026-07,2026,7,2026-06-14,catalunya,alonso,Fernando Alonso,aston_martin,Aston Martin,0.4779448621553885,15,19,DNF,76,2026-06,2026-06-07
driver_form_recent_10,2026-07,2026,7,2026-06-14,catalunya,hulkenberg,Nico Hülkenberg,audi,Audi,0.4636591478696742,16,20,DNF,76,2026-06,2026-06-07
driver_form_recent_10,2026-07,2026,7,2026-06-14,catalunya,bortoleto,Gabriel Bortoleto,audi,Audi,0.41077694235588974,17,11,CLASSIFIED,76,2026-06,2026-06-07
driver_form_recent_10,2026-07,2026,7,2026-06-14,catalunya,albon,Alexander Albon,williams,Williams,0.40200501253132825,18,18,NC,76,2026-06,2026-06-07
driver_form_recent_10,2026-07,2026,7,2026-06-14,catalunya,colapinto,Franco Colapinto,alpine,Alpine F1 Team,0.393734335839599,19,10,CLASSIFIED,76,2026-06,2026-06-07
driver_form_recent_10,2026-07,2026,7,2026-06-14,catalunya,perez,Sergio Pérez,cadillac,Cadillac F1 Team,0.38446115288220556,20,14,CLASSIFIED,76,2026-06,2026-06-07
driver_form_recent_10,2026-07,2026,7,2026-06-14,catalunya,stroll,Lance Stroll,aston_martin,Aston Martin,0.28345864661654135,21,22,DNF,76,2026-06,2026-06-07
driver_form_recent_10,2026-07,2026,7,2026-06-14,catalunya,bottas,Valtteri Bottas,cadillac,Cadillac F1 Team,0.2679197994987469,22,21,DNF,76,2026-06,2026-06-07
constructor_teammate_unweighted,2026-07,2026,7,2026-06-14,catalunya,max_verstappen,Max Verstappen,red_bull,Red Bull,0.7399713825452142,1,4,CLASSIFIED,76,2026-06,2026-06-07
constructor_teammate_unweighted,2026-07,2026,7,2026-06-14,catalunya,leclerc,Charles Leclerc,ferrari,Ferrari,0.7065085000861941,2,15,CLASSIFIED,76,2026-06,2026-06-07
constructor_teammate_unweighted,2026-07,2026,7,2026-06-14,catalunya,hadjar,Isack Hadjar,red_bull,Red Bull,0.6986283456134069,3,6,CLASSIFIED,76,2026-06,2026-06-07
constructor_teammate_unweighted,2026-07,2026,7,2026-06-14,catalunya,norris,Lando Norris,mclaren,McLaren,0.6926873387399702,4,3,CLASSIFIED,76,2026-06,2026-06-07
constructor_teammate_unweighted,2026-07,2026,7,2026-06-14,catalunya,hamilton,Lewis Hamilton,ferrari,Ferrari,0.6917881675087187,5,1,CLASSIFIED,76,2026-06,2026-06-07
constructor_teammate_unweighted,2026-07,2026,7,2026-06-14,catalunya,russell,George Russell,mercedes,Mercedes,0.687735822294843,6,2,CLASSIFIED,76,2026-06,2026-06-07
constructor_teammate_unweighted,2026-07,2026,7,2026-06-14,catalunya,piastri,Oscar Piastri,mclaren,McLaren,0.6816369855843539,7,5,CLASSIFIED,76,2026-06,2026-06-07
constructor_teammate_unweighted,2026-07,2026,7,2026-06-14,catalunya,antonelli,Andrea Kimi Antonelli,mercedes,Mercedes,0.6592951237743482,8,16,CLASSIFIED,76,2026-06,2026-06-07
constructor_teammate_unweighted,2026-07,2026,7,2026-06-14,catalunya,alonso,Fernando Alonso,aston_martin,Aston Martin,0.5284054104229543,9,19,DNF,76,2026-06,2026-06-07
constructor_teammate_unweighted,2026-07,2026,7,2026-06-14,catalunya,hulkenberg,Nico Hülkenberg,audi,Audi,0.5132139559424878,10,20,DNF,76,2026-06,2026-06-07
constructor_teammate_unweighted,2026-07,2026,7,2026-06-14,catalunya,bortoleto,Gabriel Bortoleto,audi,Audi,0.49519284321915896,11,11,CLASSIFIED,76,2026-06,2026-06-07
constructor_teammate_unweighted,2026-07,2026,7,2026-06-14,catalunya,stroll,Lance Stroll,aston_martin,Aston Martin,0.4770316055403775,12,22,DNF,76,2026-06,2026-06-07
constructor_teammate_unweighted,2026-07,2026,7,2026-06-14,catalunya,albon,Alexander Albon,williams,Williams,0.45810701403925536,13,18,NC,76,2026-06,2026-06-07
constructor_teammate_unweighted,2026-07,2026,7,2026-06-14,catalunya,lawson,Liam Lawson,rb,RB F1 Team,0.4509697397961404,14,8,CLASSIFIED,76,2026-06,2026-06-07
constructor_teammate_unweighted,2026-07,2026,7,2026-06-14,catalunya,gasly,Pierre Gasly,alpine,Alpine F1 Team,0.44911964120828385,15,7,CLASSIFIED,76,2026-06,2026-06-07
constructor_teammate_unweighted,2026-07,2026,7,2026-06-14,catalunya,arvid_lindblad,Arvid Lindblad,rb,RB F1 Team,0.4458056198187777,16,9,CLASSIFIED,76,2026-06,2026-06-07
constructor_teammate_unweighted,2026-07,2026,7,2026-06-14,catalunya,bearman,Oliver Bearman,haas,Haas F1 Team,0.44209180001285264,17,17,CLASSIFIED,76,2026-06,2026-06-07
constructor_teammate_unweighted,2026-07,2026,7,2026-06-14,catalunya,colapinto,Franco Colapinto,alpine,Alpine F1 Team,0.4294351503759398,18,10,CLASSIFIED,76,2026-06,2026-06-07
constructor_teammate_unweighted,2026-07,2026,7,2026-06-14,catalunya,sainz,Carlos Sainz,williams,Williams,0.429321323533004,19,12,CLASSIFIED,76,2026-06,2026-06-07
constructor_teammate_unweighted,2026-07,2026,7,2026-06-14,catalunya,ocon,Esteban Ocon,haas,Haas F1 Team,0.42327371059227015,20,13,CLASSIFIED,76,2026-06,2026-06-07
constructor_teammate_unweighted,2026-07,2026,7,2026-06-14,catalunya,bottas,Valtteri Bottas,cadillac,Cadillac F1 Team,0.35024592731829574,21,21,DNF,76,2026-06,2026-06-07
constructor_teammate_unweighted,2026-07,2026,7,2026-06-14,catalunya,perez,Sergio Pérez,cadillac,Cadillac F1 Team,0.31970103831006086,22,14,CLASSIFIED,76,2026-06,2026-06-07
constructor_teammate_season_weighted,2026-07,2026,7,2026-06-14,catalunya,max_verstappen,Max Verstappen,red_bull,Red Bull,0.7209475045370033,1,4,CLASSIFIED,76,2026-06,2026-06-07
constructor_teammate_season_weighted,2026-07,2026,7,2026-06-14,catalunya,norris,Lando Norris,mclaren,McLaren,0.7171118619024349,2,3,CLASSIFIED,76,2026-06,2026-06-07
constructor_teammate_season_weighted,2026-07,2026,7,2026-06-14,catalunya,piastri,Oscar Piastri,mclaren,McLaren,0.7136487398114932,3,5,CLASSIFIED,76,2026-06,2026-06-07
constructor_teammate_season_weighted,2026-07,2026,7,2026-06-14,catalunya,leclerc,Charles Leclerc,ferrari,Ferrari,0.7087588414850544,4,15,CLASSIFIED,76,2026-06,2026-06-07
constructor_teammate_season_weighted,2026-07,2026,7,2026-06-14,catalunya,russell,George Russell,mercedes,Mercedes,0.6967885408417418,5,2,CLASSIFIED,76,2026-06,2026-06-07
constructor_teammate_season_weighted,2026-07,2026,7,2026-06-14,catalunya,hamilton,Lewis Hamilton,ferrari,Ferrari,0.6905966288609388,6,1,CLASSIFIED,76,2026-06,2026-06-07
constructor_teammate_season_weighted,2026-07,2026,7,2026-06-14,catalunya,hadjar,Isack Hadjar,red_bull,Red Bull,0.6724971971944071,7,6,CLASSIFIED,76,2026-06,2026-06-07
constructor_teammate_season_weighted,2026-07,2026,7,2026-06-14,catalunya,antonelli,Andrea Kimi Antonelli,mercedes,Mercedes,0.6671542246680959,8,16,CLASSIFIED,76,2026-06,2026-06-07
constructor_teammate_season_weighted,2026-07,2026,7,2026-06-14,catalunya,hulkenberg,Nico Hülkenberg,audi,Audi,0.5137019900177795,9,20,DNF,76,2026-06,2026-06-07
constructor_teammate_season_weighted,2026-07,2026,7,2026-06-14,catalunya,alonso,Fernando Alonso,aston_martin,Aston Martin,0.49888985778392836,10,19,DNF,76,2026-06,2026-06-07
constructor_teammate_season_weighted,2026-07,2026,7,2026-06-14,catalunya,bortoleto,Gabriel Bortoleto,audi,Audi,0.4954667370179835,11,11,CLASSIFIED,76,2026-06,2026-06-07
constructor_teammate_season_weighted,2026-07,2026,7,2026-06-14,catalunya,albon,Alexander Albon,williams,Williams,0.47287319917233306,12,18,NC,76,2026-06,2026-06-07
constructor_teammate_season_weighted,2026-07,2026,7,2026-06-14,catalunya,bearman,Oliver Bearman,haas,Haas F1 Team,0.4661524683150966,13,17,CLASSIFIED,76,2026-06,2026-06-07
constructor_teammate_season_weighted,2026-07,2026,7,2026-06-14,catalunya,lawson,Liam Lawson,rb,RB F1 Team,0.461016076105718,14,8,CLASSIFIED,76,2026-06,2026-06-07
constructor_teammate_season_weighted,2026-07,2026,7,2026-06-14,catalunya,arvid_lindblad,Arvid Lindblad,rb,RB F1 Team,0.4550709808093375,15,9,CLASSIFIED,76,2026-06,2026-06-07
constructor_teammate_season_weighted,2026-07,2026,7,2026-06-14,catalunya,stroll,Lance Stroll,aston_martin,Aston Martin,0.44838973359959367,16,22,DNF,76,2026-06,2026-06-07
constructor_teammate_season_weighted,2026-07,2026,7,2026-06-14,catalunya,sainz,Carlos Sainz,williams,Williams,0.44769982667298436,17,12,CLASSIFIED,76,2026-06,2026-06-07
constructor_teammate_season_weighted,2026-07,2026,7,2026-06-14,catalunya,ocon,Esteban Ocon,haas,Haas F1 Team,0.4414945064461385,18,13,CLASSIFIED,76,2026-06,2026-06-07
constructor_teammate_season_weighted,2026-07,2026,7,2026-06-14,catalunya,gasly,Pierre Gasly,alpine,Alpine F1 Team,0.44148979049354986,19,7,CLASSIFIED,76,2026-06,2026-06-07
constructor_teammate_season_weighted,2026-07,2026,7,2026-06-14,catalunya,colapinto,Franco Colapinto,alpine,Alpine F1 Team,0.41481580178948596,20,10,CLASSIFIED,76,2026-06,2026-06-07
constructor_teammate_season_weighted,2026-07,2026,7,2026-06-14,catalunya,bottas,Valtteri Bottas,cadillac,Cadillac F1 Team,0.34895572263993313,21,21,DNF,76,2026-06,2026-06-07
constructor_teammate_season_weighted,2026-07,2026,7,2026-06-14,catalunya,perez,Sergio Pérez,cadillac,Cadillac F1 Team,0.32126745435016113,22,14,CLASSIFIED,76,2026-06,2026-06-07
constructor_teammate_recent_5,2026-07,2026,7,2026-06-14,catalunya,antonelli,Andrea Kimi Antonelli,mercedes,Mercedes,0.8142857142857142,1,16,CLASSIFIED,76,2026-06,2026-06-07
constructor_teammate_recent_5,2026-07,2026,7,2026-06-14,catalunya,russell,George Russell,mercedes,Mercedes,0.7657142857142856,2,2,CLASSIFIED,76,2026-06,2026-06-07
constructor_teammate_recent_5,2026-07,2026,7,2026-06-14,catalunya,hamilton,Lewis Hamilton,ferrari,Ferrari,0.7514285714285713,3,1,CLASSIFIED,76,2026-06,2026-06-07
constructor_teammate_recent_5,2026-07,2026,7,2026-06-14,catalunya,leclerc,Charles Leclerc,ferrari,Ferrari,0.7485714285714286,4,15,CLASSIFIED,76,2026-06,2026-06-07
constructor_teammate_recent_5,2026-07,2026,7,2026-06-14,catalunya,max_verstappen,Max Verstappen,red_bull,Red Bull,0.7373433583959899,5,4,CLASSIFIED,76,2026-06,2026-06-07
constructor_teammate_recent_5,2026-07,2026,7,2026-06-14,catalunya,piastri,Oscar Piastri,mclaren,McLaren,0.7046115288220551,6,5,CLASSIFIED,76,2026-06,2026-06-07
constructor_teammate_recent_5,2026-07,2026,7,2026-06-14,catalunya,norris,Lando Norris,mclaren,McLaren,0.7020551378446116,7,3,CLASSIFIED,76,2026-06,2026-06-07
constructor_teammate_recent_5,2026-07,2026,7,2026-06-14,catalunya,hadjar,Isack Hadjar,red_bull,Red Bull,0.6680952380952381,8,6,CLASSIFIED,76,2026-06,2026-06-07
constructor_teammate_recent_5,2026-07,2026,7,2026-06-14,catalunya,gasly,Pierre Gasly,alpine,Alpine F1 Team,0.6404761904761904,9,7,CLASSIFIED,76,2026-06,2026-06-07
constructor_teammate_recent_5,2026-07,2026,7,2026-06-14,catalunya,lawson,Liam Lawson,rb,RB F1 Team,0.5669924812030075,10,8,CLASSIFIED,76,2026-06,2026-06-07
constructor_teammate_recent_5,2026-07,2026,7,2026-06-14,catalunya,colapinto,Franco Colapinto,alpine,Alpine F1 Team,0.5661904761904761,11,10,CLASSIFIED,76,2026-06,2026-06-07
constructor_teammate_recent_5,2026-07,2026,7,2026-06-14,catalunya,bearman,Oliver Bearman,haas,Haas F1 Team,0.5525814536340853,12,17,CLASSIFIED,76,2026-06,2026-06-07
constructor_teammate_recent_5,2026-07,2026,7,2026-06-14,catalunya,arvid_lindblad,Arvid Lindblad,rb,RB F1 Team,0.5492857142857143,13,9,CLASSIFIED,76,2026-06,2026-06-07
constructor_teammate_recent_5,2026-07,2026,7,2026-06-14,catalunya,ocon,Esteban Ocon,haas,Haas F1 Team,0.5140852130325815,14,13,CLASSIFIED,76,2026-06,2026-06-07
constructor_teammate_recent_5,2026-07,2026,7,2026-06-14,catalunya,hulkenberg,Nico Hülkenberg,audi,Audi,0.5070426065162906,15,20,DNF,76,2026-06,2026-06-07
constructor_teammate_recent_5,2026-07,2026,7,2026-06-14,catalunya,albon,Alexander Albon,williams,Williams,0.5057393483709273,16,18,NC,76,2026-06,2026-06-07
constructor_teammate_recent_5,2026-07,2026,7,2026-06-14,catalunya,sainz,Carlos Sainz,williams,Williams,0.5009273182957393,17,12,CLASSIFIED,76,2026-06,2026-06-07
constructor_teammate_recent_5,2026-07,2026,7,2026-06-14,catalunya,bortoleto,Gabriel Bortoleto,audi,Audi,0.46629072681704253,18,11,CLASSIFIED,76,2026-06,2026-06-07
constructor_teammate_recent_5,2026-07,2026,7,2026-06-14,catalunya,alonso,Fernando Alonso,aston_martin,Aston Martin,0.4630325814536341,19,19,DNF,76,2026-06,2026-06-07
constructor_teammate_recent_5,2026-07,2026,7,2026-06-14,catalunya,stroll,Lance Stroll,aston_martin,Aston Martin,0.40047619047619043,20,22,DNF,76,2026-06,2026-06-07
constructor_teammate_recent_5,2026-07,2026,7,2026-06-14,catalunya,bottas,Valtteri Bottas,cadillac,Cadillac F1 Team,0.3345112781954887,21,21,DNF,76,2026-06,2026-06-07
constructor_teammate_recent_5,2026-07,2026,7,2026-06-14,catalunya,perez,Sergio Pérez,cadillac,Cadillac F1 Team,0.329172932330827,22,14,CLASSIFIED,76,2026-06,2026-06-07
constructor_teammate_recent_10,2026-07,2026,7,2026-06-14,catalunya,antonelli,Andrea Kimi Antonelli,mercedes,Mercedes,0.7623182957393482,1,16,CLASSIFIED,76,2026-06,2026-06-07
constructor_teammate_recent_10,2026-07,2026,7,2026-06-14,catalunya,russell,George Russell,mercedes,Mercedes,0.7490852130325812,2,2,CLASSIFIED,76,2026-06,2026-06-07
constructor_teammate_recent_10,2026-07,2026,7,2026-06-14,catalunya,piastri,Oscar Piastri,mclaren,McLaren,0.7467794486215538,3,5,CLASSIFIED,76,2026-06,2026-06-07
constructor_teammate_recent_10,2026-07,2026,7,2026-06-14,catalunya,norris,Lando Norris,mclaren,McLaren,0.7328696741854636,4,3,CLASSIFIED,76,2026-06,2026-06-07
constructor_teammate_recent_10,2026-07,2026,7,2026-06-14,catalunya,leclerc,Charles Leclerc,ferrari,Ferrari,0.7212155388471176,5,15,CLASSIFIED,76,2026-06,2026-06-07
constructor_teammate_recent_10,2026-07,2026,7,2026-06-14,catalunya,max_verstappen,Max Verstappen,red_bull,Red Bull,0.7170050125313283,6,4,CLASSIFIED,76,2026-06,2026-06-07
constructor_teammate_recent_10,2026-07,2026,7,2026-06-14,catalunya,hamilton,Lewis Hamilton,ferrari,Ferrari,0.6926441102756891,7,1,CLASSIFIED,76,2026-06,2026-06-07
constructor_teammate_recent_10,2026-07,2026,7,2026-06-14,catalunya,hadjar,Isack Hadjar,red_bull,Red Bull,0.6460651629072681,8,6,CLASSIFIED,76,2026-06,2026-06-07
constructor_teammate_recent_10,2026-07,2026,7,2026-06-14,catalunya,bearman,Oliver Bearman,haas,Haas F1 Team,0.5506766917293232,9,17,CLASSIFIED,76,2026-06,2026-06-07
constructor_teammate_recent_10,2026-07,2026,7,2026-06-14,catalunya,sainz,Carlos Sainz,williams,Williams,0.5185338345864661,10,12,CLASSIFIED,76,2026-06,2026-06-07
constructor_teammate_recent_10,2026-07,2026,7,2026-06-14,catalunya,lawson,Liam Lawson,rb,RB F1 Team,0.5152506265664161,11,8,CLASSIFIED,76,2026-06,2026-06-07
constructor_teammate_recent_10,2026-07,2026,7,2026-06-14,catalunya,bortoleto,Gabriel Bortoleto,audi,Audi,0.5060108604845447,12,11,CLASSIFIED,76,2026-06,2026-06-07
constructor_teammate_recent_10,2026-07,2026,7,2026-06-14,catalunya,gasly,Pierre Gasly,alpine,Alpine F1 Team,0.5040977443609023,13,7,CLASSIFIED,76,2026-06,2026-06-07
constructor_teammate_recent_10,2026-07,2026,7,2026-06-14,catalunya,hulkenberg,Nico Hülkenberg,audi,Audi,0.49954469507101085,14,20,DNF,76,2026-06,2026-06-07
constructor_teammate_recent_10,2026-07,2026,7,2026-06-14,catalunya,arvid_lindblad,Arvid Lindblad,rb,RB F1 Team,0.498671679197995,15,9,CLASSIFIED,76,2026-06,2026-06-07
constructor_teammate_recent_10,2026-07,2026,7,2026-06-14,catalunya,albon,Alexander Albon,williams,Williams,0.4972556390977443,16,18,NC,76,2026-06,2026-06-07
constructor_teammate_recent_10,2026-07,2026,7,2026-06-14,catalunya,ocon,Esteban Ocon,haas,Haas F1 Team,0.49195488721804503,17,13,CLASSIFIED,76,2026-06,2026-06-07
constructor_teammate_recent_10,2026-07,2026,7,2026-06-14,catalunya,colapinto,Franco Colapinto,alpine,Alpine F1 Team,0.4559022556390977,18,10,CLASSIFIED,76,2026-06,2026-06-07
constructor_teammate_recent_10,2026-07,2026,7,2026-06-14,catalunya,alonso,Fernando Alonso,aston_martin,Aston Martin,0.4475689223057644,19,19,DNF,76,2026-06,2026-06-07
constructor_teammate_recent_10,2026-07,2026,7,2026-06-14,catalunya,stroll,Lance Stroll,aston_martin,Aston Martin,0.40681704260651624,20,22,DNF,76,2026-06,2026-06-07
constructor_teammate_recent_10,2026-07,2026,7,2026-06-14,catalunya,bottas,Valtteri Bottas,cadillac,Cadillac F1 Team,0.3438345864661654,21,21,DNF,76,2026-06,2026-06-07
constructor_teammate_recent_10,2026-07,2026,7,2026-06-14,catalunya,perez,Sergio Pérez,cadillac,Cadillac F1 Team,0.3103759398496241,22,14,CLASSIFIED,76,2026-06,2026-06-07
previous_race_order,2026-08,2026,8,2026-06-28,red_bull_ring,hamilton,Lewis Hamilton,ferrari,Ferrari,1.0,1,5,CLASSIFIED,77,2026-07,2026-06-14
previous_race_order,2026-08,2026,8,2026-06-28,red_bull_ring,russell,George Russell,mercedes,Mercedes,0.9523809523809523,2,1,CLASSIFIED,77,2026-07,2026-06-14
previous_race_order,2026-08,2026,8,2026-06-28,red_bull_ring,norris,Lando Norris,mclaren,McLaren,0.9047619047619048,3,7,CLASSIFIED,77,2026-07,2026-06-14
previous_race_order,2026-08,2026,8,2026-06-28,red_bull_ring,max_verstappen,Max Verstappen,red_bull,Red Bull,0.8571428571428572,4,2,CLASSIFIED,77,2026-07,2026-06-14
previous_race_order,2026-08,2026,8,2026-06-28,red_bull_ring,piastri,Oscar Piastri,mclaren,McLaren,0.8095238095238095,5,4,CLASSIFIED,77,2026-07,2026-06-14
previous_race_order,2026-08,2026,8,2026-06-28,red_bull_ring,hadjar,Isack Hadjar,red_bull,Red Bull,0.7619047619047619,6,6,CLASSIFIED,77,2026-07,2026-06-14
previous_race_order,2026-08,2026,8,2026-06-28,red_bull_ring,gasly,Pierre Gasly,alpine,Alpine F1 Team,0.7142857142857143,7,13,CLASSIFIED,77,2026-07,2026-06-14
previous_race_order,2026-08,2026,8,2026-06-28,red_bull_ring,lawson,Liam Lawson,rb,RB F1 Team,0.6666666666666667,8,9,CLASSIFIED,77,2026-07,2026-06-14
previous_race_order,2026-08,2026,8,2026-06-28,red_bull_ring,arvid_lindblad,Arvid Lindblad,rb,RB F1 Team,0.6190476190476191,9,10,CLASSIFIED,77,2026-07,2026-06-14
previous_race_order,2026-08,2026,8,2026-06-28,red_bull_ring,colapinto,Franco Colapinto,alpine,Alpine F1 Team,0.5714285714285714,10,15,CLASSIFIED,77,2026-07,2026-06-14
previous_race_order,2026-08,2026,8,2026-06-28,red_bull_ring,bortoleto,Gabriel Bortoleto,audi,Audi,0.5238095238095238,11,11,CLASSIFIED,77,2026-07,2026-06-14
previous_race_order,2026-08,2026,8,2026-06-28,red_bull_ring,sainz,Carlos Sainz,williams,Williams,0.47619047619047616,12,20,DNF,77,2026-07,2026-06-14
previous_race_order,2026-08,2026,8,2026-06-28,red_bull_ring,ocon,Esteban Ocon,haas,Haas F1 Team,0.4285714285714286,13,16,CLASSIFIED,77,2026-07,2026-06-14
previous_race_order,2026-08,2026,8,2026-06-28,red_bull_ring,perez,Sergio Pérez,cadillac,Cadillac F1 Team,0.38095238095238093,14,21,DNF,77,2026-07,2026-06-14
previous_race_order,2026-08,2026,8,2026-06-28,red_bull_ring,leclerc,Charles Leclerc,ferrari,Ferrari,0.33333333333333337,15,8,CLASSIFIED,77,2026-07,2026-06-14
previous_race_order,2026-08,2026,8,2026-06-28,red_bull_ring,antonelli,Andrea Kimi Antonelli,mercedes,Mercedes,0.2857142857142857,16,3,CLASSIFIED,77,2026-07,2026-06-14
previous_race_order,2026-08,2026,8,2026-06-28,red_bull_ring,bearman,Oliver Bearman,haas,Haas F1 Team,0.23809523809523814,17,14,CLASSIFIED,77,2026-07,2026-06-14
previous_race_order,2026-08,2026,8,2026-06-28,red_bull_ring,albon,Alexander Albon,williams,Williams,0.19047619047619047,18,17,CLASSIFIED,77,2026-07,2026-06-14
previous_race_order,2026-08,2026,8,2026-06-28,red_bull_ring,alonso,Fernando Alonso,aston_martin,Aston Martin,0.1428571428571429,19,18,CLASSIFIED,77,2026-07,2026-06-14
previous_race_order,2026-08,2026,8,2026-06-28,red_bull_ring,hulkenberg,Nico Hülkenberg,audi,Audi,0.09523809523809523,20,12,CLASSIFIED,77,2026-07,2026-06-14
previous_race_order,2026-08,2026,8,2026-06-28,red_bull_ring,bottas,Valtteri Bottas,cadillac,Cadillac F1 Team,0.04761904761904767,21,22,DNF,77,2026-07,2026-06-14
previous_race_order,2026-08,2026,8,2026-06-28,red_bull_ring,stroll,Lance Stroll,aston_martin,Aston Martin,0.0,22,19,DNF,77,2026-07,2026-06-14
driver_form_unweighted,2026-08,2026,8,2026-06-28,red_bull_ring,max_verstappen,Max Verstappen,red_bull,Red Bull,0.9152847873107426,1,2,CLASSIFIED,77,2026-07,2026-06-14
driver_form_unweighted,2026-08,2026,8,2026-06-28,red_bull_ring,leclerc,Charles Leclerc,ferrari,Ferrari,0.8065873639322186,2,8,CLASSIFIED,77,2026-07,2026-06-14
driver_form_unweighted,2026-08,2026,8,2026-06-28,red_bull_ring,norris,Lando Norris,mclaren,McLaren,0.7923106377053746,3,7,CLASSIFIED,77,2026-07,2026-06-14
driver_form_unweighted,2026-08,2026,8,2026-06-28,red_bull_ring,russell,George Russell,mercedes,Mercedes,0.7692764775789238,4,1,CLASSIFIED,77,2026-07,2026-06-14
driver_form_unweighted,2026-08,2026,8,2026-06-28,red_bull_ring,piastri,Oscar Piastri,mclaren,McLaren,0.7585213032581454,5,4,CLASSIFIED,77,2026-07,2026-06-14
driver_form_unweighted,2026-08,2026,8,2026-06-28,red_bull_ring,hamilton,Lewis Hamilton,ferrari,Ferrari,0.7543919322114812,6,5,CLASSIFIED,77,2026-07,2026-06-14
driver_form_unweighted,2026-08,2026,8,2026-06-28,red_bull_ring,antonelli,Andrea Kimi Antonelli,mercedes,Mercedes,0.6910795507286736,7,3,CLASSIFIED,77,2026-07,2026-06-14
driver_form_unweighted,2026-08,2026,8,2026-06-28,red_bull_ring,perez,Sergio Pérez,cadillac,Cadillac F1 Team,0.67169735934038,8,21,DNF,77,2026-07,2026-06-14
driver_form_unweighted,2026-08,2026,8,2026-06-28,red_bull_ring,sainz,Carlos Sainz,williams,Williams,0.6514755024816944,9,20,DNF,77,2026-07,2026-06-14
driver_form_unweighted,2026-08,2026,8,2026-06-28,red_bull_ring,alonso,Fernando Alonso,aston_martin,Aston Martin,0.5886446886446887,10,18,CLASSIFIED,77,2026-07,2026-06-14
driver_form_unweighted,2026-08,2026,8,2026-06-28,red_bull_ring,arvid_lindblad,Arvid Lindblad,rb,RB F1 Team,0.5396825396825397,11,10,CLASSIFIED,77,2026-07,2026-06-14
driver_form_unweighted,2026-08,2026,8,2026-06-28,red_bull_ring,hadjar,Isack Hadjar,red_bull,Red Bull,0.5097930010210712,12,6,CLASSIFIED,77,2026-07,2026-06-14
driver_form_unweighted,2026-08,2026,8,2026-06-28,red_bull_ring,bearman,Oliver Bearman,haas,Haas F1 Team,0.5070722783971423,13,14,CLASSIFIED,77,2026-07,2026-06-14
driver_form_unweighted,2026-08,2026,8,2026-06-28,red_bull_ring,albon,Alexander Albon,williams,Williams,0.46817608994237003,14,17,CLASSIFIED,77,2026-07,2026-06-14
driver_form_unweighted,2026-08,2026,8,2026-06-28,red_bull_ring,lawson,Liam Lawson,rb,RB F1 Team,0.4599925740276618,15,9,CLASSIFIED,77,2026-07,2026-06-14
driver_form_unweighted,2026-08,2026,8,2026-06-28,red_bull_ring,gasly,Pierre Gasly,alpine,Alpine F1 Team,0.4545493636050912,16,13,CLASSIFIED,77,2026-07,2026-06-14
driver_form_unweighted,2026-08,2026,8,2026-06-28,red_bull_ring,ocon,Esteban Ocon,haas,Haas F1 Team,0.4357161560617963,17,16,CLASSIFIED,77,2026-07,2026-06-14
driver_form_unweighted,2026-08,2026,8,2026-06-28,red_bull_ring,hulkenberg,Nico Hülkenberg,audi,Audi,0.41820460241512875,18,12,CLASSIFIED,77,2026-07,2026-06-14
driver_form_unweighted,2026-08,2026,8,2026-06-28,red_bull_ring,stroll,Lance Stroll,aston_martin,Aston Martin,0.418194958295209,19,19,DNF,77,2026-07,2026-06-14
driver_form_unweighted,2026-08,2026,8,2026-06-28,red_bull_ring,bortoleto,Gabriel Bortoleto,audi,Audi,0.38608187134502925,20,11,CLASSIFIED,77,2026-07,2026-06-14
driver_form_unweighted,2026-08,2026,8,2026-06-28,red_bull_ring,colapinto,Franco Colapinto,alpine,Alpine F1 Team,0.33840155945419104,21,15,CLASSIFIED,77,2026-07,2026-06-14
driver_form_unweighted,2026-08,2026,8,2026-06-28,red_bull_ring,bottas,Valtteri Bottas,cadillac,Cadillac F1 Team,0.2844240230205142,22,22,DNF,77,2026-07,2026-06-14
driver_form_season_weighted,2026-08,2026,8,2026-06-28,red_bull_ring,max_verstappen,Max Verstappen,red_bull,Red Bull,0.8945692256118002,1,2,CLASSIFIED,77,2026-07,2026-06-14
driver_form_season_weighted,2026-08,2026,8,2026-06-28,red_bull_ring,norris,Lando Norris,mclaren,McLaren,0.8246075144571385,2,7,CLASSIFIED,77,2026-07,2026-06-14
driver_form_season_weighted,2026-08,2026,8,2026-06-28,red_bull_ring,piastri,Oscar Piastri,mclaren,McLaren,0.8089668615984406,3,4,CLASSIFIED,77,2026-07,2026-06-14
driver_form_season_weighted,2026-08,2026,8,2026-06-28,red_bull_ring,leclerc,Charles Leclerc,ferrari,Ferrari,0.8008298524087998,4,8,CLASSIFIED,77,2026-07,2026-06-14
driver_form_season_weighted,2026-08,2026,8,2026-06-28,red_bull_ring,russell,George Russell,mercedes,Mercedes,0.7897915648660435,5,1,CLASSIFIED,77,2026-07,2026-06-14
driver_form_season_weighted,2026-08,2026,8,2026-06-28,red_bull_ring,hamilton,Lewis Hamilton,ferrari,Ferrari,0.7513218530196459,6,5,CLASSIFIED,77,2026-07,2026-06-14
driver_form_season_weighted,2026-08,2026,8,2026-06-28,red_bull_ring,antonelli,Andrea Kimi Antonelli,mercedes,Mercedes,0.7069947596263385,7,3,CLASSIFIED,77,2026-07,2026-06-14
driver_form_season_weighted,2026-08,2026,8,2026-06-28,red_bull_ring,sainz,Carlos Sainz,williams,Williams,0.602999164578112,8,20,DNF,77,2026-07,2026-06-14
driver_form_season_weighted,2026-08,2026,8,2026-06-28,red_bull_ring,perez,Sergio Pérez,cadillac,Cadillac F1 Team,0.585650634522815,9,21,DNF,77,2026-07,2026-06-14
driver_form_season_weighted,2026-08,2026,8,2026-06-28,red_bull_ring,alonso,Fernando Alonso,aston_martin,Aston Martin,0.5427395649617872,10,18,CLASSIFIED,77,2026-07,2026-06-14
driver_form_season_weighted,2026-08,2026,8,2026-06-28,red_bull_ring,arvid_lindblad,Arvid Lindblad,rb,RB F1 Team,0.5396825396825397,11,10,CLASSIFIED,77,2026-07,2026-06-14
driver_form_season_weighted,2026-08,2026,8,2026-06-28,red_bull_ring,hadjar,Isack Hadjar,red_bull,Red Bull,0.5216821122573877,12,6,CLASSIFIED,77,2026-07,2026-06-14
driver_form_season_weighted,2026-08,2026,8,2026-06-28,red_bull_ring,bearman,Oliver Bearman,haas,Haas F1 Team,0.5094477767452339,13,14,CLASSIFIED,77,2026-07,2026-06-14
driver_form_season_weighted,2026-08,2026,8,2026-06-28,red_bull_ring,lawson,Liam Lawson,rb,RB F1 Team,0.48393944043782927,14,9,CLASSIFIED,77,2026-07,2026-06-14
driver_form_season_weighted,2026-08,2026,8,2026-06-28,red_bull_ring,albon,Alexander Albon,williams,Williams,0.47919930033416874,15,17,CLASSIFIED,77,2026-07,2026-06-14
driver_form_season_weighted,2026-08,2026,8,2026-06-28,red_bull_ring,gasly,Pierre Gasly,alpine,Alpine F1 Team,0.44944286391654814,16,13,CLASSIFIED,77,2026-07,2026-06-14
driver_form_season_weighted,2026-08,2026,8,2026-06-28,red_bull_ring,hulkenberg,Nico Hülkenberg,audi,Audi,0.4448411195855346,17,12,CLASSIFIED,77,2026-07,2026-06-14
driver_form_season_weighted,2026-08,2026,8,2026-06-28,red_bull_ring,ocon,Esteban Ocon,haas,Haas F1 Team,0.42246745897000565,18,16,CLASSIFIED,77,2026-07,2026-06-14
driver_form_season_weighted,2026-08,2026,8,2026-06-28,red_bull_ring,bortoleto,Gabriel Bortoleto,audi,Audi,0.39452025124539747,19,11,CLASSIFIED,77,2026-07,2026-06-14
driver_form_season_weighted,2026-08,2026,8,2026-06-28,red_bull_ring,stroll,Lance Stroll,aston_martin,Aston Martin,0.38251100387785386,20,19,DNF,77,2026-07,2026-06-14
driver_form_season_weighted,2026-08,2026,8,2026-06-28,red_bull_ring,colapinto,Franco Colapinto,alpine,Alpine F1 Team,0.3443223443223443,21,15,CLASSIFIED,77,2026-07,2026-06-14
driver_form_season_weighted,2026-08,2026,8,2026-06-28,red_bull_ring,bottas,Valtteri Bottas,cadillac,Cadillac F1 Team,0.26660533189513874,22,22,DNF,77,2026-07,2026-06-14
driver_form_recent_5,2026-08,2026,8,2026-06-28,red_bull_ring,hamilton,Lewis Hamilton,ferrari,Ferrari,0.8857142857142858,1,5,CLASSIFIED,77,2026-07,2026-06-14
driver_form_recent_5,2026-08,2026,8,2026-06-28,red_bull_ring,norris,Lando Norris,mclaren,McLaren,0.8741854636591478,2,7,CLASSIFIED,77,2026-07,2026-06-14
driver_form_recent_5,2026-08,2026,8,2026-06-28,red_bull_ring,antonelli,Andrea Kimi Antonelli,mercedes,Mercedes,0.8571428571428571,3,3,CLASSIFIED,77,2026-07,2026-06-14
driver_form_recent_5,2026-08,2026,8,2026-06-28,red_bull_ring,russell,George Russell,mercedes,Mercedes,0.819047619047619,4,1,CLASSIFIED,77,2026-07,2026-06-14
driver_form_recent_5,2026-08,2026,8,2026-06-28,red_bull_ring,max_verstappen,Max Verstappen,red_bull,Red Bull,0.8,5,2,CLASSIFIED,77,2026-07,2026-06-14
driver_form_recent_5,2026-08,2026,8,2026-06-28,red_bull_ring,piastri,Oscar Piastri,mclaren,McLaren,0.8,6,4,CLASSIFIED,77,2026-07,2026-06-14
driver_form_recent_5,2026-08,2026,8,2026-06-28,red_bull_ring,gasly,Pierre Gasly,alpine,Alpine F1 Team,0.7523809523809524,7,13,CLASSIFIED,77,2026-07,2026-06-14
driver_form_recent_5,2026-08,2026,8,2026-06-28,red_bull_ring,leclerc,Charles Leclerc,ferrari,Ferrari,0.7238095238095239,8,8,CLASSIFIED,77,2026-07,2026-06-14
driver_form_recent_5,2026-08,2026,8,2026-06-28,red_bull_ring,hadjar,Isack Hadjar,red_bull,Red Bull,0.7142857142857143,9,6,CLASSIFIED,77,2026-07,2026-06-14
driver_form_recent_5,2026-08,2026,8,2026-06-28,red_bull_ring,lawson,Liam Lawson,rb,RB F1 Team,0.6952380952380952,10,9,CLASSIFIED,77,2026-07,2026-06-14
driver_form_recent_5,2026-08,2026,8,2026-06-28,red_bull_ring,bearman,Oliver Bearman,haas,Haas F1 Team,0.5714285714285714,11,14,CLASSIFIED,77,2026-07,2026-06-14
driver_form_recent_5,2026-08,2026,8,2026-06-28,red_bull_ring,colapinto,Franco Colapinto,alpine,Alpine F1 Team,0.5428571428571429,12,15,CLASSIFIED,77,2026-07,2026-06-14
driver_form_recent_5,2026-08,2026,8,2026-06-28,red_bull_ring,arvid_lindblad,Arvid Lindblad,rb,RB F1 Team,0.5142857142857142,13,10,CLASSIFIED,77,2026-07,2026-06-14
driver_form_recent_5,2026-08,2026,8,2026-06-28,red_bull_ring,hulkenberg,Nico Hülkenberg,audi,Audi,0.5062656641604011,14,12,CLASSIFIED,77,2026-07,2026-06-14
driver_form_recent_5,2026-08,2026,8,2026-06-28,red_bull_ring,alonso,Fernando Alonso,aston_martin,Aston Martin,0.5032581453634085,15,18,CLASSIFIED,77,2026-07,2026-06-14
driver_form_recent_5,2026-08,2026,8,2026-06-28,red_bull_ring,ocon,Esteban Ocon,haas,Haas F1 Team,0.48571428571428577,16,16,CLASSIFIED,77,2026-07,2026-06-14
driver_form_recent_5,2026-08,2026,8,2026-06-28,red_bull_ring,bortoleto,Gabriel Bortoleto,audi,Audi,0.47619047619047616,17,11,CLASSIFIED,77,2026-07,2026-06-14
driver_form_recent_5,2026-08,2026,8,2026-06-28,red_bull_ring,sainz,Carlos Sainz,williams,Williams,0.4666666666666667,18,20,DNF,77,2026-07,2026-06-14
driver_form_recent_5,2026-08,2026,8,2026-06-28,red_bull_ring,albon,Alexander Albon,williams,Williams,0.40401002506265665,19,17,CLASSIFIED,77,2026-07,2026-06-14
driver_form_recent_5,2026-08,2026,8,2026-06-28,red_bull_ring,perez,Sergio Pérez,cadillac,Cadillac F1 Team,0.31428571428571433,20,21,DNF,77,2026-07,2026-06-14
driver_form_recent_5,2026-08,2026,8,2026-06-28,red_bull_ring,bottas,Valtteri Bottas,cadillac,Cadillac F1 Team,0.3042606516290727,21,22,DNF,77,2026-07,2026-06-14
driver_form_recent_5,2026-08,2026,8,2026-06-28,red_bull_ring,stroll,Lance Stroll,aston_martin,Aston Martin,0.29323308270676696,22,19,DNF,77,2026-07,2026-06-14
driver_form_recent_10,2026-08,2026,8,2026-06-28,red_bull_ring,norris,Lando Norris,mclaren,McLaren,0.9055137844611529,1,7,CLASSIFIED,77,2026-07,2026-06-14
driver_form_recent_10,2026-08,2026,8,2026-06-28,red_bull_ring,max_verstappen,Max Verstappen,red_bull,Red Bull,0.8789473684210526,2,2,CLASSIFIED,77,2026-07,2026-06-14
driver_form_recent_10,2026-08,2026,8,2026-06-28,red_bull_ring,russell,George Russell,mercedes,Mercedes,0.8411027568922306,3,1,CLASSIFIED,77,2026-07,2026-06-14
driver_form_recent_10,2026-08,2026,8,2026-06-28,red_bull_ring,piastri,Oscar Piastri,mclaren,McLaren,0.8263157894736842,4,4,CLASSIFIED,77,2026-07,2026-06-14
driver_form_recent_10,2026-08,2026,8,2026-06-28,red_bull_ring,antonelli,Andrea Kimi Antonelli,mercedes,Mercedes,0.8185463659147869,5,3,CLASSIFIED,77,2026-07,2026-06-14
driver_form_recent_10,2026-08,2026,8,2026-06-28,red_bull_ring,hamilton,Lewis Hamilton,ferrari,Ferrari,0.787468671679198,6,5,CLASSIFIED,77,2026-07,2026-06-14
driver_form_recent_10,2026-08,2026,8,2026-06-28,red_bull_ring,leclerc,Charles Leclerc,ferrari,Ferrari,0.7786967418546367,7,8,CLASSIFIED,77,2026-07,2026-06-14
driver_form_recent_10,2026-08,2026,8,2026-06-28,red_bull_ring,bearman,Oliver Bearman,haas,Haas F1 Team,0.5962406015037593,8,14,CLASSIFIED,77,2026-07,2026-06-14
driver_form_recent_10,2026-08,2026,8,2026-06-28,red_bull_ring,lawson,Liam Lawson,rb,RB F1 Team,0.5588972431077694,9,9,CLASSIFIED,77,2026-07,2026-06-14
driver_form_recent_10,2026-08,2026,8,2026-06-28,red_bull_ring,hadjar,Isack Hadjar,red_bull,Red Bull,0.5571428571428572,10,6,CLASSIFIED,77,2026-07,2026-06-14
driver_form_recent_10,2026-08,2026,8,2026-06-28,red_bull_ring,gasly,Pierre Gasly,alpine,Alpine F1 Team,0.5491228070175438,11,13,CLASSIFIED,77,2026-07,2026-06-14
driver_form_recent_10,2026-08,2026,8,2026-06-28,red_bull_ring,arvid_lindblad,Arvid Lindblad,rb,RB F1 Team,0.5396825396825397,12,10,CLASSIFIED,77,2026-07,2026-06-14
driver_form_recent_10,2026-08,2026,8,2026-06-28,red_bull_ring,sainz,Carlos Sainz,williams,Williams,0.5338345864661654,13,20,DNF,77,2026-07,2026-06-14
driver_form_recent_10,2026-08,2026,8,2026-06-28,red_bull_ring,ocon,Esteban Ocon,haas,Haas F1 Team,0.4859649122807018,14,16,CLASSIFIED,77,2026-07,2026-06-14
driver_form_recent_10,2026-08,2026,8,2026-06-28,red_bull_ring,alonso,Fernando Alonso,aston_martin,Aston Martin,0.4779448621553885,15,18,CLASSIFIED,77,2026-07,2026-06-14
driver_form_recent_10,2026-08,2026,8,2026-06-28,red_bull_ring,hulkenberg,Nico Hülkenberg,audi,Audi,0.4636591478696742,16,12,CLASSIFIED,77,2026-07,2026-06-14
driver_form_recent_10,2026-08,2026,8,2026-06-28,red_bull_ring,bortoleto,Gabriel Bortoleto,audi,Audi,0.4473684210526316,17,11,CLASSIFIED,77,2026-07,2026-06-14
driver_form_recent_10,2026-08,2026,8,2026-06-28,red_bull_ring,colapinto,Franco Colapinto,alpine,Alpine F1 Team,0.4245614035087719,18,15,CLASSIFIED,77,2026-07,2026-06-14
driver_form_recent_10,2026-08,2026,8,2026-06-28,red_bull_ring,albon,Alexander Albon,williams,Williams,0.40200501253132825,19,17,CLASSIFIED,77,2026-07,2026-06-14
driver_form_recent_10,2026-08,2026,8,2026-06-28,red_bull_ring,perez,Sergio Pérez,cadillac,Cadillac F1 Team,0.3699248120300752,20,21,DNF,77,2026-07,2026-06-14
driver_form_recent_10,2026-08,2026,8,2026-06-28,red_bull_ring,stroll,Lance Stroll,aston_martin,Aston Martin,0.28345864661654135,21,19,DNF,77,2026-07,2026-06-14
driver_form_recent_10,2026-08,2026,8,2026-06-28,red_bull_ring,bottas,Valtteri Bottas,cadillac,Cadillac F1 Team,0.2679197994987469,22,22,DNF,77,2026-07,2026-06-14
constructor_teammate_unweighted,2026-08,2026,8,2026-06-28,red_bull_ring,max_verstappen,Max Verstappen,red_bull,Red Bull,0.7397655393895995,1,2,CLASSIFIED,77,2026-07,2026-06-14
constructor_teammate_unweighted,2026-08,2026,8,2026-06-28,red_bull_ring,leclerc,Charles Leclerc,ferrari,Ferrari,0.7036954454486672,2,8,CLASSIFIED,77,2026-07,2026-06-14
constructor_teammate_unweighted,2026-08,2026,8,2026-06-28,red_bull_ring,hadjar,Isack Hadjar,red_bull,Red Bull,0.6980937191463508,3,6,CLASSIFIED,77,2026-07,2026-06-14
constructor_teammate_unweighted,2026-08,2026,8,2026-06-28,red_bull_ring,norris,Lando Norris,mclaren,McLaren,0.6936559308719559,4,7,CLASSIFIED,77,2026-07,2026-06-14
constructor_teammate_unweighted,2026-08,2026,8,2026-06-28,red_bull_ring,hamilton,Lewis Hamilton,ferrari,Ferrari,0.6923301180677148,5,5,CLASSIFIED,77,2026-07,2026-06-14
constructor_teammate_unweighted,2026-08,2026,8,2026-06-28,red_bull_ring,russell,George Russell,mercedes,Mercedes,0.6879449706517377,6,1,CLASSIFIED,77,2026-07,2026-06-14
constructor_teammate_unweighted,2026-08,2026,8,2026-06-28,red_bull_ring,piastri,Oscar Piastri,mclaren,McLaren,0.6823440691280439,7,4,CLASSIFIED,77,2026-07,2026-06-14
constructor_teammate_unweighted,2026-08,2026,8,2026-06-28,red_bull_ring,antonelli,Andrea Kimi Antonelli,mercedes,Mercedes,0.6549903313061208,8,3,CLASSIFIED,77,2026-07,2026-06-14
constructor_teammate_unweighted,2026-08,2026,8,2026-06-28,red_bull_ring,alonso,Fernando Alonso,aston_martin,Aston Martin,0.5284054104229543,9,18,CLASSIFIED,77,2026-07,2026-06-14
constructor_teammate_unweighted,2026-08,2026,8,2026-06-28,red_bull_ring,hulkenberg,Nico Hülkenberg,audi,Audi,0.5151980829266147,10,12,CLASSIFIED,77,2026-07,2026-06-14
constructor_teammate_unweighted,2026-08,2026,8,2026-06-28,red_bull_ring,bortoleto,Gabriel Bortoleto,audi,Audi,0.49717697020328594,11,11,CLASSIFIED,77,2026-07,2026-06-14
constructor_teammate_unweighted,2026-08,2026,8,2026-06-28,red_bull_ring,stroll,Lance Stroll,aston_martin,Aston Martin,0.4770316055403775,12,19,DNF,77,2026-07,2026-06-14
constructor_teammate_unweighted,2026-08,2026,8,2026-06-28,red_bull_ring,albon,Alexander Albon,williams,Williams,0.4587207932233902,13,17,CLASSIFIED,77,2026-07,2026-06-14
constructor_teammate_unweighted,2026-08,2026,8,2026-06-28,red_bull_ring,lawson,Liam Lawson,rb,RB F1 Team,0.45407356835484936,14,9,CLASSIFIED,77,2026-07,2026-06-14
constructor_teammate_unweighted,2026-08,2026,8,2026-06-28,red_bull_ring,gasly,Pierre Gasly,alpine,Alpine F1 Team,0.45144491218973026,15,13,CLASSIFIED,77,2026-07,2026-06-14
constructor_teammate_unweighted,2026-08,2026,8,2026-06-28,red_bull_ring,arvid_lindblad,Arvid Lindblad,rb,RB F1 Team,0.44922707712677923,16,10,CLASSIFIED,77,2026-07,2026-06-14
constructor_teammate_unweighted,2026-08,2026,8,2026-06-28,red_bull_ring,bearman,Oliver Bearman,haas,Haas F1 Team,0.4399477006356046,17,14,CLASSIFIED,77,2026-07,2026-06-14
constructor_teammate_unweighted,2026-08,2026,8,2026-06-28,red_bull_ring,colapinto,Franco Colapinto,alpine,Alpine F1 Team,0.4311570373301675,18,15,CLASSIFIED,77,2026-07,2026-06-14
constructor_teammate_unweighted,2026-08,2026,8,2026-06-28,red_bull_ring,sainz,Carlos Sainz,williams,Williams,0.42993510271713886,19,20,DNF,77,2026-07,2026-06-14
constructor_teammate_unweighted,2026-08,2026,8,2026-06-28,red_bull_ring,ocon,Esteban Ocon,haas,Haas F1 Team,0.4232641494844188,20,16,CLASSIFIED,77,2026-07,2026-06-14
constructor_teammate_unweighted,2026-08,2026,8,2026-06-28,red_bull_ring,bottas,Valtteri Bottas,cadillac,Cadillac F1 Team,0.3597697368421052,21,22,DNF,77,2026-07,2026-06-14
constructor_teammate_unweighted,2026-08,2026,8,2026-06-28,red_bull_ring,perez,Sergio Pérez,cadillac,Cadillac F1 Team,0.32922484783387035,22,21,DNF,77,2026-07,2026-06-14
constructor_teammate_season_weighted,2026-08,2026,8,2026-06-28,red_bull_ring,max_verstappen,Max Verstappen,red_bull,Red Bull,0.7209402366671507,1,2,CLASSIFIED,77,2026-07,2026-06-14
constructor_teammate_season_weighted,2026-08,2026,8,2026-06-28,red_bull_ring,norris,Lando Norris,mclaren,McLaren,0.718310151550485,2,7,CLASSIFIED,77,2026-07,2026-06-14
constructor_teammate_season_weighted,2026-08,2026,8,2026-06-28,red_bull_ring,piastri,Oscar Piastri,mclaren,McLaren,0.714149576501752,3,4,CLASSIFIED,77,2026-07,2026-06-14
constructor_teammate_season_weighted,2026-08,2026,8,2026-06-28,red_bull_ring,leclerc,Charles Leclerc,ferrari,Ferrari,0.703679569353584,4,8,CLASSIFIED,77,2026-07,2026-06-14
constructor_teammate_season_weighted,2026-08,2026,8,2026-06-28,red_bull_ring,russell,George Russell,mercedes,Mercedes,0.6968991418889317,5,1,CLASSIFIED,77,2026-07,2026-06-14
constructor_teammate_season_weighted,2026-08,2026,8,2026-06-28,red_bull_ring,hamilton,Lewis Hamilton,ferrari,Ferrari,0.6915354998476273,6,5,CLASSIFIED,77,2026-07,2026-06-14
constructor_teammate_season_weighted,2026-08,2026,8,2026-06-28,red_bull_ring,hadjar,Isack Hadjar,red_bull,Red Bull,0.6726081241039512,7,6,CLASSIFIED,77,2026-07,2026-06-14
constructor_teammate_season_weighted,2026-08,2026,8,2026-06-28,red_bull_ring,antonelli,Andrea Kimi Antonelli,mercedes,Mercedes,0.6608514809432544,8,3,CLASSIFIED,77,2026-07,2026-06-14
constructor_teammate_season_weighted,2026-08,2026,8,2026-06-28,red_bull_ring,hulkenberg,Nico Hülkenberg,audi,Audi,0.5156861170019065,9,12,CLASSIFIED,77,2026-07,2026-06-14
constructor_teammate_season_weighted,2026-08,2026,8,2026-06-28,red_bull_ring,alonso,Fernando Alonso,aston_martin,Aston Martin,0.49888985778392836,10,18,CLASSIFIED,77,2026-07,2026-06-14
constructor_teammate_season_weighted,2026-08,2026,8,2026-06-28,red_bull_ring,bortoleto,Gabriel Bortoleto,audi,Audi,0.49745086400211047,11,11,CLASSIFIED,77,2026-07,2026-06-14
constructor_teammate_season_weighted,2026-08,2026,8,2026-06-28,red_bull_ring,albon,Alexander Albon,williams,Williams,0.4735251193828192,12,17,CLASSIFIED,77,2026-07,2026-06-14
constructor_teammate_season_weighted,2026-08,2026,8,2026-06-28,red_bull_ring,lawson,Liam Lawson,rb,RB F1 Team,0.46529975872081136,13,9,CLASSIFIED,77,2026-07,2026-06-14
constructor_teammate_season_weighted,2026-08,2026,8,2026-06-28,red_bull_ring,bearman,Oliver Bearman,haas,Haas F1 Team,0.46246854736046467,14,14,CLASSIFIED,77,2026-07,2026-06-14
constructor_teammate_season_weighted,2026-08,2026,8,2026-06-28,red_bull_ring,arvid_lindblad,Arvid Lindblad,rb,RB F1 Team,0.4595395248026827,15,10,CLASSIFIED,77,2026-07,2026-06-14
constructor_teammate_season_weighted,2026-08,2026,8,2026-06-28,red_bull_ring,stroll,Lance Stroll,aston_martin,Aston Martin,0.44838973359959367,16,19,DNF,77,2026-07,2026-06-14
constructor_teammate_season_weighted,2026-08,2026,8,2026-06-28,red_bull_ring,sainz,Carlos Sainz,williams,Williams,0.44835174688347046,17,20,DNF,77,2026-07,2026-06-14
constructor_teammate_season_weighted,2026-08,2026,8,2026-06-28,red_bull_ring,gasly,Pierre Gasly,alpine,Alpine F1 Team,0.445816946211683,18,13,CLASSIFIED,77,2026-07,2026-06-14
constructor_teammate_season_weighted,2026-08,2026,8,2026-06-28,red_bull_ring,ocon,Esteban Ocon,haas,Haas F1 Team,0.4410577056958636,19,16,CLASSIFIED,77,2026-07,2026-06-14
constructor_teammate_season_weighted,2026-08,2026,8,2026-06-28,red_bull_ring,colapinto,Franco Colapinto,alpine,Alpine F1 Team,0.4185102178523231,20,15,CLASSIFIED,77,2026-07,2026-06-14
constructor_teammate_season_weighted,2026-08,2026,8,2026-06-28,red_bull_ring,bottas,Valtteri Bottas,cadillac,Cadillac F1 Team,0.3584795321637426,21,22,DNF,77,2026-07,2026-06-14
constructor_teammate_season_weighted,2026-08,2026,8,2026-06-28,red_bull_ring,perez,Sergio Pérez,cadillac,Cadillac F1 Team,0.3307912638739706,22,21,DNF,77,2026-07,2026-06-14
constructor_teammate_recent_5,2026-08,2026,8,2026-06-28,red_bull_ring,antonelli,Andrea Kimi Antonelli,mercedes,Mercedes,0.7457142857142857,1,3,CLASSIFIED,77,2026-07,2026-06-14
constructor_teammate_recent_5,2026-08,2026,8,2026-06-28,red_bull_ring,hamilton,Lewis Hamilton,ferrari,Ferrari,0.7428571428571428,2,5,CLASSIFIED,77,2026-07,2026-06-14
constructor_teammate_recent_5,2026-08,2026,8,2026-06-28,red_bull_ring,max_verstappen,Max Verstappen,red_bull,Red Bull,0.7428320802005013,3,2,CLASSIFIED,77,2026-07,2026-06-14
constructor_teammate_recent_5,2026-08,2026,8,2026-06-28,red_bull_ring,russell,George Russell,mercedes,Mercedes,0.7342857142857142,4,1,CLASSIFIED,77,2026-07,2026-06-14
constructor_teammate_recent_5,2026-08,2026,8,2026-06-28,red_bull_ring,piastri,Oscar Piastri,mclaren,McLaren,0.7147368421052631,5,4,CLASSIFIED,77,2026-07,2026-06-14
constructor_teammate_recent_5,2026-08,2026,8,2026-06-28,red_bull_ring,norris,Lando Norris,mclaren,McLaren,0.7052631578947368,6,7,CLASSIFIED,77,2026-07,2026-06-14
constructor_teammate_recent_5,2026-08,2026,8,2026-06-28,red_bull_ring,leclerc,Charles Leclerc,ferrari,Ferrari,0.6971428571428571,7,8,CLASSIFIED,77,2026-07,2026-06-14
constructor_teammate_recent_5,2026-08,2026,8,2026-06-28,red_bull_ring,hadjar,Isack Hadjar,red_bull,Red Bull,0.6726065162907269,8,6,CLASSIFIED,77,2026-07,2026-06-14
constructor_teammate_recent_5,2026-08,2026,8,2026-06-28,red_bull_ring,gasly,Pierre Gasly,alpine,Alpine F1 Team,0.6357142857142857,9,13,CLASSIFIED,77,2026-07,2026-06-14
constructor_teammate_recent_5,2026-08,2026,8,2026-06-28,red_bull_ring,lawson,Liam Lawson,rb,RB F1 Team,0.5766666666666667,10,9,CLASSIFIED,77,2026-07,2026-06-14
constructor_teammate_recent_5,2026-08,2026,8,2026-06-28,red_bull_ring,colapinto,Franco Colapinto,alpine,Alpine F1 Team,0.5642857142857143,11,15,CLASSIFIED,77,2026-07,2026-06-14
constructor_teammate_recent_5,2026-08,2026,8,2026-06-28,red_bull_ring,arvid_lindblad,Arvid Lindblad,rb,RB F1 Team,0.5566666666666666,12,10,CLASSIFIED,77,2026-07,2026-06-14
constructor_teammate_recent_5,2026-08,2026,8,2026-06-28,red_bull_ring,bearman,Oliver Bearman,haas,Haas F1 Team,0.518095238095238,13,14,CLASSIFIED,77,2026-07,2026-06-14
constructor_teammate_recent_5,2026-08,2026,8,2026-06-28,red_bull_ring,hulkenberg,Nico Hülkenberg,audi,Audi,0.5070426065162906,14,12,CLASSIFIED,77,2026-07,2026-06-14
constructor_teammate_recent_5,2026-08,2026,8,2026-06-28,red_bull_ring,albon,Alexander Albon,williams,Williams,0.48573934837092725,15,17,CLASSIFIED,77,2026-07,2026-06-14
constructor_teammate_recent_5,2026-08,2026,8,2026-06-28,red_bull_ring,sainz,Carlos Sainz,williams,Williams,0.4809273182957393,16,20,DNF,77,2026-07,2026-06-14
constructor_teammate_recent_5,2026-08,2026,8,2026-06-28,red_bull_ring,ocon,Esteban Ocon,haas,Haas F1 Team,0.47523809523809524,17,16,CLASSIFIED,77,2026-07,2026-06-14
constructor_teammate_recent_5,2026-08,2026,8,2026-06-28,red_bull_ring,bortoleto,Gabriel Bortoleto,audi,Audi,0.46629072681704253,18,11,CLASSIFIED,77,2026-07,2026-06-14
constructor_teammate_recent_5,2026-08,2026,8,2026-06-28,red_bull_ring,alonso,Fernando Alonso,aston_martin,Aston Martin,0.4630325814536341,19,18,CLASSIFIED,77,2026-07,2026-06-14
constructor_teammate_recent_5,2026-08,2026,8,2026-06-28,red_bull_ring,stroll,Lance Stroll,aston_martin,Aston Martin,0.40047619047619043,20,19,DNF,77,2026-07,2026-06-14
constructor_teammate_recent_5,2026-08,2026,8,2026-06-28,red_bull_ring,bottas,Valtteri Bottas,cadillac,Cadillac F1 Team,0.3345112781954887,21,22,DNF,77,2026-07,2026-06-14
constructor_teammate_recent_5,2026-08,2026,8,2026-06-28,red_bull_ring,perez,Sergio Pérez,cadillac,Cadillac F1 Team,0.329172932330827,22,21,DNF,77,2026-07,2026-06-14
constructor_teammate_recent_10,2026-08,2026,8,2026-06-28,red_bull_ring,norris,Lando Norris,mclaren,McLaren,0.7469298245614033,1,7,CLASSIFIED,77,2026-07,2026-06-14
constructor_teammate_recent_10,2026-08,2026,8,2026-06-28,red_bull_ring,russell,George Russell,mercedes,Mercedes,0.7405764411027569,2,1,CLASSIFIED,77,2026-07,2026-06-14
constructor_teammate_recent_10,2026-08,2026,8,2026-06-28,red_bull_ring,max_verstappen,Max Verstappen,red_bull,Red Bull,0.7343107769423558,3,2,CLASSIFIED,77,2026-07,2026-06-14
constructor_teammate_recent_10,2026-08,2026,8,2026-06-28,red_bull_ring,antonelli,Andrea Kimi Antonelli,mercedes,Mercedes,0.7322305764411028,4,3,CLASSIFIED,77,2026-07,2026-06-14
constructor_teammate_recent_10,2026-08,2026,8,2026-06-28,red_bull_ring,piastri,Oscar Piastri,mclaren,McLaren,0.7311403508771929,5,4,CLASSIFIED,77,2026-07,2026-06-14
constructor_teammate_recent_10,2026-08,2026,8,2026-06-28,red_bull_ring,leclerc,Charles Leclerc,ferrari,Ferrari,0.7018295739348371,6,8,CLASSIFIED,77,2026-07,2026-06-14
constructor_teammate_recent_10,2026-08,2026,8,2026-06-28,red_bull_ring,hamilton,Lewis Hamilton,ferrari,Ferrari,0.6948370927318296,7,5,CLASSIFIED,77,2026-07,2026-06-14
constructor_teammate_recent_10,2026-08,2026,8,2026-06-28,red_bull_ring,hadjar,Isack Hadjar,red_bull,Red Bull,0.6613032581453634,8,6,CLASSIFIED,77,2026-07,2026-06-14
constructor_teammate_recent_10,2026-08,2026,8,2026-06-28,red_bull_ring,bearman,Oliver Bearman,haas,Haas F1 Team,0.5235213032581454,9,14,CLASSIFIED,77,2026-07,2026-06-14
constructor_teammate_recent_10,2026-08,2026,8,2026-06-28,red_bull_ring,gasly,Pierre Gasly,alpine,Alpine F1 Team,0.5228195488721804,10,13,CLASSIFIED,77,2026-07,2026-06-14
constructor_teammate_recent_10,2026-08,2026,8,2026-06-28,red_bull_ring,sainz,Carlos Sainz,williams,Williams,0.5223934837092732,11,20,DNF,77,2026-07,2026-06-14
constructor_teammate_recent_10,2026-08,2026,8,2026-06-28,red_bull_ring,lawson,Liam Lawson,rb,RB F1 Team,0.5180701754385965,12,9,CLASSIFIED,77,2026-07,2026-06-14
constructor_teammate_recent_10,2026-08,2026,8,2026-06-28,red_bull_ring,bortoleto,Gabriel Bortoleto,audi,Audi,0.5079949874686717,13,11,CLASSIFIED,77,2026-07,2026-06-14
constructor_teammate_recent_10,2026-08,2026,8,2026-06-28,red_bull_ring,hulkenberg,Nico Hülkenberg,audi,Audi,0.5015288220551378,14,12,CLASSIFIED,77,2026-07,2026-06-14
constructor_teammate_recent_10,2026-08,2026,8,2026-06-28,red_bull_ring,albon,Alexander Albon,williams,Williams,0.5011152882205514,15,17,CLASSIFIED,77,2026-07,2026-06-14
constructor_teammate_recent_10,2026-08,2026,8,2026-06-28,red_bull_ring,arvid_lindblad,Arvid Lindblad,rb,RB F1 Team,0.4983333333333333,16,10,CLASSIFIED,77,2026-07,2026-06-14
constructor_teammate_recent_10,2026-08,2026,8,2026-06-28,red_bull_ring,ocon,Esteban Ocon,haas,Haas F1 Team,0.48472431077694234,17,16,CLASSIFIED,77,2026-07,2026-06-14
constructor_teammate_recent_10,2026-08,2026,8,2026-06-28,red_bull_ring,colapinto,Franco Colapinto,alpine,Alpine F1 Team,0.4719172932330827,18,15,CLASSIFIED,77,2026-07,2026-06-14
constructor_teammate_recent_10,2026-08,2026,8,2026-06-28,red_bull_ring,alonso,Fernando Alonso,aston_martin,Aston Martin,0.4475689223057644,19,18,CLASSIFIED,77,2026-07,2026-06-14
constructor_teammate_recent_10,2026-08,2026,8,2026-06-28,red_bull_ring,stroll,Lance Stroll,aston_martin,Aston Martin,0.40681704260651624,20,19,DNF,77,2026-07,2026-06-14
constructor_teammate_recent_10,2026-08,2026,8,2026-06-28,red_bull_ring,bottas,Valtteri Bottas,cadillac,Cadillac F1 Team,0.35335839598997487,21,22,DNF,77,2026-07,2026-06-14
constructor_teammate_recent_10,2026-08,2026,8,2026-06-28,red_bull_ring,perez,Sergio Pérez,cadillac,Cadillac F1 Team,0.3198997493734336,22,21,DNF,77,2026-07,2026-06-14
previous_race_order,2026-09,2026,9,2026-07-05,silverstone,russell,George Russell,mercedes,Mercedes,1.0,1,2,CLASSIFIED,78,2026-08,2026-06-28
previous_race_order,2026-09,2026,9,2026-07-05,silverstone,max_verstappen,Max Verstappen,red_bull,Red Bull,0.9523809523809523,2,20,CLASSIFIED,78,2026-08,2026-06-28
previous_race_order,2026-09,2026,9,2026-07-05,silverstone,antonelli,Andrea Kimi Antonelli,mercedes,Mercedes,0.9047619047619048,3,15,CLASSIFIED,78,2026-08,2026-06-28
previous_race_order,2026-09,2026,9,2026-07-05,silverstone,piastri,Oscar Piastri,mclaren,McLaren,0.8571428571428572,4,11,CLASSIFIED,78,2026-08,2026-06-28
previous_race_order,2026-09,2026,9,2026-07-05,silverstone,hamilton,Lewis Hamilton,ferrari,Ferrari,0.8095238095238095,5,3,CLASSIFIED,78,2026-08,2026-06-28
previous_race_order,2026-09,2026,9,2026-07-05,silverstone,hadjar,Isack Hadjar,red_bull,Red Bull,0.7619047619047619,6,5,CLASSIFIED,78,2026-08,2026-06-28
previous_race_order,2026-09,2026,9,2026-07-05,silverstone,norris,Lando Norris,mclaren,McLaren,0.7142857142857143,7,4,CLASSIFIED,78,2026-08,2026-06-28
previous_race_order,2026-09,2026,9,2026-07-05,silverstone,leclerc,Charles Leclerc,ferrari,Ferrari,0.6666666666666667,8,1,CLASSIFIED,78,2026-08,2026-06-28
previous_race_order,2026-09,2026,9,2026-07-05,silverstone,lawson,Liam Lawson,rb,RB F1 Team,0.6190476190476191,9,6,CLASSIFIED,78,2026-08,2026-06-28
previous_race_order,2026-09,2026,9,2026-07-05,silverstone,arvid_lindblad,Arvid Lindblad,rb,RB F1 Team,0.5714285714285714,10,7,CLASSIFIED,78,2026-08,2026-06-28
previous_race_order,2026-09,2026,9,2026-07-05,silverstone,bortoleto,Gabriel Bortoleto,audi,Audi,0.5238095238095238,11,8,CLASSIFIED,78,2026-08,2026-06-28
previous_race_order,2026-09,2026,9,2026-07-05,silverstone,hulkenberg,Nico Hülkenberg,audi,Audi,0.47619047619047616,12,22,DNF,78,2026-08,2026-06-28
previous_race_order,2026-09,2026,9,2026-07-05,silverstone,gasly,Pierre Gasly,alpine,Alpine F1 Team,0.4285714285714286,13,10,CLASSIFIED,78,2026-08,2026-06-28
previous_race_order,2026-09,2026,9,2026-07-05,silverstone,bearman,Oliver Bearman,haas,Haas F1 Team,0.38095238095238093,14,12,CLASSIFIED,78,2026-08,2026-06-28
previous_race_order,2026-09,2026,9,2026-07-05,silverstone,colapinto,Franco Colapinto,alpine,Alpine F1 Team,0.33333333333333337,15,9,CLASSIFIED,78,2026-08,2026-06-28
previous_race_order,2026-09,2026,9,2026-07-05,silverstone,ocon,Esteban Ocon,haas,Haas F1 Team,0.2857142857142857,16,13,CLASSIFIED,78,2026-08,2026-06-28
previous_race_order,2026-09,2026,9,2026-07-05,silverstone,albon,Alexander Albon,williams,Williams,0.23809523809523814,17,21,DNF,78,2026-08,2026-06-28
previous_race_order,2026-09,2026,9,2026-07-05,silverstone,alonso,Fernando Alonso,aston_martin,Aston Martin,0.19047619047619047,18,18,CLASSIFIED,78,2026-08,2026-06-28
previous_race_order,2026-09,2026,9,2026-07-05,silverstone,stroll,Lance Stroll,aston_martin,Aston Martin,0.1428571428571429,19,19,CLASSIFIED,78,2026-08,2026-06-28
previous_race_order,2026-09,2026,9,2026-07-05,silverstone,sainz,Carlos Sainz,williams,Williams,0.09523809523809523,20,17,CLASSIFIED,78,2026-08,2026-06-28
previous_race_order,2026-09,2026,9,2026-07-05,silverstone,perez,Sergio Pérez,cadillac,Cadillac F1 Team,0.04761904761904767,21,14,CLASSIFIED,78,2026-08,2026-06-28
previous_race_order,2026-09,2026,9,2026-07-05,silverstone,bottas,Valtteri Bottas,cadillac,Cadillac F1 Team,0.0,22,16,CLASSIFIED,78,2026-08,2026-06-28
driver_form_unweighted,2026-09,2026,9,2026-07-05,silverstone,max_verstappen,Max Verstappen,red_bull,Red Bull,0.9157860868387185,1,20,CLASSIFIED,78,2026-08,2026-06-28
driver_form_unweighted,2026-09,2026,9,2026-07-05,silverstone,leclerc,Charles Leclerc,ferrari,Ferrari,0.8045297066194899,2,1,CLASSIFIED,78,2026-08,2026-06-28
driver_form_unweighted,2026-09,2026,9,2026-07-05,silverstone,norris,Lando Norris,mclaren,McLaren,0.791241803137982,3,4,CLASSIFIED,78,2026-08,2026-06-28
driver_form_unweighted,2026-09,2026,9,2026-07-05,silverstone,russell,George Russell,mercedes,Mercedes,0.7724809709458832,4,2,CLASSIFIED,78,2026-08,2026-06-28
driver_form_unweighted,2026-09,2026,9,2026-07-05,silverstone,piastri,Oscar Piastri,mclaren,McLaren,0.7599103392283526,5,11,CLASSIFIED,78,2026-08,2026-06-28
driver_form_unweighted,2026-09,2026,9,2026-07-05,silverstone,hamilton,Lewis Hamilton,ferrari,Ferrari,0.7551684375257393,6,3,CLASSIFIED,78,2026-08,2026-06-28
driver_form_unweighted,2026-09,2026,9,2026-07-05,silverstone,antonelli,Andrea Kimi Antonelli,mercedes,Mercedes,0.6987110633727175,7,15,CLASSIFIED,78,2026-08,2026-06-28
driver_form_unweighted,2026-09,2026,9,2026-07-05,silverstone,perez,Sergio Pérez,cadillac,Cadillac F1 Team,0.67169735934038,8,14,CLASSIFIED,78,2026-08,2026-06-28
driver_form_unweighted,2026-09,2026,9,2026-07-05,silverstone,sainz,Carlos Sainz,williams,Williams,0.6514755024816944,9,17,CLASSIFIED,78,2026-08,2026-06-28
driver_form_unweighted,2026-09,2026,9,2026-07-05,silverstone,alonso,Fernando Alonso,aston_martin,Aston Martin,0.5826118326118327,10,18,CLASSIFIED,78,2026-08,2026-06-28
driver_form_unweighted,2026-09,2026,9,2026-07-05,silverstone,arvid_lindblad,Arvid Lindblad,rb,RB F1 Team,0.5442176870748299,11,7,CLASSIFIED,78,2026-08,2026-06-28
driver_form_unweighted,2026-09,2026,9,2026-07-05,silverstone,hadjar,Isack Hadjar,red_bull,Red Bull,0.518796992481203,12,5,CLASSIFIED,78,2026-08,2026-06-28
driver_form_unweighted,2026-09,2026,9,2026-07-05,silverstone,bearman,Oliver Bearman,haas,Haas F1 Team,0.5028682818156502,13,12,CLASSIFIED,78,2026-08,2026-06-28
driver_form_unweighted,2026-09,2026,9,2026-07-05,silverstone,albon,Alexander Albon,williams,Williams,0.4643414090782512,14,21,DNF,78,2026-08,2026-06-28
driver_form_unweighted,2026-09,2026,9,2026-07-05,silverstone,lawson,Liam Lawson,rb,RB F1 Team,0.4642913590282011,15,6,CLASSIFIED,78,2026-08,2026-06-28
driver_form_unweighted,2026-09,2026,9,2026-07-05,silverstone,gasly,Pierre Gasly,alpine,Alpine F1 Team,0.45417287179300914,16,10,CLASSIFIED,78,2026-08,2026-06-28
driver_form_unweighted,2026-09,2026,9,2026-07-05,silverstone,ocon,Esteban Ocon,haas,Haas F1 Team,0.4335102462037447,17,13,CLASSIFIED,78,2026-08,2026-06-28
driver_form_unweighted,2026-09,2026,9,2026-07-05,silverstone,hulkenberg,Nico Hülkenberg,audi,Audi,0.4190700632177459,18,22,DNF,78,2026-08,2026-06-28
driver_form_unweighted,2026-09,2026,9,2026-07-05,silverstone,stroll,Lance Stroll,aston_martin,Aston Martin,0.418194958295209,19,19,CLASSIFIED,78,2026-08,2026-06-28
driver_form_unweighted,2026-09,2026,9,2026-07-05,silverstone,bortoleto,Gabriel Bortoleto,audi,Audi,0.3913790887475098,20,8,CLASSIFIED,78,2026-08,2026-06-28
driver_form_unweighted,2026-09,2026,9,2026-07-05,silverstone,colapinto,Franco Colapinto,alpine,Alpine F1 Team,0.33823806828900205,21,9,CLASSIFIED,78,2026-08,2026-06-28
driver_form_unweighted,2026-09,2026,9,2026-07-05,silverstone,bottas,Valtteri Bottas,cadillac,Cadillac F1 Team,0.2844240230205142,22,16,CLASSIFIED,78,2026-08,2026-06-28
driver_form_season_weighted,2026-09,2026,9,2026-07-05,silverstone,max_verstappen,Max Verstappen,red_bull,Red Bull,0.8960055418048227,1,20,CLASSIFIED,78,2026-08,2026-06-28
driver_form_season_weighted,2026-09,2026,9,2026-07-05,silverstone,norris,Lando Norris,mclaren,McLaren,0.8218145574907735,2,4,CLASSIFIED,78,2026-08,2026-06-28
driver_form_season_weighted,2026-09,2026,9,2026-07-05,silverstone,piastri,Oscar Piastri,mclaren,McLaren,0.8101942754976613,3,11,CLASSIFIED,78,2026-08,2026-06-28
driver_form_season_weighted,2026-09,2026,9,2026-07-05,silverstone,leclerc,Charles Leclerc,ferrari,Ferrari,0.7973450943375755,4,1,CLASSIFIED,78,2026-08,2026-06-28
driver_form_season_weighted,2026-09,2026,9,2026-07-05,silverstone,russell,George Russell,mercedes,Mercedes,0.7949500540717848,5,2,CLASSIFIED,78,2026-08,2026-06-28
driver_form_season_weighted,2026-09,2026,9,2026-07-05,silverstone,hamilton,Lewis Hamilton,ferrari,Ferrari,0.7527860531832726,6,3,CLASSIFIED,78,2026-08,2026-06-28
driver_form_season_weighted,2026-09,2026,9,2026-07-05,silverstone,antonelli,Andrea Kimi Antonelli,mercedes,Mercedes,0.715593331153972,7,15,CLASSIFIED,78,2026-08,2026-06-28
driver_form_season_weighted,2026-09,2026,9,2026-07-05,silverstone,sainz,Carlos Sainz,williams,Williams,0.602999164578112,8,17,CLASSIFIED,78,2026-08,2026-06-28
driver_form_season_weighted,2026-09,2026,9,2026-07-05,silverstone,perez,Sergio Pérez,cadillac,Cadillac F1 Team,0.585650634522815,9,14,CLASSIFIED,78,2026-08,2026-06-28
driver_form_season_weighted,2026-09,2026,9,2026-07-05,silverstone,arvid_lindblad,Arvid Lindblad,rb,RB F1 Team,0.5442176870748299,10,7,CLASSIFIED,78,2026-08,2026-06-28
driver_form_season_weighted,2026-09,2026,9,2026-07-05,silverstone,alonso,Fernando Alonso,aston_martin,Aston Martin,0.5326024894370218,11,18,CLASSIFIED,78,2026-08,2026-06-28
driver_form_season_weighted,2026-09,2026,9,2026-07-05,silverstone,hadjar,Isack Hadjar,red_bull,Red Bull,0.5323586744639377,12,5,CLASSIFIED,78,2026-08,2026-06-28
driver_form_season_weighted,2026-09,2026,9,2026-07-05,silverstone,bearman,Oliver Bearman,haas,Haas F1 Team,0.5039210930552187,13,12,CLASSIFIED,78,2026-08,2026-06-28
driver_form_season_weighted,2026-09,2026,9,2026-07-05,silverstone,lawson,Liam Lawson,rb,RB F1 Team,0.4892378003833112,14,6,CLASSIFIED,78,2026-08,2026-06-28
driver_form_season_weighted,2026-09,2026,9,2026-07-05,silverstone,albon,Alexander Albon,williams,Williams,0.47189311662995875,15,21,DNF,78,2026-08,2026-06-28
driver_form_season_weighted,2026-09,2026,9,2026-07-05,silverstone,gasly,Pierre Gasly,alpine,Alpine F1 Team,0.4488936156179924,16,10,CLASSIFIED,78,2026-08,2026-06-28
driver_form_season_weighted,2026-09,2026,9,2026-07-05,silverstone,hulkenberg,Nico Hülkenberg,audi,Audi,0.4457180246653931,17,22,DNF,78,2026-08,2026-06-28
driver_form_season_weighted,2026-09,2026,9,2026-07-05,silverstone,ocon,Esteban Ocon,haas,Haas F1 Team,0.419027127567346,18,13,CLASSIFIED,78,2026-08,2026-06-28
driver_form_season_weighted,2026-09,2026,9,2026-07-05,silverstone,bortoleto,Gabriel Bortoleto,audi,Audi,0.4006044523072387,19,8,CLASSIFIED,78,2026-08,2026-06-28
driver_form_season_weighted,2026-09,2026,9,2026-07-05,silverstone,stroll,Lance Stroll,aston_martin,Aston Martin,0.38251100387785386,20,19,CLASSIFIED,78,2026-08,2026-06-28
driver_form_season_weighted,2026-09,2026,9,2026-07-05,silverstone,colapinto,Franco Colapinto,alpine,Alpine F1 Team,0.343859649122807,21,9,CLASSIFIED,78,2026-08,2026-06-28
driver_form_season_weighted,2026-09,2026,9,2026-07-05,silverstone,bottas,Valtteri Bottas,cadillac,Cadillac F1 Team,0.26660533189513874,22,16,CLASSIFIED,78,2026-08,2026-06-28
driver_form_recent_5,2026-09,2026,9,2026-07-05,silverstone,hamilton,Lewis Hamilton,ferrari,Ferrari,0.8952380952380953,1,3,CLASSIFIED,78,2026-08,2026-06-28
driver_form_recent_5,2026-09,2026,9,2026-07-05,silverstone,antonelli,Andrea Kimi Antonelli,mercedes,Mercedes,0.8380952380952381,2,15,CLASSIFIED,78,2026-08,2026-06-28
driver_form_recent_5,2026-09,2026,9,2026-07-05,silverstone,max_verstappen,Max Verstappen,red_bull,Red Bull,0.8380952380952381,3,20,CLASSIFIED,78,2026-08,2026-06-28
driver_form_recent_5,2026-09,2026,9,2026-07-05,silverstone,norris,Lando Norris,mclaren,McLaren,0.8380952380952381,4,4,CLASSIFIED,78,2026-08,2026-06-28
driver_form_recent_5,2026-09,2026,9,2026-07-05,silverstone,russell,George Russell,mercedes,Mercedes,0.8285714285714286,5,2,CLASSIFIED,78,2026-08,2026-06-28
driver_form_recent_5,2026-09,2026,9,2026-07-05,silverstone,piastri,Oscar Piastri,mclaren,McLaren,0.7809523809523811,6,11,CLASSIFIED,78,2026-08,2026-06-28
driver_form_recent_5,2026-09,2026,9,2026-07-05,silverstone,hadjar,Isack Hadjar,red_bull,Red Bull,0.7333333333333333,7,5,CLASSIFIED,78,2026-08,2026-06-28
driver_form_recent_5,2026-09,2026,9,2026-07-05,silverstone,gasly,Pierre Gasly,alpine,Alpine F1 Team,0.6857142857142857,8,10,CLASSIFIED,78,2026-08,2026-06-28
driver_form_recent_5,2026-09,2026,9,2026-07-05,silverstone,leclerc,Charles Leclerc,ferrari,Ferrari,0.6857142857142857,9,1,CLASSIFIED,78,2026-08,2026-06-28
driver_form_recent_5,2026-09,2026,9,2026-07-05,silverstone,lawson,Liam Lawson,rb,RB F1 Team,0.6761904761904762,10,6,CLASSIFIED,78,2026-08,2026-06-28
driver_form_recent_5,2026-09,2026,9,2026-07-05,silverstone,colapinto,Franco Colapinto,alpine,Alpine F1 Team,0.5523809523809524,11,9,CLASSIFIED,78,2026-08,2026-06-28
driver_form_recent_5,2026-09,2026,9,2026-07-05,silverstone,arvid_lindblad,Arvid Lindblad,rb,RB F1 Team,0.5333333333333333,12,7,CLASSIFIED,78,2026-08,2026-06-28
driver_form_recent_5,2026-09,2026,9,2026-07-05,silverstone,bearman,Oliver Bearman,haas,Haas F1 Team,0.5047619047619047,13,12,CLASSIFIED,78,2026-08,2026-06-28
driver_form_recent_5,2026-09,2026,9,2026-07-05,silverstone,bortoleto,Gabriel Bortoleto,audi,Audi,0.49523809523809526,14,8,CLASSIFIED,78,2026-08,2026-06-28
driver_form_recent_5,2026-09,2026,9,2026-07-05,silverstone,hulkenberg,Nico Hülkenberg,audi,Audi,0.48571428571428577,15,22,DNF,78,2026-08,2026-06-28
driver_form_recent_5,2026-09,2026,9,2026-07-05,silverstone,sainz,Carlos Sainz,williams,Williams,0.4666666666666667,16,17,CLASSIFIED,78,2026-08,2026-06-28
driver_form_recent_5,2026-09,2026,9,2026-07-05,silverstone,ocon,Esteban Ocon,haas,Haas F1 Team,0.42857142857142855,17,13,CLASSIFIED,78,2026-08,2026-06-28
driver_form_recent_5,2026-09,2026,9,2026-07-05,silverstone,albon,Alexander Albon,williams,Williams,0.4095238095238095,18,21,DNF,78,2026-08,2026-06-28
driver_form_recent_5,2026-09,2026,9,2026-07-05,silverstone,alonso,Fernando Alonso,aston_martin,Aston Martin,0.4045112781954887,19,18,CLASSIFIED,78,2026-08,2026-06-28
driver_form_recent_5,2026-09,2026,9,2026-07-05,silverstone,perez,Sergio Pérez,cadillac,Cadillac F1 Team,0.31428571428571433,20,14,CLASSIFIED,78,2026-08,2026-06-28
driver_form_recent_5,2026-09,2026,9,2026-07-05,silverstone,bottas,Valtteri Bottas,cadillac,Cadillac F1 Team,0.3042606516290727,21,16,CLASSIFIED,78,2026-08,2026-06-28
driver_form_recent_5,2026-09,2026,9,2026-07-05,silverstone,stroll,Lance Stroll,aston_martin,Aston Martin,0.29323308270676696,22,19,CLASSIFIED,78,2026-08,2026-06-28
driver_form_recent_10,2026-09,2026,9,2026-07-05,silverstone,norris,Lando Norris,mclaren,McLaren,0.887468671679198,1,4,CLASSIFIED,78,2026-08,2026-06-28
driver_form_recent_10,2026-09,2026,9,2026-07-05,silverstone,max_verstappen,Max Verstappen,red_bull,Red Bull,0.8847117794486217,2,20,CLASSIFIED,78,2026-08,2026-06-28
driver_form_recent_10,2026-09,2026,9,2026-07-05,silverstone,russell,George Russell,mercedes,Mercedes,0.8568922305764411,3,2,CLASSIFIED,78,2026-08,2026-06-28
driver_form_recent_10,2026-09,2026,9,2026-07-05,silverstone,piastri,Oscar Piastri,mclaren,McLaren,0.8330827067669173,4,11,CLASSIFIED,78,2026-08,2026-06-28
driver_form_recent_10,2026-09,2026,9,2026-07-05,silverstone,antonelli,Andrea Kimi Antonelli,mercedes,Mercedes,0.819548872180451,5,15,CLASSIFIED,78,2026-08,2026-06-28
driver_form_recent_10,2026-09,2026,9,2026-07-05,silverstone,hamilton,Lewis Hamilton,ferrari,Ferrari,0.8052631578947368,6,3,CLASSIFIED,78,2026-08,2026-06-28
driver_form_recent_10,2026-09,2026,9,2026-07-05,silverstone,leclerc,Charles Leclerc,ferrari,Ferrari,0.7506265664160401,7,1,CLASSIFIED,78,2026-08,2026-06-28
driver_form_recent_10,2026-09,2026,9,2026-07-05,silverstone,hadjar,Isack Hadjar,red_bull,Red Bull,0.5964912280701754,8,5,CLASSIFIED,78,2026-08,2026-06-28
driver_form_recent_10,2026-09,2026,9,2026-07-05,silverstone,bearman,Oliver Bearman,haas,Haas F1 Team,0.5764411027568922,9,12,CLASSIFIED,78,2026-08,2026-06-28
driver_form_recent_10,2026-09,2026,9,2026-07-05,silverstone,lawson,Liam Lawson,rb,RB F1 Team,0.5523809523809524,10,6,CLASSIFIED,78,2026-08,2026-06-28
driver_form_recent_10,2026-09,2026,9,2026-07-05,silverstone,arvid_lindblad,Arvid Lindblad,rb,RB F1 Team,0.5442176870748299,11,7,CLASSIFIED,78,2026-08,2026-06-28
driver_form_recent_10,2026-09,2026,9,2026-07-05,silverstone,gasly,Pierre Gasly,alpine,Alpine F1 Team,0.5393483709273184,12,10,CLASSIFIED,78,2026-08,2026-06-28
driver_form_recent_10,2026-09,2026,9,2026-07-05,silverstone,sainz,Carlos Sainz,williams,Williams,0.5338345864661654,13,17,CLASSIFIED,78,2026-08,2026-06-28
driver_form_recent_10,2026-09,2026,9,2026-07-05,silverstone,hulkenberg,Nico Hülkenberg,audi,Audi,0.49022556390977445,14,22,DNF,78,2026-08,2026-06-28
driver_form_recent_10,2026-09,2026,9,2026-07-05,silverstone,bortoleto,Gabriel Bortoleto,audi,Audi,0.48922305764411034,15,8,CLASSIFIED,78,2026-08,2026-06-28
driver_form_recent_10,2026-09,2026,9,2026-07-05,silverstone,alonso,Fernando Alonso,aston_martin,Aston Martin,0.47067669172932336,16,18,CLASSIFIED,78,2026-08,2026-06-28
driver_form_recent_10,2026-09,2026,9,2026-07-05,silverstone,ocon,Esteban Ocon,haas,Haas F1 Team,0.45664160401002507,17,13,CLASSIFIED,78,2026-08,2026-06-28
driver_form_recent_10,2026-09,2026,9,2026-07-05,silverstone,colapinto,Franco Colapinto,alpine,Alpine F1 Team,0.43157894736842106,18,9,CLASSIFIED,78,2026-08,2026-06-28
driver_form_recent_10,2026-09,2026,9,2026-07-05,silverstone,albon,Alexander Albon,williams,Williams,0.39423558897243105,19,21,DNF,78,2026-08,2026-06-28
driver_form_recent_10,2026-09,2026,9,2026-07-05,silverstone,perez,Sergio Pérez,cadillac,Cadillac F1 Team,0.3699248120300752,20,14,CLASSIFIED,78,2026-08,2026-06-28
driver_form_recent_10,2026-09,2026,9,2026-07-05,silverstone,stroll,Lance Stroll,aston_martin,Aston Martin,0.28345864661654135,21,19,CLASSIFIED,78,2026-08,2026-06-28
driver_form_recent_10,2026-09,2026,9,2026-07-05,silverstone,bottas,Valtteri Bottas,cadillac,Cadillac F1 Team,0.2679197994987469,22,16,CLASSIFIED,78,2026-08,2026-06-28
constructor_teammate_unweighted,2026-09,2026,9,2026-07-05,silverstone,max_verstappen,Max Verstappen,red_bull,Red Bull,0.7402182757240323,1,20,CLASSIFIED,78,2026-08,2026-06-28
constructor_teammate_unweighted,2026-09,2026,9,2026-07-05,silverstone,leclerc,Charles Leclerc,ferrari,Ferrari,0.7028493357440726,2,1,CLASSIFIED,78,2026-08,2026-06-28
constructor_teammate_unweighted,2026-09,2026,9,2026-07-05,silverstone,hadjar,Isack Hadjar,red_bull,Red Bull,0.6974291102151514,3,5,CLASSIFIED,78,2026-08,2026-06-28
constructor_teammate_unweighted,2026-09,2026,9,2026-07-05,silverstone,norris,Lando Norris,mclaren,McLaren,0.6934155241043786,4,4,CLASSIFIED,78,2026-08,2026-06-28
constructor_teammate_unweighted,2026-09,2026,9,2026-07-05,silverstone,hamilton,Lewis Hamilton,ferrari,Ferrari,0.692318200212937,5,3,CLASSIFIED,78,2026-08,2026-06-28
constructor_teammate_unweighted,2026-09,2026,9,2026-07-05,silverstone,russell,George Russell,mercedes,Mercedes,0.6897927075969839,6,2,CLASSIFIED,78,2026-08,2026-06-28
constructor_teammate_unweighted,2026-09,2026,9,2026-07-05,silverstone,piastri,Oscar Piastri,mclaren,McLaren,0.6829002653693056,7,11,CLASSIFIED,78,2026-08,2026-06-28
constructor_teammate_unweighted,2026-09,2026,9,2026-07-05,silverstone,antonelli,Andrea Kimi Antonelli,mercedes,Mercedes,0.6571096544780755,8,15,CLASSIFIED,78,2026-08,2026-06-28
constructor_teammate_unweighted,2026-09,2026,9,2026-07-05,silverstone,alonso,Fernando Alonso,aston_martin,Aston Martin,0.5254802747609765,9,18,CLASSIFIED,78,2026-08,2026-06-28
constructor_teammate_unweighted,2026-09,2026,9,2026-07-05,silverstone,hulkenberg,Nico Hülkenberg,audi,Audi,0.5142997580157289,10,22,DNF,78,2026-08,2026-06-28
constructor_teammate_unweighted,2026-09,2026,9,2026-07-05,silverstone,bortoleto,Gabriel Bortoleto,audi,Audi,0.4973568790397045,11,8,CLASSIFIED,78,2026-08,2026-06-28
constructor_teammate_unweighted,2026-09,2026,9,2026-07-05,silverstone,stroll,Lance Stroll,aston_martin,Aston Martin,0.47410646987839966,12,19,CLASSIFIED,78,2026-08,2026-06-28
constructor_teammate_unweighted,2026-09,2026,9,2026-07-05,silverstone,albon,Alexander Albon,williams,Williams,0.4570657315286746,13,21,DNF,78,2026-08,2026-06-28
constructor_teammate_unweighted,2026-09,2026,9,2026-07-05,silverstone,lawson,Liam Lawson,rb,RB F1 Team,0.45643580753229873,14,6,CLASSIFIED,78,2026-08,2026-06-28
constructor_teammate_unweighted,2026-09,2026,9,2026-07-05,silverstone,arvid_lindblad,Arvid Lindblad,rb,RB F1 Team,0.4516928896314861,15,7,CLASSIFIED,78,2026-08,2026-06-28
constructor_teammate_unweighted,2026-09,2026,9,2026-07-05,silverstone,gasly,Pierre Gasly,alpine,Alpine F1 Team,0.45120582658495234,16,10,CLASSIFIED,78,2026-08,2026-06-28
constructor_teammate_unweighted,2026-09,2026,9,2026-07-05,silverstone,bearman,Oliver Bearman,haas,Haas F1 Team,0.4394600543566709,17,12,CLASSIFIED,78,2026-08,2026-06-28
constructor_teammate_unweighted,2026-09,2026,9,2026-07-05,silverstone,colapinto,Franco Colapinto,alpine,Alpine F1 Team,0.4307462274567537,18,9,CLASSIFIED,78,2026-08,2026-06-28
constructor_teammate_unweighted,2026-09,2026,9,2026-07-05,silverstone,sainz,Carlos Sainz,williams,Williams,0.42828004102242323,19,17,CLASSIFIED,78,2026-08,2026-06-28
constructor_teammate_unweighted,2026-09,2026,9,2026-07-05,silverstone,ocon,Esteban Ocon,haas,Haas F1 Team,0.4225237593212615,20,13,CLASSIFIED,78,2026-08,2026-06-28
constructor_teammate_unweighted,2026-09,2026,9,2026-07-05,silverstone,bottas,Valtteri Bottas,cadillac,Cadillac F1 Team,0.3597697368421052,21,16,CLASSIFIED,78,2026-08,2026-06-28
constructor_teammate_unweighted,2026-09,2026,9,2026-07-05,silverstone,perez,Sergio Pérez,cadillac,Cadillac F1 Team,0.32922484783387035,22,14,CLASSIFIED,78,2026-08,2026-06-28
constructor_teammate_season_weighted,2026-09,2026,9,2026-07-05,silverstone,max_verstappen,Max Verstappen,red_bull,Red Bull,0.722130532760012,1,20,CLASSIFIED,78,2026-08,2026-06-28
constructor_teammate_season_weighted,2026-09,2026,9,2026-07-05,silverstone,norris,Lando Norris,mclaren,McLaren,0.7172860377260787,2,4,CLASSIFIED,78,2026-08,2026-06-28
constructor_teammate_season_weighted,2026-09,2026,9,2026-07-05,silverstone,piastri,Oscar Piastri,mclaren,McLaren,0.714396211809937,3,11,CLASSIFIED,78,2026-08,2026-06-28
constructor_teammate_season_weighted,2026-09,2026,9,2026-07-05,silverstone,leclerc,Charles Leclerc,ferrari,Ferrari,0.7021846564263419,4,1,CLASSIFIED,78,2026-08,2026-06-28
constructor_teammate_season_weighted,2026-09,2026,9,2026-07-05,silverstone,russell,George Russell,mercedes,Mercedes,0.6999810829756383,5,2,CLASSIFIED,78,2026-08,2026-06-28
constructor_teammate_season_weighted,2026-09,2026,9,2026-07-05,silverstone,hamilton,Lewis Hamilton,ferrari,Ferrari,0.6915168100084955,6,3,CLASSIFIED,78,2026-08,2026-06-28
constructor_teammate_season_weighted,2026-09,2026,9,2026-07-05,silverstone,hadjar,Isack Hadjar,red_bull,Red Bull,0.6727608644636838,7,5,CLASSIFIED,78,2026-08,2026-06-28
constructor_teammate_season_weighted,2026-09,2026,9,2026-07-05,silverstone,antonelli,Andrea Kimi Antonelli,mercedes,Mercedes,0.6642742512411296,8,15,CLASSIFIED,78,2026-08,2026-06-28
constructor_teammate_season_weighted,2026-09,2026,9,2026-07-05,silverstone,hulkenberg,Nico Hülkenberg,audi,Audi,0.5144936204146731,9,22,DNF,78,2026-08,2026-06-28
constructor_teammate_season_weighted,2026-09,2026,9,2026-07-05,silverstone,bortoleto,Gabriel Bortoleto,audi,Audi,0.4978034224906528,10,8,CLASSIFIED,78,2026-08,2026-06-28
constructor_teammate_season_weighted,2026-09,2026,9,2026-07-05,silverstone,alonso,Fernando Alonso,aston_martin,Aston Martin,0.494190932787424,11,18,CLASSIFIED,78,2026-08,2026-06-28
constructor_teammate_season_weighted,2026-09,2026,9,2026-07-05,silverstone,albon,Alexander Albon,williams,Williams,0.47012955749480795,12,21,DNF,78,2026-08,2026-06-28
constructor_teammate_season_weighted,2026-09,2026,9,2026-07-05,silverstone,lawson,Liam Lawson,rb,RB F1 Team,0.46842704109141475,13,6,CLASSIFIED,78,2026-08,2026-06-28
constructor_teammate_season_weighted,2026-09,2026,9,2026-07-05,silverstone,arvid_lindblad,Arvid Lindblad,rb,RB F1 Team,0.46265863070374347,14,7,CLASSIFIED,78,2026-08,2026-06-28
constructor_teammate_season_weighted,2026-09,2026,9,2026-07-05,silverstone,bearman,Oliver Bearman,haas,Haas F1 Team,0.46099563898294005,15,12,CLASSIFIED,78,2026-08,2026-06-28
constructor_teammate_season_weighted,2026-09,2026,9,2026-07-05,silverstone,gasly,Pierre Gasly,alpine,Alpine F1 Team,0.4454878812292573,16,10,CLASSIFIED,78,2026-08,2026-06-28
constructor_teammate_season_weighted,2026-09,2026,9,2026-07-05,silverstone,sainz,Carlos Sainz,williams,Williams,0.4449561849954592,17,17,CLASSIFIED,78,2026-08,2026-06-28
constructor_teammate_season_weighted,2026-09,2026,9,2026-07-05,silverstone,stroll,Lance Stroll,aston_martin,Aston Martin,0.4436908086030893,18,19,CLASSIFIED,78,2026-08,2026-06-28
constructor_teammate_season_weighted,2026-09,2026,9,2026-07-05,silverstone,ocon,Esteban Ocon,haas,Haas F1 Team,0.4393462921593002,19,13,CLASSIFIED,78,2026-08,2026-06-28
constructor_teammate_season_weighted,2026-09,2026,9,2026-07-05,silverstone,colapinto,Franco Colapinto,alpine,Alpine F1 Team,0.41816059869821176,20,9,CLASSIFIED,78,2026-08,2026-06-28
constructor_teammate_season_weighted,2026-09,2026,9,2026-07-05,silverstone,bottas,Valtteri Bottas,cadillac,Cadillac F1 Team,0.3584795321637426,21,16,CLASSIFIED,78,2026-08,2026-06-28
constructor_teammate_season_weighted,2026-09,2026,9,2026-07-05,silverstone,perez,Sergio Pérez,cadillac,Cadillac F1 Team,0.3307912638739706,22,14,CLASSIFIED,78,2026-08,2026-06-28
constructor_teammate_recent_5,2026-09,2026,9,2026-07-05,silverstone,max_verstappen,Max Verstappen,red_bull,Red Bull,0.7743358395989974,1,20,CLASSIFIED,78,2026-08,2026-06-28
constructor_teammate_recent_5,2026-09,2026,9,2026-07-05,silverstone,antonelli,Andrea Kimi Antonelli,mercedes,Mercedes,0.7447619047619047,2,15,CLASSIFIED,78,2026-08,2026-06-28
constructor_teammate_recent_5,2026-09,2026,9,2026-07-05,silverstone,russell,George Russell,mercedes,Mercedes,0.7419047619047618,3,2,CLASSIFIED,78,2026-08,2026-06-28
constructor_teammate_recent_5,2026-09,2026,9,2026-07-05,silverstone,hamilton,Lewis Hamilton,ferrari,Ferrari,0.7323809523809524,4,3,CLASSIFIED,78,2026-08,2026-06-28
constructor_teammate_recent_5,2026-09,2026,9,2026-07-05,silverstone,hadjar,Isack Hadjar,red_bull,Red Bull,0.7211027568922306,5,5,CLASSIFIED,78,2026-08,2026-06-28
constructor_teammate_recent_5,2026-09,2026,9,2026-07-05,silverstone,piastri,Oscar Piastri,mclaren,McLaren,0.7025313283208021,6,11,CLASSIFIED,78,2026-08,2026-06-28
constructor_teammate_recent_5,2026-09,2026,9,2026-07-05,silverstone,norris,Lando Norris,mclaren,McLaren,0.6908020050125314,7,4,CLASSIFIED,78,2026-08,2026-06-28
constructor_teammate_recent_5,2026-09,2026,9,2026-07-05,silverstone,leclerc,Charles Leclerc,ferrari,Ferrari,0.680952380952381,8,1,CLASSIFIED,78,2026-08,2026-06-28
constructor_teammate_recent_5,2026-09,2026,9,2026-07-05,silverstone,gasly,Pierre Gasly,alpine,Alpine F1 Team,0.6161904761904762,9,10,CLASSIFIED,78,2026-08,2026-06-28
constructor_teammate_recent_5,2026-09,2026,9,2026-07-05,silverstone,lawson,Liam Lawson,rb,RB F1 Team,0.5985714285714285,10,6,CLASSIFIED,78,2026-08,2026-06-28
constructor_teammate_recent_5,2026-09,2026,9,2026-07-05,silverstone,arvid_lindblad,Arvid Lindblad,rb,RB F1 Team,0.5614285714285714,11,7,CLASSIFIED,78,2026-08,2026-06-28
constructor_teammate_recent_5,2026-09,2026,9,2026-07-05,silverstone,colapinto,Franco Colapinto,alpine,Alpine F1 Team,0.5504761904761905,12,9,CLASSIFIED,78,2026-08,2026-06-28
constructor_teammate_recent_5,2026-09,2026,9,2026-07-05,silverstone,hulkenberg,Nico Hülkenberg,audi,Audi,0.49315789473684213,13,22,DNF,78,2026-08,2026-06-28
constructor_teammate_recent_5,2026-09,2026,9,2026-07-05,silverstone,albon,Alexander Albon,williams,Williams,0.48907268170426055,14,21,DNF,78,2026-08,2026-06-28
constructor_teammate_recent_5,2026-09,2026,9,2026-07-05,silverstone,bortoleto,Gabriel Bortoleto,audi,Audi,0.4868421052631579,15,8,CLASSIFIED,78,2026-08,2026-06-28
constructor_teammate_recent_5,2026-09,2026,9,2026-07-05,silverstone,sainz,Carlos Sainz,williams,Williams,0.4842606516290726,16,17,CLASSIFIED,78,2026-08,2026-06-28
constructor_teammate_recent_5,2026-09,2026,9,2026-07-05,silverstone,bearman,Oliver Bearman,haas,Haas F1 Team,0.48190476190476195,17,12,CLASSIFIED,78,2026-08,2026-06-28
constructor_teammate_recent_5,2026-09,2026,9,2026-07-05,silverstone,ocon,Esteban Ocon,haas,Haas F1 Team,0.4447619047619048,18,13,CLASSIFIED,78,2026-08,2026-06-28
constructor_teammate_recent_5,2026-09,2026,9,2026-07-05,silverstone,alonso,Fernando Alonso,aston_martin,Aston Martin,0.4012781954887218,19,18,CLASSIFIED,78,2026-08,2026-06-28
constructor_teammate_recent_5,2026-09,2026,9,2026-07-05,silverstone,stroll,Lance Stroll,aston_martin,Aston Martin,0.3387218045112782,20,19,CLASSIFIED,78,2026-08,2026-06-28
constructor_teammate_recent_5,2026-09,2026,9,2026-07-05,silverstone,bottas,Valtteri Bottas,cadillac,Cadillac F1 Team,0.3345112781954887,21,16,CLASSIFIED,78,2026-08,2026-06-28
constructor_teammate_recent_5,2026-09,2026,9,2026-07-05,silverstone,perez,Sergio Pérez,cadillac,Cadillac F1 Team,0.329172932330827,22,14,CLASSIFIED,78,2026-08,2026-06-28
constructor_teammate_recent_10,2026-09,2026,9,2026-07-05,silverstone,russell,George Russell,mercedes,Mercedes,0.7457769423558898,1,2,CLASSIFIED,78,2026-08,2026-06-28
constructor_teammate_recent_10,2026-09,2026,9,2026-07-05,silverstone,max_verstappen,Max Verstappen,red_bull,Red Bull,0.7395363408521303,2,20,CLASSIFIED,78,2026-08,2026-06-28
constructor_teammate_recent_10,2026-09,2026,9,2026-07-05,silverstone,norris,Lando Norris,mclaren,McLaren,0.7363659147869674,3,4,CLASSIFIED,78,2026-08,2026-06-28
constructor_teammate_recent_10,2026-09,2026,9,2026-07-05,silverstone,antonelli,Andrea Kimi Antonelli,mercedes,Mercedes,0.7314160401002507,4,15,CLASSIFIED,78,2026-08,2026-06-28
constructor_teammate_recent_10,2026-09,2026,9,2026-07-05,silverstone,piastri,Oscar Piastri,mclaren,McLaren,0.7264411027568922,5,11,CLASSIFIED,78,2026-08,2026-06-28
constructor_teammate_recent_10,2026-09,2026,9,2026-07-05,silverstone,hamilton,Lewis Hamilton,ferrari,Ferrari,0.7018045112781954,6,3,CLASSIFIED,78,2026-08,2026-06-28
constructor_teammate_recent_10,2026-09,2026,9,2026-07-05,silverstone,leclerc,Charles Leclerc,ferrari,Ferrari,0.6950375939849623,7,1,CLASSIFIED,78,2026-08,2026-06-28
constructor_teammate_recent_10,2026-09,2026,9,2026-07-05,silverstone,hadjar,Isack Hadjar,red_bull,Red Bull,0.67265664160401,8,5,CLASSIFIED,78,2026-08,2026-06-28
constructor_teammate_recent_10,2026-09,2026,9,2026-07-05,silverstone,gasly,Pierre Gasly,alpine,Alpine F1 Team,0.5248621553884711,9,10,CLASSIFIED,78,2026-08,2026-06-28
constructor_teammate_recent_10,2026-09,2026,9,2026-07-05,silverstone,lawson,Liam Lawson,rb,RB F1 Team,0.5196616541353384,10,6,CLASSIFIED,78,2026-08,2026-06-28
constructor_teammate_recent_10,2026-09,2026,9,2026-07-05,silverstone,bortoleto,Gabriel Bortoleto,audi,Audi,0.5057456140350877,11,8,CLASSIFIED,78,2026-08,2026-06-28
constructor_teammate_recent_10,2026-09,2026,9,2026-07-05,silverstone,bearman,Oliver Bearman,haas,Haas F1 Team,0.5048621553884711,12,12,CLASSIFIED,78,2026-08,2026-06-28
constructor_teammate_recent_10,2026-09,2026,9,2026-07-05,silverstone,arvid_lindblad,Arvid Lindblad,rb,RB F1 Team,0.5036340852130325,13,7,CLASSIFIED,78,2026-08,2026-06-28
constructor_teammate_recent_10,2026-09,2026,9,2026-07-05,silverstone,hulkenberg,Nico Hülkenberg,audi,Audi,0.5025877192982455,14,22,DNF,78,2026-08,2026-06-28
constructor_teammate_recent_10,2026-09,2026,9,2026-07-05,silverstone,sainz,Carlos Sainz,williams,Williams,0.483796992481203,15,17,CLASSIFIED,78,2026-08,2026-06-28
constructor_teammate_recent_10,2026-09,2026,9,2026-07-05,silverstone,colapinto,Franco Colapinto,alpine,Alpine F1 Team,0.47899749373433587,16,9,CLASSIFIED,78,2026-08,2026-06-28
constructor_teammate_recent_10,2026-09,2026,9,2026-07-05,silverstone,ocon,Esteban Ocon,haas,Haas F1 Team,0.4726817042606516,17,13,CLASSIFIED,78,2026-08,2026-06-28
constructor_teammate_recent_10,2026-09,2026,9,2026-07-05,silverstone,albon,Alexander Albon,williams,Williams,0.4625187969924812,18,21,DNF,78,2026-08,2026-06-28
constructor_teammate_recent_10,2026-09,2026,9,2026-07-05,silverstone,alonso,Fernando Alonso,aston_martin,Aston Martin,0.42774436090225565,19,18,CLASSIFIED,78,2026-08,2026-06-28
constructor_teammate_recent_10,2026-09,2026,9,2026-07-05,silverstone,stroll,Lance Stroll,aston_martin,Aston Martin,0.3869924812030075,20,19,CLASSIFIED,78,2026-08,2026-06-28
constructor_teammate_recent_10,2026-09,2026,9,2026-07-05,silverstone,bottas,Valtteri Bottas,cadillac,Cadillac F1 Team,0.35335839598997487,21,16,CLASSIFIED,78,2026-08,2026-06-28
constructor_teammate_recent_10,2026-09,2026,9,2026-07-05,silverstone,perez,Sergio Pérez,cadillac,Cadillac F1 Team,0.3198997493734336,22,14,CLASSIFIED,78,2026-08,2026-06-28
previous_race_order,2026-10,2026,10,2026-07-19,spa,leclerc,Charles Leclerc,ferrari,Ferrari,1.0,1,2,CLASSIFIED,79,2026-09,2026-07-05
previous_race_order,2026-10,2026,10,2026-07-19,spa,russell,George Russell,mercedes,Mercedes,0.9523809523809523,2,22,DNF,79,2026-09,2026-07-05
previous_race_order,2026-10,2026,10,2026-07-19,spa,hamilton,Lewis Hamilton,ferrari,Ferrari,0.9047619047619048,3,4,CLASSIFIED,79,2026-09,2026-07-05
previous_race_order,2026-10,2026,10,2026-07-19,spa,norris,Lando Norris,mclaren,McLaren,0.8571428571428572,4,7,CLASSIFIED,79,2026-09,2026-07-05
previous_race_order,2026-10,2026,10,2026-07-19,spa,hadjar,Isack Hadjar,red_bull,Red Bull,0.8095238095238095,5,6,CLASSIFIED,79,2026-09,2026-07-05
previous_race_order,2026-10,2026,10,2026-07-19,spa,lawson,Liam Lawson,rb,RB F1 Team,0.7619047619047619,6,12,CLASSIFIED,79,2026-09,2026-07-05
previous_race_order,2026-10,2026,10,2026-07-19,spa,arvid_lindblad,Arvid Lindblad,rb,RB F1 Team,0.7142857142857143,7,9,CLASSIFIED,79,2026-09,2026-07-05
previous_race_order,2026-10,2026,10,2026-07-19,spa,bortoleto,Gabriel Bortoleto,audi,Audi,0.6666666666666667,8,8,CLASSIFIED,79,2026-09,2026-07-05
previous_race_order,2026-10,2026,10,2026-07-19,spa,colapinto,Franco Colapinto,alpine,Alpine F1 Team,0.6190476190476191,9,10,CLASSIFIED,79,2026-09,2026-07-05
previous_race_order,2026-10,2026,10,2026-07-19,spa,gasly,Pierre Gasly,alpine,Alpine F1 Team,0.5714285714285714,10,11,CLASSIFIED,79,2026-09,2026-07-05
previous_race_order,2026-10,2026,10,2026-07-19,spa,piastri,Oscar Piastri,mclaren,McLaren,0.5238095238095238,11,5,CLASSIFIED,79,2026-09,2026-07-05
previous_race_order,2026-10,2026,10,2026-07-19,spa,bearman,Oliver Bearman,haas,Haas F1 Team,0.47619047619047616,12,14,CLASSIFIED,79,2026-09,2026-07-05
previous_race_order,2026-10,2026,10,2026-07-19,spa,ocon,Esteban Ocon,haas,Haas F1 Team,0.4285714285714286,13,17,CLASSIFIED,79,2026-09,2026-07-05
previous_race_order,2026-10,2026,10,2026-07-19,spa,perez,Sergio Pérez,cadillac,Cadillac F1 Team,0.38095238095238093,14,21,DNF,79,2026-09,2026-07-05
previous_race_order,2026-10,2026,10,2026-07-19,spa,antonelli,Andrea Kimi Antonelli,mercedes,Mercedes,0.33333333333333337,15,1,CLASSIFIED,79,2026-09,2026-07-05
previous_race_order,2026-10,2026,10,2026-07-19,spa,bottas,Valtteri Bottas,cadillac,Cadillac F1 Team,0.2857142857142857,16,18,CLASSIFIED,79,2026-09,2026-07-05
previous_race_order,2026-10,2026,10,2026-07-19,spa,sainz,Carlos Sainz,williams,Williams,0.23809523809523814,17,16,CLASSIFIED,79,2026-09,2026-07-05
previous_race_order,2026-10,2026,10,2026-07-19,spa,alonso,Fernando Alonso,aston_martin,Aston Martin,0.19047619047619047,18,19,CLASSIFIED,79,2026-09,2026-07-05
previous_race_order,2026-10,2026,10,2026-07-19,spa,stroll,Lance Stroll,aston_martin,Aston Martin,0.1428571428571429,19,20,DNF,79,2026-09,2026-07-05
previous_race_order,2026-10,2026,10,2026-07-19,spa,max_verstappen,Max Verstappen,red_bull,Red Bull,0.09523809523809523,20,3,CLASSIFIED,79,2026-09,2026-07-05
previous_race_order,2026-10,2026,10,2026-07-19,spa,albon,Alexander Albon,williams,Williams,0.04761904761904767,21,15,CLASSIFIED,79,2026-09,2026-07-05
previous_race_order,2026-10,2026,10,2026-07-19,spa,hulkenberg,Nico Hülkenberg,audi,Audi,0.0,22,13,CLASSIFIED,79,2026-09,2026-07-05
driver_form_unweighted,2026-10,2026,10,2026-07-19,spa,max_verstappen,Max Verstappen,red_bull,Red Bull,0.9048454469507101,1,3,CLASSIFIED,79,2026-09,2026-07-05
driver_form_unweighted,2026-10,2026,10,2026-07-19,spa,leclerc,Charles Leclerc,ferrari,Ferrari,0.807362609422106,2,2,CLASSIFIED,79,2026-09,2026-07-05
driver_form_unweighted,2026-10,2026,10,2026-07-19,spa,norris,Lando Norris,mclaren,McLaren,0.7921323579218316,3,7,CLASSIFIED,79,2026-09,2026-07-05
driver_form_unweighted,2026-10,2026,10,2026-07-19,spa,russell,George Russell,mercedes,Mercedes,0.774945354253213,4,22,DNF,79,2026-09,2026-07-05
driver_form_unweighted,2026-10,2026,10,2026-07-19,spa,hamilton,Lewis Hamilton,ferrari,Ferrari,0.7572461245706861,5,4,CLASSIFIED,79,2026-09,2026-07-05
driver_form_unweighted,2026-10,2026,10,2026-07-19,spa,piastri,Oscar Piastri,mclaren,McLaren,0.7566311612364244,6,5,CLASSIFIED,79,2026-09,2026-07-05
driver_form_unweighted,2026-10,2026,10,2026-07-19,spa,antonelli,Andrea Kimi Antonelli,mercedes,Mercedes,0.686111831302394,7,1,CLASSIFIED,79,2026-09,2026-07-05
driver_form_unweighted,2026-10,2026,10,2026-07-19,spa,perez,Sergio Pérez,cadillac,Cadillac F1 Team,0.6655112959704225,8,21,DNF,79,2026-09,2026-07-05
driver_form_unweighted,2026-10,2026,10,2026-07-19,spa,sainz,Carlos Sainz,williams,Williams,0.645484484157253,9,16,CLASSIFIED,79,2026-09,2026-07-05
driver_form_unweighted,2026-10,2026,10,2026-07-19,spa,alonso,Fernando Alonso,aston_martin,Aston Martin,0.5767590618336887,10,19,CLASSIFIED,79,2026-09,2026-07-05
driver_form_unweighted,2026-10,2026,10,2026-07-19,spa,arvid_lindblad,Arvid Lindblad,rb,RB F1 Team,0.5654761904761905,11,9,CLASSIFIED,79,2026-09,2026-07-05
driver_form_unweighted,2026-10,2026,10,2026-07-19,spa,hadjar,Isack Hadjar,red_bull,Red Bull,0.5288220551378446,12,6,CLASSIFIED,79,2026-09,2026-07-05
driver_form_unweighted,2026-10,2026,10,2026-07-19,spa,bearman,Oliver Bearman,haas,Haas F1 Team,0.5020077074406446,13,14,CLASSIFIED,79,2026-09,2026-07-05
driver_form_unweighted,2026-10,2026,10,2026-07-19,spa,lawson,Liam Lawson,rb,RB F1 Team,0.4721232906828475,14,12,CLASSIFIED,79,2026-09,2026-07-05
driver_form_unweighted,2026-10,2026,10,2026-07-19,spa,albon,Alexander Albon,williams,Williams,0.4643414090782512,15,15,CLASSIFIED,79,2026-09,2026-07-05
driver_form_unweighted,2026-10,2026,10,2026-07-19,spa,gasly,Pierre Gasly,alpine,Alpine F1 Team,0.4558479532163743,16,11,CLASSIFIED,79,2026-09,2026-07-05
driver_form_unweighted,2026-10,2026,10,2026-07-19,spa,ocon,Esteban Ocon,haas,Haas F1 Team,0.4334386691366096,17,17,CLASSIFIED,79,2026-09,2026-07-05
driver_form_unweighted,2026-10,2026,10,2026-07-19,spa,hulkenberg,Nico Hülkenberg,audi,Audi,0.4190700632177459,18,13,CLASSIFIED,79,2026-09,2026-07-05
driver_form_unweighted,2026-10,2026,10,2026-07-19,spa,stroll,Lance Stroll,aston_martin,Aston Martin,0.41389280492898917,19,20,DNF,79,2026-09,2026-07-05
driver_form_unweighted,2026-10,2026,10,2026-07-19,spa,bortoleto,Gabriel Bortoleto,audi,Audi,0.40157492496673786,20,8,CLASSIFIED,79,2026-09,2026-07-05
driver_form_unweighted,2026-10,2026,10,2026-07-19,spa,colapinto,Franco Colapinto,alpine,Alpine F1 Team,0.3470133667502089,21,10,CLASSIFIED,79,2026-09,2026-07-05
driver_form_unweighted,2026-10,2026,10,2026-07-19,spa,bottas,Valtteri Bottas,cadillac,Cadillac F1 Team,0.2844520722095093,22,18,CLASSIFIED,79,2026-09,2026-07-05
driver_form_season_weighted,2026-10,2026,10,2026-07-19,spa,max_verstappen,Max Verstappen,red_bull,Red Bull,0.8765929976456293,1,3,CLASSIFIED,79,2026-09,2026-07-05
driver_form_season_weighted,2026-10,2026,10,2026-07-19,spa,norris,Lando Norris,mclaren,McLaren,0.8226868611858865,2,7,CLASSIFIED,79,2026-09,2026-07-05
driver_form_season_weighted,2026-10,2026,10,2026-07-19,spa,piastri,Oscar Piastri,mclaren,McLaren,0.803079126387397,3,5,CLASSIFIED,79,2026-09,2026-07-05
driver_form_season_weighted,2026-10,2026,10,2026-07-19,spa,leclerc,Charles Leclerc,ferrari,Ferrari,0.8024755982783964,4,2,CLASSIFIED,79,2026-09,2026-07-05
driver_form_season_weighted,2026-10,2026,10,2026-07-19,spa,russell,George Russell,mercedes,Mercedes,0.7987208540312858,5,22,DNF,79,2026-09,2026-07-05
driver_form_season_weighted,2026-10,2026,10,2026-07-19,spa,hamilton,Lewis Hamilton,ferrari,Ferrari,0.7565155219336686,6,4,CLASSIFIED,79,2026-09,2026-07-05
driver_form_season_weighted,2026-10,2026,10,2026-07-19,spa,antonelli,Andrea Kimi Antonelli,mercedes,Mercedes,0.6996658312447787,7,1,CLASSIFIED,79,2026-09,2026-07-05
driver_form_season_weighted,2026-10,2026,10,2026-07-19,spa,sainz,Carlos Sainz,williams,Williams,0.5935211405136217,8,16,CLASSIFIED,79,2026-09,2026-07-05
driver_form_season_weighted,2026-10,2026,10,2026-07-19,spa,perez,Sergio Pérez,cadillac,Cadillac F1 Team,0.5763461684514316,9,21,DNF,79,2026-09,2026-07-05
driver_form_season_weighted,2026-10,2026,10,2026-07-19,spa,arvid_lindblad,Arvid Lindblad,rb,RB F1 Team,0.5654761904761905,10,9,CLASSIFIED,79,2026-09,2026-07-05
driver_form_season_weighted,2026-10,2026,10,2026-07-19,spa,hadjar,Isack Hadjar,red_bull,Red Bull,0.5441529355303152,11,6,CLASSIFIED,79,2026-09,2026-07-05
driver_form_season_weighted,2026-10,2026,10,2026-07-19,spa,alonso,Fernando Alonso,aston_martin,Aston Martin,0.523032523032523,12,19,CLASSIFIED,79,2026-09,2026-07-05
driver_form_season_weighted,2026-10,2026,10,2026-07-19,spa,bearman,Oliver Bearman,haas,Haas F1 Team,0.5027775624628582,13,14,CLASSIFIED,79,2026-09,2026-07-05
driver_form_season_weighted,2026-10,2026,10,2026-07-19,spa,lawson,Liam Lawson,rb,RB F1 Team,0.49952711968600744,14,12,CLASSIFIED,79,2026-09,2026-07-05
driver_form_season_weighted,2026-10,2026,10,2026-07-19,spa,albon,Alexander Albon,williams,Williams,0.47189311662995875,15,15,CLASSIFIED,79,2026-09,2026-07-05
driver_form_season_weighted,2026-10,2026,10,2026-07-19,spa,gasly,Pierre Gasly,alpine,Alpine F1 Team,0.45203553756185333,16,11,CLASSIFIED,79,2026-09,2026-07-05
driver_form_season_weighted,2026-10,2026,10,2026-07-19,spa,hulkenberg,Nico Hülkenberg,audi,Audi,0.4457180246653931,17,13,CLASSIFIED,79,2026-09,2026-07-05
driver_form_season_weighted,2026-10,2026,10,2026-07-19,spa,ocon,Esteban Ocon,haas,Haas F1 Team,0.4192613435429064,18,17,CLASSIFIED,79,2026-09,2026-07-05
driver_form_season_weighted,2026-10,2026,10,2026-07-19,spa,bortoleto,Gabriel Bortoleto,audi,Audi,0.41256230463799953,19,8,CLASSIFIED,79,2026-09,2026-07-05
driver_form_season_weighted,2026-10,2026,10,2026-07-19,spa,stroll,Lance Stroll,aston_martin,Aston Martin,0.37556451515261585,20,20,DNF,79,2026-09,2026-07-05
driver_form_season_weighted,2026-10,2026,10,2026-07-19,spa,colapinto,Franco Colapinto,alpine,Alpine F1 Team,0.354978354978355,21,10,CLASSIFIED,79,2026-09,2026-07-05
driver_form_season_weighted,2026-10,2026,10,2026-07-19,spa,bottas,Valtteri Bottas,cadillac,Cadillac F1 Team,0.26752624533220604,22,18,CLASSIFIED,79,2026-09,2026-07-05
driver_form_recent_5,2026-10,2026,10,2026-07-19,spa,hamilton,Lewis Hamilton,ferrari,Ferrari,0.9238095238095237,1,4,CLASSIFIED,79,2026-09,2026-07-05
driver_form_recent_5,2026-10,2026,10,2026-07-19,spa,norris,Lando Norris,mclaren,McLaren,0.8476190476190476,2,7,CLASSIFIED,79,2026-09,2026-07-05
driver_form_recent_5,2026-10,2026,10,2026-07-19,spa,russell,George Russell,mercedes,Mercedes,0.8476190476190476,3,22,DNF,79,2026-09,2026-07-05
driver_form_recent_5,2026-10,2026,10,2026-07-19,spa,hadjar,Isack Hadjar,red_bull,Red Bull,0.8,4,6,CLASSIFIED,79,2026-09,2026-07-05
driver_form_recent_5,2026-10,2026,10,2026-07-19,spa,max_verstappen,Max Verstappen,red_bull,Red Bull,0.7238095238095238,5,3,CLASSIFIED,79,2026-09,2026-07-05
driver_form_recent_5,2026-10,2026,10,2026-07-19,spa,leclerc,Charles Leclerc,ferrari,Ferrari,0.7047619047619048,6,2,CLASSIFIED,79,2026-09,2026-07-05
driver_form_recent_5,2026-10,2026,10,2026-07-19,spa,antonelli,Andrea Kimi Antonelli,mercedes,Mercedes,0.7047619047619047,7,1,CLASSIFIED,79,2026-09,2026-07-05
driver_form_recent_5,2026-10,2026,10,2026-07-19,spa,lawson,Liam Lawson,rb,RB F1 Team,0.7047619047619047,8,12,CLASSIFIED,79,2026-09,2026-07-05
driver_form_recent_5,2026-10,2026,10,2026-07-19,spa,piastri,Oscar Piastri,mclaren,McLaren,0.7047619047619047,9,5,CLASSIFIED,79,2026-09,2026-07-05
driver_form_recent_5,2026-10,2026,10,2026-07-19,spa,gasly,Pierre Gasly,alpine,Alpine F1 Team,0.6571428571428571,10,11,CLASSIFIED,79,2026-09,2026-07-05
driver_form_recent_5,2026-10,2026,10,2026-07-19,spa,arvid_lindblad,Arvid Lindblad,rb,RB F1 Team,0.6,11,9,CLASSIFIED,79,2026-09,2026-07-05
driver_form_recent_5,2026-10,2026,10,2026-07-19,spa,bortoleto,Gabriel Bortoleto,audi,Audi,0.5333333333333334,12,8,CLASSIFIED,79,2026-09,2026-07-05
driver_form_recent_5,2026-10,2026,10,2026-07-19,spa,colapinto,Franco Colapinto,alpine,Alpine F1 Team,0.5333333333333333,13,10,CLASSIFIED,79,2026-09,2026-07-05
driver_form_recent_5,2026-10,2026,10,2026-07-19,spa,hulkenberg,Nico Hülkenberg,audi,Audi,0.48571428571428577,14,13,CLASSIFIED,79,2026-09,2026-07-05
driver_form_recent_5,2026-10,2026,10,2026-07-19,spa,sainz,Carlos Sainz,williams,Williams,0.44761904761904764,15,16,CLASSIFIED,79,2026-09,2026-07-05
driver_form_recent_5,2026-10,2026,10,2026-07-19,spa,bearman,Oliver Bearman,haas,Haas F1 Team,0.43809523809523815,16,14,CLASSIFIED,79,2026-09,2026-07-05
driver_form_recent_5,2026-10,2026,10,2026-07-19,spa,ocon,Esteban Ocon,haas,Haas F1 Team,0.42857142857142855,17,17,CLASSIFIED,79,2026-09,2026-07-05
driver_form_recent_5,2026-10,2026,10,2026-07-19,spa,albon,Alexander Albon,williams,Williams,0.4095238095238095,18,15,CLASSIFIED,79,2026-09,2026-07-05
driver_form_recent_5,2026-10,2026,10,2026-07-19,spa,perez,Sergio Pérez,cadillac,Cadillac F1 Team,0.3238095238095238,19,21,DNF,79,2026-09,2026-07-05
driver_form_recent_5,2026-10,2026,10,2026-07-19,spa,alonso,Fernando Alonso,aston_martin,Aston Martin,0.29523809523809524,20,19,CLASSIFIED,79,2026-09,2026-07-05
driver_form_recent_5,2026-10,2026,10,2026-07-19,spa,stroll,Lance Stroll,aston_martin,Aston Martin,0.2796992481203008,21,20,DNF,79,2026-09,2026-07-05
driver_form_recent_5,2026-10,2026,10,2026-07-19,spa,bottas,Valtteri Bottas,cadillac,Cadillac F1 Team,0.2666666666666667,22,18,CLASSIFIED,79,2026-09,2026-07-05
driver_form_recent_10,2026-10,2026,10,2026-07-19,spa,norris,Lando Norris,mclaren,McLaren,0.8784461152882205,1,7,CLASSIFIED,79,2026-09,2026-07-05
driver_form_recent_10,2026-10,2026,10,2026-07-19,spa,russell,George Russell,mercedes,Mercedes,0.8573934837092733,2,22,DNF,79,2026-09,2026-07-05
driver_form_recent_10,2026-10,2026,10,2026-07-19,spa,hamilton,Lewis Hamilton,ferrari,Ferrari,0.8536340852130326,3,4,CLASSIFIED,79,2026-09,2026-07-05
driver_form_recent_10,2026-10,2026,10,2026-07-19,spa,piastri,Oscar Piastri,mclaren,McLaren,0.8065162907268171,4,5,CLASSIFIED,79,2026-09,2026-07-05
driver_form_recent_10,2026-10,2026,10,2026-07-19,spa,max_verstappen,Max Verstappen,red_bull,Red Bull,0.8047619047619048,5,3,CLASSIFIED,79,2026-09,2026-07-05
driver_form_recent_10,2026-10,2026,10,2026-07-19,spa,antonelli,Andrea Kimi Antonelli,mercedes,Mercedes,0.7739348370927319,6,1,CLASSIFIED,79,2026-09,2026-07-05
driver_form_recent_10,2026-10,2026,10,2026-07-19,spa,leclerc,Charles Leclerc,ferrari,Ferrari,0.7664160401002507,7,2,CLASSIFIED,79,2026-09,2026-07-05
driver_form_recent_10,2026-10,2026,10,2026-07-19,spa,hadjar,Isack Hadjar,red_bull,Red Bull,0.6142857142857143,8,6,CLASSIFIED,79,2026-09,2026-07-05
driver_form_recent_10,2026-10,2026,10,2026-07-19,spa,lawson,Liam Lawson,rb,RB F1 Team,0.5969924812030075,9,12,CLASSIFIED,79,2026-09,2026-07-05
driver_form_recent_10,2026-10,2026,10,2026-07-19,spa,arvid_lindblad,Arvid Lindblad,rb,RB F1 Team,0.5654761904761905,10,9,CLASSIFIED,79,2026-09,2026-07-05
driver_form_recent_10,2026-10,2026,10,2026-07-19,spa,gasly,Pierre Gasly,alpine,Alpine F1 Team,0.5596491228070175,11,11,CLASSIFIED,79,2026-09,2026-07-05
driver_form_recent_10,2026-10,2026,10,2026-07-19,spa,bearman,Oliver Bearman,haas,Haas F1 Team,0.5398496240601504,12,14,CLASSIFIED,79,2026-09,2026-07-05
driver_form_recent_10,2026-10,2026,10,2026-07-19,spa,bortoleto,Gabriel Bortoleto,audi,Audi,0.5032581453634085,13,8,CLASSIFIED,79,2026-09,2026-07-05
driver_form_recent_10,2026-10,2026,10,2026-07-19,spa,hulkenberg,Nico Hülkenberg,audi,Audi,0.49022556390977445,14,13,CLASSIFIED,79,2026-09,2026-07-05
driver_form_recent_10,2026-10,2026,10,2026-07-19,spa,sainz,Carlos Sainz,williams,Williams,0.4786967418546366,15,16,CLASSIFIED,79,2026-09,2026-07-05
driver_form_recent_10,2026-10,2026,10,2026-07-19,spa,ocon,Esteban Ocon,haas,Haas F1 Team,0.4731829573934837,16,17,CLASSIFIED,79,2026-09,2026-07-05
driver_form_recent_10,2026-10,2026,10,2026-07-19,spa,colapinto,Franco Colapinto,alpine,Alpine F1 Team,0.4619047619047619,17,10,CLASSIFIED,79,2026-09,2026-07-05
driver_form_recent_10,2026-10,2026,10,2026-07-19,spa,alonso,Fernando Alonso,aston_martin,Aston Martin,0.4213032581453634,18,19,CLASSIFIED,79,2026-09,2026-07-05
driver_form_recent_10,2026-10,2026,10,2026-07-19,spa,albon,Alexander Albon,williams,Williams,0.39423558897243105,19,15,CLASSIFIED,79,2026-09,2026-07-05
driver_form_recent_10,2026-10,2026,10,2026-07-19,spa,perez,Sergio Pérez,cadillac,Cadillac F1 Team,0.33959899749373434,20,21,DNF,79,2026-09,2026-07-05
driver_form_recent_10,2026-10,2026,10,2026-07-19,spa,stroll,Lance Stroll,aston_martin,Aston Martin,0.287218045112782,21,20,DNF,79,2026-09,2026-07-05
driver_form_recent_10,2026-10,2026,10,2026-07-19,spa,bottas,Valtteri Bottas,cadillac,Cadillac F1 Team,0.2754385964912281,22,18,CLASSIFIED,79,2026-09,2026-07-05
constructor_teammate_unweighted,2026-10,2026,10,2026-07-19,spa,max_verstappen,Max Verstappen,red_bull,Red Bull,0.7349865006560543,1,3,CLASSIFIED,79,2026-09,2026-07-05
constructor_teammate_unweighted,2026-10,2026,10,2026-07-19,spa,leclerc,Charles Leclerc,ferrari,Ferrari,0.7045685932001721,2,2,CLASSIFIED,79,2026-09,2026-07-05
constructor_teammate_unweighted,2026-10,2026,10,2026-07-19,spa,hadjar,Isack Hadjar,red_bull,Red Bull,0.6989288886773897,3,6,CLASSIFIED,79,2026-09,2026-07-05
constructor_teammate_unweighted,2026-10,2026,10,2026-07-19,spa,hamilton,Lewis Hamilton,ferrari,Ferrari,0.6937641198956989,4,4,CLASSIFIED,79,2026-09,2026-07-05
constructor_teammate_unweighted,2026-10,2026,10,2026-07-19,spa,norris,Lando Norris,mclaren,McLaren,0.6933519569675175,5,7,CLASSIFIED,79,2026-09,2026-07-05
constructor_teammate_unweighted,2026-10,2026,10,2026-07-19,spa,russell,George Russell,mercedes,Mercedes,0.6900594068748632,6,22,DNF,79,2026-09,2026-07-05
constructor_teammate_unweighted,2026-10,2026,10,2026-07-19,spa,piastri,Oscar Piastri,mclaren,McLaren,0.6815398179242572,7,5,CLASSIFIED,79,2026-09,2026-07-05
constructor_teammate_unweighted,2026-10,2026,10,2026-07-19,spa,antonelli,Andrea Kimi Antonelli,mercedes,Mercedes,0.6536103859709551,8,1,CLASSIFIED,79,2026-09,2026-07-05
constructor_teammate_unweighted,2026-10,2026,10,2026-07-19,spa,hulkenberg,Nico Hülkenberg,audi,Audi,0.526799758015729,9,13,CLASSIFIED,79,2026-09,2026-07-05
constructor_teammate_unweighted,2026-10,2026,10,2026-07-19,spa,alonso,Fernando Alonso,aston_martin,Aston Martin,0.5220756536476758,10,19,CLASSIFIED,79,2026-09,2026-07-05
constructor_teammate_unweighted,2026-10,2026,10,2026-07-19,spa,bortoleto,Gabriel Bortoleto,audi,Audi,0.5098568790397044,11,8,CLASSIFIED,79,2026-09,2026-07-05
constructor_teammate_unweighted,2026-10,2026,10,2026-07-19,spa,stroll,Lance Stroll,aston_martin,Aston Martin,0.4713761776850419,12,20,DNF,79,2026-09,2026-07-05
constructor_teammate_unweighted,2026-10,2026,10,2026-07-19,spa,lawson,Liam Lawson,rb,RB F1 Team,0.4605219599801643,13,12,CLASSIFIED,79,2026-09,2026-07-05
constructor_teammate_unweighted,2026-10,2026,10,2026-07-19,spa,arvid_lindblad,Arvid Lindblad,rb,RB F1 Team,0.45576847964066014,14,9,CLASSIFIED,79,2026-09,2026-07-05
constructor_teammate_unweighted,2026-10,2026,10,2026-07-19,spa,albon,Alexander Albon,williams,Williams,0.4554548048124847,15,15,CLASSIFIED,79,2026-09,2026-07-05
constructor_teammate_unweighted,2026-10,2026,10,2026-07-19,spa,gasly,Pierre Gasly,alpine,Alpine F1 Team,0.4525379153010732,16,11,CLASSIFIED,79,2026-09,2026-07-05
constructor_teammate_unweighted,2026-10,2026,10,2026-07-19,spa,bearman,Oliver Bearman,haas,Haas F1 Team,0.4398027562274386,17,14,CLASSIFIED,79,2026-09,2026-07-05
constructor_teammate_unweighted,2026-10,2026,10,2026-07-19,spa,colapinto,Franco Colapinto,alpine,Alpine F1 Team,0.4330653913987247,18,10,CLASSIFIED,79,2026-09,2026-07-05
constructor_teammate_unweighted,2026-10,2026,10,2026-07-19,spa,sainz,Carlos Sainz,williams,Williams,0.4266691143062334,19,16,CLASSIFIED,79,2026-09,2026-07-05
constructor_teammate_unweighted,2026-10,2026,10,2026-07-19,spa,ocon,Esteban Ocon,haas,Haas F1 Team,0.4229909710172868,20,17,CLASSIFIED,79,2026-09,2026-07-05
constructor_teammate_unweighted,2026-10,2026,10,2026-07-19,spa,bottas,Valtteri Bottas,cadillac,Cadillac F1 Team,0.3623914970352711,21,18,CLASSIFIED,79,2026-09,2026-07-05
constructor_teammate_unweighted,2026-10,2026,10,2026-07-19,spa,perez,Sergio Pérez,cadillac,Cadillac F1 Team,0.33323789123972725,22,21,DNF,79,2026-09,2026-07-05
constructor_teammate_season_weighted,2026-10,2026,10,2026-07-19,spa,norris,Lando Norris,mclaren,McLaren,0.7166337963573652,1,7,CLASSIFIED,79,2026-09,2026-07-05
constructor_teammate_season_weighted,2026-10,2026,10,2026-07-19,spa,max_verstappen,Max Verstappen,red_bull,Red Bull,0.7130577035264869,2,3,CLASSIFIED,79,2026-09,2026-07-05
constructor_teammate_season_weighted,2026-10,2026,10,2026-07-19,spa,piastri,Oscar Piastri,mclaren,McLaren,0.7111884395442798,3,5,CLASSIFIED,79,2026-09,2026-07-05
constructor_teammate_season_weighted,2026-10,2026,10,2026-07-19,spa,leclerc,Charles Leclerc,ferrari,Ferrari,0.7052848953331822,4,2,CLASSIFIED,79,2026-09,2026-07-05
constructor_teammate_season_weighted,2026-10,2026,10,2026-07-19,spa,russell,George Russell,mercedes,Mercedes,0.7001648825832523,5,22,DNF,79,2026-09,2026-07-05
constructor_teammate_season_weighted,2026-10,2026,10,2026-07-19,spa,hamilton,Lewis Hamilton,ferrari,Ferrari,0.6941486034328914,6,4,CLASSIFIED,79,2026-09,2026-07-05
constructor_teammate_season_weighted,2026-10,2026,10,2026-07-19,spa,hadjar,Isack Hadjar,red_bull,Red Bull,0.6736882623773305,7,6,CLASSIFIED,79,2026-09,2026-07-05
constructor_teammate_season_weighted,2026-10,2026,10,2026-07-19,spa,antonelli,Andrea Kimi Antonelli,mercedes,Mercedes,0.659243742192152,8,1,CLASSIFIED,79,2026-09,2026-07-05
constructor_teammate_season_weighted,2026-10,2026,10,2026-07-19,spa,hulkenberg,Nico Hülkenberg,audi,Audi,0.526993620414673,9,13,CLASSIFIED,79,2026-09,2026-07-05
constructor_teammate_season_weighted,2026-10,2026,10,2026-07-19,spa,bortoleto,Gabriel Bortoleto,audi,Audi,0.5103034224906529,10,8,CLASSIFIED,79,2026-09,2026-07-05
constructor_teammate_season_weighted,2026-10,2026,10,2026-07-19,spa,alonso,Fernando Alonso,aston_martin,Aston Martin,0.488687039757592,11,19,CLASSIFIED,79,2026-09,2026-07-05
constructor_teammate_season_weighted,2026-10,2026,10,2026-07-19,spa,lawson,Liam Lawson,rb,RB F1 Team,0.47402376791643475,12,12,CLASSIFIED,79,2026-09,2026-07-05
constructor_teammate_season_weighted,2026-10,2026,10,2026-07-19,spa,arvid_lindblad,Arvid Lindblad,rb,RB F1 Team,0.4681506667962875,13,9,CLASSIFIED,79,2026-09,2026-07-05
constructor_teammate_season_weighted,2026-10,2026,10,2026-07-19,spa,albon,Alexander Albon,williams,Williams,0.46689378675446785,14,15,CLASSIFIED,79,2026-09,2026-07-05
constructor_teammate_season_weighted,2026-10,2026,10,2026-07-19,spa,bearman,Oliver Bearman,haas,Haas F1 Team,0.461170068410486,15,14,CLASSIFIED,79,2026-09,2026-07-05
constructor_teammate_season_weighted,2026-10,2026,10,2026-07-19,spa,gasly,Pierre Gasly,alpine,Alpine F1 Team,0.4479415731049559,16,11,CLASSIFIED,79,2026-09,2026-07-05
constructor_teammate_season_weighted,2026-10,2026,10,2026-07-19,spa,sainz,Carlos Sainz,williams,Williams,0.4417204142551191,17,16,CLASSIFIED,79,2026-09,2026-07-05
constructor_teammate_season_weighted,2026-10,2026,10,2026-07-19,spa,ocon,Esteban Ocon,haas,Haas F1 Team,0.43981573148120634,18,17,CLASSIFIED,79,2026-09,2026-07-05
constructor_teammate_season_weighted,2026-10,2026,10,2026-07-19,spa,stroll,Lance Stroll,aston_martin,Aston Martin,0.4394465472219049,19,20,DNF,79,2026-09,2026-07-05
constructor_teammate_season_weighted,2026-10,2026,10,2026-07-19,spa,colapinto,Franco Colapinto,alpine,Alpine F1 Team,0.4222111702525265,20,10,CLASSIFIED,79,2026-09,2026-07-05
constructor_teammate_season_weighted,2026-10,2026,10,2026-07-19,spa,bottas,Valtteri Bottas,cadillac,Cadillac F1 Team,0.3607301644522265,21,18,CLASSIFIED,79,2026-09,2026-07-05
constructor_teammate_season_weighted,2026-10,2026,10,2026-07-19,spa,perez,Sergio Pérez,cadillac,Cadillac F1 Team,0.3360927656980289,22,21,DNF,79,2026-09,2026-07-05
constructor_teammate_recent_5,2026-10,2026,10,2026-07-19,spa,hamilton,Lewis Hamilton,ferrari,Ferrari,0.7671428571428571,1,4,CLASSIFIED,79,2026-09,2026-07-05
constructor_teammate_recent_5,2026-10,2026,10,2026-07-19,spa,russell,George Russell,mercedes,Mercedes,0.7247619047619047,2,22,DNF,79,2026-09,2026-07-05
constructor_teammate_recent_5,2026-10,2026,10,2026-07-19,spa,leclerc,Charles Leclerc,ferrari,Ferrari,0.7128571428571429,3,2,CLASSIFIED,79,2026-09,2026-07-05
constructor_teammate_recent_5,2026-10,2026,10,2026-07-19,spa,hadjar,Isack Hadjar,red_bull,Red Bull,0.6909523809523809,4,6,CLASSIFIED,79,2026-09,2026-07-05
constructor_teammate_recent_5,2026-10,2026,10,2026-07-19,spa,max_verstappen,Max Verstappen,red_bull,Red Bull,0.6823809523809523,5,3,CLASSIFIED,79,2026-09,2026-07-05
constructor_teammate_recent_5,2026-10,2026,10,2026-07-19,spa,antonelli,Andrea Kimi Antonelli,mercedes,Mercedes,0.6819047619047619,6,1,CLASSIFIED,79,2026-09,2026-07-05
constructor_teammate_recent_5,2026-10,2026,10,2026-07-19,spa,norris,Lando Norris,mclaren,McLaren,0.669047619047619,7,7,CLASSIFIED,79,2026-09,2026-07-05
constructor_teammate_recent_5,2026-10,2026,10,2026-07-19,spa,piastri,Oscar Piastri,mclaren,McLaren,0.6576190476190475,8,5,CLASSIFIED,79,2026-09,2026-07-05
constructor_teammate_recent_5,2026-10,2026,10,2026-07-19,spa,lawson,Liam Lawson,rb,RB F1 Team,0.6428571428571428,9,12,CLASSIFIED,79,2026-09,2026-07-05
constructor_teammate_recent_5,2026-10,2026,10,2026-07-19,spa,arvid_lindblad,Arvid Lindblad,rb,RB F1 Team,0.6171428571428571,10,9,CLASSIFIED,79,2026-09,2026-07-05
constructor_teammate_recent_5,2026-10,2026,10,2026-07-19,spa,gasly,Pierre Gasly,alpine,Alpine F1 Team,0.5852380952380952,11,11,CLASSIFIED,79,2026-09,2026-07-05
constructor_teammate_recent_5,2026-10,2026,10,2026-07-19,spa,colapinto,Franco Colapinto,alpine,Alpine F1 Team,0.5480952380952381,12,10,CLASSIFIED,79,2026-09,2026-07-05
constructor_teammate_recent_5,2026-10,2026,10,2026-07-19,spa,hulkenberg,Nico Hülkenberg,audi,Audi,0.5198245614035087,13,13,CLASSIFIED,79,2026-09,2026-07-05
constructor_teammate_recent_5,2026-10,2026,10,2026-07-19,spa,bortoleto,Gabriel Bortoleto,audi,Audi,0.5135087719298246,14,8,CLASSIFIED,79,2026-09,2026-07-05
constructor_teammate_recent_5,2026-10,2026,10,2026-07-19,spa,bearman,Oliver Bearman,haas,Haas F1 Team,0.46714285714285714,15,14,CLASSIFIED,79,2026-09,2026-07-05
constructor_teammate_recent_5,2026-10,2026,10,2026-07-19,spa,ocon,Esteban Ocon,haas,Haas F1 Team,0.45285714285714285,16,17,CLASSIFIED,79,2026-09,2026-07-05
constructor_teammate_recent_5,2026-10,2026,10,2026-07-19,spa,albon,Alexander Albon,williams,Williams,0.4390726817042606,17,15,CLASSIFIED,79,2026-09,2026-07-05
constructor_teammate_recent_5,2026-10,2026,10,2026-07-19,spa,sainz,Carlos Sainz,williams,Williams,0.4342606516290727,18,16,CLASSIFIED,79,2026-09,2026-07-05
constructor_teammate_recent_5,2026-10,2026,10,2026-07-19,spa,alonso,Fernando Alonso,aston_martin,Aston Martin,0.3962155388471178,19,19,CLASSIFIED,79,2026-09,2026-07-05
constructor_teammate_recent_5,2026-10,2026,10,2026-07-19,spa,perez,Sergio Pérez,cadillac,Cadillac F1 Team,0.36781954887218044,20,21,DNF,79,2026-09,2026-07-05
constructor_teammate_recent_5,2026-10,2026,10,2026-07-19,spa,bottas,Valtteri Bottas,cadillac,Cadillac F1 Team,0.35954887218045106,21,18,CLASSIFIED,79,2026-09,2026-07-05
constructor_teammate_recent_5,2026-10,2026,10,2026-07-19,spa,stroll,Lance Stroll,aston_martin,Aston Martin,0.33711779448621554,22,20,DNF,79,2026-09,2026-07-05
constructor_teammate_recent_10,2026-10,2026,10,2026-07-19,spa,russell,George Russell,mercedes,Mercedes,0.7458521303258144,1,22,DNF,79,2026-09,2026-07-05
constructor_teammate_recent_10,2026-10,2026,10,2026-07-19,spa,hamilton,Lewis Hamilton,ferrari,Ferrari,0.7333583959899749,2,4,CLASSIFIED,79,2026-09,2026-07-05
constructor_teammate_recent_10,2026-10,2026,10,2026-07-19,spa,norris,Lando Norris,mclaren,McLaren,0.7262781954887219,3,7,CLASSIFIED,79,2026-09,2026-07-05
constructor_teammate_recent_10,2026-10,2026,10,2026-07-19,spa,leclerc,Charles Leclerc,ferrari,Ferrari,0.7231328320802004,4,2,CLASSIFIED,79,2026-09,2026-07-05
constructor_teammate_recent_10,2026-10,2026,10,2026-07-19,spa,antonelli,Andrea Kimi Antonelli,mercedes,Mercedes,0.7144987468671679,5,1,CLASSIFIED,79,2026-09,2026-07-05
constructor_teammate_recent_10,2026-10,2026,10,2026-07-19,spa,piastri,Oscar Piastri,mclaren,McLaren,0.7079323308270677,6,5,CLASSIFIED,79,2026-09,2026-07-05
constructor_teammate_recent_10,2026-10,2026,10,2026-07-19,spa,max_verstappen,Max Verstappen,red_bull,Red Bull,0.7023308270676692,7,3,CLASSIFIED,79,2026-09,2026-07-05
constructor_teammate_recent_10,2026-10,2026,10,2026-07-19,spa,hadjar,Isack Hadjar,red_bull,Red Bull,0.6584586466165414,8,6,CLASSIFIED,79,2026-09,2026-07-05
constructor_teammate_recent_10,2026-10,2026,10,2026-07-19,spa,lawson,Liam Lawson,rb,RB F1 Team,0.5473057644110275,9,12,CLASSIFIED,79,2026-09,2026-07-05
constructor_teammate_recent_10,2026-10,2026,10,2026-07-19,spa,gasly,Pierre Gasly,alpine,Alpine F1 Team,0.5458145363408521,10,11,CLASSIFIED,79,2026-09,2026-07-05
constructor_teammate_recent_10,2026-10,2026,10,2026-07-19,spa,arvid_lindblad,Arvid Lindblad,rb,RB F1 Team,0.5316935195130683,11,9,CLASSIFIED,79,2026-09,2026-07-05
constructor_teammate_recent_10,2026-10,2026,10,2026-07-19,spa,bortoleto,Gabriel Bortoleto,audi,Audi,0.5182456140350877,12,8,CLASSIFIED,79,2026-09,2026-07-05
constructor_teammate_recent_10,2026-10,2026,10,2026-07-19,spa,hulkenberg,Nico Hülkenberg,audi,Audi,0.5150877192982456,13,13,CLASSIFIED,79,2026-09,2026-07-05
constructor_teammate_recent_10,2026-10,2026,10,2026-07-19,spa,bearman,Oliver Bearman,haas,Haas F1 Team,0.5148746867167919,14,14,CLASSIFIED,79,2026-09,2026-07-05
constructor_teammate_recent_10,2026-10,2026,10,2026-07-19,spa,colapinto,Franco Colapinto,alpine,Alpine F1 Team,0.5045363408521303,15,10,CLASSIFIED,79,2026-09,2026-07-05
constructor_teammate_recent_10,2026-10,2026,10,2026-07-19,spa,ocon,Esteban Ocon,haas,Haas F1 Team,0.48916040100250624,16,17,CLASSIFIED,79,2026-09,2026-07-05
constructor_teammate_recent_10,2026-10,2026,10,2026-07-19,spa,sainz,Carlos Sainz,williams,Williams,0.4525689223057644,17,16,CLASSIFIED,79,2026-09,2026-07-05
constructor_teammate_recent_10,2026-10,2026,10,2026-07-19,spa,albon,Alexander Albon,williams,Williams,0.43129072681704256,18,15,CLASSIFIED,79,2026-09,2026-07-05
constructor_teammate_recent_10,2026-10,2026,10,2026-07-19,spa,alonso,Fernando Alonso,aston_martin,Aston Martin,0.42038847117794487,19,19,CLASSIFIED,79,2026-09,2026-07-05
constructor_teammate_recent_10,2026-10,2026,10,2026-07-19,spa,stroll,Lance Stroll,aston_martin,Aston Martin,0.3734711779448622,20,20,DNF,79,2026-09,2026-07-05
constructor_teammate_recent_10,2026-10,2026,10,2026-07-19,spa,bottas,Valtteri Bottas,cadillac,Cadillac F1 Team,0.356484962406015,21,18,CLASSIFIED,79,2026-09,2026-07-05
constructor_teammate_recent_10,2026-10,2026,10,2026-07-19,spa,perez,Sergio Pérez,cadillac,Cadillac F1 Team,0.32588345864661655,22,21,DNF,79,2026-09,2026-07-05
previous_race_order,2026-11,2026,11,2026-07-26,hungaroring,antonelli,Andrea Kimi Antonelli,mercedes,Mercedes,1.0,1,3,CLASSIFIED,80,2026-10,2026-07-19
previous_race_order,2026-11,2026,11,2026-07-26,hungaroring,leclerc,Charles Leclerc,ferrari,Ferrari,0.9523809523809523,2,4,CLASSIFIED,80,2026-10,2026-07-19
previous_race_order,2026-11,2026,11,2026-07-26,hungaroring,max_verstappen,Max Verstappen,red_bull,Red Bull,0.9047619047619048,3,2,CLASSIFIED,80,2026-10,2026-07-19
previous_race_order,2026-11,2026,11,2026-07-26,hungaroring,hamilton,Lewis Hamilton,ferrari,Ferrari,0.8571428571428572,4,5,CLASSIFIED,80,2026-10,2026-07-19
previous_race_order,2026-11,2026,11,2026-07-26,hungaroring,piastri,Oscar Piastri,mclaren,McLaren,0.8095238095238095,5,20,DNF,80,2026-10,2026-07-19
previous_race_order,2026-11,2026,11,2026-07-26,hungaroring,hadjar,Isack Hadjar,red_bull,Red Bull,0.7619047619047619,6,6,CLASSIFIED,80,2026-10,2026-07-19
previous_race_order,2026-11,2026,11,2026-07-26,hungaroring,norris,Lando Norris,mclaren,McLaren,0.7142857142857143,7,1,CLASSIFIED,80,2026-10,2026-07-19
previous_race_order,2026-11,2026,11,2026-07-26,hungaroring,bortoleto,Gabriel Bortoleto,audi,Audi,0.6666666666666667,8,11,CLASSIFIED,80,2026-10,2026-07-19
previous_race_order,2026-11,2026,11,2026-07-26,hungaroring,arvid_lindblad,Arvid Lindblad,rb,RB F1 Team,0.6190476190476191,9,10,CLASSIFIED,80,2026-10,2026-07-19
previous_race_order,2026-11,2026,11,2026-07-26,hungaroring,colapinto,Franco Colapinto,alpine,Alpine F1 Team,0.5714285714285714,10,15,CLASSIFIED,80,2026-10,2026-07-19
previous_race_order,2026-11,2026,11,2026-07-26,hungaroring,gasly,Pierre Gasly,alpine,Alpine F1 Team,0.5238095238095238,11,12,CLASSIFIED,80,2026-10,2026-07-19
previous_race_order,2026-11,2026,11,2026-07-26,hungaroring,lawson,Liam Lawson,rb,RB F1 Team,0.47619047619047616,12,8,CLASSIFIED,80,2026-10,2026-07-19
previous_race_order,2026-11,2026,11,2026-07-26,hungaroring,hulkenberg,Nico Hülkenberg,audi,Audi,0.4285714285714286,13,9,CLASSIFIED,80,2026-10,2026-07-19
previous_race_order,2026-11,2026,11,2026-07-26,hungaroring,bearman,Oliver Bearman,haas,Haas F1 Team,0.38095238095238093,14,19,CLASSIFIED,80,2026-10,2026-07-19
previous_race_order,2026-11,2026,11,2026-07-26,hungaroring,albon,Alexander Albon,williams,Williams,0.33333333333333337,15,17,CLASSIFIED,80,2026-10,2026-07-19
previous_race_order,2026-11,2026,11,2026-07-26,hungaroring,sainz,Carlos Sainz,williams,Williams,0.2857142857142857,16,18,CLASSIFIED,80,2026-10,2026-07-19
previous_race_order,2026-11,2026,11,2026-07-26,hungaroring,ocon,Esteban Ocon,haas,Haas F1 Team,0.23809523809523814,17,16,CLASSIFIED,80,2026-10,2026-07-19
previous_race_order,2026-11,2026,11,2026-07-26,hungaroring,bottas,Valtteri Bottas,cadillac,Cadillac F1 Team,0.19047619047619047,18,22,DNF,80,2026-10,2026-07-19
previous_race_order,2026-11,2026,11,2026-07-26,hungaroring,alonso,Fernando Alonso,aston_martin,Aston Martin,0.1428571428571429,19,14,CLASSIFIED,80,2026-10,2026-07-19
previous_race_order,2026-11,2026,11,2026-07-26,hungaroring,stroll,Lance Stroll,aston_martin,Aston Martin,0.09523809523809523,20,13,CLASSIFIED,80,2026-10,2026-07-19
previous_race_order,2026-11,2026,11,2026-07-26,hungaroring,perez,Sergio Pérez,cadillac,Cadillac F1 Team,0.04761904761904767,21,21,DNF,80,2026-10,2026-07-19
previous_race_order,2026-11,2026,11,2026-07-26,hungaroring,russell,George Russell,mercedes,Mercedes,0.0,22,7,CLASSIFIED,80,2026-10,2026-07-19
driver_form_unweighted,2026-11,2026,11,2026-07-26,hungaroring,max_verstappen,Max Verstappen,red_bull,Red Bull,0.9048443477113838,1,2,CLASSIFIED,80,2026-10,2026-07-19
driver_form_unweighted,2026-11,2026,11,2026-07-26,hungaroring,leclerc,Charles Leclerc,ferrari,Ferrari,0.8094343000358039,2,4,CLASSIFIED,80,2026-10,2026-07-19
driver_form_unweighted,2026-11,2026,11,2026-07-26,hungaroring,norris,Lando Norris,mclaren,McLaren,0.7910944026733501,3,1,CLASSIFIED,80,2026-10,2026-07-19
driver_form_unweighted,2026-11,2026,11,2026-07-26,hungaroring,russell,George Russell,mercedes,Mercedes,0.774945354253213,4,7,CLASSIFIED,80,2026-10,2026-07-19
driver_form_unweighted,2026-11,2026,11,2026-07-26,hungaroring,hamilton,Lewis Hamilton,ferrari,Ferrari,0.7586145729620856,5,5,CLASSIFIED,80,2026-10,2026-07-19
driver_form_unweighted,2026-11,2026,11,2026-07-26,hungaroring,piastri,Oscar Piastri,mclaren,McLaren,0.757355718062279,6,20,DNF,80,2026-10,2026-07-19
driver_form_unweighted,2026-11,2026,11,2026-07-26,hungaroring,antonelli,Andrea Kimi Antonelli,mercedes,Mercedes,0.6965747702589807,7,3,CLASSIFIED,80,2026-10,2026-07-19
driver_form_unweighted,2026-11,2026,11,2026-07-26,hungaroring,perez,Sergio Pérez,cadillac,Cadillac F1 Team,0.6655112959704225,8,21,DNF,80,2026-10,2026-07-19
driver_form_unweighted,2026-11,2026,11,2026-07-26,hungaroring,sainz,Carlos Sainz,williams,Williams,0.6403449098937821,9,18,CLASSIFIED,80,2026-10,2026-07-19
driver_form_unweighted,2026-11,2026,11,2026-07-26,hungaroring,arvid_lindblad,Arvid Lindblad,rb,RB F1 Team,0.5714285714285715,10,10,CLASSIFIED,80,2026-10,2026-07-19
driver_form_unweighted,2026-11,2026,11,2026-07-26,hungaroring,alonso,Fernando Alonso,aston_martin,Aston Martin,0.5703781512605042,11,14,CLASSIFIED,80,2026-10,2026-07-19
driver_form_unweighted,2026-11,2026,11,2026-07-26,hungaroring,hadjar,Isack Hadjar,red_bull,Red Bull,0.536591478696742,12,6,CLASSIFIED,80,2026-10,2026-07-19
driver_form_unweighted,2026-11,2026,11,2026-07-26,hungaroring,bearman,Oliver Bearman,haas,Haas F1 Team,0.4982247284878864,13,19,CLASSIFIED,80,2026-10,2026-07-19
driver_form_unweighted,2026-11,2026,11,2026-07-26,hungaroring,lawson,Liam Lawson,rb,RB F1 Team,0.4722275774907354,14,8,CLASSIFIED,80,2026-10,2026-07-19
driver_form_unweighted,2026-11,2026,11,2026-07-26,hungaroring,albon,Alexander Albon,williams,Williams,0.4621937357053837,15,17,CLASSIFIED,80,2026-10,2026-07-19
driver_form_unweighted,2026-11,2026,11,2026-07-26,hungaroring,gasly,Pierre Gasly,alpine,Alpine F1 Team,0.45680515843599606,16,12,CLASSIFIED,80,2026-10,2026-07-19
driver_form_unweighted,2026-11,2026,11,2026-07-26,hungaroring,ocon,Esteban Ocon,haas,Haas F1 Team,0.4306480486931615,17,16,CLASSIFIED,80,2026-10,2026-07-19
driver_form_unweighted,2026-11,2026,11,2026-07-26,hungaroring,hulkenberg,Nico Hülkenberg,audi,Audi,0.41920978917882945,18,9,CLASSIFIED,80,2026-10,2026-07-19
driver_form_unweighted,2026-11,2026,11,2026-07-26,hungaroring,stroll,Lance Stroll,aston_martin,Aston Martin,0.41389280492898917,19,13,CLASSIFIED,80,2026-10,2026-07-19
driver_form_unweighted,2026-11,2026,11,2026-07-26,hungaroring,bortoleto,Gabriel Bortoleto,audi,Audi,0.4110424871703068,20,11,CLASSIFIED,80,2026-10,2026-07-19
driver_form_unweighted,2026-11,2026,11,2026-07-26,hungaroring,colapinto,Franco Colapinto,alpine,Alpine F1 Team,0.353813827498038,21,15,CLASSIFIED,80,2026-10,2026-07-19
driver_form_unweighted,2026-11,2026,11,2026-07-26,hungaroring,bottas,Valtteri Bottas,cadillac,Cadillac F1 Team,0.2824525853641195,22,22,DNF,80,2026-10,2026-07-19
driver_form_season_weighted,2026-11,2026,11,2026-07-26,hungaroring,max_verstappen,Max Verstappen,red_bull,Red Bull,0.8772597173406891,1,2,CLASSIFIED,80,2026-10,2026-07-19
driver_form_season_weighted,2026-11,2026,11,2026-07-26,hungaroring,norris,Lando Norris,mclaren,McLaren,0.8200747853569668,2,1,CLASSIFIED,80,2026-10,2026-07-19
driver_form_season_weighted,2026-11,2026,11,2026-07-26,hungaroring,leclerc,Charles Leclerc,ferrari,Ferrari,0.8061769650463608,3,4,CLASSIFIED,80,2026-10,2026-07-19
driver_form_season_weighted,2026-11,2026,11,2026-07-26,hungaroring,piastri,Oscar Piastri,mclaren,McLaren,0.803235361130098,4,20,DNF,80,2026-10,2026-07-19
driver_form_season_weighted,2026-11,2026,11,2026-07-26,hungaroring,russell,George Russell,mercedes,Mercedes,0.7987208540312858,5,7,CLASSIFIED,80,2026-10,2026-07-19
driver_form_season_weighted,2026-11,2026,11,2026-07-26,hungaroring,hamilton,Lewis Hamilton,ferrari,Ferrari,0.7589257575075413,6,5,CLASSIFIED,80,2026-10,2026-07-19
driver_form_season_weighted,2026-11,2026,11,2026-07-26,hungaroring,antonelli,Andrea Kimi Antonelli,mercedes,Mercedes,0.7116791979949875,7,3,CLASSIFIED,80,2026-10,2026-07-19
driver_form_season_weighted,2026-11,2026,11,2026-07-26,hungaroring,sainz,Carlos Sainz,williams,Williams,0.5857285619111069,8,18,CLASSIFIED,80,2026-10,2026-07-19
driver_form_season_weighted,2026-11,2026,11,2026-07-26,hungaroring,perez,Sergio Pérez,cadillac,Cadillac F1 Team,0.5763461684514316,9,21,DNF,80,2026-10,2026-07-19
driver_form_season_weighted,2026-11,2026,11,2026-07-26,hungaroring,arvid_lindblad,Arvid Lindblad,rb,RB F1 Team,0.5714285714285715,10,10,CLASSIFIED,80,2026-10,2026-07-19
driver_form_season_weighted,2026-11,2026,11,2026-07-26,hungaroring,hadjar,Isack Hadjar,red_bull,Red Bull,0.5530407651782517,11,6,CLASSIFIED,80,2026-10,2026-07-19
driver_form_season_weighted,2026-11,2026,11,2026-07-26,hungaroring,alonso,Fernando Alonso,aston_martin,Aston Martin,0.512687614728431,12,14,CLASSIFIED,80,2026-10,2026-07-19
driver_form_season_weighted,2026-11,2026,11,2026-07-26,hungaroring,lawson,Liam Lawson,rb,RB F1 Team,0.4986785144679881,13,8,CLASSIFIED,80,2026-10,2026-07-19
driver_form_season_weighted,2026-11,2026,11,2026-07-26,hungaroring,bearman,Oliver Bearman,haas,Haas F1 Team,0.49795280279907694,14,19,CLASSIFIED,80,2026-10,2026-07-19
driver_form_season_weighted,2026-11,2026,11,2026-07-26,hungaroring,albon,Alexander Albon,williams,Williams,0.4678178288859403,15,17,CLASSIFIED,80,2026-10,2026-07-19
driver_form_season_weighted,2026-11,2026,11,2026-07-26,hungaroring,gasly,Pierre Gasly,alpine,Alpine F1 Team,0.4538298872180452,16,12,CLASSIFIED,80,2026-10,2026-07-19
driver_form_season_weighted,2026-11,2026,11,2026-07-26,hungaroring,hulkenberg,Nico Hülkenberg,audi,Audi,0.44525145062201993,17,9,CLASSIFIED,80,2026-10,2026-07-19
driver_form_season_weighted,2026-11,2026,11,2026-07-26,hungaroring,bortoleto,Gabriel Bortoleto,audi,Audi,0.4234915245102002,18,11,CLASSIFIED,80,2026-10,2026-07-19
driver_form_season_weighted,2026-11,2026,11,2026-07-26,hungaroring,ocon,Esteban Ocon,haas,Haas F1 Team,0.4149220356279921,19,16,CLASSIFIED,80,2026-10,2026-07-19
driver_form_season_weighted,2026-11,2026,11,2026-07-26,hungaroring,stroll,Lance Stroll,aston_martin,Aston Martin,0.37556451515261585,20,13,CLASSIFIED,80,2026-10,2026-07-19
driver_form_season_weighted,2026-11,2026,11,2026-07-26,hungaroring,colapinto,Franco Colapinto,alpine,Alpine F1 Team,0.3633841886269071,21,15,CLASSIFIED,80,2026-10,2026-07-19
driver_form_season_weighted,2026-11,2026,11,2026-07-26,hungaroring,bottas,Valtteri Bottas,cadillac,Cadillac F1 Team,0.2639837140744582,22,22,DNF,80,2026-10,2026-07-19
driver_form_recent_5,2026-11,2026,11,2026-07-26,hungaroring,hamilton,Lewis Hamilton,ferrari,Ferrari,0.9047619047619048,1,5,CLASSIFIED,80,2026-10,2026-07-19
driver_form_recent_5,2026-11,2026,11,2026-07-26,hungaroring,russell,George Russell,mercedes,Mercedes,0.8476190476190476,2,7,CLASSIFIED,80,2026-10,2026-07-19
driver_form_recent_5,2026-11,2026,11,2026-07-26,hungaroring,norris,Lando Norris,mclaren,McLaren,0.8285714285714286,3,1,CLASSIFIED,80,2026-10,2026-07-19
driver_form_recent_5,2026-11,2026,11,2026-07-26,hungaroring,hadjar,Isack Hadjar,red_bull,Red Bull,0.7904761904761906,4,6,CLASSIFIED,80,2026-10,2026-07-19
driver_form_recent_5,2026-11,2026,11,2026-07-26,hungaroring,leclerc,Charles Leclerc,ferrari,Ferrari,0.761904761904762,5,4,CLASSIFIED,80,2026-10,2026-07-19
driver_form_recent_5,2026-11,2026,11,2026-07-26,hungaroring,piastri,Oscar Piastri,mclaren,McLaren,0.761904761904762,6,20,DNF,80,2026-10,2026-07-19
driver_form_recent_5,2026-11,2026,11,2026-07-26,hungaroring,max_verstappen,Max Verstappen,red_bull,Red Bull,0.7428571428571429,7,2,CLASSIFIED,80,2026-10,2026-07-19
driver_form_recent_5,2026-11,2026,11,2026-07-26,hungaroring,antonelli,Andrea Kimi Antonelli,mercedes,Mercedes,0.7047619047619047,8,3,CLASSIFIED,80,2026-10,2026-07-19
driver_form_recent_5,2026-11,2026,11,2026-07-26,hungaroring,lawson,Liam Lawson,rb,RB F1 Team,0.6571428571428571,9,8,CLASSIFIED,80,2026-10,2026-07-19
driver_form_recent_5,2026-11,2026,11,2026-07-26,hungaroring,arvid_lindblad,Arvid Lindblad,rb,RB F1 Team,0.6476190476190476,10,10,CLASSIFIED,80,2026-10,2026-07-19
driver_form_recent_5,2026-11,2026,11,2026-07-26,hungaroring,gasly,Pierre Gasly,alpine,Alpine F1 Team,0.6285714285714286,11,12,CLASSIFIED,80,2026-10,2026-07-19
driver_form_recent_5,2026-11,2026,11,2026-07-26,hungaroring,bortoleto,Gabriel Bortoleto,audi,Audi,0.580952380952381,12,11,CLASSIFIED,80,2026-10,2026-07-19
driver_form_recent_5,2026-11,2026,11,2026-07-26,hungaroring,colapinto,Franco Colapinto,alpine,Alpine F1 Team,0.49523809523809526,13,15,CLASSIFIED,80,2026-10,2026-07-19
driver_form_recent_5,2026-11,2026,11,2026-07-26,hungaroring,hulkenberg,Nico Hülkenberg,audi,Audi,0.4666666666666667,14,9,CLASSIFIED,80,2026-10,2026-07-19
driver_form_recent_5,2026-11,2026,11,2026-07-26,hungaroring,bearman,Oliver Bearman,haas,Haas F1 Team,0.4095238095238095,15,19,CLASSIFIED,80,2026-10,2026-07-19
driver_form_recent_5,2026-11,2026,11,2026-07-26,hungaroring,ocon,Esteban Ocon,haas,Haas F1 Team,0.4,16,16,CLASSIFIED,80,2026-10,2026-07-19
driver_form_recent_5,2026-11,2026,11,2026-07-26,hungaroring,albon,Alexander Albon,williams,Williams,0.380952380952381,17,17,CLASSIFIED,80,2026-10,2026-07-19
driver_form_recent_5,2026-11,2026,11,2026-07-26,hungaroring,sainz,Carlos Sainz,williams,Williams,0.38095238095238093,18,18,CLASSIFIED,80,2026-10,2026-07-19
driver_form_recent_5,2026-11,2026,11,2026-07-26,hungaroring,perez,Sergio Pérez,cadillac,Cadillac F1 Team,0.3238095238095238,19,21,DNF,80,2026-10,2026-07-19
driver_form_recent_5,2026-11,2026,11,2026-07-26,hungaroring,alonso,Fernando Alonso,aston_martin,Aston Martin,0.2857142857142857,20,14,CLASSIFIED,80,2026-10,2026-07-19
driver_form_recent_5,2026-11,2026,11,2026-07-26,hungaroring,stroll,Lance Stroll,aston_martin,Aston Martin,0.2796992481203008,21,13,CLASSIFIED,80,2026-10,2026-07-19
driver_form_recent_5,2026-11,2026,11,2026-07-26,hungaroring,bottas,Valtteri Bottas,cadillac,Cadillac F1 Team,0.21904761904761907,22,22,DNF,80,2026-10,2026-07-19
driver_form_recent_10,2026-11,2026,11,2026-07-26,hungaroring,hamilton,Lewis Hamilton,ferrari,Ferrari,0.8761904761904763,1,5,CLASSIFIED,80,2026-10,2026-07-19
driver_form_recent_10,2026-11,2026,11,2026-07-26,hungaroring,russell,George Russell,mercedes,Mercedes,0.8573934837092733,2,7,CLASSIFIED,80,2026-10,2026-07-19
driver_form_recent_10,2026-11,2026,11,2026-07-26,hungaroring,norris,Lando Norris,mclaren,McLaren,0.849874686716792,3,1,CLASSIFIED,80,2026-10,2026-07-19
driver_form_recent_10,2026-11,2026,11,2026-07-26,hungaroring,antonelli,Andrea Kimi Antonelli,mercedes,Mercedes,0.8476190476190476,4,3,CLASSIFIED,80,2026-10,2026-07-19
driver_form_recent_10,2026-11,2026,11,2026-07-26,hungaroring,piastri,Oscar Piastri,mclaren,McLaren,0.8085213032581453,5,20,DNF,80,2026-10,2026-07-19
driver_form_recent_10,2026-11,2026,11,2026-07-26,hungaroring,leclerc,Charles Leclerc,ferrari,Ferrari,0.7984962406015038,6,4,CLASSIFIED,80,2026-10,2026-07-19
driver_form_recent_10,2026-11,2026,11,2026-07-26,hungaroring,max_verstappen,Max Verstappen,red_bull,Red Bull,0.7952380952380953,7,2,CLASSIFIED,80,2026-10,2026-07-19
driver_form_recent_10,2026-11,2026,11,2026-07-26,hungaroring,hadjar,Isack Hadjar,red_bull,Red Bull,0.6167919799498747,8,6,CLASSIFIED,80,2026-10,2026-07-19
driver_form_recent_10,2026-11,2026,11,2026-07-26,hungaroring,gasly,Pierre Gasly,alpine,Alpine F1 Team,0.5909774436090226,9,12,CLASSIFIED,80,2026-10,2026-07-19
driver_form_recent_10,2026-11,2026,11,2026-07-26,hungaroring,lawson,Liam Lawson,rb,RB F1 Team,0.5867167919799499,10,8,CLASSIFIED,80,2026-10,2026-07-19
driver_form_recent_10,2026-11,2026,11,2026-07-26,hungaroring,arvid_lindblad,Arvid Lindblad,rb,RB F1 Team,0.5714285714285715,11,10,CLASSIFIED,80,2026-10,2026-07-19
driver_form_recent_10,2026-11,2026,11,2026-07-26,hungaroring,bortoleto,Gabriel Bortoleto,audi,Audi,0.5330827067669174,12,11,CLASSIFIED,80,2026-10,2026-07-19
driver_form_recent_10,2026-11,2026,11,2026-07-26,hungaroring,hulkenberg,Nico Hülkenberg,audi,Audi,0.5330827067669173,13,9,CLASSIFIED,80,2026-10,2026-07-19
driver_form_recent_10,2026-11,2026,11,2026-07-26,hungaroring,colapinto,Franco Colapinto,alpine,Alpine F1 Team,0.5190476190476191,14,15,CLASSIFIED,80,2026-10,2026-07-19
driver_form_recent_10,2026-11,2026,11,2026-07-26,hungaroring,bearman,Oliver Bearman,haas,Haas F1 Team,0.5042606516290726,15,19,CLASSIFIED,80,2026-10,2026-07-19
driver_form_recent_10,2026-11,2026,11,2026-07-26,hungaroring,ocon,Esteban Ocon,haas,Haas F1 Team,0.42857142857142855,16,16,CLASSIFIED,80,2026-10,2026-07-19
driver_form_recent_10,2026-11,2026,11,2026-07-26,hungaroring,sainz,Carlos Sainz,williams,Williams,0.4177944862155389,17,18,CLASSIFIED,80,2026-10,2026-07-19
driver_form_recent_10,2026-11,2026,11,2026-07-26,hungaroring,albon,Alexander Albon,williams,Williams,0.39598997493734334,18,17,CLASSIFIED,80,2026-10,2026-07-19
driver_form_recent_10,2026-11,2026,11,2026-07-26,hungaroring,alonso,Fernando Alonso,aston_martin,Aston Martin,0.3829573934837093,19,14,CLASSIFIED,80,2026-10,2026-07-19
driver_form_recent_10,2026-11,2026,11,2026-07-26,hungaroring,perez,Sergio Pérez,cadillac,Cadillac F1 Team,0.33959899749373434,20,21,DNF,80,2026-10,2026-07-19
driver_form_recent_10,2026-11,2026,11,2026-07-26,hungaroring,stroll,Lance Stroll,aston_martin,Aston Martin,0.287218045112782,21,13,CLASSIFIED,80,2026-10,2026-07-19
driver_form_recent_10,2026-11,2026,11,2026-07-26,hungaroring,bottas,Valtteri Bottas,cadillac,Cadillac F1 Team,0.2786967418546366,22,22,DNF,80,2026-10,2026-07-19
constructor_teammate_unweighted,2026-11,2026,11,2026-07-26,hungaroring,max_verstappen,Max Verstappen,red_bull,Red Bull,0.7351792597022859,1,2,CLASSIFIED,80,2026-10,2026-07-19
constructor_teammate_unweighted,2026-11,2026,11,2026-07-26,hungaroring,leclerc,Charles Leclerc,ferrari,Ferrari,0.7058036801220122,2,4,CLASSIFIED,80,2026-10,2026-07-19
constructor_teammate_unweighted,2026-11,2026,11,2026-07-26,hungaroring,hadjar,Isack Hadjar,red_bull,Red Bull,0.6983395467836256,3,6,CLASSIFIED,80,2026-10,2026-07-19
constructor_teammate_unweighted,2026-11,2026,11,2026-07-26,hungaroring,hamilton,Lewis Hamilton,ferrari,Ferrari,0.6947340283807187,4,5,CLASSIFIED,80,2026-10,2026-07-19
constructor_teammate_unweighted,2026-11,2026,11,2026-07-26,hungaroring,norris,Lando Norris,mclaren,McLaren,0.6930107778604018,5,1,CLASSIFIED,80,2026-10,2026-07-19
constructor_teammate_unweighted,2026-11,2026,11,2026-07-26,hungaroring,russell,George Russell,mercedes,Mercedes,0.6921905324207956,6,7,CLASSIFIED,80,2026-10,2026-07-19
constructor_teammate_unweighted,2026-11,2026,11,2026-07-26,hungaroring,piastri,Oscar Piastri,mclaren,McLaren,0.6817755469259227,7,20,DNF,80,2026-10,2026-07-19
constructor_teammate_unweighted,2026-11,2026,11,2026-07-26,hungaroring,antonelli,Andrea Kimi Antonelli,mercedes,Mercedes,0.6557415115168875,8,3,CLASSIFIED,80,2026-10,2026-07-19
constructor_teammate_unweighted,2026-11,2026,11,2026-07-26,hungaroring,hulkenberg,Nico Hülkenberg,audi,Audi,0.5276893504948813,9,9,CLASSIFIED,80,2026-10,2026-07-19
constructor_teammate_unweighted,2026-11,2026,11,2026-07-26,hungaroring,alonso,Fernando Alonso,aston_martin,Aston Martin,0.5188714209766842,10,14,CLASSIFIED,80,2026-10,2026-07-19
constructor_teammate_unweighted,2026-11,2026,11,2026-07-26,hungaroring,bortoleto,Gabriel Bortoleto,audi,Audi,0.5136497493734336,11,11,CLASSIFIED,80,2026-10,2026-07-19
constructor_teammate_unweighted,2026-11,2026,11,2026-07-26,hungaroring,stroll,Lance Stroll,aston_martin,Aston Martin,0.4681719450140503,12,13,CLASSIFIED,80,2026-10,2026-07-19
constructor_teammate_unweighted,2026-11,2026,11,2026-07-26,hungaroring,lawson,Liam Lawson,rb,RB F1 Team,0.46125738453276044,13,8,CLASSIFIED,80,2026-10,2026-07-19
constructor_teammate_unweighted,2026-11,2026,11,2026-07-26,hungaroring,arvid_lindblad,Arvid Lindblad,rb,RB F1 Team,0.4608161027568922,14,10,CLASSIFIED,80,2026-10,2026-07-19
constructor_teammate_unweighted,2026-11,2026,11,2026-07-26,hungaroring,albon,Alexander Albon,williams,Williams,0.45429543156135943,15,17,CLASSIFIED,80,2026-10,2026-07-19
constructor_teammate_unweighted,2026-11,2026,11,2026-07-26,hungaroring,gasly,Pierre Gasly,alpine,Alpine F1 Team,0.4534161716804982,16,12,CLASSIFIED,80,2026-10,2026-07-19
constructor_teammate_unweighted,2026-11,2026,11,2026-07-26,hungaroring,bearman,Oliver Bearman,haas,Haas F1 Team,0.43935357909541783,17,19,CLASSIFIED,80,2026-10,2026-07-19
constructor_teammate_unweighted,2026-11,2026,11,2026-07-26,hungaroring,colapinto,Franco Colapinto,alpine,Alpine F1 Team,0.434869695713062,18,15,CLASSIFIED,80,2026-10,2026-07-19
constructor_teammate_unweighted,2026-11,2026,11,2026-07-26,hungaroring,sainz,Carlos Sainz,williams,Williams,0.4257940487940965,19,18,CLASSIFIED,80,2026-10,2026-07-19
constructor_teammate_unweighted,2026-11,2026,11,2026-07-26,hungaroring,ocon,Esteban Ocon,haas,Haas F1 Team,0.42194657113836675,20,16,CLASSIFIED,80,2026-10,2026-07-19
constructor_teammate_unweighted,2026-11,2026,11,2026-07-26,hungaroring,bottas,Valtteri Bottas,cadillac,Cadillac F1 Team,0.35359520073897477,21,22,DNF,80,2026-10,2026-07-19
constructor_teammate_unweighted,2026-11,2026,11,2026-07-26,hungaroring,perez,Sergio Pérez,cadillac,Cadillac F1 Team,0.32444159494343094,22,21,DNF,80,2026-10,2026-07-19
constructor_teammate_season_weighted,2026-11,2026,11,2026-07-26,hungaroring,norris,Lando Norris,mclaren,McLaren,0.7154987629329734,1,1,CLASSIFIED,80,2026-10,2026-07-19
constructor_teammate_season_weighted,2026-11,2026,11,2026-07-26,hungaroring,max_verstappen,Max Verstappen,red_bull,Red Bull,0.7138411623665708,2,2,CLASSIFIED,80,2026-10,2026-07-19
constructor_teammate_season_weighted,2026-11,2026,11,2026-07-26,hungaroring,piastri,Oscar Piastri,mclaren,McLaren,0.7109256313861576,3,20,DNF,80,2026-10,2026-07-19
constructor_teammate_season_weighted,2026-11,2026,11,2026-07-26,hungaroring,leclerc,Charles Leclerc,ferrari,Ferrari,0.7074595764400514,4,4,CLASSIFIED,80,2026-10,2026-07-19
constructor_teammate_season_weighted,2026-11,2026,11,2026-07-26,hungaroring,russell,George Russell,mercedes,Mercedes,0.7038171275719844,5,7,CLASSIFIED,80,2026-10,2026-07-19
constructor_teammate_season_weighted,2026-11,2026,11,2026-07-26,hungaroring,hamilton,Lewis Hamilton,ferrari,Ferrari,0.6958787286291903,6,5,CLASSIFIED,80,2026-10,2026-07-19
constructor_teammate_season_weighted,2026-11,2026,11,2026-07-26,hungaroring,hadjar,Isack Hadjar,red_bull,Red Bull,0.6737821226856314,7,6,CLASSIFIED,80,2026-10,2026-07-19
constructor_teammate_season_weighted,2026-11,2026,11,2026-07-26,hungaroring,antonelli,Andrea Kimi Antonelli,mercedes,Mercedes,0.6628959871808842,8,3,CLASSIFIED,80,2026-10,2026-07-19
constructor_teammate_season_weighted,2026-11,2026,11,2026-07-26,hungaroring,hulkenberg,Nico Hülkenberg,audi,Audi,0.5271869674185464,9,9,CLASSIFIED,80,2026-10,2026-07-19
constructor_teammate_season_weighted,2026-11,2026,11,2026-07-26,hungaroring,bortoleto,Gabriel Bortoleto,audi,Audi,0.5145594756121072,10,11,CLASSIFIED,80,2026-10,2026-07-19
constructor_teammate_season_weighted,2026-11,2026,11,2026-07-26,hungaroring,alonso,Fernando Alonso,aston_martin,Aston Martin,0.4836501740284215,11,14,CLASSIFIED,80,2026-10,2026-07-19
constructor_teammate_season_weighted,2026-11,2026,11,2026-07-26,hungaroring,lawson,Liam Lawson,rb,RB F1 Team,0.4747583934535897,12,8,CLASSIFIED,80,2026-10,2026-07-19
constructor_teammate_season_weighted,2026-11,2026,11,2026-07-26,hungaroring,arvid_lindblad,Arvid Lindblad,rb,RB F1 Team,0.4734223327135042,13,10,CLASSIFIED,80,2026-10,2026-07-19
constructor_teammate_season_weighted,2026-11,2026,11,2026-07-26,hungaroring,albon,Alexander Albon,williams,Williams,0.46464193461211867,14,17,CLASSIFIED,80,2026-10,2026-07-19
constructor_teammate_season_weighted,2026-11,2026,11,2026-07-26,hungaroring,bearman,Oliver Bearman,haas,Haas F1 Team,0.45971927794022094,15,19,CLASSIFIED,80,2026-10,2026-07-19
constructor_teammate_season_weighted,2026-11,2026,11,2026-07-26,hungaroring,gasly,Pierre Gasly,alpine,Alpine F1 Team,0.4495569642532914,16,12,CLASSIFIED,80,2026-10,2026-07-19
constructor_teammate_season_weighted,2026-11,2026,11,2026-07-26,hungaroring,sainz,Carlos Sainz,williams,Williams,0.43984808615168186,17,18,CLASSIFIED,80,2026-10,2026-07-19
constructor_teammate_season_weighted,2026-11,2026,11,2026-07-26,hungaroring,ocon,Esteban Ocon,haas,Haas F1 Team,0.4376390719234184,18,16,CLASSIFIED,80,2026-10,2026-07-19
constructor_teammate_season_weighted,2026-11,2026,11,2026-07-26,hungaroring,stroll,Lance Stroll,aston_martin,Aston Martin,0.4344096814927344,19,13,CLASSIFIED,80,2026-10,2026-07-19
constructor_teammate_season_weighted,2026-11,2026,11,2026-07-26,hungaroring,colapinto,Franco Colapinto,alpine,Alpine F1 Team,0.4252997249108037,20,15,CLASSIFIED,80,2026-10,2026-07-19
constructor_teammate_season_weighted,2026-11,2026,11,2026-07-26,hungaroring,bottas,Valtteri Bottas,cadillac,Cadillac F1 Team,0.35193386815593014,21,22,DNF,80,2026-10,2026-07-19
constructor_teammate_season_weighted,2026-11,2026,11,2026-07-26,hungaroring,perez,Sergio Pérez,cadillac,Cadillac F1 Team,0.3272964694017325,22,21,DNF,80,2026-10,2026-07-19
constructor_teammate_recent_5,2026-11,2026,11,2026-07-26,hungaroring,hamilton,Lewis Hamilton,ferrari,Ferrari,0.7614285714285713,1,5,CLASSIFIED,80,2026-10,2026-07-19
constructor_teammate_recent_5,2026-11,2026,11,2026-07-26,hungaroring,russell,George Russell,mercedes,Mercedes,0.7247619047619047,2,7,CLASSIFIED,80,2026-10,2026-07-19
constructor_teammate_recent_5,2026-11,2026,11,2026-07-26,hungaroring,leclerc,Charles Leclerc,ferrari,Ferrari,0.7185714285714285,3,4,CLASSIFIED,80,2026-10,2026-07-19
constructor_teammate_recent_5,2026-11,2026,11,2026-07-26,hungaroring,norris,Lando Norris,mclaren,McLaren,0.7038095238095239,4,1,CLASSIFIED,80,2026-10,2026-07-19
constructor_teammate_recent_5,2026-11,2026,11,2026-07-26,hungaroring,piastri,Oscar Piastri,mclaren,McLaren,0.6895238095238096,5,20,DNF,80,2026-10,2026-07-19
constructor_teammate_recent_5,2026-11,2026,11,2026-07-26,hungaroring,hadjar,Isack Hadjar,red_bull,Red Bull,0.6890476190476189,6,6,CLASSIFIED,80,2026-10,2026-07-19
constructor_teammate_recent_5,2026-11,2026,11,2026-07-26,hungaroring,antonelli,Andrea Kimi Antonelli,mercedes,Mercedes,0.6819047619047619,7,3,CLASSIFIED,80,2026-10,2026-07-19
constructor_teammate_recent_5,2026-11,2026,11,2026-07-26,hungaroring,max_verstappen,Max Verstappen,red_bull,Red Bull,0.6776190476190476,8,2,CLASSIFIED,80,2026-10,2026-07-19
constructor_teammate_recent_5,2026-11,2026,11,2026-07-26,hungaroring,lawson,Liam Lawson,rb,RB F1 Team,0.608095238095238,9,8,CLASSIFIED,80,2026-10,2026-07-19
constructor_teammate_recent_5,2026-11,2026,11,2026-07-26,hungaroring,arvid_lindblad,Arvid Lindblad,rb,RB F1 Team,0.6052380952380952,10,10,CLASSIFIED,80,2026-10,2026-07-19
constructor_teammate_recent_5,2026-11,2026,11,2026-07-26,hungaroring,gasly,Pierre Gasly,alpine,Alpine F1 Team,0.5633333333333332,11,12,CLASSIFIED,80,2026-10,2026-07-19
constructor_teammate_recent_5,2026-11,2026,11,2026-07-26,hungaroring,bortoleto,Gabriel Bortoleto,audi,Audi,0.5371428571428571,12,11,CLASSIFIED,80,2026-10,2026-07-19
constructor_teammate_recent_5,2026-11,2026,11,2026-07-26,hungaroring,colapinto,Franco Colapinto,alpine,Alpine F1 Team,0.5233333333333333,13,15,CLASSIFIED,80,2026-10,2026-07-19
constructor_teammate_recent_5,2026-11,2026,11,2026-07-26,hungaroring,hulkenberg,Nico Hülkenberg,audi,Audi,0.5228571428571429,14,9,CLASSIFIED,80,2026-10,2026-07-19
constructor_teammate_recent_5,2026-11,2026,11,2026-07-26,hungaroring,bearman,Oliver Bearman,haas,Haas F1 Team,0.4452380952380952,15,19,CLASSIFIED,80,2026-10,2026-07-19
constructor_teammate_recent_5,2026-11,2026,11,2026-07-26,hungaroring,ocon,Esteban Ocon,haas,Haas F1 Team,0.4280952380952381,16,16,CLASSIFIED,80,2026-10,2026-07-19
constructor_teammate_recent_5,2026-11,2026,11,2026-07-26,hungaroring,albon,Alexander Albon,williams,Williams,0.4019047619047619,17,17,CLASSIFIED,80,2026-10,2026-07-19
constructor_teammate_recent_5,2026-11,2026,11,2026-07-26,hungaroring,sainz,Carlos Sainz,williams,Williams,0.38476190476190475,18,18,CLASSIFIED,80,2026-10,2026-07-19
constructor_teammate_recent_5,2026-11,2026,11,2026-07-26,hungaroring,alonso,Fernando Alonso,aston_martin,Aston Martin,0.3762155388471178,19,14,CLASSIFIED,80,2026-10,2026-07-19
constructor_teammate_recent_5,2026-11,2026,11,2026-07-26,hungaroring,perez,Sergio Pérez,cadillac,Cadillac F1 Team,0.3611528822055138,20,21,DNF,80,2026-10,2026-07-19
constructor_teammate_recent_5,2026-11,2026,11,2026-07-26,hungaroring,bottas,Valtteri Bottas,cadillac,Cadillac F1 Team,0.3528822055137844,21,22,DNF,80,2026-10,2026-07-19
constructor_teammate_recent_5,2026-11,2026,11,2026-07-26,hungaroring,stroll,Lance Stroll,aston_martin,Aston Martin,0.3171177944862155,22,13,CLASSIFIED,80,2026-10,2026-07-19
constructor_teammate_recent_10,2026-11,2026,11,2026-07-26,hungaroring,russell,George Russell,mercedes,Mercedes,0.7790100250626567,1,7,CLASSIFIED,80,2026-10,2026-07-19
constructor_teammate_recent_10,2026-11,2026,11,2026-07-26,hungaroring,antonelli,Andrea Kimi Antonelli,mercedes,Mercedes,0.7476566416040101,2,3,CLASSIFIED,80,2026-10,2026-07-19
constructor_teammate_recent_10,2026-11,2026,11,2026-07-26,hungaroring,hamilton,Lewis Hamilton,ferrari,Ferrari,0.7468421052631579,3,5,CLASSIFIED,80,2026-10,2026-07-19
constructor_teammate_recent_10,2026-11,2026,11,2026-07-26,hungaroring,leclerc,Charles Leclerc,ferrari,Ferrari,0.7331578947368421,4,4,CLASSIFIED,80,2026-10,2026-07-19
constructor_teammate_recent_10,2026-11,2026,11,2026-07-26,hungaroring,norris,Lando Norris,mclaren,McLaren,0.7131829573934837,5,1,CLASSIFIED,80,2026-10,2026-07-19
constructor_teammate_recent_10,2026-11,2026,11,2026-07-26,hungaroring,max_verstappen,Max Verstappen,red_bull,Red Bull,0.7104385964912281,6,2,CLASSIFIED,80,2026-10,2026-07-19
constructor_teammate_recent_10,2026-11,2026,11,2026-07-26,hungaroring,piastri,Oscar Piastri,mclaren,McLaren,0.7024310776942355,7,20,DNF,80,2026-10,2026-07-19
constructor_teammate_recent_10,2026-11,2026,11,2026-07-26,hungaroring,hadjar,Isack Hadjar,red_bull,Red Bull,0.6725438596491228,8,6,CLASSIFIED,80,2026-10,2026-07-19
constructor_teammate_recent_10,2026-11,2026,11,2026-07-26,hungaroring,gasly,Pierre Gasly,alpine,Alpine F1 Team,0.5831704260651628,9,12,CLASSIFIED,80,2026-10,2026-07-19
constructor_teammate_recent_10,2026-11,2026,11,2026-07-26,hungaroring,lawson,Liam Lawson,rb,RB F1 Team,0.5806015037593985,10,8,CLASSIFIED,80,2026-10,2026-07-19
constructor_teammate_recent_10,2026-11,2026,11,2026-07-26,hungaroring,arvid_lindblad,Arvid Lindblad,rb,RB F1 Team,0.5646428571428571,11,10,CLASSIFIED,80,2026-10,2026-07-19
constructor_teammate_recent_10,2026-11,2026,11,2026-07-26,hungaroring,colapinto,Franco Colapinto,alpine,Alpine F1 Team,0.5401629072681703,12,15,CLASSIFIED,80,2026-10,2026-07-19
constructor_teammate_recent_10,2026-11,2026,11,2026-07-26,hungaroring,hulkenberg,Nico Hülkenberg,audi,Audi,0.5187092731829575,13,9,CLASSIFIED,80,2026-10,2026-07-19
constructor_teammate_recent_10,2026-11,2026,11,2026-07-26,hungaroring,bortoleto,Gabriel Bortoleto,audi,Audi,0.5179573934837093,14,11,CLASSIFIED,80,2026-10,2026-07-19
constructor_teammate_recent_10,2026-11,2026,11,2026-07-26,hungaroring,bearman,Oliver Bearman,haas,Haas F1 Team,0.4952631578947368,15,19,CLASSIFIED,80,2026-10,2026-07-19
constructor_teammate_recent_10,2026-11,2026,11,2026-07-26,hungaroring,ocon,Esteban Ocon,haas,Haas F1 Team,0.4747368421052631,16,16,CLASSIFIED,80,2026-10,2026-07-19
constructor_teammate_recent_10,2026-11,2026,11,2026-07-26,hungaroring,sainz,Carlos Sainz,williams,Williams,0.4453634085213033,17,18,CLASSIFIED,80,2026-10,2026-07-19
constructor_teammate_recent_10,2026-11,2026,11,2026-07-26,hungaroring,albon,Alexander Albon,williams,Williams,0.4413032581453634,18,17,CLASSIFIED,80,2026-10,2026-07-19
constructor_teammate_recent_10,2026-11,2026,11,2026-07-26,hungaroring,alonso,Fernando Alonso,aston_martin,Aston Martin,0.41196741854636587,19,14,CLASSIFIED,80,2026-10,2026-07-19
constructor_teammate_recent_10,2026-11,2026,11,2026-07-26,hungaroring,stroll,Lance Stroll,aston_martin,Aston Martin,0.3650501253132832,20,13,CLASSIFIED,80,2026-10,2026-07-19
constructor_teammate_recent_10,2026-11,2026,11,2026-07-26,hungaroring,bottas,Valtteri Bottas,cadillac,Cadillac F1 Team,0.3476886661097187,21,22,DNF,80,2026-10,2026-07-19
constructor_teammate_recent_10,2026-11,2026,11,2026-07-26,hungaroring,perez,Sergio Pérez,cadillac,Cadillac F1 Team,0.3170871623503202,22,21,DNF,80,2026-10,2026-07-19
